{
  "type": "FeatureCollection",
  "name": "study_grid_konawe",
  "features": [
    {
      "type": "Feature",
      "properties": {
        "grid_id": "KON001",
        "site": "konawe",
        "location_label": "Konawe Abuki High Inland Mountain Ridge - Sulawesi Tenggara greenfield nickel laterite",
        "lithology": "serpentinite_simulated",
        "slope_deg": 8.9,
        "distance_to_river_m": 1593,
        "distance_to_road_m": 5551,
        "distance_to_settlement_m": 13597,
        "legal_status": "conditional",
        "distance_to_smelter_km": 76.8,
        "area_ha": 1.23,
        "region_id": "SW",
        "fe_oxide_index": 2.724,
        "clay_index": 2.258,
        "ndvi_stress_index": 0.201,
        "tmi_structural_nT": 45787.4,
        "tmi_anomaly_nT": 787.4,
        "elevation_mdpl": 400.8,
        "geochem_assay_ratio": 1.86
      },
      "geometry": {
        "type": "Polygon",
        "coordinates": [
          [
            [
              121.855,
              -3.805
            ],
            [
              121.865,
              -3.805
            ],
            [
              121.865,
              -3.795
            ],
            [
              121.855,
              -3.795
            ],
            [
              121.855,
              -3.805
            ]
          ]
        ]
      }
    },
    {
      "type": "Feature",
      "properties": {
        "grid_id": "KON002",
        "site": "konawe",
        "location_label": "Konawe Abuki High Inland Mountain Ridge - Sulawesi Tenggara greenfield nickel laterite",
        "lithology": "ultramafic_simulated",
        "slope_deg": 16.6,
        "distance_to_river_m": 610,
        "distance_to_road_m": 5743,
        "distance_to_settlement_m": 4883,
        "legal_status": "conditional",
        "distance_to_smelter_km": 73.8,
        "area_ha": 1.23,
        "region_id": "SW",
        "fe_oxide_index": 2.783,
        "clay_index": 2.0,
        "ndvi_stress_index": 0.246,
        "tmi_structural_nT": 45973.5,
        "tmi_anomaly_nT": 973.5,
        "elevation_mdpl": 466.3,
        "geochem_assay_ratio": 2.52
      },
      "geometry": {
        "type": "Polygon",
        "coordinates": [
          [
            [
              121.865,
              -3.805
            ],
            [
              121.875,
              -3.805
            ],
            [
              121.875,
              -3.795
            ],
            [
              121.865,
              -3.795
            ],
            [
              121.865,
              -3.805
            ]
          ]
        ]
      }
    },
    {
      "type": "Feature",
      "properties": {
        "grid_id": "KON003",
        "site": "konawe",
        "location_label": "Konawe Abuki High Inland Mountain Ridge - Sulawesi Tenggara greenfield nickel laterite",
        "lithology": "ultramafic_simulated",
        "slope_deg": 11.3,
        "distance_to_river_m": 1015,
        "distance_to_road_m": 6368,
        "distance_to_settlement_m": 6643,
        "legal_status": "no-go",
        "distance_to_smelter_km": 71.0,
        "area_ha": 1.23,
        "region_id": "SW",
        "fe_oxide_index": 1.824,
        "clay_index": 2.197,
        "ndvi_stress_index": 0.408,
        "tmi_structural_nT": 45923.2,
        "tmi_anomaly_nT": 923.2,
        "elevation_mdpl": 442.1,
        "geochem_assay_ratio": 1.77
      },
      "geometry": {
        "type": "Polygon",
        "coordinates": [
          [
            [
              121.875,
              -3.805
            ],
            [
              121.885,
              -3.805
            ],
            [
              121.885,
              -3.795
            ],
            [
              121.875,
              -3.795
            ],
            [
              121.875,
              -3.805
            ]
          ]
        ]
      }
    },
    {
      "type": "Feature",
      "properties": {
        "grid_id": "KON004",
        "site": "konawe",
        "location_label": "Konawe Abuki High Inland Mountain Ridge - Sulawesi Tenggara greenfield nickel laterite",
        "lithology": "serpentinite_simulated",
        "slope_deg": 9.7,
        "distance_to_river_m": 3119,
        "distance_to_road_m": 3313,
        "distance_to_settlement_m": 7471,
        "legal_status": "no-go",
        "distance_to_smelter_km": 68.4,
        "area_ha": 1.23,
        "region_id": "SW",
        "fe_oxide_index": 2.729,
        "clay_index": 2.43,
        "ndvi_stress_index": 0.387,
        "tmi_structural_nT": 45584.6,
        "tmi_anomaly_nT": 584.6,
        "elevation_mdpl": 396.1,
        "geochem_assay_ratio": 1.98
      },
      "geometry": {
        "type": "Polygon",
        "coordinates": [
          [
            [
              121.885,
              -3.805
            ],
            [
              121.895,
              -3.805
            ],
            [
              121.895,
              -3.795
            ],
            [
              121.885,
              -3.795
            ],
            [
              121.885,
              -3.805
            ]
          ]
        ]
      }
    },
    {
      "type": "Feature",
      "properties": {
        "grid_id": "KON005",
        "site": "konawe",
        "location_label": "Konawe Abuki High Inland Mountain Ridge - Sulawesi Tenggara greenfield nickel laterite",
        "lithology": "peridotite_simulated",
        "slope_deg": 11.5,
        "distance_to_river_m": 1315,
        "distance_to_road_m": 5292,
        "distance_to_settlement_m": 13271,
        "legal_status": "no-go",
        "distance_to_smelter_km": 66.0,
        "area_ha": 1.23,
        "region_id": "SW",
        "fe_oxide_index": 2.276,
        "clay_index": 1.781,
        "ndvi_stress_index": 0.325,
        "tmi_structural_nT": 45252.8,
        "tmi_anomaly_nT": 252.8,
        "elevation_mdpl": 419.1,
        "geochem_assay_ratio": 1.46
      },
      "geometry": {
        "type": "Polygon",
        "coordinates": [
          [
            [
              121.895,
              -3.805
            ],
            [
              121.905,
              -3.805
            ],
            [
              121.905,
              -3.795
            ],
            [
              121.895,
              -3.795
            ],
            [
              121.895,
              -3.805
            ]
          ]
        ]
      }
    },
    {
      "type": "Feature",
      "properties": {
        "grid_id": "KON006",
        "site": "konawe",
        "location_label": "Konawe Abuki High Inland Mountain Ridge - Sulawesi Tenggara greenfield nickel laterite",
        "lithology": "mafic_volcanic_simulated",
        "slope_deg": 14.6,
        "distance_to_river_m": 1825,
        "distance_to_road_m": 6437,
        "distance_to_settlement_m": 11114,
        "legal_status": "no-go",
        "distance_to_smelter_km": 64.0,
        "area_ha": 1.23,
        "region_id": "SW",
        "fe_oxide_index": 1.453,
        "clay_index": 1.483,
        "ndvi_stress_index": 0.506,
        "tmi_structural_nT": 44969.3,
        "tmi_anomaly_nT": -30.7,
        "elevation_mdpl": 430.6,
        "geochem_assay_ratio": 5.76
      },
      "geometry": {
        "type": "Polygon",
        "coordinates": [
          [
            [
              121.905,
              -3.805
            ],
            [
              121.915,
              -3.805
            ],
            [
              121.915,
              -3.795
            ],
            [
              121.905,
              -3.795
            ],
            [
              121.905,
              -3.805
            ]
          ]
        ]
      }
    },
    {
      "type": "Feature",
      "properties": {
        "grid_id": "KON007",
        "site": "konawe",
        "location_label": "Konawe Abuki High Inland Mountain Ridge - Sulawesi Tenggara greenfield nickel laterite",
        "lithology": "peridotite_simulated",
        "slope_deg": 16.5,
        "distance_to_river_m": 1820,
        "distance_to_road_m": 6037,
        "distance_to_settlement_m": 12227,
        "legal_status": "no-go",
        "distance_to_smelter_km": 62.3,
        "area_ha": 1.23,
        "region_id": "SW",
        "fe_oxide_index": 1.915,
        "clay_index": 2.252,
        "ndvi_stress_index": 0.191,
        "tmi_structural_nT": 45564.9,
        "tmi_anomaly_nT": 564.9,
        "elevation_mdpl": 446.8,
        "geochem_assay_ratio": 2.6
      },
      "geometry": {
        "type": "Polygon",
        "coordinates": [
          [
            [
              121.915,
              -3.805
            ],
            [
              121.925,
              -3.805
            ],
            [
              121.925,
              -3.795
            ],
            [
              121.915,
              -3.795
            ],
            [
              121.915,
              -3.805
            ]
          ]
        ]
      }
    },
    {
      "type": "Feature",
      "properties": {
        "grid_id": "KON008",
        "site": "konawe",
        "location_label": "Konawe Abuki High Inland Mountain Ridge - Sulawesi Tenggara greenfield nickel laterite",
        "lithology": "ultramafic_simulated",
        "slope_deg": 13.9,
        "distance_to_river_m": 1357,
        "distance_to_road_m": 5366,
        "distance_to_settlement_m": 11581,
        "legal_status": "no-go",
        "distance_to_smelter_km": 61.0,
        "area_ha": 1.23,
        "region_id": "SW",
        "fe_oxide_index": 2.111,
        "clay_index": 2.051,
        "ndvi_stress_index": 0.36,
        "tmi_structural_nT": 45159.6,
        "tmi_anomaly_nT": 159.6,
        "elevation_mdpl": 449.4,
        "geochem_assay_ratio": 2.58
      },
      "geometry": {
        "type": "Polygon",
        "coordinates": [
          [
            [
              121.925,
              -3.805
            ],
            [
              121.935,
              -3.805
            ],
            [
              121.935,
              -3.795
            ],
            [
              121.925,
              -3.795
            ],
            [
              121.925,
              -3.805
            ]
          ]
        ]
      }
    },
    {
      "type": "Feature",
      "properties": {
        "grid_id": "KON009",
        "site": "konawe",
        "location_label": "Konawe Abuki High Inland Mountain Ridge - Sulawesi Tenggara greenfield nickel laterite",
        "lithology": "alluvium",
        "slope_deg": 10.2,
        "distance_to_river_m": 2467,
        "distance_to_road_m": 2508,
        "distance_to_settlement_m": 10200,
        "legal_status": "no-go",
        "distance_to_smelter_km": 60.1,
        "area_ha": 1.23,
        "region_id": "SW",
        "fe_oxide_index": 1.129,
        "clay_index": 1.329,
        "ndvi_stress_index": 0.686,
        "tmi_structural_nT": 44802.1,
        "tmi_anomaly_nT": -197.9,
        "elevation_mdpl": 441.8,
        "geochem_assay_ratio": 5.06
      },
      "geometry": {
        "type": "Polygon",
        "coordinates": [
          [
            [
              121.935,
              -3.805
            ],
            [
              121.945,
              -3.805
            ],
            [
              121.945,
              -3.795
            ],
            [
              121.935,
              -3.795
            ],
            [
              121.935,
              -3.805
            ]
          ]
        ]
      }
    },
    {
      "type": "Feature",
      "properties": {
        "grid_id": "KON010",
        "site": "konawe",
        "location_label": "Konawe Abuki High Inland Mountain Ridge - Sulawesi Tenggara greenfield nickel laterite",
        "lithology": "mafic_volcanic_simulated",
        "slope_deg": 11.4,
        "distance_to_river_m": 3144,
        "distance_to_road_m": 4147,
        "distance_to_settlement_m": 6402,
        "legal_status": "no-go",
        "distance_to_smelter_km": 59.6,
        "area_ha": 1.23,
        "region_id": "SW",
        "fe_oxide_index": 1.618,
        "clay_index": 1.257,
        "ndvi_stress_index": 0.724,
        "tmi_structural_nT": 45309.9,
        "tmi_anomaly_nT": 309.9,
        "elevation_mdpl": 409.2,
        "geochem_assay_ratio": 4.96
      },
      "geometry": {
        "type": "Polygon",
        "coordinates": [
          [
            [
              121.945,
              -3.805
            ],
            [
              121.955,
              -3.805
            ],
            [
              121.955,
              -3.795
            ],
            [
              121.945,
              -3.795
            ],
            [
              121.945,
              -3.805
            ]
          ]
        ]
      }
    },
    {
      "type": "Feature",
      "properties": {
        "grid_id": "KON011",
        "site": "konawe",
        "location_label": "Konawe Abuki High Inland Mountain Ridge - Sulawesi Tenggara greenfield nickel laterite",
        "lithology": "peridotite_simulated",
        "slope_deg": 16.4,
        "distance_to_river_m": 2719,
        "distance_to_road_m": 3806,
        "distance_to_settlement_m": 7357,
        "legal_status": "allowed",
        "distance_to_smelter_km": 59.6,
        "area_ha": 1.23,
        "region_id": "SE",
        "fe_oxide_index": 2.378,
        "clay_index": 2.152,
        "ndvi_stress_index": 0.383,
        "tmi_structural_nT": 45656.1,
        "tmi_anomaly_nT": 656.1,
        "elevation_mdpl": 427.4,
        "geochem_assay_ratio": 1.89
      },
      "geometry": {
        "type": "Polygon",
        "coordinates": [
          [
            [
              121.955,
              -3.805
            ],
            [
              121.965,
              -3.805
            ],
            [
              121.965,
              -3.795
            ],
            [
              121.955,
              -3.795
            ],
            [
              121.955,
              -3.805
            ]
          ]
        ]
      }
    },
    {
      "type": "Feature",
      "properties": {
        "grid_id": "KON012",
        "site": "konawe",
        "location_label": "Konawe Abuki High Inland Mountain Ridge - Sulawesi Tenggara greenfield nickel laterite",
        "lithology": "ultramafic_simulated",
        "slope_deg": 16.0,
        "distance_to_river_m": 563,
        "distance_to_road_m": 5217,
        "distance_to_settlement_m": 14445,
        "legal_status": "allowed",
        "distance_to_smelter_km": 60.1,
        "area_ha": 1.23,
        "region_id": "SE",
        "fe_oxide_index": 2.716,
        "clay_index": 2.025,
        "ndvi_stress_index": 0.294,
        "tmi_structural_nT": 45366.0,
        "tmi_anomaly_nT": 366.0,
        "elevation_mdpl": 392.8,
        "geochem_assay_ratio": 2.36
      },
      "geometry": {
        "type": "Polygon",
        "coordinates": [
          [
            [
              121.965,
              -3.805
            ],
            [
              121.975,
              -3.805
            ],
            [
              121.975,
              -3.795
            ],
            [
              121.965,
              -3.795
            ],
            [
              121.965,
              -3.805
            ]
          ]
        ]
      }
    },
    {
      "type": "Feature",
      "properties": {
        "grid_id": "KON013",
        "site": "konawe",
        "location_label": "Konawe Abuki High Inland Mountain Ridge - Sulawesi Tenggara greenfield nickel laterite",
        "lithology": "alluvium",
        "slope_deg": 13.4,
        "distance_to_river_m": 1530,
        "distance_to_road_m": 2694,
        "distance_to_settlement_m": 4787,
        "legal_status": "allowed",
        "distance_to_smelter_km": 61.0,
        "area_ha": 1.23,
        "region_id": "SE",
        "fe_oxide_index": 1.674,
        "clay_index": 1.06,
        "ndvi_stress_index": 0.569,
        "tmi_structural_nT": 45236.6,
        "tmi_anomaly_nT": 236.6,
        "elevation_mdpl": 449.7,
        "geochem_assay_ratio": 3.59
      },
      "geometry": {
        "type": "Polygon",
        "coordinates": [
          [
            [
              121.975,
              -3.805
            ],
            [
              121.985,
              -3.805
            ],
            [
              121.985,
              -3.795
            ],
            [
              121.975,
              -3.795
            ],
            [
              121.975,
              -3.805
            ]
          ]
        ]
      }
    },
    {
      "type": "Feature",
      "properties": {
        "grid_id": "KON014",
        "site": "konawe",
        "location_label": "Konawe Abuki High Inland Mountain Ridge - Sulawesi Tenggara greenfield nickel laterite",
        "lithology": "serpentinite_simulated",
        "slope_deg": 11.8,
        "distance_to_river_m": 1778,
        "distance_to_road_m": 4604,
        "distance_to_settlement_m": 4461,
        "legal_status": "allowed",
        "distance_to_smelter_km": 62.3,
        "area_ha": 1.23,
        "region_id": "SE",
        "fe_oxide_index": 2.135,
        "clay_index": 2.021,
        "ndvi_stress_index": 0.326,
        "tmi_structural_nT": 45579.9,
        "tmi_anomaly_nT": 579.9,
        "elevation_mdpl": 411.2,
        "geochem_assay_ratio": 2.38
      },
      "geometry": {
        "type": "Polygon",
        "coordinates": [
          [
            [
              121.985,
              -3.805
            ],
            [
              121.995,
              -3.805
            ],
            [
              121.995,
              -3.795
            ],
            [
              121.985,
              -3.795
            ],
            [
              121.985,
              -3.805
            ]
          ]
        ]
      }
    },
    {
      "type": "Feature",
      "properties": {
        "grid_id": "KON015",
        "site": "konawe",
        "location_label": "Konawe Abuki High Inland Mountain Ridge - Sulawesi Tenggara greenfield nickel laterite",
        "lithology": "alluvium",
        "slope_deg": 18.7,
        "distance_to_river_m": 2786,
        "distance_to_road_m": 3915,
        "distance_to_settlement_m": 9924,
        "legal_status": "allowed",
        "distance_to_smelter_km": 64.0,
        "area_ha": 1.23,
        "region_id": "SE",
        "fe_oxide_index": 1.602,
        "clay_index": 1.452,
        "ndvi_stress_index": 0.647,
        "tmi_structural_nT": 45098.6,
        "tmi_anomaly_nT": 98.6,
        "elevation_mdpl": 470.9,
        "geochem_assay_ratio": 4.48
      },
      "geometry": {
        "type": "Polygon",
        "coordinates": [
          [
            [
              121.995,
              -3.805
            ],
            [
              122.005,
              -3.805
            ],
            [
              122.005,
              -3.795
            ],
            [
              121.995,
              -3.795
            ],
            [
              121.995,
              -3.805
            ]
          ]
        ]
      }
    },
    {
      "type": "Feature",
      "properties": {
        "grid_id": "KON016",
        "site": "konawe",
        "location_label": "Konawe Abuki High Inland Mountain Ridge - Sulawesi Tenggara greenfield nickel laterite",
        "lithology": "serpentinite_simulated",
        "slope_deg": 15.4,
        "distance_to_river_m": 1332,
        "distance_to_road_m": 2423,
        "distance_to_settlement_m": 7060,
        "legal_status": "allowed",
        "distance_to_smelter_km": 66.0,
        "area_ha": 1.23,
        "region_id": "SE",
        "fe_oxide_index": 2.445,
        "clay_index": 2.04,
        "ndvi_stress_index": 0.212,
        "tmi_structural_nT": 45710.3,
        "tmi_anomaly_nT": 710.3,
        "elevation_mdpl": 443.1,
        "geochem_assay_ratio": 2.06
      },
      "geometry": {
        "type": "Polygon",
        "coordinates": [
          [
            [
              122.005,
              -3.805
            ],
            [
              122.015,
              -3.805
            ],
            [
              122.015,
              -3.795
            ],
            [
              122.005,
              -3.795
            ],
            [
              122.005,
              -3.805
            ]
          ]
        ]
      }
    },
    {
      "type": "Feature",
      "properties": {
        "grid_id": "KON017",
        "site": "konawe",
        "location_label": "Konawe Abuki High Inland Mountain Ridge - Sulawesi Tenggara greenfield nickel laterite",
        "lithology": "serpentinite_simulated",
        "slope_deg": 16.6,
        "distance_to_river_m": 2677,
        "distance_to_road_m": 5771,
        "distance_to_settlement_m": 8073,
        "legal_status": "allowed",
        "distance_to_smelter_km": 68.4,
        "area_ha": 1.23,
        "region_id": "SE",
        "fe_oxide_index": 2.34,
        "clay_index": 2.156,
        "ndvi_stress_index": 0.297,
        "tmi_structural_nT": 45241.0,
        "tmi_anomaly_nT": 241.0,
        "elevation_mdpl": 413.7,
        "geochem_assay_ratio": 2.36
      },
      "geometry": {
        "type": "Polygon",
        "coordinates": [
          [
            [
              122.015,
              -3.805
            ],
            [
              122.025,
              -3.805
            ],
            [
              122.025,
              -3.795
            ],
            [
              122.015,
              -3.795
            ],
            [
              122.015,
              -3.805
            ]
          ]
        ]
      }
    },
    {
      "type": "Feature",
      "properties": {
        "grid_id": "KON018",
        "site": "konawe",
        "location_label": "Konawe Abuki High Inland Mountain Ridge - Sulawesi Tenggara greenfield nickel laterite",
        "lithology": "serpentinite_simulated",
        "slope_deg": 18.3,
        "distance_to_river_m": 2927,
        "distance_to_road_m": 1664,
        "distance_to_settlement_m": 11444,
        "legal_status": "allowed",
        "distance_to_smelter_km": 71.0,
        "area_ha": 1.23,
        "region_id": "SE",
        "fe_oxide_index": 2.322,
        "clay_index": 2.149,
        "ndvi_stress_index": 0.381,
        "tmi_structural_nT": 45405.7,
        "tmi_anomaly_nT": 405.7,
        "elevation_mdpl": 416.9,
        "geochem_assay_ratio": 2.93
      },
      "geometry": {
        "type": "Polygon",
        "coordinates": [
          [
            [
              122.025,
              -3.805
            ],
            [
              122.035,
              -3.805
            ],
            [
              122.035,
              -3.795
            ],
            [
              122.025,
              -3.795
            ],
            [
              122.025,
              -3.805
            ]
          ]
        ]
      }
    },
    {
      "type": "Feature",
      "properties": {
        "grid_id": "KON019",
        "site": "konawe",
        "location_label": "Konawe Abuki High Inland Mountain Ridge - Sulawesi Tenggara greenfield nickel laterite",
        "lithology": "serpentinite_simulated",
        "slope_deg": 19.0,
        "distance_to_river_m": 3108,
        "distance_to_road_m": 2862,
        "distance_to_settlement_m": 10422,
        "legal_status": "allowed",
        "distance_to_smelter_km": 73.8,
        "area_ha": 1.23,
        "region_id": "SE",
        "fe_oxide_index": 1.952,
        "clay_index": 2.198,
        "ndvi_stress_index": 0.25,
        "tmi_structural_nT": 45689.3,
        "tmi_anomaly_nT": 689.3,
        "elevation_mdpl": 467.1,
        "geochem_assay_ratio": 1.43
      },
      "geometry": {
        "type": "Polygon",
        "coordinates": [
          [
            [
              122.035,
              -3.805
            ],
            [
              122.045,
              -3.805
            ],
            [
              122.045,
              -3.795
            ],
            [
              122.035,
              -3.795
            ],
            [
              122.035,
              -3.805
            ]
          ]
        ]
      }
    },
    {
      "type": "Feature",
      "properties": {
        "grid_id": "KON020",
        "site": "konawe",
        "location_label": "Konawe Abuki High Inland Mountain Ridge - Sulawesi Tenggara greenfield nickel laterite",
        "lithology": "alluvium",
        "slope_deg": 16.7,
        "distance_to_river_m": 680,
        "distance_to_road_m": 5139,
        "distance_to_settlement_m": 14736,
        "legal_status": "allowed",
        "distance_to_smelter_km": 76.8,
        "area_ha": 1.23,
        "region_id": "SE",
        "fe_oxide_index": 1.597,
        "clay_index": 1.292,
        "ndvi_stress_index": 0.744,
        "tmi_structural_nT": 45317.5,
        "tmi_anomaly_nT": 317.5,
        "elevation_mdpl": 438.8,
        "geochem_assay_ratio": 5.56
      },
      "geometry": {
        "type": "Polygon",
        "coordinates": [
          [
            [
              122.045,
              -3.805
            ],
            [
              122.055,
              -3.805
            ],
            [
              122.055,
              -3.795
            ],
            [
              122.045,
              -3.795
            ],
            [
              122.045,
              -3.805
            ]
          ]
        ]
      }
    },
    {
      "type": "Feature",
      "properties": {
        "grid_id": "KON021",
        "site": "konawe",
        "location_label": "Konawe Abuki High Inland Mountain Ridge - Sulawesi Tenggara greenfield nickel laterite",
        "lithology": "peridotite_simulated",
        "slope_deg": 11.7,
        "distance_to_river_m": 3016,
        "distance_to_road_m": 2049,
        "distance_to_settlement_m": 4238,
        "legal_status": "conditional",
        "distance_to_smelter_km": 73.8,
        "area_ha": 1.23,
        "region_id": "SW",
        "fe_oxide_index": 2.086,
        "clay_index": 1.824,
        "ndvi_stress_index": 0.375,
        "tmi_structural_nT": 46058.3,
        "tmi_anomaly_nT": 1058.3,
        "elevation_mdpl": 466.6,
        "geochem_assay_ratio": 1.44
      },
      "geometry": {
        "type": "Polygon",
        "coordinates": [
          [
            [
              121.855,
              -3.795
            ],
            [
              121.865,
              -3.795
            ],
            [
              121.865,
              -3.785
            ],
            [
              121.855,
              -3.785
            ],
            [
              121.855,
              -3.795
            ]
          ]
        ]
      }
    },
    {
      "type": "Feature",
      "properties": {
        "grid_id": "KON022",
        "site": "konawe",
        "location_label": "Konawe Abuki High Inland Mountain Ridge - Sulawesi Tenggara greenfield nickel laterite",
        "lithology": "alluvium",
        "slope_deg": 10.3,
        "distance_to_river_m": 1037,
        "distance_to_road_m": 2428,
        "distance_to_settlement_m": 10942,
        "legal_status": "no-go",
        "distance_to_smelter_km": 70.6,
        "area_ha": 1.23,
        "region_id": "SW",
        "fe_oxide_index": 1.227,
        "clay_index": 1.224,
        "ndvi_stress_index": 0.529,
        "tmi_structural_nT": 45355.4,
        "tmi_anomaly_nT": 355.4,
        "elevation_mdpl": 412.8,
        "geochem_assay_ratio": 5.25
      },
      "geometry": {
        "type": "Polygon",
        "coordinates": [
          [
            [
              121.865,
              -3.795
            ],
            [
              121.875,
              -3.795
            ],
            [
              121.875,
              -3.785
            ],
            [
              121.865,
              -3.785
            ],
            [
              121.865,
              -3.795
            ]
          ]
        ]
      }
    },
    {
      "type": "Feature",
      "properties": {
        "grid_id": "KON023",
        "site": "konawe",
        "location_label": "Konawe Abuki High Inland Mountain Ridge - Sulawesi Tenggara greenfield nickel laterite",
        "lithology": "peridotite_simulated",
        "slope_deg": 11.0,
        "distance_to_river_m": 1426,
        "distance_to_road_m": 5233,
        "distance_to_settlement_m": 8163,
        "legal_status": "no-go",
        "distance_to_smelter_km": 67.6,
        "area_ha": 1.23,
        "region_id": "SW",
        "fe_oxide_index": 1.867,
        "clay_index": 2.196,
        "ndvi_stress_index": 0.191,
        "tmi_structural_nT": 45329.3,
        "tmi_anomaly_nT": 329.3,
        "elevation_mdpl": 453.0,
        "geochem_assay_ratio": 2.11
      },
      "geometry": {
        "type": "Polygon",
        "coordinates": [
          [
            [
              121.875,
              -3.795
            ],
            [
              121.885,
              -3.795
            ],
            [
              121.885,
              -3.785
            ],
            [
              121.875,
              -3.785
            ],
            [
              121.875,
              -3.795
            ]
          ]
        ]
      }
    },
    {
      "type": "Feature",
      "properties": {
        "grid_id": "KON024",
        "site": "konawe",
        "location_label": "Konawe Abuki High Inland Mountain Ridge - Sulawesi Tenggara greenfield nickel laterite",
        "lithology": "serpentinite_simulated",
        "slope_deg": 16.5,
        "distance_to_river_m": 1167,
        "distance_to_road_m": 2577,
        "distance_to_settlement_m": 8733,
        "legal_status": "no-go",
        "distance_to_smelter_km": 64.8,
        "area_ha": 1.23,
        "region_id": "SW",
        "fe_oxide_index": 2.322,
        "clay_index": 2.364,
        "ndvi_stress_index": 0.37,
        "tmi_structural_nT": 45732.4,
        "tmi_anomaly_nT": 732.4,
        "elevation_mdpl": 412.1,
        "geochem_assay_ratio": 2.63
      },
      "geometry": {
        "type": "Polygon",
        "coordinates": [
          [
            [
              121.885,
              -3.795
            ],
            [
              121.895,
              -3.795
            ],
            [
              121.895,
              -3.785
            ],
            [
              121.885,
              -3.785
            ],
            [
              121.885,
              -3.795
            ]
          ]
        ]
      }
    },
    {
      "type": "Feature",
      "properties": {
        "grid_id": "KON025",
        "site": "konawe",
        "location_label": "Konawe Abuki High Inland Mountain Ridge - Sulawesi Tenggara greenfield nickel laterite",
        "lithology": "ultramafic_simulated",
        "slope_deg": 17.5,
        "distance_to_river_m": 2492,
        "distance_to_road_m": 4653,
        "distance_to_settlement_m": 10066,
        "legal_status": "no-go",
        "distance_to_smelter_km": 62.3,
        "area_ha": 1.23,
        "region_id": "SW",
        "fe_oxide_index": 2.492,
        "clay_index": 1.872,
        "ndvi_stress_index": 0.408,
        "tmi_structural_nT": 45729.7,
        "tmi_anomaly_nT": 729.7,
        "elevation_mdpl": 425.4,
        "geochem_assay_ratio": 2.03
      },
      "geometry": {
        "type": "Polygon",
        "coordinates": [
          [
            [
              121.895,
              -3.795
            ],
            [
              121.905,
              -3.795
            ],
            [
              121.905,
              -3.785
            ],
            [
              121.895,
              -3.785
            ],
            [
              121.895,
              -3.795
            ]
          ]
        ]
      }
    },
    {
      "type": "Feature",
      "properties": {
        "grid_id": "KON026",
        "site": "konawe",
        "location_label": "Konawe Abuki High Inland Mountain Ridge - Sulawesi Tenggara greenfield nickel laterite",
        "lithology": "peridotite_simulated",
        "slope_deg": 13.3,
        "distance_to_river_m": 2885,
        "distance_to_road_m": 4438,
        "distance_to_settlement_m": 10084,
        "legal_status": "no-go",
        "distance_to_smelter_km": 60.1,
        "area_ha": 1.23,
        "region_id": "SW",
        "fe_oxide_index": 2.089,
        "clay_index": 2.137,
        "ndvi_stress_index": 0.383,
        "tmi_structural_nT": 45545.0,
        "tmi_anomaly_nT": 545.0,
        "elevation_mdpl": 453.9,
        "geochem_assay_ratio": 2.39
      },
      "geometry": {
        "type": "Polygon",
        "coordinates": [
          [
            [
              121.905,
              -3.795
            ],
            [
              121.915,
              -3.795
            ],
            [
              121.915,
              -3.785
            ],
            [
              121.905,
              -3.785
            ],
            [
              121.905,
              -3.795
            ]
          ]
        ]
      }
    },
    {
      "type": "Feature",
      "properties": {
        "grid_id": "KON027",
        "site": "konawe",
        "location_label": "Konawe Abuki High Inland Mountain Ridge - Sulawesi Tenggara greenfield nickel laterite",
        "lithology": "ultramafic_simulated",
        "slope_deg": 17.2,
        "distance_to_river_m": 512,
        "distance_to_road_m": 4822,
        "distance_to_settlement_m": 12531,
        "legal_status": "no-go",
        "distance_to_smelter_km": 58.2,
        "area_ha": 1.23,
        "region_id": "SW",
        "fe_oxide_index": 1.895,
        "clay_index": 1.669,
        "ndvi_stress_index": 0.352,
        "tmi_structural_nT": 45645.8,
        "tmi_anomaly_nT": 645.8,
        "elevation_mdpl": 477.0,
        "geochem_assay_ratio": 2.31
      },
      "geometry": {
        "type": "Polygon",
        "coordinates": [
          [
            [
              121.915,
              -3.795
            ],
            [
              121.925,
              -3.795
            ],
            [
              121.925,
              -3.785
            ],
            [
              121.915,
              -3.785
            ],
            [
              121.915,
              -3.795
            ]
          ]
        ]
      }
    },
    {
      "type": "Feature",
      "properties": {
        "grid_id": "KON028",
        "site": "konawe",
        "location_label": "Konawe Abuki High Inland Mountain Ridge - Sulawesi Tenggara greenfield nickel laterite",
        "lithology": "peridotite_simulated",
        "slope_deg": 17.8,
        "distance_to_river_m": 1582,
        "distance_to_road_m": 2311,
        "distance_to_settlement_m": 14656,
        "legal_status": "no-go",
        "distance_to_smelter_km": 56.8,
        "area_ha": 1.23,
        "region_id": "SW",
        "fe_oxide_index": 2.599,
        "clay_index": 2.105,
        "ndvi_stress_index": 0.319,
        "tmi_structural_nT": 45894.5,
        "tmi_anomaly_nT": 894.5,
        "elevation_mdpl": 381.9,
        "geochem_assay_ratio": 1.65
      },
      "geometry": {
        "type": "Polygon",
        "coordinates": [
          [
            [
              121.925,
              -3.795
            ],
            [
              121.935,
              -3.795
            ],
            [
              121.935,
              -3.785
            ],
            [
              121.925,
              -3.785
            ],
            [
              121.925,
              -3.795
            ]
          ]
        ]
      }
    },
    {
      "type": "Feature",
      "properties": {
        "grid_id": "KON029",
        "site": "konawe",
        "location_label": "Konawe Abuki High Inland Mountain Ridge - Sulawesi Tenggara greenfield nickel laterite",
        "lithology": "serpentinite_simulated",
        "slope_deg": 18.5,
        "distance_to_river_m": 1171,
        "distance_to_road_m": 5745,
        "distance_to_settlement_m": 6124,
        "legal_status": "no-go",
        "distance_to_smelter_km": 55.8,
        "area_ha": 1.23,
        "region_id": "SW",
        "fe_oxide_index": 2.715,
        "clay_index": 1.882,
        "ndvi_stress_index": 0.335,
        "tmi_structural_nT": 46001.7,
        "tmi_anomaly_nT": 1001.7,
        "elevation_mdpl": 427.2,
        "geochem_assay_ratio": 3.15
      },
      "geometry": {
        "type": "Polygon",
        "coordinates": [
          [
            [
              121.935,
              -3.795
            ],
            [
              121.945,
              -3.795
            ],
            [
              121.945,
              -3.785
            ],
            [
              121.935,
              -3.785
            ],
            [
              121.935,
              -3.795
            ]
          ]
        ]
      }
    },
    {
      "type": "Feature",
      "properties": {
        "grid_id": "KON030",
        "site": "konawe",
        "location_label": "Konawe Abuki High Inland Mountain Ridge - Sulawesi Tenggara greenfield nickel laterite",
        "lithology": "ultramafic_simulated",
        "slope_deg": 13.4,
        "distance_to_river_m": 3088,
        "distance_to_road_m": 6445,
        "distance_to_settlement_m": 13638,
        "legal_status": "allowed",
        "distance_to_smelter_km": 55.3,
        "area_ha": 1.23,
        "region_id": "SW",
        "fe_oxide_index": 2.643,
        "clay_index": 2.298,
        "ndvi_stress_index": 0.329,
        "tmi_structural_nT": 45972.4,
        "tmi_anomaly_nT": 972.4,
        "elevation_mdpl": 399.5,
        "geochem_assay_ratio": 3.13
      },
      "geometry": {
        "type": "Polygon",
        "coordinates": [
          [
            [
              121.945,
              -3.795
            ],
            [
              121.955,
              -3.795
            ],
            [
              121.955,
              -3.785
            ],
            [
              121.945,
              -3.785
            ],
            [
              121.945,
              -3.795
            ]
          ]
        ]
      }
    },
    {
      "type": "Feature",
      "properties": {
        "grid_id": "KON031",
        "site": "konawe",
        "location_label": "Konawe Abuki High Inland Mountain Ridge - Sulawesi Tenggara greenfield nickel laterite",
        "lithology": "peridotite_simulated",
        "slope_deg": 17.8,
        "distance_to_river_m": 2757,
        "distance_to_road_m": 3986,
        "distance_to_settlement_m": 12224,
        "legal_status": "allowed",
        "distance_to_smelter_km": 55.3,
        "area_ha": 1.23,
        "region_id": "SE",
        "fe_oxide_index": 2.336,
        "clay_index": 2.142,
        "ndvi_stress_index": 0.253,
        "tmi_structural_nT": 46079.4,
        "tmi_anomaly_nT": 1079.4,
        "elevation_mdpl": 405.0,
        "geochem_assay_ratio": 3.16
      },
      "geometry": {
        "type": "Polygon",
        "coordinates": [
          [
            [
              121.955,
              -3.795
            ],
            [
              121.965,
              -3.795
            ],
            [
              121.965,
              -3.785
            ],
            [
              121.955,
              -3.785
            ],
            [
              121.955,
              -3.795
            ]
          ]
        ]
      }
    },
    {
      "type": "Feature",
      "properties": {
        "grid_id": "KON032",
        "site": "konawe",
        "location_label": "Konawe Abuki High Inland Mountain Ridge - Sulawesi Tenggara greenfield nickel laterite",
        "lithology": "serpentinite_simulated",
        "slope_deg": 18.9,
        "distance_to_river_m": 544,
        "distance_to_road_m": 5267,
        "distance_to_settlement_m": 10606,
        "legal_status": "allowed",
        "distance_to_smelter_km": 55.8,
        "area_ha": 1.23,
        "region_id": "SE",
        "fe_oxide_index": 2.198,
        "clay_index": 1.629,
        "ndvi_stress_index": 0.417,
        "tmi_structural_nT": 45720.8,
        "tmi_anomaly_nT": 720.8,
        "elevation_mdpl": 421.9,
        "geochem_assay_ratio": 1.98
      },
      "geometry": {
        "type": "Polygon",
        "coordinates": [
          [
            [
              121.965,
              -3.795
            ],
            [
              121.975,
              -3.795
            ],
            [
              121.975,
              -3.785
            ],
            [
              121.965,
              -3.785
            ],
            [
              121.965,
              -3.795
            ]
          ]
        ]
      }
    },
    {
      "type": "Feature",
      "properties": {
        "grid_id": "KON033",
        "site": "konawe",
        "location_label": "Konawe Abuki High Inland Mountain Ridge - Sulawesi Tenggara greenfield nickel laterite",
        "lithology": "serpentinite_simulated",
        "slope_deg": 9.7,
        "distance_to_river_m": 415,
        "distance_to_road_m": 6135,
        "distance_to_settlement_m": 4694,
        "legal_status": "allowed",
        "distance_to_smelter_km": 56.8,
        "area_ha": 1.23,
        "region_id": "SE",
        "fe_oxide_index": 1.826,
        "clay_index": 1.814,
        "ndvi_stress_index": 0.342,
        "tmi_structural_nT": 45954.0,
        "tmi_anomaly_nT": 954.0,
        "elevation_mdpl": 455.0,
        "geochem_assay_ratio": 2.79
      },
      "geometry": {
        "type": "Polygon",
        "coordinates": [
          [
            [
              121.975,
              -3.795
            ],
            [
              121.985,
              -3.795
            ],
            [
              121.985,
              -3.785
            ],
            [
              121.975,
              -3.785
            ],
            [
              121.975,
              -3.795
            ]
          ]
        ]
      }
    },
    {
      "type": "Feature",
      "properties": {
        "grid_id": "KON034",
        "site": "konawe",
        "location_label": "Konawe Abuki High Inland Mountain Ridge - Sulawesi Tenggara greenfield nickel laterite",
        "lithology": "alluvium",
        "slope_deg": 13.9,
        "distance_to_river_m": 646,
        "distance_to_road_m": 2024,
        "distance_to_settlement_m": 5176,
        "legal_status": "allowed",
        "distance_to_smelter_km": 58.2,
        "area_ha": 1.23,
        "region_id": "SE",
        "fe_oxide_index": 1.498,
        "clay_index": 1.414,
        "ndvi_stress_index": 0.665,
        "tmi_structural_nT": 44833.8,
        "tmi_anomaly_nT": -166.2,
        "elevation_mdpl": 419.6,
        "geochem_assay_ratio": 4.39
      },
      "geometry": {
        "type": "Polygon",
        "coordinates": [
          [
            [
              121.985,
              -3.795
            ],
            [
              121.995,
              -3.795
            ],
            [
              121.995,
              -3.785
            ],
            [
              121.985,
              -3.785
            ],
            [
              121.985,
              -3.795
            ]
          ]
        ]
      }
    },
    {
      "type": "Feature",
      "properties": {
        "grid_id": "KON035",
        "site": "konawe",
        "location_label": "Konawe Abuki High Inland Mountain Ridge - Sulawesi Tenggara greenfield nickel laterite",
        "lithology": "peridotite_simulated",
        "slope_deg": 14.4,
        "distance_to_river_m": 347,
        "distance_to_road_m": 3477,
        "distance_to_settlement_m": 7332,
        "legal_status": "allowed",
        "distance_to_smelter_km": 60.1,
        "area_ha": 1.23,
        "region_id": "SE",
        "fe_oxide_index": 2.017,
        "clay_index": 1.878,
        "ndvi_stress_index": 0.247,
        "tmi_structural_nT": 45640.1,
        "tmi_anomaly_nT": 640.1,
        "elevation_mdpl": 436.6,
        "geochem_assay_ratio": 2.25
      },
      "geometry": {
        "type": "Polygon",
        "coordinates": [
          [
            [
              121.995,
              -3.795
            ],
            [
              122.005,
              -3.795
            ],
            [
              122.005,
              -3.785
            ],
            [
              121.995,
              -3.785
            ],
            [
              121.995,
              -3.795
            ]
          ]
        ]
      }
    },
    {
      "type": "Feature",
      "properties": {
        "grid_id": "KON036",
        "site": "konawe",
        "location_label": "Konawe Abuki High Inland Mountain Ridge - Sulawesi Tenggara greenfield nickel laterite",
        "lithology": "peridotite_simulated",
        "slope_deg": 9.6,
        "distance_to_river_m": 813,
        "distance_to_road_m": 3918,
        "distance_to_settlement_m": 4563,
        "legal_status": "allowed",
        "distance_to_smelter_km": 62.3,
        "area_ha": 1.23,
        "region_id": "SE",
        "fe_oxide_index": 2.573,
        "clay_index": 2.126,
        "ndvi_stress_index": 0.237,
        "tmi_structural_nT": 45548.3,
        "tmi_anomaly_nT": 548.3,
        "elevation_mdpl": 383.2,
        "geochem_assay_ratio": 2.27
      },
      "geometry": {
        "type": "Polygon",
        "coordinates": [
          [
            [
              122.005,
              -3.795
            ],
            [
              122.015,
              -3.795
            ],
            [
              122.015,
              -3.785
            ],
            [
              122.005,
              -3.785
            ],
            [
              122.005,
              -3.795
            ]
          ]
        ]
      }
    },
    {
      "type": "Feature",
      "properties": {
        "grid_id": "KON037",
        "site": "konawe",
        "location_label": "Konawe Abuki High Inland Mountain Ridge - Sulawesi Tenggara greenfield nickel laterite",
        "lithology": "serpentinite_simulated",
        "slope_deg": 12.3,
        "distance_to_river_m": 2757,
        "distance_to_road_m": 1782,
        "distance_to_settlement_m": 13928,
        "legal_status": "allowed",
        "distance_to_smelter_km": 64.8,
        "area_ha": 1.23,
        "region_id": "SE",
        "fe_oxide_index": 2.563,
        "clay_index": 2.334,
        "ndvi_stress_index": 0.207,
        "tmi_structural_nT": 45207.4,
        "tmi_anomaly_nT": 207.4,
        "elevation_mdpl": 424.5,
        "geochem_assay_ratio": 2.23
      },
      "geometry": {
        "type": "Polygon",
        "coordinates": [
          [
            [
              122.015,
              -3.795
            ],
            [
              122.025,
              -3.795
            ],
            [
              122.025,
              -3.785
            ],
            [
              122.015,
              -3.785
            ],
            [
              122.015,
              -3.795
            ]
          ]
        ]
      }
    },
    {
      "type": "Feature",
      "properties": {
        "grid_id": "KON038",
        "site": "konawe",
        "location_label": "Konawe Abuki High Inland Mountain Ridge - Sulawesi Tenggara greenfield nickel laterite",
        "lithology": "serpentinite_simulated",
        "slope_deg": 13.8,
        "distance_to_river_m": 625,
        "distance_to_road_m": 5928,
        "distance_to_settlement_m": 14633,
        "legal_status": "allowed",
        "distance_to_smelter_km": 67.6,
        "area_ha": 1.23,
        "region_id": "SE",
        "fe_oxide_index": 1.839,
        "clay_index": 2.431,
        "ndvi_stress_index": 0.203,
        "tmi_structural_nT": 45699.7,
        "tmi_anomaly_nT": 699.7,
        "elevation_mdpl": 433.6,
        "geochem_assay_ratio": 2.05
      },
      "geometry": {
        "type": "Polygon",
        "coordinates": [
          [
            [
              122.025,
              -3.795
            ],
            [
              122.035,
              -3.795
            ],
            [
              122.035,
              -3.785
            ],
            [
              122.025,
              -3.785
            ],
            [
              122.025,
              -3.795
            ]
          ]
        ]
      }
    },
    {
      "type": "Feature",
      "properties": {
        "grid_id": "KON039",
        "site": "konawe",
        "location_label": "Konawe Abuki High Inland Mountain Ridge - Sulawesi Tenggara greenfield nickel laterite",
        "lithology": "alluvium",
        "slope_deg": 9.7,
        "distance_to_river_m": 322,
        "distance_to_road_m": 3014,
        "distance_to_settlement_m": 7244,
        "legal_status": "allowed",
        "distance_to_smelter_km": 70.6,
        "area_ha": 1.23,
        "region_id": "SE",
        "fe_oxide_index": 1.177,
        "clay_index": 1.392,
        "ndvi_stress_index": 0.525,
        "tmi_structural_nT": 44452.2,
        "tmi_anomaly_nT": -547.8,
        "elevation_mdpl": 429.4,
        "geochem_assay_ratio": 5.72
      },
      "geometry": {
        "type": "Polygon",
        "coordinates": [
          [
            [
              122.035,
              -3.795
            ],
            [
              122.045,
              -3.795
            ],
            [
              122.045,
              -3.785
            ],
            [
              122.035,
              -3.785
            ],
            [
              122.035,
              -3.795
            ]
          ]
        ]
      }
    },
    {
      "type": "Feature",
      "properties": {
        "grid_id": "KON040",
        "site": "konawe",
        "location_label": "Konawe Abuki High Inland Mountain Ridge - Sulawesi Tenggara greenfield nickel laterite",
        "lithology": "serpentinite_simulated",
        "slope_deg": 9.6,
        "distance_to_river_m": 3181,
        "distance_to_road_m": 5642,
        "distance_to_settlement_m": 9886,
        "legal_status": "allowed",
        "distance_to_smelter_km": 73.8,
        "area_ha": 1.23,
        "region_id": "SE",
        "fe_oxide_index": 2.8,
        "clay_index": 2.102,
        "ndvi_stress_index": 0.348,
        "tmi_structural_nT": 45962.1,
        "tmi_anomaly_nT": 962.1,
        "elevation_mdpl": 443.5,
        "geochem_assay_ratio": 1.81
      },
      "geometry": {
        "type": "Polygon",
        "coordinates": [
          [
            [
              122.045,
              -3.795
            ],
            [
              122.055,
              -3.795
            ],
            [
              122.055,
              -3.785
            ],
            [
              122.045,
              -3.785
            ],
            [
              122.045,
              -3.795
            ]
          ]
        ]
      }
    },
    {
      "type": "Feature",
      "properties": {
        "grid_id": "KON041",
        "site": "konawe",
        "location_label": "Konawe Abuki High Inland Mountain Ridge - Sulawesi Tenggara greenfield nickel laterite",
        "lithology": "serpentinite_simulated",
        "slope_deg": 13.7,
        "distance_to_river_m": 1501,
        "distance_to_road_m": 5183,
        "distance_to_settlement_m": 14044,
        "legal_status": "conditional",
        "distance_to_smelter_km": 71.0,
        "area_ha": 1.23,
        "region_id": "SW",
        "fe_oxide_index": 1.92,
        "clay_index": 1.774,
        "ndvi_stress_index": 0.259,
        "tmi_structural_nT": 45498.1,
        "tmi_anomaly_nT": 498.1,
        "elevation_mdpl": 420.3,
        "geochem_assay_ratio": 2.02
      },
      "geometry": {
        "type": "Polygon",
        "coordinates": [
          [
            [
              121.855,
              -3.785
            ],
            [
              121.865,
              -3.785
            ],
            [
              121.865,
              -3.775
            ],
            [
              121.855,
              -3.775
            ],
            [
              121.855,
              -3.785
            ]
          ]
        ]
      }
    },
    {
      "type": "Feature",
      "properties": {
        "grid_id": "KON042",
        "site": "konawe",
        "location_label": "Konawe Abuki High Inland Mountain Ridge - Sulawesi Tenggara greenfield nickel laterite",
        "lithology": "peridotite_simulated",
        "slope_deg": 17.3,
        "distance_to_river_m": 2542,
        "distance_to_road_m": 2916,
        "distance_to_settlement_m": 9684,
        "legal_status": "no-go",
        "distance_to_smelter_km": 67.6,
        "area_ha": 1.23,
        "region_id": "SW",
        "fe_oxide_index": 2.701,
        "clay_index": 2.427,
        "ndvi_stress_index": 0.227,
        "tmi_structural_nT": 45229.9,
        "tmi_anomaly_nT": 229.9,
        "elevation_mdpl": 426.7,
        "geochem_assay_ratio": 2.01
      },
      "geometry": {
        "type": "Polygon",
        "coordinates": [
          [
            [
              121.865,
              -3.785
            ],
            [
              121.875,
              -3.785
            ],
            [
              121.875,
              -3.775
            ],
            [
              121.865,
              -3.775
            ],
            [
              121.865,
              -3.785
            ]
          ]
        ]
      }
    },
    {
      "type": "Feature",
      "properties": {
        "grid_id": "KON043",
        "site": "konawe",
        "location_label": "Konawe Abuki High Inland Mountain Ridge - Sulawesi Tenggara greenfield nickel laterite",
        "lithology": "peridotite_simulated",
        "slope_deg": 18.9,
        "distance_to_river_m": 2444,
        "distance_to_road_m": 4111,
        "distance_to_settlement_m": 14211,
        "legal_status": "no-go",
        "distance_to_smelter_km": 64.4,
        "area_ha": 1.23,
        "region_id": "SW",
        "fe_oxide_index": 2.15,
        "clay_index": 2.295,
        "ndvi_stress_index": 0.324,
        "tmi_structural_nT": 46020.2,
        "tmi_anomaly_nT": 1020.2,
        "elevation_mdpl": 472.0,
        "geochem_assay_ratio": 2.81
      },
      "geometry": {
        "type": "Polygon",
        "coordinates": [
          [
            [
              121.875,
              -3.785
            ],
            [
              121.885,
              -3.785
            ],
            [
              121.885,
              -3.775
            ],
            [
              121.875,
              -3.775
            ],
            [
              121.875,
              -3.785
            ]
          ]
        ]
      }
    },
    {
      "type": "Feature",
      "properties": {
        "grid_id": "KON044",
        "site": "konawe",
        "location_label": "Konawe Abuki High Inland Mountain Ridge - Sulawesi Tenggara greenfield nickel laterite",
        "lithology": "peridotite_simulated",
        "slope_deg": 17.9,
        "distance_to_river_m": 788,
        "distance_to_road_m": 4762,
        "distance_to_settlement_m": 4527,
        "legal_status": "no-go",
        "distance_to_smelter_km": 61.4,
        "area_ha": 1.23,
        "region_id": "SW",
        "fe_oxide_index": 2.035,
        "clay_index": 1.718,
        "ndvi_stress_index": 0.191,
        "tmi_structural_nT": 45767.7,
        "tmi_anomaly_nT": 767.7,
        "elevation_mdpl": 394.2,
        "geochem_assay_ratio": 2.67
      },
      "geometry": {
        "type": "Polygon",
        "coordinates": [
          [
            [
              121.885,
              -3.785
            ],
            [
              121.895,
              -3.785
            ],
            [
              121.895,
              -3.775
            ],
            [
              121.885,
              -3.775
            ],
            [
              121.885,
              -3.785
            ]
          ]
        ]
      }
    },
    {
      "type": "Feature",
      "properties": {
        "grid_id": "KON045",
        "site": "konawe",
        "location_label": "Konawe Abuki High Inland Mountain Ridge - Sulawesi Tenggara greenfield nickel laterite",
        "lithology": "ultramafic_simulated",
        "slope_deg": 16.6,
        "distance_to_river_m": 315,
        "distance_to_road_m": 5988,
        "distance_to_settlement_m": 10951,
        "legal_status": "no-go",
        "distance_to_smelter_km": 58.7,
        "area_ha": 1.23,
        "region_id": "SW",
        "fe_oxide_index": 1.805,
        "clay_index": 1.696,
        "ndvi_stress_index": 0.22,
        "tmi_structural_nT": 46022.2,
        "tmi_anomaly_nT": 1022.2,
        "elevation_mdpl": 441.9,
        "geochem_assay_ratio": 2.78
      },
      "geometry": {
        "type": "Polygon",
        "coordinates": [
          [
            [
              121.895,
              -3.785
            ],
            [
              121.905,
              -3.785
            ],
            [
              121.905,
              -3.775
            ],
            [
              121.895,
              -3.775
            ],
            [
              121.895,
              -3.785
            ]
          ]
        ]
      }
    },
    {
      "type": "Feature",
      "properties": {
        "grid_id": "KON046",
        "site": "konawe",
        "location_label": "Konawe Abuki High Inland Mountain Ridge - Sulawesi Tenggara greenfield nickel laterite",
        "lithology": "peridotite_simulated",
        "slope_deg": 15.4,
        "distance_to_river_m": 821,
        "distance_to_road_m": 3987,
        "distance_to_settlement_m": 13063,
        "legal_status": "no-go",
        "distance_to_smelter_km": 56.3,
        "area_ha": 1.23,
        "region_id": "SW",
        "fe_oxide_index": 2.053,
        "clay_index": 1.667,
        "ndvi_stress_index": 0.324,
        "tmi_structural_nT": 46048.1,
        "tmi_anomaly_nT": 1048.1,
        "elevation_mdpl": 453.8,
        "geochem_assay_ratio": 2.79
      },
      "geometry": {
        "type": "Polygon",
        "coordinates": [
          [
            [
              121.905,
              -3.785
            ],
            [
              121.915,
              -3.785
            ],
            [
              121.915,
              -3.775
            ],
            [
              121.905,
              -3.775
            ],
            [
              121.905,
              -3.785
            ]
          ]
        ]
      }
    },
    {
      "type": "Feature",
      "properties": {
        "grid_id": "KON047",
        "site": "konawe",
        "location_label": "Konawe Abuki High Inland Mountain Ridge - Sulawesi Tenggara greenfield nickel laterite",
        "lithology": "mafic_volcanic_simulated",
        "slope_deg": 13.9,
        "distance_to_river_m": 2719,
        "distance_to_road_m": 6465,
        "distance_to_settlement_m": 8439,
        "legal_status": "no-go",
        "distance_to_smelter_km": 54.2,
        "area_ha": 1.23,
        "region_id": "SW",
        "fe_oxide_index": 1.242,
        "clay_index": 1.09,
        "ndvi_stress_index": 0.522,
        "tmi_structural_nT": 44816.6,
        "tmi_anomaly_nT": -183.4,
        "elevation_mdpl": 471.7,
        "geochem_assay_ratio": 4.87
      },
      "geometry": {
        "type": "Polygon",
        "coordinates": [
          [
            [
              121.915,
              -3.785
            ],
            [
              121.925,
              -3.785
            ],
            [
              121.925,
              -3.775
            ],
            [
              121.915,
              -3.775
            ],
            [
              121.915,
              -3.785
            ]
          ]
        ]
      }
    },
    {
      "type": "Feature",
      "properties": {
        "grid_id": "KON048",
        "site": "konawe",
        "location_label": "Konawe Abuki High Inland Mountain Ridge - Sulawesi Tenggara greenfield nickel laterite",
        "lithology": "alluvium",
        "slope_deg": 15.3,
        "distance_to_river_m": 1038,
        "distance_to_road_m": 3866,
        "distance_to_settlement_m": 12080,
        "legal_status": "no-go",
        "distance_to_smelter_km": 52.6,
        "area_ha": 1.23,
        "region_id": "SW",
        "fe_oxide_index": 1.575,
        "clay_index": 1.058,
        "ndvi_stress_index": 0.602,
        "tmi_structural_nT": 44409.7,
        "tmi_anomaly_nT": -590.3,
        "elevation_mdpl": 421.1,
        "geochem_assay_ratio": 5.27
      },
      "geometry": {
        "type": "Polygon",
        "coordinates": [
          [
            [
              121.925,
              -3.785
            ],
            [
              121.935,
              -3.785
            ],
            [
              121.935,
              -3.775
            ],
            [
              121.925,
              -3.775
            ],
            [
              121.925,
              -3.785
            ]
          ]
        ]
      }
    },
    {
      "type": "Feature",
      "properties": {
        "grid_id": "KON049",
        "site": "konawe",
        "location_label": "Konawe Abuki High Inland Mountain Ridge - Sulawesi Tenggara greenfield nickel laterite",
        "lithology": "ultramafic_simulated",
        "slope_deg": 16.6,
        "distance_to_river_m": 2973,
        "distance_to_road_m": 1557,
        "distance_to_settlement_m": 5685,
        "legal_status": "allowed",
        "distance_to_smelter_km": 51.5,
        "area_ha": 1.23,
        "region_id": "SW",
        "fe_oxide_index": 2.547,
        "clay_index": 1.848,
        "ndvi_stress_index": 0.222,
        "tmi_structural_nT": 45699.8,
        "tmi_anomaly_nT": 699.8,
        "elevation_mdpl": 389.0,
        "geochem_assay_ratio": 2.7
      },
      "geometry": {
        "type": "Polygon",
        "coordinates": [
          [
            [
              121.935,
              -3.785
            ],
            [
              121.945,
              -3.785
            ],
            [
              121.945,
              -3.775
            ],
            [
              121.935,
              -3.775
            ],
            [
              121.935,
              -3.785
            ]
          ]
        ]
      }
    },
    {
      "type": "Feature",
      "properties": {
        "grid_id": "KON050",
        "site": "konawe",
        "location_label": "Konawe Abuki High Inland Mountain Ridge - Sulawesi Tenggara greenfield nickel laterite",
        "lithology": "peridotite_simulated",
        "slope_deg": 12.1,
        "distance_to_river_m": 2374,
        "distance_to_road_m": 2252,
        "distance_to_settlement_m": 7834,
        "legal_status": "allowed",
        "distance_to_smelter_km": 50.9,
        "area_ha": 1.23,
        "region_id": "SW",
        "fe_oxide_index": 2.425,
        "clay_index": 2.257,
        "ndvi_stress_index": 0.316,
        "tmi_structural_nT": 45604.1,
        "tmi_anomaly_nT": 604.1,
        "elevation_mdpl": 421.8,
        "geochem_assay_ratio": 3.16
      },
      "geometry": {
        "type": "Polygon",
        "coordinates": [
          [
            [
              121.945,
              -3.785
            ],
            [
              121.955,
              -3.785
            ],
            [
              121.955,
              -3.775
            ],
            [
              121.945,
              -3.775
            ],
            [
              121.945,
              -3.785
            ]
          ]
        ]
      }
    },
    {
      "type": "Feature",
      "properties": {
        "grid_id": "KON051",
        "site": "konawe",
        "location_label": "Konawe Abuki High Inland Mountain Ridge - Sulawesi Tenggara greenfield nickel laterite",
        "lithology": "mafic_volcanic_simulated",
        "slope_deg": 18.9,
        "distance_to_river_m": 1704,
        "distance_to_road_m": 3143,
        "distance_to_settlement_m": 14332,
        "legal_status": "allowed",
        "distance_to_smelter_km": 50.9,
        "area_ha": 1.23,
        "region_id": "SE",
        "fe_oxide_index": 1.489,
        "clay_index": 1.119,
        "ndvi_stress_index": 0.604,
        "tmi_structural_nT": 45294.6,
        "tmi_anomaly_nT": 294.6,
        "elevation_mdpl": 448.4,
        "geochem_assay_ratio": 5.89
      },
      "geometry": {
        "type": "Polygon",
        "coordinates": [
          [
            [
              121.955,
              -3.785
            ],
            [
              121.965,
              -3.785
            ],
            [
              121.965,
              -3.775
            ],
            [
              121.955,
              -3.775
            ],
            [
              121.955,
              -3.785
            ]
          ]
        ]
      }
    },
    {
      "type": "Feature",
      "properties": {
        "grid_id": "KON052",
        "site": "konawe",
        "location_label": "Konawe Abuki High Inland Mountain Ridge - Sulawesi Tenggara greenfield nickel laterite",
        "lithology": "serpentinite_simulated",
        "slope_deg": 15.4,
        "distance_to_river_m": 2385,
        "distance_to_road_m": 4872,
        "distance_to_settlement_m": 12535,
        "legal_status": "allowed",
        "distance_to_smelter_km": 51.5,
        "area_ha": 1.23,
        "region_id": "SE",
        "fe_oxide_index": 2.803,
        "clay_index": 1.979,
        "ndvi_stress_index": 0.192,
        "tmi_structural_nT": 45345.0,
        "tmi_anomaly_nT": 345.0,
        "elevation_mdpl": 446.2,
        "geochem_assay_ratio": 2.76
      },
      "geometry": {
        "type": "Polygon",
        "coordinates": [
          [
            [
              121.965,
              -3.785
            ],
            [
              121.975,
              -3.785
            ],
            [
              121.975,
              -3.775
            ],
            [
              121.965,
              -3.775
            ],
            [
              121.965,
              -3.785
            ]
          ]
        ]
      }
    },
    {
      "type": "Feature",
      "properties": {
        "grid_id": "KON053",
        "site": "konawe",
        "location_label": "Konawe Abuki High Inland Mountain Ridge - Sulawesi Tenggara greenfield nickel laterite",
        "lithology": "peridotite_simulated",
        "slope_deg": 10.9,
        "distance_to_river_m": 464,
        "distance_to_road_m": 1939,
        "distance_to_settlement_m": 4873,
        "legal_status": "allowed",
        "distance_to_smelter_km": 52.6,
        "area_ha": 1.23,
        "region_id": "SE",
        "fe_oxide_index": 2.555,
        "clay_index": 1.609,
        "ndvi_stress_index": 0.392,
        "tmi_structural_nT": 45890.7,
        "tmi_anomaly_nT": 890.7,
        "elevation_mdpl": 461.5,
        "geochem_assay_ratio": 1.54
      },
      "geometry": {
        "type": "Polygon",
        "coordinates": [
          [
            [
              121.975,
              -3.785
            ],
            [
              121.985,
              -3.785
            ],
            [
              121.985,
              -3.775
            ],
            [
              121.975,
              -3.775
            ],
            [
              121.975,
              -3.785
            ]
          ]
        ]
      }
    },
    {
      "type": "Feature",
      "properties": {
        "grid_id": "KON054",
        "site": "konawe",
        "location_label": "Konawe Abuki High Inland Mountain Ridge - Sulawesi Tenggara greenfield nickel laterite",
        "lithology": "serpentinite_simulated",
        "slope_deg": 13.9,
        "distance_to_river_m": 2131,
        "distance_to_road_m": 2789,
        "distance_to_settlement_m": 7039,
        "legal_status": "allowed",
        "distance_to_smelter_km": 54.2,
        "area_ha": 1.23,
        "region_id": "SE",
        "fe_oxide_index": 1.844,
        "clay_index": 2.301,
        "ndvi_stress_index": 0.255,
        "tmi_structural_nT": 45701.1,
        "tmi_anomaly_nT": 701.1,
        "elevation_mdpl": 411.3,
        "geochem_assay_ratio": 3.19
      },
      "geometry": {
        "type": "Polygon",
        "coordinates": [
          [
            [
              121.985,
              -3.785
            ],
            [
              121.995,
              -3.785
            ],
            [
              121.995,
              -3.775
            ],
            [
              121.985,
              -3.775
            ],
            [
              121.985,
              -3.785
            ]
          ]
        ]
      }
    },
    {
      "type": "Feature",
      "properties": {
        "grid_id": "KON055",
        "site": "konawe",
        "location_label": "Konawe Abuki High Inland Mountain Ridge - Sulawesi Tenggara greenfield nickel laterite",
        "lithology": "peridotite_simulated",
        "slope_deg": 9.4,
        "distance_to_river_m": 388,
        "distance_to_road_m": 5426,
        "distance_to_settlement_m": 6570,
        "legal_status": "allowed",
        "distance_to_smelter_km": 56.3,
        "area_ha": 1.23,
        "region_id": "SE",
        "fe_oxide_index": 2.79,
        "clay_index": 1.625,
        "ndvi_stress_index": 0.245,
        "tmi_structural_nT": 45539.6,
        "tmi_anomaly_nT": 539.6,
        "elevation_mdpl": 393.9,
        "geochem_assay_ratio": 2.25
      },
      "geometry": {
        "type": "Polygon",
        "coordinates": [
          [
            [
              121.995,
              -3.785
            ],
            [
              122.005,
              -3.785
            ],
            [
              122.005,
              -3.775
            ],
            [
              121.995,
              -3.775
            ],
            [
              121.995,
              -3.785
            ]
          ]
        ]
      }
    },
    {
      "type": "Feature",
      "properties": {
        "grid_id": "KON056",
        "site": "konawe",
        "location_label": "Konawe Abuki High Inland Mountain Ridge - Sulawesi Tenggara greenfield nickel laterite",
        "lithology": "ultramafic_simulated",
        "slope_deg": 12.5,
        "distance_to_river_m": 1531,
        "distance_to_road_m": 3345,
        "distance_to_settlement_m": 6254,
        "legal_status": "allowed",
        "distance_to_smelter_km": 58.7,
        "area_ha": 1.23,
        "region_id": "SE",
        "fe_oxide_index": 2.135,
        "clay_index": 2.293,
        "ndvi_stress_index": 0.243,
        "tmi_structural_nT": 45217.4,
        "tmi_anomaly_nT": 217.4,
        "elevation_mdpl": 460.0,
        "geochem_assay_ratio": 1.78
      },
      "geometry": {
        "type": "Polygon",
        "coordinates": [
          [
            [
              122.005,
              -3.785
            ],
            [
              122.015,
              -3.785
            ],
            [
              122.015,
              -3.775
            ],
            [
              122.005,
              -3.775
            ],
            [
              122.005,
              -3.785
            ]
          ]
        ]
      }
    },
    {
      "type": "Feature",
      "properties": {
        "grid_id": "KON057",
        "site": "konawe",
        "location_label": "Konawe Abuki High Inland Mountain Ridge - Sulawesi Tenggara greenfield nickel laterite",
        "lithology": "peridotite_simulated",
        "slope_deg": 13.7,
        "distance_to_river_m": 2232,
        "distance_to_road_m": 5978,
        "distance_to_settlement_m": 12197,
        "legal_status": "allowed",
        "distance_to_smelter_km": 61.4,
        "area_ha": 1.23,
        "region_id": "SE",
        "fe_oxide_index": 2.008,
        "clay_index": 1.679,
        "ndvi_stress_index": 0.272,
        "tmi_structural_nT": 45571.1,
        "tmi_anomaly_nT": 571.1,
        "elevation_mdpl": 412.4,
        "geochem_assay_ratio": 1.45
      },
      "geometry": {
        "type": "Polygon",
        "coordinates": [
          [
            [
              122.015,
              -3.785
            ],
            [
              122.025,
              -3.785
            ],
            [
              122.025,
              -3.775
            ],
            [
              122.015,
              -3.775
            ],
            [
              122.015,
              -3.785
            ]
          ]
        ]
      }
    },
    {
      "type": "Feature",
      "properties": {
        "grid_id": "KON058",
        "site": "konawe",
        "location_label": "Konawe Abuki High Inland Mountain Ridge - Sulawesi Tenggara greenfield nickel laterite",
        "lithology": "peridotite_simulated",
        "slope_deg": 9.8,
        "distance_to_river_m": 874,
        "distance_to_road_m": 2817,
        "distance_to_settlement_m": 14759,
        "legal_status": "allowed",
        "distance_to_smelter_km": 64.4,
        "area_ha": 1.23,
        "region_id": "SE",
        "fe_oxide_index": 2.147,
        "clay_index": 2.447,
        "ndvi_stress_index": 0.392,
        "tmi_structural_nT": 45373.8,
        "tmi_anomaly_nT": 373.8,
        "elevation_mdpl": 406.1,
        "geochem_assay_ratio": 2.54
      },
      "geometry": {
        "type": "Polygon",
        "coordinates": [
          [
            [
              122.025,
              -3.785
            ],
            [
              122.035,
              -3.785
            ],
            [
              122.035,
              -3.775
            ],
            [
              122.025,
              -3.775
            ],
            [
              122.025,
              -3.785
            ]
          ]
        ]
      }
    },
    {
      "type": "Feature",
      "properties": {
        "grid_id": "KON059",
        "site": "konawe",
        "location_label": "Konawe Abuki High Inland Mountain Ridge - Sulawesi Tenggara greenfield nickel laterite",
        "lithology": "serpentinite_simulated",
        "slope_deg": 12.4,
        "distance_to_river_m": 3043,
        "distance_to_road_m": 2571,
        "distance_to_settlement_m": 7669,
        "legal_status": "allowed",
        "distance_to_smelter_km": 67.6,
        "area_ha": 1.23,
        "region_id": "SE",
        "fe_oxide_index": 2.3,
        "clay_index": 2.028,
        "ndvi_stress_index": 0.36,
        "tmi_structural_nT": 45881.5,
        "tmi_anomaly_nT": 881.5,
        "elevation_mdpl": 429.3,
        "geochem_assay_ratio": 2.97
      },
      "geometry": {
        "type": "Polygon",
        "coordinates": [
          [
            [
              122.035,
              -3.785
            ],
            [
              122.045,
              -3.785
            ],
            [
              122.045,
              -3.775
            ],
            [
              122.035,
              -3.775
            ],
            [
              122.035,
              -3.785
            ]
          ]
        ]
      }
    },
    {
      "type": "Feature",
      "properties": {
        "grid_id": "KON060",
        "site": "konawe",
        "location_label": "Konawe Abuki High Inland Mountain Ridge - Sulawesi Tenggara greenfield nickel laterite",
        "lithology": "serpentinite_simulated",
        "slope_deg": 12.2,
        "distance_to_river_m": 1525,
        "distance_to_road_m": 1535,
        "distance_to_settlement_m": 5861,
        "legal_status": "allowed",
        "distance_to_smelter_km": 71.0,
        "area_ha": 1.23,
        "region_id": "SE",
        "fe_oxide_index": 2.507,
        "clay_index": 2.235,
        "ndvi_stress_index": 0.335,
        "tmi_structural_nT": 46091.4,
        "tmi_anomaly_nT": 1091.4,
        "elevation_mdpl": 455.2,
        "geochem_assay_ratio": 1.84
      },
      "geometry": {
        "type": "Polygon",
        "coordinates": [
          [
            [
              122.045,
              -3.785
            ],
            [
              122.055,
              -3.785
            ],
            [
              122.055,
              -3.775
            ],
            [
              122.045,
              -3.775
            ],
            [
              122.045,
              -3.785
            ]
          ]
        ]
      }
    },
    {
      "type": "Feature",
      "properties": {
        "grid_id": "KON061",
        "site": "konawe",
        "location_label": "Konawe Abuki High Inland Mountain Ridge - Sulawesi Tenggara greenfield nickel laterite",
        "lithology": "serpentinite_simulated",
        "slope_deg": 9.5,
        "distance_to_river_m": 1543,
        "distance_to_road_m": 5723,
        "distance_to_settlement_m": 4470,
        "legal_status": "conditional",
        "distance_to_smelter_km": 68.4,
        "area_ha": 1.23,
        "region_id": "SW",
        "fe_oxide_index": 2.558,
        "clay_index": 2.293,
        "ndvi_stress_index": 0.345,
        "tmi_structural_nT": 45517.5,
        "tmi_anomaly_nT": 517.5,
        "elevation_mdpl": 472.3,
        "geochem_assay_ratio": 1.93
      },
      "geometry": {
        "type": "Polygon",
        "coordinates": [
          [
            [
              121.855,
              -3.775
            ],
            [
              121.865,
              -3.775
            ],
            [
              121.865,
              -3.765
            ],
            [
              121.855,
              -3.765
            ],
            [
              121.855,
              -3.775
            ]
          ]
        ]
      }
    },
    {
      "type": "Feature",
      "properties": {
        "grid_id": "KON062",
        "site": "konawe",
        "location_label": "Konawe Abuki High Inland Mountain Ridge - Sulawesi Tenggara greenfield nickel laterite",
        "lithology": "serpentinite_simulated",
        "slope_deg": 14.0,
        "distance_to_river_m": 3197,
        "distance_to_road_m": 4597,
        "distance_to_settlement_m": 13028,
        "legal_status": "conditional",
        "distance_to_smelter_km": 64.8,
        "area_ha": 1.23,
        "region_id": "SW",
        "fe_oxide_index": 1.831,
        "clay_index": 1.984,
        "ndvi_stress_index": 0.328,
        "tmi_structural_nT": 45197.1,
        "tmi_anomaly_nT": 197.1,
        "elevation_mdpl": 425.9,
        "geochem_assay_ratio": 3.01
      },
      "geometry": {
        "type": "Polygon",
        "coordinates": [
          [
            [
              121.865,
              -3.775
            ],
            [
              121.875,
              -3.775
            ],
            [
              121.875,
              -3.765
            ],
            [
              121.865,
              -3.765
            ],
            [
              121.865,
              -3.775
            ]
          ]
        ]
      }
    },
    {
      "type": "Feature",
      "properties": {
        "grid_id": "KON063",
        "site": "konawe",
        "location_label": "Konawe Abuki High Inland Mountain Ridge - Sulawesi Tenggara greenfield nickel laterite",
        "lithology": "serpentinite_simulated",
        "slope_deg": 12.7,
        "distance_to_river_m": 3043,
        "distance_to_road_m": 3877,
        "distance_to_settlement_m": 13307,
        "legal_status": "no-go",
        "distance_to_smelter_km": 61.4,
        "area_ha": 1.23,
        "region_id": "SW",
        "fe_oxide_index": 2.571,
        "clay_index": 1.773,
        "ndvi_stress_index": 0.325,
        "tmi_structural_nT": 45326.1,
        "tmi_anomaly_nT": 326.1,
        "elevation_mdpl": 465.3,
        "geochem_assay_ratio": 2.89
      },
      "geometry": {
        "type": "Polygon",
        "coordinates": [
          [
            [
              121.875,
              -3.775
            ],
            [
              121.885,
              -3.775
            ],
            [
              121.885,
              -3.765
            ],
            [
              121.875,
              -3.765
            ],
            [
              121.875,
              -3.775
            ]
          ]
        ]
      }
    },
    {
      "type": "Feature",
      "properties": {
        "grid_id": "KON064",
        "site": "konawe",
        "location_label": "Konawe Abuki High Inland Mountain Ridge - Sulawesi Tenggara greenfield nickel laterite",
        "lithology": "serpentinite_simulated",
        "slope_deg": 18.6,
        "distance_to_river_m": 711,
        "distance_to_road_m": 2514,
        "distance_to_settlement_m": 9233,
        "legal_status": "no-go",
        "distance_to_smelter_km": 58.2,
        "area_ha": 1.23,
        "region_id": "SW",
        "fe_oxide_index": 1.895,
        "clay_index": 2.199,
        "ndvi_stress_index": 0.197,
        "tmi_structural_nT": 45539.0,
        "tmi_anomaly_nT": 539.0,
        "elevation_mdpl": 428.1,
        "geochem_assay_ratio": 2.57
      },
      "geometry": {
        "type": "Polygon",
        "coordinates": [
          [
            [
              121.885,
              -3.775
            ],
            [
              121.895,
              -3.775
            ],
            [
              121.895,
              -3.765
            ],
            [
              121.885,
              -3.765
            ],
            [
              121.885,
              -3.775
            ]
          ]
        ]
      }
    },
    {
      "type": "Feature",
      "properties": {
        "grid_id": "KON065",
        "site": "konawe",
        "location_label": "Konawe Abuki High Inland Mountain Ridge - Sulawesi Tenggara greenfield nickel laterite",
        "lithology": "serpentinite_simulated",
        "slope_deg": 14.6,
        "distance_to_river_m": 703,
        "distance_to_road_m": 3795,
        "distance_to_settlement_m": 11746,
        "legal_status": "no-go",
        "distance_to_smelter_km": 55.3,
        "area_ha": 1.23,
        "region_id": "SW",
        "fe_oxide_index": 2.165,
        "clay_index": 2.319,
        "ndvi_stress_index": 0.397,
        "tmi_structural_nT": 45846.2,
        "tmi_anomaly_nT": 846.2,
        "elevation_mdpl": 424.6,
        "geochem_assay_ratio": 2.57
      },
      "geometry": {
        "type": "Polygon",
        "coordinates": [
          [
            [
              121.895,
              -3.775
            ],
            [
              121.905,
              -3.775
            ],
            [
              121.905,
              -3.765
            ],
            [
              121.895,
              -3.765
            ],
            [
              121.895,
              -3.775
            ]
          ]
        ]
      }
    },
    {
      "type": "Feature",
      "properties": {
        "grid_id": "KON066",
        "site": "konawe",
        "location_label": "Konawe Abuki High Inland Mountain Ridge - Sulawesi Tenggara greenfield nickel laterite",
        "lithology": "ultramafic_simulated",
        "slope_deg": 16.9,
        "distance_to_river_m": 746,
        "distance_to_road_m": 5707,
        "distance_to_settlement_m": 12804,
        "legal_status": "no-go",
        "distance_to_smelter_km": 52.6,
        "area_ha": 1.23,
        "region_id": "SW",
        "fe_oxide_index": 2.02,
        "clay_index": 2.123,
        "ndvi_stress_index": 0.337,
        "tmi_structural_nT": 45612.3,
        "tmi_anomaly_nT": 612.3,
        "elevation_mdpl": 420.2,
        "geochem_assay_ratio": 2.05
      },
      "geometry": {
        "type": "Polygon",
        "coordinates": [
          [
            [
              121.905,
              -3.775
            ],
            [
              121.915,
              -3.775
            ],
            [
              121.915,
              -3.765
            ],
            [
              121.905,
              -3.765
            ],
            [
              121.905,
              -3.775
            ]
          ]
        ]
      }
    },
    {
      "type": "Feature",
      "properties": {
        "grid_id": "KON067",
        "site": "konawe",
        "location_label": "Konawe Abuki High Inland Mountain Ridge - Sulawesi Tenggara greenfield nickel laterite",
        "lithology": "peridotite_simulated",
        "slope_deg": 8.0,
        "distance_to_river_m": 1190,
        "distance_to_road_m": 5329,
        "distance_to_settlement_m": 5147,
        "legal_status": "allowed",
        "distance_to_smelter_km": 50.3,
        "area_ha": 1.23,
        "region_id": "SW",
        "fe_oxide_index": 2.836,
        "clay_index": 2.084,
        "ndvi_stress_index": 0.398,
        "tmi_structural_nT": 45487.2,
        "tmi_anomaly_nT": 487.2,
        "elevation_mdpl": 454.3,
        "geochem_assay_ratio": 2.28
      },
      "geometry": {
        "type": "Polygon",
        "coordinates": [
          [
            [
              121.915,
              -3.775
            ],
            [
              121.925,
              -3.775
            ],
            [
              121.925,
              -3.765
            ],
            [
              121.915,
              -3.765
            ],
            [
              121.915,
              -3.775
            ]
          ]
        ]
      }
    },
    {
      "type": "Feature",
      "properties": {
        "grid_id": "KON068",
        "site": "konawe",
        "location_label": "Konawe Abuki High Inland Mountain Ridge - Sulawesi Tenggara greenfield nickel laterite",
        "lithology": "ultramafic_simulated",
        "slope_deg": 11.5,
        "distance_to_river_m": 722,
        "distance_to_road_m": 2116,
        "distance_to_settlement_m": 9916,
        "legal_status": "allowed",
        "distance_to_smelter_km": 48.5,
        "area_ha": 1.23,
        "region_id": "SW",
        "fe_oxide_index": 2.639,
        "clay_index": 1.911,
        "ndvi_stress_index": 0.403,
        "tmi_structural_nT": 45942.0,
        "tmi_anomaly_nT": 942.0,
        "elevation_mdpl": 426.0,
        "geochem_assay_ratio": 3.18
      },
      "geometry": {
        "type": "Polygon",
        "coordinates": [
          [
            [
              121.925,
              -3.775
            ],
            [
              121.935,
              -3.775
            ],
            [
              121.935,
              -3.765
            ],
            [
              121.925,
              -3.765
            ],
            [
              121.925,
              -3.775
            ]
          ]
        ]
      }
    },
    {
      "type": "Feature",
      "properties": {
        "grid_id": "KON069",
        "site": "konawe",
        "location_label": "Konawe Abuki High Inland Mountain Ridge - Sulawesi Tenggara greenfield nickel laterite",
        "lithology": "ultramafic_simulated",
        "slope_deg": 13.7,
        "distance_to_river_m": 1615,
        "distance_to_road_m": 2334,
        "distance_to_settlement_m": 10173,
        "legal_status": "allowed",
        "distance_to_smelter_km": 47.2,
        "area_ha": 1.23,
        "region_id": "SW",
        "fe_oxide_index": 1.93,
        "clay_index": 1.634,
        "ndvi_stress_index": 0.398,
        "tmi_structural_nT": 45232.2,
        "tmi_anomaly_nT": 232.2,
        "elevation_mdpl": 411.4,
        "geochem_assay_ratio": 2.04
      },
      "geometry": {
        "type": "Polygon",
        "coordinates": [
          [
            [
              121.935,
              -3.775
            ],
            [
              121.945,
              -3.775
            ],
            [
              121.945,
              -3.765
            ],
            [
              121.935,
              -3.765
            ],
            [
              121.935,
              -3.775
            ]
          ]
        ]
      }
    },
    {
      "type": "Feature",
      "properties": {
        "grid_id": "KON070",
        "site": "konawe",
        "location_label": "Konawe Abuki High Inland Mountain Ridge - Sulawesi Tenggara greenfield nickel laterite",
        "lithology": "ultramafic_simulated",
        "slope_deg": 12.6,
        "distance_to_river_m": 1555,
        "distance_to_road_m": 5688,
        "distance_to_settlement_m": 5493,
        "legal_status": "allowed",
        "distance_to_smelter_km": 46.5,
        "area_ha": 1.23,
        "region_id": "SW",
        "fe_oxide_index": 2.408,
        "clay_index": 2.421,
        "ndvi_stress_index": 0.269,
        "tmi_structural_nT": 45328.4,
        "tmi_anomaly_nT": 328.4,
        "elevation_mdpl": 400.3,
        "geochem_assay_ratio": 1.86
      },
      "geometry": {
        "type": "Polygon",
        "coordinates": [
          [
            [
              121.945,
              -3.775
            ],
            [
              121.955,
              -3.775
            ],
            [
              121.955,
              -3.765
            ],
            [
              121.945,
              -3.765
            ],
            [
              121.945,
              -3.775
            ]
          ]
        ]
      }
    },
    {
      "type": "Feature",
      "properties": {
        "grid_id": "KON071",
        "site": "konawe",
        "location_label": "Konawe Abuki High Inland Mountain Ridge - Sulawesi Tenggara greenfield nickel laterite",
        "lithology": "alluvium",
        "slope_deg": 14.3,
        "distance_to_river_m": 780,
        "distance_to_road_m": 5178,
        "distance_to_settlement_m": 8740,
        "legal_status": "no-go",
        "distance_to_smelter_km": 46.5,
        "area_ha": 1.23,
        "region_id": "SE",
        "fe_oxide_index": 1.332,
        "clay_index": 1.439,
        "ndvi_stress_index": 0.735,
        "tmi_structural_nT": 45142.0,
        "tmi_anomaly_nT": 142.0,
        "elevation_mdpl": 442.6,
        "geochem_assay_ratio": 4.75
      },
      "geometry": {
        "type": "Polygon",
        "coordinates": [
          [
            [
              121.955,
              -3.775
            ],
            [
              121.965,
              -3.775
            ],
            [
              121.965,
              -3.765
            ],
            [
              121.955,
              -3.765
            ],
            [
              121.955,
              -3.775
            ]
          ]
        ]
      }
    },
    {
      "type": "Feature",
      "properties": {
        "grid_id": "KON072",
        "site": "konawe",
        "location_label": "Konawe Abuki High Inland Mountain Ridge - Sulawesi Tenggara greenfield nickel laterite",
        "lithology": "mafic_volcanic_simulated",
        "slope_deg": 15.3,
        "distance_to_river_m": 2205,
        "distance_to_road_m": 1666,
        "distance_to_settlement_m": 8682,
        "legal_status": "allowed",
        "distance_to_smelter_km": 47.2,
        "area_ha": 1.23,
        "region_id": "SE",
        "fe_oxide_index": 1.224,
        "clay_index": 1.447,
        "ndvi_stress_index": 0.73,
        "tmi_structural_nT": 45146.0,
        "tmi_anomaly_nT": 146.0,
        "elevation_mdpl": 412.7,
        "geochem_assay_ratio": 4.89
      },
      "geometry": {
        "type": "Polygon",
        "coordinates": [
          [
            [
              121.965,
              -3.775
            ],
            [
              121.975,
              -3.775
            ],
            [
              121.975,
              -3.765
            ],
            [
              121.965,
              -3.765
            ],
            [
              121.965,
              -3.775
            ]
          ]
        ]
      }
    },
    {
      "type": "Feature",
      "properties": {
        "grid_id": "KON073",
        "site": "konawe",
        "location_label": "Konawe Abuki High Inland Mountain Ridge - Sulawesi Tenggara greenfield nickel laterite",
        "lithology": "serpentinite_simulated",
        "slope_deg": 10.5,
        "distance_to_river_m": 1898,
        "distance_to_road_m": 5515,
        "distance_to_settlement_m": 7719,
        "legal_status": "allowed",
        "distance_to_smelter_km": 48.5,
        "area_ha": 1.23,
        "region_id": "SE",
        "fe_oxide_index": 2.045,
        "clay_index": 2.339,
        "ndvi_stress_index": 0.333,
        "tmi_structural_nT": 45861.1,
        "tmi_anomaly_nT": 861.1,
        "elevation_mdpl": 440.0,
        "geochem_assay_ratio": 1.79
      },
      "geometry": {
        "type": "Polygon",
        "coordinates": [
          [
            [
              121.975,
              -3.775
            ],
            [
              121.985,
              -3.775
            ],
            [
              121.985,
              -3.765
            ],
            [
              121.975,
              -3.765
            ],
            [
              121.975,
              -3.775
            ]
          ]
        ]
      }
    },
    {
      "type": "Feature",
      "properties": {
        "grid_id": "KON074",
        "site": "konawe",
        "location_label": "Konawe Abuki High Inland Mountain Ridge - Sulawesi Tenggara greenfield nickel laterite",
        "lithology": "serpentinite_simulated",
        "slope_deg": 10.1,
        "distance_to_river_m": 2822,
        "distance_to_road_m": 6152,
        "distance_to_settlement_m": 4588,
        "legal_status": "allowed",
        "distance_to_smelter_km": 50.3,
        "area_ha": 1.23,
        "region_id": "SE",
        "fe_oxide_index": 2.344,
        "clay_index": 1.9,
        "ndvi_stress_index": 0.241,
        "tmi_structural_nT": 45120.1,
        "tmi_anomaly_nT": 120.1,
        "elevation_mdpl": 385.5,
        "geochem_assay_ratio": 1.65
      },
      "geometry": {
        "type": "Polygon",
        "coordinates": [
          [
            [
              121.985,
              -3.775
            ],
            [
              121.995,
              -3.775
            ],
            [
              121.995,
              -3.765
            ],
            [
              121.985,
              -3.765
            ],
            [
              121.985,
              -3.775
            ]
          ]
        ]
      }
    },
    {
      "type": "Feature",
      "properties": {
        "grid_id": "KON075",
        "site": "konawe",
        "location_label": "Konawe Abuki High Inland Mountain Ridge - Sulawesi Tenggara greenfield nickel laterite",
        "lithology": "serpentinite_simulated",
        "slope_deg": 11.5,
        "distance_to_river_m": 1023,
        "distance_to_road_m": 6456,
        "distance_to_settlement_m": 5378,
        "legal_status": "allowed",
        "distance_to_smelter_km": 52.6,
        "area_ha": 1.23,
        "region_id": "SE",
        "fe_oxide_index": 1.856,
        "clay_index": 2.268,
        "ndvi_stress_index": 0.357,
        "tmi_structural_nT": 45960.6,
        "tmi_anomaly_nT": 960.6,
        "elevation_mdpl": 450.5,
        "geochem_assay_ratio": 1.74
      },
      "geometry": {
        "type": "Polygon",
        "coordinates": [
          [
            [
              121.995,
              -3.775
            ],
            [
              122.005,
              -3.775
            ],
            [
              122.005,
              -3.765
            ],
            [
              121.995,
              -3.765
            ],
            [
              121.995,
              -3.775
            ]
          ]
        ]
      }
    },
    {
      "type": "Feature",
      "properties": {
        "grid_id": "KON076",
        "site": "konawe",
        "location_label": "Konawe Abuki High Inland Mountain Ridge - Sulawesi Tenggara greenfield nickel laterite",
        "lithology": "peridotite_simulated",
        "slope_deg": 13.7,
        "distance_to_river_m": 1196,
        "distance_to_road_m": 2243,
        "distance_to_settlement_m": 13270,
        "legal_status": "allowed",
        "distance_to_smelter_km": 55.3,
        "area_ha": 1.23,
        "region_id": "SE",
        "fe_oxide_index": 2.003,
        "clay_index": 1.931,
        "ndvi_stress_index": 0.363,
        "tmi_structural_nT": 45195.1,
        "tmi_anomaly_nT": 195.1,
        "elevation_mdpl": 409.6,
        "geochem_assay_ratio": 1.53
      },
      "geometry": {
        "type": "Polygon",
        "coordinates": [
          [
            [
              122.005,
              -3.775
            ],
            [
              122.015,
              -3.775
            ],
            [
              122.015,
              -3.765
            ],
            [
              122.005,
              -3.765
            ],
            [
              122.005,
              -3.775
            ]
          ]
        ]
      }
    },
    {
      "type": "Feature",
      "properties": {
        "grid_id": "KON077",
        "site": "konawe",
        "location_label": "Konawe Abuki High Inland Mountain Ridge - Sulawesi Tenggara greenfield nickel laterite",
        "lithology": "ultramafic_simulated",
        "slope_deg": 12.8,
        "distance_to_river_m": 3047,
        "distance_to_road_m": 3907,
        "distance_to_settlement_m": 11000,
        "legal_status": "allowed",
        "distance_to_smelter_km": 58.2,
        "area_ha": 1.23,
        "region_id": "SE",
        "fe_oxide_index": 2.028,
        "clay_index": 2.116,
        "ndvi_stress_index": 0.267,
        "tmi_structural_nT": 45711.8,
        "tmi_anomaly_nT": 711.8,
        "elevation_mdpl": 449.3,
        "geochem_assay_ratio": 1.55
      },
      "geometry": {
        "type": "Polygon",
        "coordinates": [
          [
            [
              122.015,
              -3.775
            ],
            [
              122.025,
              -3.775
            ],
            [
              122.025,
              -3.765
            ],
            [
              122.015,
              -3.765
            ],
            [
              122.015,
              -3.775
            ]
          ]
        ]
      }
    },
    {
      "type": "Feature",
      "properties": {
        "grid_id": "KON078",
        "site": "konawe",
        "location_label": "Konawe Abuki High Inland Mountain Ridge - Sulawesi Tenggara greenfield nickel laterite",
        "lithology": "alluvium",
        "slope_deg": 15.5,
        "distance_to_river_m": 778,
        "distance_to_road_m": 5729,
        "distance_to_settlement_m": 6841,
        "legal_status": "allowed",
        "distance_to_smelter_km": 61.4,
        "area_ha": 1.23,
        "region_id": "SE",
        "fe_oxide_index": 1.159,
        "clay_index": 1.319,
        "ndvi_stress_index": 0.691,
        "tmi_structural_nT": 44577.3,
        "tmi_anomaly_nT": -422.7,
        "elevation_mdpl": 465.4,
        "geochem_assay_ratio": 4.97
      },
      "geometry": {
        "type": "Polygon",
        "coordinates": [
          [
            [
              122.025,
              -3.775
            ],
            [
              122.035,
              -3.775
            ],
            [
              122.035,
              -3.765
            ],
            [
              122.025,
              -3.765
            ],
            [
              122.025,
              -3.775
            ]
          ]
        ]
      }
    },
    {
      "type": "Feature",
      "properties": {
        "grid_id": "KON079",
        "site": "konawe",
        "location_label": "Konawe Abuki High Inland Mountain Ridge - Sulawesi Tenggara greenfield nickel laterite",
        "lithology": "serpentinite_simulated",
        "slope_deg": 16.2,
        "distance_to_river_m": 1322,
        "distance_to_road_m": 5406,
        "distance_to_settlement_m": 4225,
        "legal_status": "allowed",
        "distance_to_smelter_km": 64.8,
        "area_ha": 1.23,
        "region_id": "SE",
        "fe_oxide_index": 2.362,
        "clay_index": 1.833,
        "ndvi_stress_index": 0.364,
        "tmi_structural_nT": 45808.0,
        "tmi_anomaly_nT": 808.0,
        "elevation_mdpl": 401.0,
        "geochem_assay_ratio": 2.67
      },
      "geometry": {
        "type": "Polygon",
        "coordinates": [
          [
            [
              122.035,
              -3.775
            ],
            [
              122.045,
              -3.775
            ],
            [
              122.045,
              -3.765
            ],
            [
              122.035,
              -3.765
            ],
            [
              122.035,
              -3.775
            ]
          ]
        ]
      }
    },
    {
      "type": "Feature",
      "properties": {
        "grid_id": "KON080",
        "site": "konawe",
        "location_label": "Konawe Abuki High Inland Mountain Ridge - Sulawesi Tenggara greenfield nickel laterite",
        "lithology": "ultramafic_simulated",
        "slope_deg": 17.6,
        "distance_to_river_m": 595,
        "distance_to_road_m": 1991,
        "distance_to_settlement_m": 8787,
        "legal_status": "allowed",
        "distance_to_smelter_km": 68.4,
        "area_ha": 1.23,
        "region_id": "SE",
        "fe_oxide_index": 2.088,
        "clay_index": 1.787,
        "ndvi_stress_index": 0.387,
        "tmi_structural_nT": 45588.9,
        "tmi_anomaly_nT": 588.9,
        "elevation_mdpl": 413.6,
        "geochem_assay_ratio": 2.65
      },
      "geometry": {
        "type": "Polygon",
        "coordinates": [
          [
            [
              122.045,
              -3.775
            ],
            [
              122.055,
              -3.775
            ],
            [
              122.055,
              -3.765
            ],
            [
              122.045,
              -3.765
            ],
            [
              122.045,
              -3.775
            ]
          ]
        ]
      }
    },
    {
      "type": "Feature",
      "properties": {
        "grid_id": "KON081",
        "site": "konawe",
        "location_label": "Konawe Abuki High Inland Mountain Ridge - Sulawesi Tenggara greenfield nickel laterite",
        "lithology": "serpentinite_simulated",
        "slope_deg": 14.6,
        "distance_to_river_m": 1210,
        "distance_to_road_m": 4144,
        "distance_to_settlement_m": 4257,
        "legal_status": "no-go",
        "distance_to_smelter_km": 66.0,
        "area_ha": 1.23,
        "region_id": "SW",
        "fe_oxide_index": 1.904,
        "clay_index": 2.411,
        "ndvi_stress_index": 0.294,
        "tmi_structural_nT": 45405.2,
        "tmi_anomaly_nT": 405.2,
        "elevation_mdpl": 453.3,
        "geochem_assay_ratio": 2.24
      },
      "geometry": {
        "type": "Polygon",
        "coordinates": [
          [
            [
              121.855,
              -3.765
            ],
            [
              121.865,
              -3.765
            ],
            [
              121.865,
              -3.755
            ],
            [
              121.855,
              -3.755
            ],
            [
              121.855,
              -3.765
            ]
          ]
        ]
      }
    },
    {
      "type": "Feature",
      "properties": {
        "grid_id": "KON082",
        "site": "konawe",
        "location_label": "Konawe Abuki High Inland Mountain Ridge - Sulawesi Tenggara greenfield nickel laterite",
        "lithology": "ultramafic_simulated",
        "slope_deg": 8.7,
        "distance_to_river_m": 1536,
        "distance_to_road_m": 2330,
        "distance_to_settlement_m": 4883,
        "legal_status": "no-go",
        "distance_to_smelter_km": 62.3,
        "area_ha": 1.23,
        "region_id": "SW",
        "fe_oxide_index": 1.927,
        "clay_index": 1.996,
        "ndvi_stress_index": 0.324,
        "tmi_structural_nT": 45177.8,
        "tmi_anomaly_nT": 177.8,
        "elevation_mdpl": 473.0,
        "geochem_assay_ratio": 2.79
      },
      "geometry": {
        "type": "Polygon",
        "coordinates": [
          [
            [
              121.865,
              -3.765
            ],
            [
              121.875,
              -3.765
            ],
            [
              121.875,
              -3.755
            ],
            [
              121.865,
              -3.755
            ],
            [
              121.865,
              -3.765
            ]
          ]
        ]
      }
    },
    {
      "type": "Feature",
      "properties": {
        "grid_id": "KON083",
        "site": "konawe",
        "location_label": "Konawe Abuki High Inland Mountain Ridge - Sulawesi Tenggara greenfield nickel laterite",
        "lithology": "serpentinite_simulated",
        "slope_deg": 10.2,
        "distance_to_river_m": 747,
        "distance_to_road_m": 5113,
        "distance_to_settlement_m": 11333,
        "legal_status": "no-go",
        "distance_to_smelter_km": 58.7,
        "area_ha": 1.23,
        "region_id": "SW",
        "fe_oxide_index": 2.276,
        "clay_index": 2.207,
        "ndvi_stress_index": 0.318,
        "tmi_structural_nT": 45916.9,
        "tmi_anomaly_nT": 916.9,
        "elevation_mdpl": 387.1,
        "geochem_assay_ratio": 2.38
      },
      "geometry": {
        "type": "Polygon",
        "coordinates": [
          [
            [
              121.875,
              -3.765
            ],
            [
              121.885,
              -3.765
            ],
            [
              121.885,
              -3.755
            ],
            [
              121.875,
              -3.755
            ],
            [
              121.875,
              -3.765
            ]
          ]
        ]
      }
    },
    {
      "type": "Feature",
      "properties": {
        "grid_id": "KON084",
        "site": "konawe",
        "location_label": "Konawe Abuki High Inland Mountain Ridge - Sulawesi Tenggara greenfield nickel laterite",
        "lithology": "ultramafic_simulated",
        "slope_deg": 10.3,
        "distance_to_river_m": 1501,
        "distance_to_road_m": 2565,
        "distance_to_settlement_m": 5041,
        "legal_status": "no-go",
        "distance_to_smelter_km": 55.3,
        "area_ha": 1.23,
        "region_id": "SW",
        "fe_oxide_index": 2.829,
        "clay_index": 2.083,
        "ndvi_stress_index": 0.232,
        "tmi_structural_nT": 45211.5,
        "tmi_anomaly_nT": 211.5,
        "elevation_mdpl": 444.1,
        "geochem_assay_ratio": 1.57
      },
      "geometry": {
        "type": "Polygon",
        "coordinates": [
          [
            [
              121.885,
              -3.765
            ],
            [
              121.895,
              -3.765
            ],
            [
              121.895,
              -3.755
            ],
            [
              121.885,
              -3.755
            ],
            [
              121.885,
              -3.765
            ]
          ]
        ]
      }
    },
    {
      "type": "Feature",
      "properties": {
        "grid_id": "KON085",
        "site": "konawe",
        "location_label": "Konawe Abuki High Inland Mountain Ridge - Sulawesi Tenggara greenfield nickel laterite",
        "lithology": "serpentinite_simulated",
        "slope_deg": 9.1,
        "distance_to_river_m": 549,
        "distance_to_road_m": 5080,
        "distance_to_settlement_m": 6396,
        "legal_status": "no-go",
        "distance_to_smelter_km": 52.0,
        "area_ha": 1.23,
        "region_id": "SW",
        "fe_oxide_index": 2.219,
        "clay_index": 1.784,
        "ndvi_stress_index": 0.203,
        "tmi_structural_nT": 45698.7,
        "tmi_anomaly_nT": 698.7,
        "elevation_mdpl": 402.0,
        "geochem_assay_ratio": 2.25
      },
      "geometry": {
        "type": "Polygon",
        "coordinates": [
          [
            [
              121.895,
              -3.765
            ],
            [
              121.905,
              -3.765
            ],
            [
              121.905,
              -3.755
            ],
            [
              121.895,
              -3.755
            ],
            [
              121.895,
              -3.765
            ]
          ]
        ]
      }
    },
    {
      "type": "Feature",
      "properties": {
        "grid_id": "KON086",
        "site": "konawe",
        "location_label": "Konawe Abuki High Inland Mountain Ridge - Sulawesi Tenggara greenfield nickel laterite",
        "lithology": "ultramafic_simulated",
        "slope_deg": 11.2,
        "distance_to_river_m": 2504,
        "distance_to_road_m": 5404,
        "distance_to_settlement_m": 13427,
        "legal_status": "allowed",
        "distance_to_smelter_km": 49.1,
        "area_ha": 1.23,
        "region_id": "SW",
        "fe_oxide_index": 2.77,
        "clay_index": 1.994,
        "ndvi_stress_index": 0.186,
        "tmi_structural_nT": 45532.4,
        "tmi_anomaly_nT": 532.4,
        "elevation_mdpl": 457.5,
        "geochem_assay_ratio": 2.71
      },
      "geometry": {
        "type": "Polygon",
        "coordinates": [
          [
            [
              121.905,
              -3.765
            ],
            [
              121.915,
              -3.765
            ],
            [
              121.915,
              -3.755
            ],
            [
              121.905,
              -3.755
            ],
            [
              121.905,
              -3.765
            ]
          ]
        ]
      }
    },
    {
      "type": "Feature",
      "properties": {
        "grid_id": "KON087",
        "site": "konawe",
        "location_label": "Konawe Abuki High Inland Mountain Ridge - Sulawesi Tenggara greenfield nickel laterite",
        "lithology": "mafic_volcanic_simulated",
        "slope_deg": 10.4,
        "distance_to_river_m": 1236,
        "distance_to_road_m": 2040,
        "distance_to_settlement_m": 6471,
        "legal_status": "allowed",
        "distance_to_smelter_km": 46.5,
        "area_ha": 1.23,
        "region_id": "SW",
        "fe_oxide_index": 1.476,
        "clay_index": 1.475,
        "ndvi_stress_index": 0.771,
        "tmi_structural_nT": 44784.2,
        "tmi_anomaly_nT": -215.8,
        "elevation_mdpl": 442.2,
        "geochem_assay_ratio": 4.21
      },
      "geometry": {
        "type": "Polygon",
        "coordinates": [
          [
            [
              121.915,
              -3.765
            ],
            [
              121.925,
              -3.765
            ],
            [
              121.925,
              -3.755
            ],
            [
              121.915,
              -3.755
            ],
            [
              121.915,
              -3.765
            ]
          ]
        ]
      }
    },
    {
      "type": "Feature",
      "properties": {
        "grid_id": "KON088",
        "site": "konawe",
        "location_label": "Konawe Abuki High Inland Mountain Ridge - Sulawesi Tenggara greenfield nickel laterite",
        "lithology": "mafic_volcanic_simulated",
        "slope_deg": 16.7,
        "distance_to_river_m": 2850,
        "distance_to_road_m": 5744,
        "distance_to_settlement_m": 9579,
        "legal_status": "allowed",
        "distance_to_smelter_km": 44.4,
        "area_ha": 1.23,
        "region_id": "SW",
        "fe_oxide_index": 1.699,
        "clay_index": 1.016,
        "ndvi_stress_index": 0.615,
        "tmi_structural_nT": 45232.2,
        "tmi_anomaly_nT": 232.2,
        "elevation_mdpl": 423.4,
        "geochem_assay_ratio": 4.02
      },
      "geometry": {
        "type": "Polygon",
        "coordinates": [
          [
            [
              121.925,
              -3.765
            ],
            [
              121.935,
              -3.765
            ],
            [
              121.935,
              -3.755
            ],
            [
              121.925,
              -3.755
            ],
            [
              121.925,
              -3.765
            ]
          ]
        ]
      }
    },
    {
      "type": "Feature",
      "properties": {
        "grid_id": "KON089",
        "site": "konawe",
        "location_label": "Konawe Abuki High Inland Mountain Ridge - Sulawesi Tenggara greenfield nickel laterite",
        "lithology": "serpentinite_simulated",
        "slope_deg": 18.6,
        "distance_to_river_m": 1885,
        "distance_to_road_m": 1609,
        "distance_to_settlement_m": 7296,
        "legal_status": "allowed",
        "distance_to_smelter_km": 42.9,
        "area_ha": 1.23,
        "region_id": "SW",
        "fe_oxide_index": 2.532,
        "clay_index": 2.437,
        "ndvi_stress_index": 0.231,
        "tmi_structural_nT": 45319.8,
        "tmi_anomaly_nT": 319.8,
        "elevation_mdpl": 413.9,
        "geochem_assay_ratio": 2.97
      },
      "geometry": {
        "type": "Polygon",
        "coordinates": [
          [
            [
              121.935,
              -3.765
            ],
            [
              121.945,
              -3.765
            ],
            [
              121.945,
              -3.755
            ],
            [
              121.935,
              -3.755
            ],
            [
              121.935,
              -3.765
            ]
          ]
        ]
      }
    },
    {
      "type": "Feature",
      "properties": {
        "grid_id": "KON090",
        "site": "konawe",
        "location_label": "Konawe Abuki High Inland Mountain Ridge - Sulawesi Tenggara greenfield nickel laterite",
        "lithology": "serpentinite_simulated",
        "slope_deg": 14.3,
        "distance_to_river_m": 1158,
        "distance_to_road_m": 2318,
        "distance_to_settlement_m": 9986,
        "legal_status": "allowed",
        "distance_to_smelter_km": 42.2,
        "area_ha": 1.23,
        "region_id": "SW",
        "fe_oxide_index": 2.589,
        "clay_index": 1.64,
        "ndvi_stress_index": 0.311,
        "tmi_structural_nT": 45998.0,
        "tmi_anomaly_nT": 998.0,
        "elevation_mdpl": 402.1,
        "geochem_assay_ratio": 1.77
      },
      "geometry": {
        "type": "Polygon",
        "coordinates": [
          [
            [
              121.945,
              -3.765
            ],
            [
              121.955,
              -3.765
            ],
            [
              121.955,
              -3.755
            ],
            [
              121.945,
              -3.755
            ],
            [
              121.945,
              -3.765
            ]
          ]
        ]
      }
    },
    {
      "type": "Feature",
      "properties": {
        "grid_id": "KON091",
        "site": "konawe",
        "location_label": "Konawe Abuki High Inland Mountain Ridge - Sulawesi Tenggara greenfield nickel laterite",
        "lithology": "peridotite_simulated",
        "slope_deg": 12.6,
        "distance_to_river_m": 2210,
        "distance_to_road_m": 2727,
        "distance_to_settlement_m": 13340,
        "legal_status": "conditional",
        "distance_to_smelter_km": 42.2,
        "area_ha": 1.23,
        "region_id": "SE",
        "fe_oxide_index": 1.838,
        "clay_index": 1.868,
        "ndvi_stress_index": 0.297,
        "tmi_structural_nT": 45603.8,
        "tmi_anomaly_nT": 603.8,
        "elevation_mdpl": 432.6,
        "geochem_assay_ratio": 2.42
      },
      "geometry": {
        "type": "Polygon",
        "coordinates": [
          [
            [
              121.955,
              -3.765
            ],
            [
              121.965,
              -3.765
            ],
            [
              121.965,
              -3.755
            ],
            [
              121.955,
              -3.755
            ],
            [
              121.955,
              -3.765
            ]
          ]
        ]
      }
    },
    {
      "type": "Feature",
      "properties": {
        "grid_id": "KON092",
        "site": "konawe",
        "location_label": "Konawe Abuki High Inland Mountain Ridge - Sulawesi Tenggara greenfield nickel laterite",
        "lithology": "peridotite_simulated",
        "slope_deg": 8.0,
        "distance_to_river_m": 856,
        "distance_to_road_m": 4206,
        "distance_to_settlement_m": 13896,
        "legal_status": "no-go",
        "distance_to_smelter_km": 42.9,
        "area_ha": 1.23,
        "region_id": "SE",
        "fe_oxide_index": 2.119,
        "clay_index": 2.431,
        "ndvi_stress_index": 0.418,
        "tmi_structural_nT": 46052.5,
        "tmi_anomaly_nT": 1052.5,
        "elevation_mdpl": 395.4,
        "geochem_assay_ratio": 2.13
      },
      "geometry": {
        "type": "Polygon",
        "coordinates": [
          [
            [
              121.965,
              -3.765
            ],
            [
              121.975,
              -3.765
            ],
            [
              121.975,
              -3.755
            ],
            [
              121.965,
              -3.755
            ],
            [
              121.965,
              -3.765
            ]
          ]
        ]
      }
    },
    {
      "type": "Feature",
      "properties": {
        "grid_id": "KON093",
        "site": "konawe",
        "location_label": "Konawe Abuki High Inland Mountain Ridge - Sulawesi Tenggara greenfield nickel laterite",
        "lithology": "serpentinite_simulated",
        "slope_deg": 11.6,
        "distance_to_river_m": 327,
        "distance_to_road_m": 4574,
        "distance_to_settlement_m": 8068,
        "legal_status": "allowed",
        "distance_to_smelter_km": 44.4,
        "area_ha": 1.23,
        "region_id": "SE",
        "fe_oxide_index": 2.364,
        "clay_index": 2.045,
        "ndvi_stress_index": 0.291,
        "tmi_structural_nT": 45213.1,
        "tmi_anomaly_nT": 213.1,
        "elevation_mdpl": 404.1,
        "geochem_assay_ratio": 2.03
      },
      "geometry": {
        "type": "Polygon",
        "coordinates": [
          [
            [
              121.975,
              -3.765
            ],
            [
              121.985,
              -3.765
            ],
            [
              121.985,
              -3.755
            ],
            [
              121.975,
              -3.755
            ],
            [
              121.975,
              -3.765
            ]
          ]
        ]
      }
    },
    {
      "type": "Feature",
      "properties": {
        "grid_id": "KON094",
        "site": "konawe",
        "location_label": "Konawe Abuki High Inland Mountain Ridge - Sulawesi Tenggara greenfield nickel laterite",
        "lithology": "alluvium",
        "slope_deg": 18.3,
        "distance_to_river_m": 1585,
        "distance_to_road_m": 4176,
        "distance_to_settlement_m": 6319,
        "legal_status": "allowed",
        "distance_to_smelter_km": 46.5,
        "area_ha": 1.23,
        "region_id": "SE",
        "fe_oxide_index": 1.104,
        "clay_index": 1.452,
        "ndvi_stress_index": 0.642,
        "tmi_structural_nT": 44829.0,
        "tmi_anomaly_nT": -171.0,
        "elevation_mdpl": 383.9,
        "geochem_assay_ratio": 5.18
      },
      "geometry": {
        "type": "Polygon",
        "coordinates": [
          [
            [
              121.985,
              -3.765
            ],
            [
              121.995,
              -3.765
            ],
            [
              121.995,
              -3.755
            ],
            [
              121.985,
              -3.755
            ],
            [
              121.985,
              -3.765
            ]
          ]
        ]
      }
    },
    {
      "type": "Feature",
      "properties": {
        "grid_id": "KON095",
        "site": "konawe",
        "location_label": "Konawe Abuki High Inland Mountain Ridge - Sulawesi Tenggara greenfield nickel laterite",
        "lithology": "peridotite_simulated",
        "slope_deg": 12.2,
        "distance_to_river_m": 2119,
        "distance_to_road_m": 6039,
        "distance_to_settlement_m": 6698,
        "legal_status": "allowed",
        "distance_to_smelter_km": 49.1,
        "area_ha": 1.23,
        "region_id": "SE",
        "fe_oxide_index": 2.15,
        "clay_index": 2.376,
        "ndvi_stress_index": 0.371,
        "tmi_structural_nT": 45871.8,
        "tmi_anomaly_nT": 871.8,
        "elevation_mdpl": 439.5,
        "geochem_assay_ratio": 2.84
      },
      "geometry": {
        "type": "Polygon",
        "coordinates": [
          [
            [
              121.995,
              -3.765
            ],
            [
              122.005,
              -3.765
            ],
            [
              122.005,
              -3.755
            ],
            [
              121.995,
              -3.755
            ],
            [
              121.995,
              -3.765
            ]
          ]
        ]
      }
    },
    {
      "type": "Feature",
      "properties": {
        "grid_id": "KON096",
        "site": "konawe",
        "location_label": "Konawe Abuki High Inland Mountain Ridge - Sulawesi Tenggara greenfield nickel laterite",
        "lithology": "ultramafic_simulated",
        "slope_deg": 8.7,
        "distance_to_river_m": 1084,
        "distance_to_road_m": 3198,
        "distance_to_settlement_m": 14339,
        "legal_status": "allowed",
        "distance_to_smelter_km": 52.0,
        "area_ha": 1.23,
        "region_id": "SE",
        "fe_oxide_index": 2.672,
        "clay_index": 2.039,
        "ndvi_stress_index": 0.281,
        "tmi_structural_nT": 45391.2,
        "tmi_anomaly_nT": 391.2,
        "elevation_mdpl": 430.8,
        "geochem_assay_ratio": 2.89
      },
      "geometry": {
        "type": "Polygon",
        "coordinates": [
          [
            [
              122.005,
              -3.765
            ],
            [
              122.015,
              -3.765
            ],
            [
              122.015,
              -3.755
            ],
            [
              122.005,
              -3.755
            ],
            [
              122.005,
              -3.765
            ]
          ]
        ]
      }
    },
    {
      "type": "Feature",
      "properties": {
        "grid_id": "KON097",
        "site": "konawe",
        "location_label": "Konawe Abuki High Inland Mountain Ridge - Sulawesi Tenggara greenfield nickel laterite",
        "lithology": "peridotite_simulated",
        "slope_deg": 16.8,
        "distance_to_river_m": 854,
        "distance_to_road_m": 3199,
        "distance_to_settlement_m": 12283,
        "legal_status": "no-go",
        "distance_to_smelter_km": 55.3,
        "area_ha": 1.23,
        "region_id": "SE",
        "fe_oxide_index": 2.233,
        "clay_index": 1.843,
        "ndvi_stress_index": 0.184,
        "tmi_structural_nT": 45374.6,
        "tmi_anomaly_nT": 374.6,
        "elevation_mdpl": 388.8,
        "geochem_assay_ratio": 1.97
      },
      "geometry": {
        "type": "Polygon",
        "coordinates": [
          [
            [
              122.015,
              -3.765
            ],
            [
              122.025,
              -3.765
            ],
            [
              122.025,
              -3.755
            ],
            [
              122.015,
              -3.755
            ],
            [
              122.015,
              -3.765
            ]
          ]
        ]
      }
    },
    {
      "type": "Feature",
      "properties": {
        "grid_id": "KON098",
        "site": "konawe",
        "location_label": "Konawe Abuki High Inland Mountain Ridge - Sulawesi Tenggara greenfield nickel laterite",
        "lithology": "ultramafic_simulated",
        "slope_deg": 14.5,
        "distance_to_river_m": 1946,
        "distance_to_road_m": 3314,
        "distance_to_settlement_m": 14964,
        "legal_status": "allowed",
        "distance_to_smelter_km": 58.7,
        "area_ha": 1.23,
        "region_id": "SE",
        "fe_oxide_index": 1.98,
        "clay_index": 2.203,
        "ndvi_stress_index": 0.204,
        "tmi_structural_nT": 45658.0,
        "tmi_anomaly_nT": 658.0,
        "elevation_mdpl": 438.1,
        "geochem_assay_ratio": 2.2
      },
      "geometry": {
        "type": "Polygon",
        "coordinates": [
          [
            [
              122.025,
              -3.765
            ],
            [
              122.035,
              -3.765
            ],
            [
              122.035,
              -3.755
            ],
            [
              122.025,
              -3.755
            ],
            [
              122.025,
              -3.765
            ]
          ]
        ]
      }
    },
    {
      "type": "Feature",
      "properties": {
        "grid_id": "KON099",
        "site": "konawe",
        "location_label": "Konawe Abuki High Inland Mountain Ridge - Sulawesi Tenggara greenfield nickel laterite",
        "lithology": "mafic_volcanic_simulated",
        "slope_deg": 9.4,
        "distance_to_river_m": 3066,
        "distance_to_road_m": 4162,
        "distance_to_settlement_m": 11018,
        "legal_status": "allowed",
        "distance_to_smelter_km": 62.3,
        "area_ha": 1.23,
        "region_id": "SE",
        "fe_oxide_index": 1.405,
        "clay_index": 1.189,
        "ndvi_stress_index": 0.687,
        "tmi_structural_nT": 45176.1,
        "tmi_anomaly_nT": 176.1,
        "elevation_mdpl": 418.1,
        "geochem_assay_ratio": 4.58
      },
      "geometry": {
        "type": "Polygon",
        "coordinates": [
          [
            [
              122.035,
              -3.765
            ],
            [
              122.045,
              -3.765
            ],
            [
              122.045,
              -3.755
            ],
            [
              122.035,
              -3.755
            ],
            [
              122.035,
              -3.765
            ]
          ]
        ]
      }
    },
    {
      "type": "Feature",
      "properties": {
        "grid_id": "KON100",
        "site": "konawe",
        "location_label": "Konawe Abuki High Inland Mountain Ridge - Sulawesi Tenggara greenfield nickel laterite",
        "lithology": "mafic_volcanic_simulated",
        "slope_deg": 8.3,
        "distance_to_river_m": 2550,
        "distance_to_road_m": 3143,
        "distance_to_settlement_m": 14951,
        "legal_status": "conditional",
        "distance_to_smelter_km": 66.0,
        "area_ha": 1.23,
        "region_id": "SE",
        "fe_oxide_index": 1.346,
        "clay_index": 1.217,
        "ndvi_stress_index": 0.764,
        "tmi_structural_nT": 44927.3,
        "tmi_anomaly_nT": -72.7,
        "elevation_mdpl": 411.0,
        "geochem_assay_ratio": 5.38
      },
      "geometry": {
        "type": "Polygon",
        "coordinates": [
          [
            [
              122.045,
              -3.765
            ],
            [
              122.055,
              -3.765
            ],
            [
              122.055,
              -3.755
            ],
            [
              122.045,
              -3.755
            ],
            [
              122.045,
              -3.765
            ]
          ]
        ]
      }
    },
    {
      "type": "Feature",
      "properties": {
        "grid_id": "KON101",
        "site": "konawe",
        "location_label": "Konawe Abuki High Inland Mountain Ridge - Sulawesi Tenggara greenfield nickel laterite",
        "lithology": "serpentinite_simulated",
        "slope_deg": 8.3,
        "distance_to_river_m": 1395,
        "distance_to_road_m": 2958,
        "distance_to_settlement_m": 8441,
        "legal_status": "no-go",
        "distance_to_smelter_km": 64.0,
        "area_ha": 1.23,
        "region_id": "SW",
        "fe_oxide_index": 2.421,
        "clay_index": 2.059,
        "ndvi_stress_index": 0.385,
        "tmi_structural_nT": 45686.8,
        "tmi_anomaly_nT": 686.8,
        "elevation_mdpl": 471.9,
        "geochem_assay_ratio": 1.58
      },
      "geometry": {
        "type": "Polygon",
        "coordinates": [
          [
            [
              121.855,
              -3.755
            ],
            [
              121.865,
              -3.755
            ],
            [
              121.865,
              -3.745
            ],
            [
              121.855,
              -3.745
            ],
            [
              121.855,
              -3.755
            ]
          ]
        ]
      }
    },
    {
      "type": "Feature",
      "properties": {
        "grid_id": "KON102",
        "site": "konawe",
        "location_label": "Konawe Abuki High Inland Mountain Ridge - Sulawesi Tenggara greenfield nickel laterite",
        "lithology": "peridotite_simulated",
        "slope_deg": 12.6,
        "distance_to_river_m": 2141,
        "distance_to_road_m": 1974,
        "distance_to_settlement_m": 8840,
        "legal_status": "no-go",
        "distance_to_smelter_km": 60.1,
        "area_ha": 1.23,
        "region_id": "SW",
        "fe_oxide_index": 2.17,
        "clay_index": 2.126,
        "ndvi_stress_index": 0.369,
        "tmi_structural_nT": 45166.4,
        "tmi_anomaly_nT": 166.4,
        "elevation_mdpl": 479.7,
        "geochem_assay_ratio": 1.85
      },
      "geometry": {
        "type": "Polygon",
        "coordinates": [
          [
            [
              121.865,
              -3.755
            ],
            [
              121.875,
              -3.755
            ],
            [
              121.875,
              -3.745
            ],
            [
              121.865,
              -3.745
            ],
            [
              121.865,
              -3.755
            ]
          ]
        ]
      }
    },
    {
      "type": "Feature",
      "properties": {
        "grid_id": "KON103",
        "site": "konawe",
        "location_label": "Konawe Abuki High Inland Mountain Ridge - Sulawesi Tenggara greenfield nickel laterite",
        "lithology": "serpentinite_simulated",
        "slope_deg": 16.0,
        "distance_to_river_m": 2316,
        "distance_to_road_m": 5526,
        "distance_to_settlement_m": 13191,
        "legal_status": "allowed",
        "distance_to_smelter_km": 56.3,
        "area_ha": 1.23,
        "region_id": "SW",
        "fe_oxide_index": 2.512,
        "clay_index": 2.294,
        "ndvi_stress_index": 0.274,
        "tmi_structural_nT": 45319.5,
        "tmi_anomaly_nT": 319.5,
        "elevation_mdpl": 439.3,
        "geochem_assay_ratio": 2.48
      },
      "geometry": {
        "type": "Polygon",
        "coordinates": [
          [
            [
              121.875,
              -3.755
            ],
            [
              121.885,
              -3.755
            ],
            [
              121.885,
              -3.745
            ],
            [
              121.875,
              -3.745
            ],
            [
              121.875,
              -3.755
            ]
          ]
        ]
      }
    },
    {
      "type": "Feature",
      "properties": {
        "grid_id": "KON104",
        "site": "konawe",
        "location_label": "Konawe Abuki High Inland Mountain Ridge - Sulawesi Tenggara greenfield nickel laterite",
        "lithology": "peridotite_simulated",
        "slope_deg": 13.8,
        "distance_to_river_m": 2237,
        "distance_to_road_m": 5814,
        "distance_to_settlement_m": 11306,
        "legal_status": "allowed",
        "distance_to_smelter_km": 52.6,
        "area_ha": 1.23,
        "region_id": "SW",
        "fe_oxide_index": 1.82,
        "clay_index": 2.07,
        "ndvi_stress_index": 0.266,
        "tmi_structural_nT": 45766.7,
        "tmi_anomaly_nT": 766.7,
        "elevation_mdpl": 432.0,
        "geochem_assay_ratio": 1.86
      },
      "geometry": {
        "type": "Polygon",
        "coordinates": [
          [
            [
              121.885,
              -3.755
            ],
            [
              121.895,
              -3.755
            ],
            [
              121.895,
              -3.745
            ],
            [
              121.885,
              -3.745
            ],
            [
              121.885,
              -3.755
            ]
          ]
        ]
      }
    },
    {
      "type": "Feature",
      "properties": {
        "grid_id": "KON105",
        "site": "konawe",
        "location_label": "Konawe Abuki High Inland Mountain Ridge - Sulawesi Tenggara greenfield nickel laterite",
        "lithology": "serpentinite_simulated",
        "slope_deg": 9.3,
        "distance_to_river_m": 2868,
        "distance_to_road_m": 3361,
        "distance_to_settlement_m": 9908,
        "legal_status": "no-go",
        "distance_to_smelter_km": 49.1,
        "area_ha": 1.23,
        "region_id": "SW",
        "fe_oxide_index": 1.849,
        "clay_index": 2.211,
        "ndvi_stress_index": 0.417,
        "tmi_structural_nT": 45436.3,
        "tmi_anomaly_nT": 436.3,
        "elevation_mdpl": 474.2,
        "geochem_assay_ratio": 2.3
      },
      "geometry": {
        "type": "Polygon",
        "coordinates": [
          [
            [
              121.895,
              -3.755
            ],
            [
              121.905,
              -3.755
            ],
            [
              121.905,
              -3.745
            ],
            [
              121.895,
              -3.745
            ],
            [
              121.895,
              -3.755
            ]
          ]
        ]
      }
    },
    {
      "type": "Feature",
      "properties": {
        "grid_id": "KON106",
        "site": "konawe",
        "location_label": "Konawe Abuki High Inland Mountain Ridge - Sulawesi Tenggara greenfield nickel laterite",
        "lithology": "ultramafic_simulated",
        "slope_deg": 17.2,
        "distance_to_river_m": 2449,
        "distance_to_road_m": 4064,
        "distance_to_settlement_m": 5793,
        "legal_status": "allowed",
        "distance_to_smelter_km": 45.8,
        "area_ha": 1.23,
        "region_id": "SW",
        "fe_oxide_index": 1.99,
        "clay_index": 2.39,
        "ndvi_stress_index": 0.398,
        "tmi_structural_nT": 45538.1,
        "tmi_anomaly_nT": 538.1,
        "elevation_mdpl": 452.1,
        "geochem_assay_ratio": 1.64
      },
      "geometry": {
        "type": "Polygon",
        "coordinates": [
          [
            [
              121.905,
              -3.755
            ],
            [
              121.915,
              -3.755
            ],
            [
              121.915,
              -3.745
            ],
            [
              121.905,
              -3.745
            ],
            [
              121.905,
              -3.755
            ]
          ]
        ]
      }
    },
    {
      "type": "Feature",
      "properties": {
        "grid_id": "KON107",
        "site": "konawe",
        "location_label": "Konawe Abuki High Inland Mountain Ridge - Sulawesi Tenggara greenfield nickel laterite",
        "lithology": "peridotite_simulated",
        "slope_deg": 15.8,
        "distance_to_river_m": 1930,
        "distance_to_road_m": 3567,
        "distance_to_settlement_m": 10878,
        "legal_status": "allowed",
        "distance_to_smelter_km": 42.9,
        "area_ha": 1.23,
        "region_id": "SW",
        "fe_oxide_index": 2.373,
        "clay_index": 2.171,
        "ndvi_stress_index": 0.293,
        "tmi_structural_nT": 45770.6,
        "tmi_anomaly_nT": 770.6,
        "elevation_mdpl": 440.0,
        "geochem_assay_ratio": 2.69
      },
      "geometry": {
        "type": "Polygon",
        "coordinates": [
          [
            [
              121.915,
              -3.755
            ],
            [
              121.925,
              -3.755
            ],
            [
              121.925,
              -3.745
            ],
            [
              121.915,
              -3.745
            ],
            [
              121.915,
              -3.755
            ]
          ]
        ]
      }
    },
    {
      "type": "Feature",
      "properties": {
        "grid_id": "KON108",
        "site": "konawe",
        "location_label": "Konawe Abuki High Inland Mountain Ridge - Sulawesi Tenggara greenfield nickel laterite",
        "lithology": "serpentinite_simulated",
        "slope_deg": 14.5,
        "distance_to_river_m": 2072,
        "distance_to_road_m": 4408,
        "distance_to_settlement_m": 9089,
        "legal_status": "allowed",
        "distance_to_smelter_km": 40.5,
        "area_ha": 1.23,
        "region_id": "SW",
        "fe_oxide_index": 1.826,
        "clay_index": 2.219,
        "ndvi_stress_index": 0.304,
        "tmi_structural_nT": 45923.7,
        "tmi_anomaly_nT": 923.7,
        "elevation_mdpl": 391.5,
        "geochem_assay_ratio": 2.87
      },
      "geometry": {
        "type": "Polygon",
        "coordinates": [
          [
            [
              121.925,
              -3.755
            ],
            [
              121.935,
              -3.755
            ],
            [
              121.935,
              -3.745
            ],
            [
              121.925,
              -3.745
            ],
            [
              121.925,
              -3.755
            ]
          ]
        ]
      }
    },
    {
      "type": "Feature",
      "properties": {
        "grid_id": "KON109",
        "site": "konawe",
        "location_label": "Konawe Abuki High Inland Mountain Ridge - Sulawesi Tenggara greenfield nickel laterite",
        "lithology": "serpentinite_simulated",
        "slope_deg": 14.0,
        "distance_to_river_m": 513,
        "distance_to_road_m": 5229,
        "distance_to_settlement_m": 8533,
        "legal_status": "allowed",
        "distance_to_smelter_km": 38.8,
        "area_ha": 1.23,
        "region_id": "SW",
        "fe_oxide_index": 2.73,
        "clay_index": 1.622,
        "ndvi_stress_index": 0.311,
        "tmi_structural_nT": 46089.4,
        "tmi_anomaly_nT": 1089.4,
        "elevation_mdpl": 400.8,
        "geochem_assay_ratio": 2.05
      },
      "geometry": {
        "type": "Polygon",
        "coordinates": [
          [
            [
              121.935,
              -3.755
            ],
            [
              121.945,
              -3.755
            ],
            [
              121.945,
              -3.745
            ],
            [
              121.935,
              -3.745
            ],
            [
              121.935,
              -3.755
            ]
          ]
        ]
      }
    },
    {
      "type": "Feature",
      "properties": {
        "grid_id": "KON110",
        "site": "konawe",
        "location_label": "Konawe Abuki High Inland Mountain Ridge - Sulawesi Tenggara greenfield nickel laterite",
        "lithology": "serpentinite_simulated",
        "slope_deg": 9.6,
        "distance_to_river_m": 1863,
        "distance_to_road_m": 3338,
        "distance_to_settlement_m": 5549,
        "legal_status": "conditional",
        "distance_to_smelter_km": 37.8,
        "area_ha": 1.23,
        "region_id": "SW",
        "fe_oxide_index": 2.733,
        "clay_index": 2.292,
        "ndvi_stress_index": 0.374,
        "tmi_structural_nT": 45164.9,
        "tmi_anomaly_nT": 164.9,
        "elevation_mdpl": 387.6,
        "geochem_assay_ratio": 1.63
      },
      "geometry": {
        "type": "Polygon",
        "coordinates": [
          [
            [
              121.945,
              -3.755
            ],
            [
              121.955,
              -3.755
            ],
            [
              121.955,
              -3.745
            ],
            [
              121.945,
              -3.745
            ],
            [
              121.945,
              -3.755
            ]
          ]
        ]
      }
    },
    {
      "type": "Feature",
      "properties": {
        "grid_id": "KON111",
        "site": "konawe",
        "location_label": "Konawe Abuki High Inland Mountain Ridge - Sulawesi Tenggara greenfield nickel laterite",
        "lithology": "ultramafic_simulated",
        "slope_deg": 13.7,
        "distance_to_river_m": 2392,
        "distance_to_road_m": 2371,
        "distance_to_settlement_m": 5179,
        "legal_status": "conditional",
        "distance_to_smelter_km": 37.8,
        "area_ha": 1.23,
        "region_id": "SE",
        "fe_oxide_index": 2.242,
        "clay_index": 2.148,
        "ndvi_stress_index": 0.298,
        "tmi_structural_nT": 45284.8,
        "tmi_anomaly_nT": 284.8,
        "elevation_mdpl": 467.6,
        "geochem_assay_ratio": 1.85
      },
      "geometry": {
        "type": "Polygon",
        "coordinates": [
          [
            [
              121.955,
              -3.755
            ],
            [
              121.965,
              -3.755
            ],
            [
              121.965,
              -3.745
            ],
            [
              121.955,
              -3.745
            ],
            [
              121.955,
              -3.755
            ]
          ]
        ]
      }
    },
    {
      "type": "Feature",
      "properties": {
        "grid_id": "KON112",
        "site": "konawe",
        "location_label": "Konawe Abuki High Inland Mountain Ridge - Sulawesi Tenggara greenfield nickel laterite",
        "lithology": "serpentinite_simulated",
        "slope_deg": 17.1,
        "distance_to_river_m": 2317,
        "distance_to_road_m": 3925,
        "distance_to_settlement_m": 11413,
        "legal_status": "conditional",
        "distance_to_smelter_km": 38.8,
        "area_ha": 1.23,
        "region_id": "SE",
        "fe_oxide_index": 2.006,
        "clay_index": 1.971,
        "ndvi_stress_index": 0.391,
        "tmi_structural_nT": 46093.3,
        "tmi_anomaly_nT": 1093.3,
        "elevation_mdpl": 414.9,
        "geochem_assay_ratio": 1.71
      },
      "geometry": {
        "type": "Polygon",
        "coordinates": [
          [
            [
              121.965,
              -3.755
            ],
            [
              121.975,
              -3.755
            ],
            [
              121.975,
              -3.745
            ],
            [
              121.965,
              -3.745
            ],
            [
              121.965,
              -3.755
            ]
          ]
        ]
      }
    },
    {
      "type": "Feature",
      "properties": {
        "grid_id": "KON113",
        "site": "konawe",
        "location_label": "Konawe Abuki High Inland Mountain Ridge - Sulawesi Tenggara greenfield nickel laterite",
        "lithology": "serpentinite_simulated",
        "slope_deg": 16.9,
        "distance_to_river_m": 2584,
        "distance_to_road_m": 6315,
        "distance_to_settlement_m": 12232,
        "legal_status": "allowed",
        "distance_to_smelter_km": 40.5,
        "area_ha": 1.23,
        "region_id": "SE",
        "fe_oxide_index": 2.405,
        "clay_index": 1.8,
        "ndvi_stress_index": 0.229,
        "tmi_structural_nT": 45850.6,
        "tmi_anomaly_nT": 850.6,
        "elevation_mdpl": 452.1,
        "geochem_assay_ratio": 2.26
      },
      "geometry": {
        "type": "Polygon",
        "coordinates": [
          [
            [
              121.975,
              -3.755
            ],
            [
              121.985,
              -3.755
            ],
            [
              121.985,
              -3.745
            ],
            [
              121.975,
              -3.745
            ],
            [
              121.975,
              -3.755
            ]
          ]
        ]
      }
    },
    {
      "type": "Feature",
      "properties": {
        "grid_id": "KON114",
        "site": "konawe",
        "location_label": "Konawe Abuki High Inland Mountain Ridge - Sulawesi Tenggara greenfield nickel laterite",
        "lithology": "mafic_volcanic_simulated",
        "slope_deg": 13.2,
        "distance_to_river_m": 2529,
        "distance_to_road_m": 1583,
        "distance_to_settlement_m": 11723,
        "legal_status": "allowed",
        "distance_to_smelter_km": 42.9,
        "area_ha": 1.23,
        "region_id": "SE",
        "fe_oxide_index": 1.18,
        "clay_index": 1.369,
        "ndvi_stress_index": 0.724,
        "tmi_structural_nT": 45050.6,
        "tmi_anomaly_nT": 50.6,
        "elevation_mdpl": 414.5,
        "geochem_assay_ratio": 4.85
      },
      "geometry": {
        "type": "Polygon",
        "coordinates": [
          [
            [
              121.985,
              -3.755
            ],
            [
              121.995,
              -3.755
            ],
            [
              121.995,
              -3.745
            ],
            [
              121.985,
              -3.745
            ],
            [
              121.985,
              -3.755
            ]
          ]
        ]
      }
    },
    {
      "type": "Feature",
      "properties": {
        "grid_id": "KON115",
        "site": "konawe",
        "location_label": "Konawe Abuki High Inland Mountain Ridge - Sulawesi Tenggara greenfield nickel laterite",
        "lithology": "serpentinite_simulated",
        "slope_deg": 18.4,
        "distance_to_river_m": 2589,
        "distance_to_road_m": 2667,
        "distance_to_settlement_m": 8276,
        "legal_status": "allowed",
        "distance_to_smelter_km": 45.8,
        "area_ha": 1.23,
        "region_id": "SE",
        "fe_oxide_index": 2.575,
        "clay_index": 2.151,
        "ndvi_stress_index": 0.343,
        "tmi_structural_nT": 45353.3,
        "tmi_anomaly_nT": 353.3,
        "elevation_mdpl": 470.4,
        "geochem_assay_ratio": 2.48
      },
      "geometry": {
        "type": "Polygon",
        "coordinates": [
          [
            [
              121.995,
              -3.755
            ],
            [
              122.005,
              -3.755
            ],
            [
              122.005,
              -3.745
            ],
            [
              121.995,
              -3.745
            ],
            [
              121.995,
              -3.755
            ]
          ]
        ]
      }
    },
    {
      "type": "Feature",
      "properties": {
        "grid_id": "KON116",
        "site": "konawe",
        "location_label": "Konawe Abuki High Inland Mountain Ridge - Sulawesi Tenggara greenfield nickel laterite",
        "lithology": "peridotite_simulated",
        "slope_deg": 10.7,
        "distance_to_river_m": 2547,
        "distance_to_road_m": 4033,
        "distance_to_settlement_m": 8370,
        "legal_status": "no-go",
        "distance_to_smelter_km": 49.1,
        "area_ha": 1.23,
        "region_id": "SE",
        "fe_oxide_index": 1.86,
        "clay_index": 2.288,
        "ndvi_stress_index": 0.244,
        "tmi_structural_nT": 45293.7,
        "tmi_anomaly_nT": 293.7,
        "elevation_mdpl": 438.9,
        "geochem_assay_ratio": 1.65
      },
      "geometry": {
        "type": "Polygon",
        "coordinates": [
          [
            [
              122.005,
              -3.755
            ],
            [
              122.015,
              -3.755
            ],
            [
              122.015,
              -3.745
            ],
            [
              122.005,
              -3.745
            ],
            [
              122.005,
              -3.755
            ]
          ]
        ]
      }
    },
    {
      "type": "Feature",
      "properties": {
        "grid_id": "KON117",
        "site": "konawe",
        "location_label": "Konawe Abuki High Inland Mountain Ridge - Sulawesi Tenggara greenfield nickel laterite",
        "lithology": "mafic_volcanic_simulated",
        "slope_deg": 9.4,
        "distance_to_river_m": 694,
        "distance_to_road_m": 4717,
        "distance_to_settlement_m": 12585,
        "legal_status": "no-go",
        "distance_to_smelter_km": 52.6,
        "area_ha": 1.23,
        "region_id": "SE",
        "fe_oxide_index": 1.353,
        "clay_index": 1.178,
        "ndvi_stress_index": 0.599,
        "tmi_structural_nT": 45342.4,
        "tmi_anomaly_nT": 342.4,
        "elevation_mdpl": 433.1,
        "geochem_assay_ratio": 4.07
      },
      "geometry": {
        "type": "Polygon",
        "coordinates": [
          [
            [
              122.015,
              -3.755
            ],
            [
              122.025,
              -3.755
            ],
            [
              122.025,
              -3.745
            ],
            [
              122.015,
              -3.745
            ],
            [
              122.015,
              -3.755
            ]
          ]
        ]
      }
    },
    {
      "type": "Feature",
      "properties": {
        "grid_id": "KON118",
        "site": "konawe",
        "location_label": "Konawe Abuki High Inland Mountain Ridge - Sulawesi Tenggara greenfield nickel laterite",
        "lithology": "serpentinite_simulated",
        "slope_deg": 9.5,
        "distance_to_river_m": 2235,
        "distance_to_road_m": 1615,
        "distance_to_settlement_m": 9435,
        "legal_status": "no-go",
        "distance_to_smelter_km": 56.3,
        "area_ha": 1.23,
        "region_id": "SE",
        "fe_oxide_index": 2.701,
        "clay_index": 2.08,
        "ndvi_stress_index": 0.188,
        "tmi_structural_nT": 45144.6,
        "tmi_anomaly_nT": 144.6,
        "elevation_mdpl": 464.8,
        "geochem_assay_ratio": 1.95
      },
      "geometry": {
        "type": "Polygon",
        "coordinates": [
          [
            [
              122.025,
              -3.755
            ],
            [
              122.035,
              -3.755
            ],
            [
              122.035,
              -3.745
            ],
            [
              122.025,
              -3.745
            ],
            [
              122.025,
              -3.755
            ]
          ]
        ]
      }
    },
    {
      "type": "Feature",
      "properties": {
        "grid_id": "KON119",
        "site": "konawe",
        "location_label": "Konawe Abuki High Inland Mountain Ridge - Sulawesi Tenggara greenfield nickel laterite",
        "lithology": "ultramafic_simulated",
        "slope_deg": 13.9,
        "distance_to_river_m": 719,
        "distance_to_road_m": 4291,
        "distance_to_settlement_m": 10854,
        "legal_status": "no-go",
        "distance_to_smelter_km": 60.1,
        "area_ha": 1.23,
        "region_id": "SE",
        "fe_oxide_index": 2.815,
        "clay_index": 2.363,
        "ndvi_stress_index": 0.371,
        "tmi_structural_nT": 45434.7,
        "tmi_anomaly_nT": 434.7,
        "elevation_mdpl": 427.5,
        "geochem_assay_ratio": 3.17
      },
      "geometry": {
        "type": "Polygon",
        "coordinates": [
          [
            [
              122.035,
              -3.755
            ],
            [
              122.045,
              -3.755
            ],
            [
              122.045,
              -3.745
            ],
            [
              122.035,
              -3.745
            ],
            [
              122.035,
              -3.755
            ]
          ]
        ]
      }
    },
    {
      "type": "Feature",
      "properties": {
        "grid_id": "KON120",
        "site": "konawe",
        "location_label": "Konawe Abuki High Inland Mountain Ridge - Sulawesi Tenggara greenfield nickel laterite",
        "lithology": "serpentinite_simulated",
        "slope_deg": 15.1,
        "distance_to_river_m": 3189,
        "distance_to_road_m": 4834,
        "distance_to_settlement_m": 13687,
        "legal_status": "no-go",
        "distance_to_smelter_km": 64.0,
        "area_ha": 1.23,
        "region_id": "SE",
        "fe_oxide_index": 2.59,
        "clay_index": 1.978,
        "ndvi_stress_index": 0.296,
        "tmi_structural_nT": 45815.2,
        "tmi_anomaly_nT": 815.2,
        "elevation_mdpl": 460.3,
        "geochem_assay_ratio": 2.47
      },
      "geometry": {
        "type": "Polygon",
        "coordinates": [
          [
            [
              122.045,
              -3.755
            ],
            [
              122.055,
              -3.755
            ],
            [
              122.055,
              -3.745
            ],
            [
              122.045,
              -3.745
            ],
            [
              122.045,
              -3.755
            ]
          ]
        ]
      }
    },
    {
      "type": "Feature",
      "properties": {
        "grid_id": "KON121",
        "site": "konawe",
        "location_label": "Konawe Abuki High Inland Mountain Ridge - Sulawesi Tenggara greenfield nickel laterite",
        "lithology": "peridotite_simulated",
        "slope_deg": 8.2,
        "distance_to_river_m": 1197,
        "distance_to_road_m": 5850,
        "distance_to_settlement_m": 6725,
        "legal_status": "no-go",
        "distance_to_smelter_km": 62.3,
        "area_ha": 1.23,
        "region_id": "SW",
        "fe_oxide_index": 2.51,
        "clay_index": 2.019,
        "ndvi_stress_index": 0.233,
        "tmi_structural_nT": 45255.3,
        "tmi_anomaly_nT": 255.3,
        "elevation_mdpl": 407.6,
        "geochem_assay_ratio": 2.2
      },
      "geometry": {
        "type": "Polygon",
        "coordinates": [
          [
            [
              121.855,
              -3.745
            ],
            [
              121.865,
              -3.745
            ],
            [
              121.865,
              -3.735
            ],
            [
              121.855,
              -3.735
            ],
            [
              121.855,
              -3.745
            ]
          ]
        ]
      }
    },
    {
      "type": "Feature",
      "properties": {
        "grid_id": "KON122",
        "site": "konawe",
        "location_label": "Konawe Abuki High Inland Mountain Ridge - Sulawesi Tenggara greenfield nickel laterite",
        "lithology": "serpentinite_simulated",
        "slope_deg": 12.0,
        "distance_to_river_m": 2278,
        "distance_to_road_m": 2457,
        "distance_to_settlement_m": 14287,
        "legal_status": "no-go",
        "distance_to_smelter_km": 58.2,
        "area_ha": 1.23,
        "region_id": "SW",
        "fe_oxide_index": 2.383,
        "clay_index": 2.114,
        "ndvi_stress_index": 0.275,
        "tmi_structural_nT": 45502.8,
        "tmi_anomaly_nT": 502.8,
        "elevation_mdpl": 455.1,
        "geochem_assay_ratio": 2.4
      },
      "geometry": {
        "type": "Polygon",
        "coordinates": [
          [
            [
              121.865,
              -3.745
            ],
            [
              121.875,
              -3.745
            ],
            [
              121.875,
              -3.735
            ],
            [
              121.865,
              -3.735
            ],
            [
              121.865,
              -3.745
            ]
          ]
        ]
      }
    },
    {
      "type": "Feature",
      "properties": {
        "grid_id": "KON123",
        "site": "konawe",
        "location_label": "Konawe Abuki High Inland Mountain Ridge - Sulawesi Tenggara greenfield nickel laterite",
        "lithology": "ultramafic_simulated",
        "slope_deg": 18.8,
        "distance_to_river_m": 2083,
        "distance_to_road_m": 2863,
        "distance_to_settlement_m": 12866,
        "legal_status": "allowed",
        "distance_to_smelter_km": 54.2,
        "area_ha": 1.23,
        "region_id": "SW",
        "fe_oxide_index": 2.827,
        "clay_index": 1.878,
        "ndvi_stress_index": 0.318,
        "tmi_structural_nT": 45216.1,
        "tmi_anomaly_nT": 216.1,
        "elevation_mdpl": 441.1,
        "geochem_assay_ratio": 2.74
      },
      "geometry": {
        "type": "Polygon",
        "coordinates": [
          [
            [
              121.875,
              -3.745
            ],
            [
              121.885,
              -3.745
            ],
            [
              121.885,
              -3.735
            ],
            [
              121.875,
              -3.735
            ],
            [
              121.875,
              -3.745
            ]
          ]
        ]
      }
    },
    {
      "type": "Feature",
      "properties": {
        "grid_id": "KON124",
        "site": "konawe",
        "location_label": "Konawe Abuki High Inland Mountain Ridge - Sulawesi Tenggara greenfield nickel laterite",
        "lithology": "serpentinite_simulated",
        "slope_deg": 18.1,
        "distance_to_river_m": 2131,
        "distance_to_road_m": 1679,
        "distance_to_settlement_m": 8917,
        "legal_status": "allowed",
        "distance_to_smelter_km": 50.3,
        "area_ha": 1.23,
        "region_id": "SW",
        "fe_oxide_index": 2.452,
        "clay_index": 2.325,
        "ndvi_stress_index": 0.283,
        "tmi_structural_nT": 45680.7,
        "tmi_anomaly_nT": 680.7,
        "elevation_mdpl": 390.7,
        "geochem_assay_ratio": 3.13
      },
      "geometry": {
        "type": "Polygon",
        "coordinates": [
          [
            [
              121.885,
              -3.745
            ],
            [
              121.895,
              -3.745
            ],
            [
              121.895,
              -3.735
            ],
            [
              121.885,
              -3.735
            ],
            [
              121.885,
              -3.745
            ]
          ]
        ]
      }
    },
    {
      "type": "Feature",
      "properties": {
        "grid_id": "KON125",
        "site": "konawe",
        "location_label": "Konawe Abuki High Inland Mountain Ridge - Sulawesi Tenggara greenfield nickel laterite",
        "lithology": "serpentinite_simulated",
        "slope_deg": 16.4,
        "distance_to_river_m": 335,
        "distance_to_road_m": 2042,
        "distance_to_settlement_m": 12297,
        "legal_status": "allowed",
        "distance_to_smelter_km": 46.5,
        "area_ha": 1.23,
        "region_id": "SW",
        "fe_oxide_index": 2.373,
        "clay_index": 1.806,
        "ndvi_stress_index": 0.378,
        "tmi_structural_nT": 45655.2,
        "tmi_anomaly_nT": 655.2,
        "elevation_mdpl": 443.2,
        "geochem_assay_ratio": 1.43
      },
      "geometry": {
        "type": "Polygon",
        "coordinates": [
          [
            [
              121.895,
              -3.745
            ],
            [
              121.905,
              -3.745
            ],
            [
              121.905,
              -3.735
            ],
            [
              121.895,
              -3.735
            ],
            [
              121.895,
              -3.745
            ]
          ]
        ]
      }
    },
    {
      "type": "Feature",
      "properties": {
        "grid_id": "KON126",
        "site": "konawe",
        "location_label": "Konawe Abuki High Inland Mountain Ridge - Sulawesi Tenggara greenfield nickel laterite",
        "lithology": "serpentinite_simulated",
        "slope_deg": 16.4,
        "distance_to_river_m": 1988,
        "distance_to_road_m": 2773,
        "distance_to_settlement_m": 5829,
        "legal_status": "allowed",
        "distance_to_smelter_km": 42.9,
        "area_ha": 1.23,
        "region_id": "SW",
        "fe_oxide_index": 2.107,
        "clay_index": 2.258,
        "ndvi_stress_index": 0.196,
        "tmi_structural_nT": 45261.1,
        "tmi_anomaly_nT": 261.1,
        "elevation_mdpl": 425.0,
        "geochem_assay_ratio": 2.04
      },
      "geometry": {
        "type": "Polygon",
        "coordinates": [
          [
            [
              121.905,
              -3.745
            ],
            [
              121.915,
              -3.745
            ],
            [
              121.915,
              -3.735
            ],
            [
              121.905,
              -3.735
            ],
            [
              121.905,
              -3.745
            ]
          ]
        ]
      }
    },
    {
      "type": "Feature",
      "properties": {
        "grid_id": "KON127",
        "site": "konawe",
        "location_label": "Konawe Abuki High Inland Mountain Ridge - Sulawesi Tenggara greenfield nickel laterite",
        "lithology": "serpentinite_simulated",
        "slope_deg": 10.6,
        "distance_to_river_m": 1454,
        "distance_to_road_m": 3197,
        "distance_to_settlement_m": 11368,
        "legal_status": "allowed",
        "distance_to_smelter_km": 39.7,
        "area_ha": 1.23,
        "region_id": "SW",
        "fe_oxide_index": 1.811,
        "clay_index": 2.135,
        "ndvi_stress_index": 0.381,
        "tmi_structural_nT": 45675.3,
        "tmi_anomaly_nT": 675.3,
        "elevation_mdpl": 390.0,
        "geochem_assay_ratio": 2.89
      },
      "geometry": {
        "type": "Polygon",
        "coordinates": [
          [
            [
              121.915,
              -3.745
            ],
            [
              121.925,
              -3.745
            ],
            [
              121.925,
              -3.735
            ],
            [
              121.915,
              -3.735
            ],
            [
              121.915,
              -3.745
            ]
          ]
        ]
      }
    },
    {
      "type": "Feature",
      "properties": {
        "grid_id": "KON128",
        "site": "konawe",
        "location_label": "Konawe Abuki High Inland Mountain Ridge - Sulawesi Tenggara greenfield nickel laterite",
        "lithology": "serpentinite_simulated",
        "slope_deg": 14.3,
        "distance_to_river_m": 1903,
        "distance_to_road_m": 6117,
        "distance_to_settlement_m": 14446,
        "legal_status": "allowed",
        "distance_to_smelter_km": 36.8,
        "area_ha": 1.23,
        "region_id": "SW",
        "fe_oxide_index": 2.794,
        "clay_index": 2.029,
        "ndvi_stress_index": 0.356,
        "tmi_structural_nT": 45981.8,
        "tmi_anomaly_nT": 981.8,
        "elevation_mdpl": 399.7,
        "geochem_assay_ratio": 2.78
      },
      "geometry": {
        "type": "Polygon",
        "coordinates": [
          [
            [
              121.925,
              -3.745
            ],
            [
              121.935,
              -3.745
            ],
            [
              121.935,
              -3.735
            ],
            [
              121.925,
              -3.735
            ],
            [
              121.925,
              -3.745
            ]
          ]
        ]
      }
    },
    {
      "type": "Feature",
      "properties": {
        "grid_id": "KON129",
        "site": "konawe",
        "location_label": "Konawe Abuki High Inland Mountain Ridge - Sulawesi Tenggara greenfield nickel laterite",
        "lithology": "peridotite_simulated",
        "slope_deg": 16.7,
        "distance_to_river_m": 2570,
        "distance_to_road_m": 2921,
        "distance_to_settlement_m": 5809,
        "legal_status": "allowed",
        "distance_to_smelter_km": 34.7,
        "area_ha": 1.23,
        "region_id": "SW",
        "fe_oxide_index": 2.371,
        "clay_index": 1.652,
        "ndvi_stress_index": 0.24,
        "tmi_structural_nT": 45110.8,
        "tmi_anomaly_nT": 110.8,
        "elevation_mdpl": 465.4,
        "geochem_assay_ratio": 3.11
      },
      "geometry": {
        "type": "Polygon",
        "coordinates": [
          [
            [
              121.935,
              -3.745
            ],
            [
              121.945,
              -3.745
            ],
            [
              121.945,
              -3.735
            ],
            [
              121.935,
              -3.735
            ],
            [
              121.935,
              -3.745
            ]
          ]
        ]
      }
    },
    {
      "type": "Feature",
      "properties": {
        "grid_id": "KON130",
        "site": "konawe",
        "location_label": "Konawe Abuki High Inland Mountain Ridge - Sulawesi Tenggara greenfield nickel laterite",
        "lithology": "ultramafic_simulated",
        "slope_deg": 16.3,
        "distance_to_river_m": 1305,
        "distance_to_road_m": 1699,
        "distance_to_settlement_m": 14130,
        "legal_status": "allowed",
        "distance_to_smelter_km": 33.5,
        "area_ha": 1.23,
        "region_id": "SW",
        "fe_oxide_index": 2.665,
        "clay_index": 1.923,
        "ndvi_stress_index": 0.342,
        "tmi_structural_nT": 45194.3,
        "tmi_anomaly_nT": 194.3,
        "elevation_mdpl": 441.0,
        "geochem_assay_ratio": 2.15
      },
      "geometry": {
        "type": "Polygon",
        "coordinates": [
          [
            [
              121.945,
              -3.745
            ],
            [
              121.955,
              -3.745
            ],
            [
              121.955,
              -3.735
            ],
            [
              121.945,
              -3.735
            ],
            [
              121.945,
              -3.745
            ]
          ]
        ]
      }
    },
    {
      "type": "Feature",
      "properties": {
        "grid_id": "KON131",
        "site": "konawe",
        "location_label": "Konawe Abuki High Inland Mountain Ridge - Sulawesi Tenggara greenfield nickel laterite",
        "lithology": "serpentinite_simulated",
        "slope_deg": 16.5,
        "distance_to_river_m": 375,
        "distance_to_road_m": 1753,
        "distance_to_settlement_m": 5105,
        "legal_status": "conditional",
        "distance_to_smelter_km": 33.5,
        "area_ha": 1.23,
        "region_id": "SE",
        "fe_oxide_index": 1.807,
        "clay_index": 2.388,
        "ndvi_stress_index": 0.408,
        "tmi_structural_nT": 45977.2,
        "tmi_anomaly_nT": 977.2,
        "elevation_mdpl": 455.0,
        "geochem_assay_ratio": 3.04
      },
      "geometry": {
        "type": "Polygon",
        "coordinates": [
          [
            [
              121.955,
              -3.745
            ],
            [
              121.965,
              -3.745
            ],
            [
              121.965,
              -3.735
            ],
            [
              121.955,
              -3.735
            ],
            [
              121.955,
              -3.745
            ]
          ]
        ]
      }
    },
    {
      "type": "Feature",
      "properties": {
        "grid_id": "KON132",
        "site": "konawe",
        "location_label": "Konawe Abuki High Inland Mountain Ridge - Sulawesi Tenggara greenfield nickel laterite",
        "lithology": "ultramafic_simulated",
        "slope_deg": 8.8,
        "distance_to_river_m": 2975,
        "distance_to_road_m": 2981,
        "distance_to_settlement_m": 7660,
        "legal_status": "conditional",
        "distance_to_smelter_km": 34.7,
        "area_ha": 1.23,
        "region_id": "SE",
        "fe_oxide_index": 2.184,
        "clay_index": 1.731,
        "ndvi_stress_index": 0.244,
        "tmi_structural_nT": 45212.4,
        "tmi_anomaly_nT": 212.4,
        "elevation_mdpl": 457.6,
        "geochem_assay_ratio": 2.42
      },
      "geometry": {
        "type": "Polygon",
        "coordinates": [
          [
            [
              121.965,
              -3.745
            ],
            [
              121.975,
              -3.745
            ],
            [
              121.975,
              -3.735
            ],
            [
              121.965,
              -3.735
            ],
            [
              121.965,
              -3.745
            ]
          ]
        ]
      }
    },
    {
      "type": "Feature",
      "properties": {
        "grid_id": "KON133",
        "site": "konawe",
        "location_label": "Konawe Abuki High Inland Mountain Ridge - Sulawesi Tenggara greenfield nickel laterite",
        "lithology": "mafic_volcanic_simulated",
        "slope_deg": 10.0,
        "distance_to_river_m": 2910,
        "distance_to_road_m": 2698,
        "distance_to_settlement_m": 14755,
        "legal_status": "conditional",
        "distance_to_smelter_km": 36.8,
        "area_ha": 1.23,
        "region_id": "SE",
        "fe_oxide_index": 1.67,
        "clay_index": 1.217,
        "ndvi_stress_index": 0.758,
        "tmi_structural_nT": 44855.3,
        "tmi_anomaly_nT": -144.7,
        "elevation_mdpl": 436.5,
        "geochem_assay_ratio": 4.69
      },
      "geometry": {
        "type": "Polygon",
        "coordinates": [
          [
            [
              121.975,
              -3.745
            ],
            [
              121.985,
              -3.745
            ],
            [
              121.985,
              -3.735
            ],
            [
              121.975,
              -3.735
            ],
            [
              121.975,
              -3.745
            ]
          ]
        ]
      }
    },
    {
      "type": "Feature",
      "properties": {
        "grid_id": "KON134",
        "site": "konawe",
        "location_label": "Konawe Abuki High Inland Mountain Ridge - Sulawesi Tenggara greenfield nickel laterite",
        "lithology": "ultramafic_simulated",
        "slope_deg": 16.0,
        "distance_to_river_m": 291,
        "distance_to_road_m": 4087,
        "distance_to_settlement_m": 8522,
        "legal_status": "no-go",
        "distance_to_smelter_km": 39.7,
        "area_ha": 1.23,
        "region_id": "SE",
        "fe_oxide_index": 2.644,
        "clay_index": 2.03,
        "ndvi_stress_index": 0.198,
        "tmi_structural_nT": 45620.5,
        "tmi_anomaly_nT": 620.5,
        "elevation_mdpl": 402.8,
        "geochem_assay_ratio": 3.01
      },
      "geometry": {
        "type": "Polygon",
        "coordinates": [
          [
            [
              121.985,
              -3.745
            ],
            [
              121.995,
              -3.745
            ],
            [
              121.995,
              -3.735
            ],
            [
              121.985,
              -3.735
            ],
            [
              121.985,
              -3.745
            ]
          ]
        ]
      }
    },
    {
      "type": "Feature",
      "properties": {
        "grid_id": "KON135",
        "site": "konawe",
        "location_label": "Konawe Abuki High Inland Mountain Ridge - Sulawesi Tenggara greenfield nickel laterite",
        "lithology": "ultramafic_simulated",
        "slope_deg": 12.7,
        "distance_to_river_m": 1293,
        "distance_to_road_m": 6338,
        "distance_to_settlement_m": 7797,
        "legal_status": "allowed",
        "distance_to_smelter_km": 42.9,
        "area_ha": 1.23,
        "region_id": "SE",
        "fe_oxide_index": 1.875,
        "clay_index": 2.129,
        "ndvi_stress_index": 0.259,
        "tmi_structural_nT": 45450.8,
        "tmi_anomaly_nT": 450.8,
        "elevation_mdpl": 412.3,
        "geochem_assay_ratio": 2.27
      },
      "geometry": {
        "type": "Polygon",
        "coordinates": [
          [
            [
              121.995,
              -3.745
            ],
            [
              122.005,
              -3.745
            ],
            [
              122.005,
              -3.735
            ],
            [
              121.995,
              -3.735
            ],
            [
              121.995,
              -3.745
            ]
          ]
        ]
      }
    },
    {
      "type": "Feature",
      "properties": {
        "grid_id": "KON136",
        "site": "konawe",
        "location_label": "Konawe Abuki High Inland Mountain Ridge - Sulawesi Tenggara greenfield nickel laterite",
        "lithology": "peridotite_simulated",
        "slope_deg": 9.7,
        "distance_to_river_m": 2508,
        "distance_to_road_m": 2081,
        "distance_to_settlement_m": 11703,
        "legal_status": "conditional",
        "distance_to_smelter_km": 46.5,
        "area_ha": 1.23,
        "region_id": "SE",
        "fe_oxide_index": 2.167,
        "clay_index": 2.35,
        "ndvi_stress_index": 0.204,
        "tmi_structural_nT": 45569.8,
        "tmi_anomaly_nT": 569.8,
        "elevation_mdpl": 398.1,
        "geochem_assay_ratio": 3.04
      },
      "geometry": {
        "type": "Polygon",
        "coordinates": [
          [
            [
              122.005,
              -3.745
            ],
            [
              122.015,
              -3.745
            ],
            [
              122.015,
              -3.735
            ],
            [
              122.005,
              -3.735
            ],
            [
              122.005,
              -3.745
            ]
          ]
        ]
      }
    },
    {
      "type": "Feature",
      "properties": {
        "grid_id": "KON137",
        "site": "konawe",
        "location_label": "Konawe Abuki High Inland Mountain Ridge - Sulawesi Tenggara greenfield nickel laterite",
        "lithology": "ultramafic_simulated",
        "slope_deg": 8.5,
        "distance_to_river_m": 1670,
        "distance_to_road_m": 1823,
        "distance_to_settlement_m": 7304,
        "legal_status": "no-go",
        "distance_to_smelter_km": 50.3,
        "area_ha": 1.23,
        "region_id": "SE",
        "fe_oxide_index": 1.857,
        "clay_index": 2.209,
        "ndvi_stress_index": 0.28,
        "tmi_structural_nT": 45555.3,
        "tmi_anomaly_nT": 555.3,
        "elevation_mdpl": 387.7,
        "geochem_assay_ratio": 2.39
      },
      "geometry": {
        "type": "Polygon",
        "coordinates": [
          [
            [
              122.015,
              -3.745
            ],
            [
              122.025,
              -3.745
            ],
            [
              122.025,
              -3.735
            ],
            [
              122.015,
              -3.735
            ],
            [
              122.015,
              -3.745
            ]
          ]
        ]
      }
    },
    {
      "type": "Feature",
      "properties": {
        "grid_id": "KON138",
        "site": "konawe",
        "location_label": "Konawe Abuki High Inland Mountain Ridge - Sulawesi Tenggara greenfield nickel laterite",
        "lithology": "alluvium",
        "slope_deg": 10.5,
        "distance_to_river_m": 2251,
        "distance_to_road_m": 6092,
        "distance_to_settlement_m": 8114,
        "legal_status": "no-go",
        "distance_to_smelter_km": 54.2,
        "area_ha": 1.23,
        "region_id": "SE",
        "fe_oxide_index": 1.543,
        "clay_index": 1.089,
        "ndvi_stress_index": 0.601,
        "tmi_structural_nT": 44412.4,
        "tmi_anomaly_nT": -587.6,
        "elevation_mdpl": 447.4,
        "geochem_assay_ratio": 4.8
      },
      "geometry": {
        "type": "Polygon",
        "coordinates": [
          [
            [
              122.025,
              -3.745
            ],
            [
              122.035,
              -3.745
            ],
            [
              122.035,
              -3.735
            ],
            [
              122.025,
              -3.735
            ],
            [
              122.025,
              -3.745
            ]
          ]
        ]
      }
    },
    {
      "type": "Feature",
      "properties": {
        "grid_id": "KON139",
        "site": "konawe",
        "location_label": "Konawe Abuki High Inland Mountain Ridge - Sulawesi Tenggara greenfield nickel laterite",
        "lithology": "serpentinite_simulated",
        "slope_deg": 18.1,
        "distance_to_river_m": 452,
        "distance_to_road_m": 5250,
        "distance_to_settlement_m": 5566,
        "legal_status": "no-go",
        "distance_to_smelter_km": 58.2,
        "area_ha": 1.23,
        "region_id": "SE",
        "fe_oxide_index": 2.295,
        "clay_index": 1.64,
        "ndvi_stress_index": 0.383,
        "tmi_structural_nT": 45193.6,
        "tmi_anomaly_nT": 193.6,
        "elevation_mdpl": 460.3,
        "geochem_assay_ratio": 1.81
      },
      "geometry": {
        "type": "Polygon",
        "coordinates": [
          [
            [
              122.035,
              -3.745
            ],
            [
              122.045,
              -3.745
            ],
            [
              122.045,
              -3.735
            ],
            [
              122.035,
              -3.735
            ],
            [
              122.035,
              -3.745
            ]
          ]
        ]
      }
    },
    {
      "type": "Feature",
      "properties": {
        "grid_id": "KON140",
        "site": "konawe",
        "location_label": "Konawe Abuki High Inland Mountain Ridge - Sulawesi Tenggara greenfield nickel laterite",
        "lithology": "peridotite_simulated",
        "slope_deg": 10.7,
        "distance_to_river_m": 1891,
        "distance_to_road_m": 2682,
        "distance_to_settlement_m": 9621,
        "legal_status": "no-go",
        "distance_to_smelter_km": 62.3,
        "area_ha": 1.23,
        "region_id": "SE",
        "fe_oxide_index": 1.864,
        "clay_index": 2.348,
        "ndvi_stress_index": 0.205,
        "tmi_structural_nT": 45979.3,
        "tmi_anomaly_nT": 979.3,
        "elevation_mdpl": 429.7,
        "geochem_assay_ratio": 2.53
      },
      "geometry": {
        "type": "Polygon",
        "coordinates": [
          [
            [
              122.045,
              -3.745
            ],
            [
              122.055,
              -3.745
            ],
            [
              122.055,
              -3.735
            ],
            [
              122.045,
              -3.735
            ],
            [
              122.045,
              -3.745
            ]
          ]
        ]
      }
    },
    {
      "type": "Feature",
      "properties": {
        "grid_id": "KON141",
        "site": "konawe",
        "location_label": "Konawe Abuki High Inland Mountain Ridge - Sulawesi Tenggara greenfield nickel laterite",
        "lithology": "peridotite_simulated",
        "slope_deg": 18.3,
        "distance_to_river_m": 1768,
        "distance_to_road_m": 4885,
        "distance_to_settlement_m": 4157,
        "legal_status": "allowed",
        "distance_to_smelter_km": 61.0,
        "area_ha": 1.23,
        "region_id": "SW",
        "fe_oxide_index": 2.035,
        "clay_index": 1.815,
        "ndvi_stress_index": 0.293,
        "tmi_structural_nT": 45945.5,
        "tmi_anomaly_nT": 945.5,
        "elevation_mdpl": 449.1,
        "geochem_assay_ratio": 2.09
      },
      "geometry": {
        "type": "Polygon",
        "coordinates": [
          [
            [
              121.855,
              -3.735
            ],
            [
              121.865,
              -3.735
            ],
            [
              121.865,
              -3.725
            ],
            [
              121.855,
              -3.725
            ],
            [
              121.855,
              -3.735
            ]
          ]
        ]
      }
    },
    {
      "type": "Feature",
      "properties": {
        "grid_id": "KON142",
        "site": "konawe",
        "location_label": "Konawe Abuki High Inland Mountain Ridge - Sulawesi Tenggara greenfield nickel laterite",
        "lithology": "peridotite_simulated",
        "slope_deg": 11.4,
        "distance_to_river_m": 1046,
        "distance_to_road_m": 4299,
        "distance_to_settlement_m": 10219,
        "legal_status": "allowed",
        "distance_to_smelter_km": 56.8,
        "area_ha": 1.23,
        "region_id": "SW",
        "fe_oxide_index": 2.037,
        "clay_index": 1.604,
        "ndvi_stress_index": 0.308,
        "tmi_structural_nT": 46059.2,
        "tmi_anomaly_nT": 1059.2,
        "elevation_mdpl": 416.7,
        "geochem_assay_ratio": 1.58
      },
      "geometry": {
        "type": "Polygon",
        "coordinates": [
          [
            [
              121.865,
              -3.735
            ],
            [
              121.875,
              -3.735
            ],
            [
              121.875,
              -3.725
            ],
            [
              121.865,
              -3.725
            ],
            [
              121.865,
              -3.735
            ]
          ]
        ]
      }
    },
    {
      "type": "Feature",
      "properties": {
        "grid_id": "KON143",
        "site": "konawe",
        "location_label": "Konawe Abuki High Inland Mountain Ridge - Sulawesi Tenggara greenfield nickel laterite",
        "lithology": "serpentinite_simulated",
        "slope_deg": 9.0,
        "distance_to_river_m": 1598,
        "distance_to_road_m": 2333,
        "distance_to_settlement_m": 12674,
        "legal_status": "allowed",
        "distance_to_smelter_km": 52.6,
        "area_ha": 1.23,
        "region_id": "SW",
        "fe_oxide_index": 1.912,
        "clay_index": 2.205,
        "ndvi_stress_index": 0.357,
        "tmi_structural_nT": 45578.2,
        "tmi_anomaly_nT": 578.2,
        "elevation_mdpl": 380.5,
        "geochem_assay_ratio": 1.45
      },
      "geometry": {
        "type": "Polygon",
        "coordinates": [
          [
            [
              121.875,
              -3.735
            ],
            [
              121.885,
              -3.735
            ],
            [
              121.885,
              -3.725
            ],
            [
              121.875,
              -3.725
            ],
            [
              121.875,
              -3.735
            ]
          ]
        ]
      }
    },
    {
      "type": "Feature",
      "properties": {
        "grid_id": "KON144",
        "site": "konawe",
        "location_label": "Konawe Abuki High Inland Mountain Ridge - Sulawesi Tenggara greenfield nickel laterite",
        "lithology": "ultramafic_simulated",
        "slope_deg": 17.0,
        "distance_to_river_m": 2768,
        "distance_to_road_m": 3837,
        "distance_to_settlement_m": 10602,
        "legal_status": "allowed",
        "distance_to_smelter_km": 48.5,
        "area_ha": 1.23,
        "region_id": "SW",
        "fe_oxide_index": 2.151,
        "clay_index": 2.207,
        "ndvi_stress_index": 0.19,
        "tmi_structural_nT": 45255.3,
        "tmi_anomaly_nT": 255.3,
        "elevation_mdpl": 419.7,
        "geochem_assay_ratio": 3.09
      },
      "geometry": {
        "type": "Polygon",
        "coordinates": [
          [
            [
              121.885,
              -3.735
            ],
            [
              121.895,
              -3.735
            ],
            [
              121.895,
              -3.725
            ],
            [
              121.885,
              -3.725
            ],
            [
              121.885,
              -3.735
            ]
          ]
        ]
      }
    },
    {
      "type": "Feature",
      "properties": {
        "grid_id": "KON145",
        "site": "konawe",
        "location_label": "Konawe Abuki High Inland Mountain Ridge - Sulawesi Tenggara greenfield nickel laterite",
        "lithology": "serpentinite_simulated",
        "slope_deg": 15.7,
        "distance_to_river_m": 290,
        "distance_to_road_m": 4962,
        "distance_to_settlement_m": 4033,
        "legal_status": "allowed",
        "distance_to_smelter_km": 44.4,
        "area_ha": 1.23,
        "region_id": "SW",
        "fe_oxide_index": 2.024,
        "clay_index": 1.624,
        "ndvi_stress_index": 0.2,
        "tmi_structural_nT": 45168.1,
        "tmi_anomaly_nT": 168.1,
        "elevation_mdpl": 465.3,
        "geochem_assay_ratio": 1.91
      },
      "geometry": {
        "type": "Polygon",
        "coordinates": [
          [
            [
              121.895,
              -3.735
            ],
            [
              121.905,
              -3.735
            ],
            [
              121.905,
              -3.725
            ],
            [
              121.895,
              -3.725
            ],
            [
              121.895,
              -3.735
            ]
          ]
        ]
      }
    },
    {
      "type": "Feature",
      "properties": {
        "grid_id": "KON146",
        "site": "konawe",
        "location_label": "Konawe Abuki High Inland Mountain Ridge - Sulawesi Tenggara greenfield nickel laterite",
        "lithology": "serpentinite_simulated",
        "slope_deg": 9.2,
        "distance_to_river_m": 2366,
        "distance_to_road_m": 5193,
        "distance_to_settlement_m": 6954,
        "legal_status": "allowed",
        "distance_to_smelter_km": 40.5,
        "area_ha": 1.23,
        "region_id": "SW",
        "fe_oxide_index": 1.839,
        "clay_index": 1.906,
        "ndvi_stress_index": 0.356,
        "tmi_structural_nT": 45316.7,
        "tmi_anomaly_nT": 316.7,
        "elevation_mdpl": 458.8,
        "geochem_assay_ratio": 1.77
      },
      "geometry": {
        "type": "Polygon",
        "coordinates": [
          [
            [
              121.905,
              -3.735
            ],
            [
              121.915,
              -3.735
            ],
            [
              121.915,
              -3.725
            ],
            [
              121.905,
              -3.725
            ],
            [
              121.905,
              -3.735
            ]
          ]
        ]
      }
    },
    {
      "type": "Feature",
      "properties": {
        "grid_id": "KON147",
        "site": "konawe",
        "location_label": "Konawe Abuki High Inland Mountain Ridge - Sulawesi Tenggara greenfield nickel laterite",
        "lithology": "serpentinite_simulated",
        "slope_deg": 8.6,
        "distance_to_river_m": 2009,
        "distance_to_road_m": 2892,
        "distance_to_settlement_m": 8142,
        "legal_status": "allowed",
        "distance_to_smelter_km": 36.8,
        "area_ha": 1.23,
        "region_id": "SW",
        "fe_oxide_index": 2.846,
        "clay_index": 2.061,
        "ndvi_stress_index": 0.385,
        "tmi_structural_nT": 45576.4,
        "tmi_anomaly_nT": 576.4,
        "elevation_mdpl": 457.3,
        "geochem_assay_ratio": 2.64
      },
      "geometry": {
        "type": "Polygon",
        "coordinates": [
          [
            [
              121.915,
              -3.735
            ],
            [
              121.925,
              -3.735
            ],
            [
              121.925,
              -3.725
            ],
            [
              121.915,
              -3.725
            ],
            [
              121.915,
              -3.735
            ]
          ]
        ]
      }
    },
    {
      "type": "Feature",
      "properties": {
        "grid_id": "KON148",
        "site": "konawe",
        "location_label": "Konawe Abuki High Inland Mountain Ridge - Sulawesi Tenggara greenfield nickel laterite",
        "lithology": "peridotite_simulated",
        "slope_deg": 11.0,
        "distance_to_river_m": 324,
        "distance_to_road_m": 2340,
        "distance_to_settlement_m": 8905,
        "legal_status": "allowed",
        "distance_to_smelter_km": 33.5,
        "area_ha": 1.23,
        "region_id": "SW",
        "fe_oxide_index": 2.838,
        "clay_index": 1.653,
        "ndvi_stress_index": 0.321,
        "tmi_structural_nT": 45624.5,
        "tmi_anomaly_nT": 624.5,
        "elevation_mdpl": 459.3,
        "geochem_assay_ratio": 1.53
      },
      "geometry": {
        "type": "Polygon",
        "coordinates": [
          [
            [
              121.925,
              -3.735
            ],
            [
              121.935,
              -3.735
            ],
            [
              121.935,
              -3.725
            ],
            [
              121.925,
              -3.725
            ],
            [
              121.925,
              -3.735
            ]
          ]
        ]
      }
    },
    {
      "type": "Feature",
      "properties": {
        "grid_id": "KON149",
        "site": "konawe",
        "location_label": "Konawe Abuki High Inland Mountain Ridge - Sulawesi Tenggara greenfield nickel laterite",
        "lithology": "peridotite_simulated",
        "slope_deg": 14.4,
        "distance_to_river_m": 1304,
        "distance_to_road_m": 5072,
        "distance_to_settlement_m": 12922,
        "legal_status": "allowed",
        "distance_to_smelter_km": 30.8,
        "area_ha": 1.23,
        "region_id": "SW",
        "fe_oxide_index": 2.283,
        "clay_index": 1.944,
        "ndvi_stress_index": 0.417,
        "tmi_structural_nT": 46025.2,
        "tmi_anomaly_nT": 1025.2,
        "elevation_mdpl": 402.7,
        "geochem_assay_ratio": 2.6
      },
      "geometry": {
        "type": "Polygon",
        "coordinates": [
          [
            [
              121.935,
              -3.735
            ],
            [
              121.945,
              -3.735
            ],
            [
              121.945,
              -3.725
            ],
            [
              121.935,
              -3.725
            ],
            [
              121.935,
              -3.735
            ]
          ]
        ]
      }
    },
    {
      "type": "Feature",
      "properties": {
        "grid_id": "KON150",
        "site": "konawe",
        "location_label": "Konawe Abuki High Inland Mountain Ridge - Sulawesi Tenggara greenfield nickel laterite",
        "lithology": "alluvium",
        "slope_deg": 14.1,
        "distance_to_river_m": 1020,
        "distance_to_road_m": 4506,
        "distance_to_settlement_m": 8953,
        "legal_status": "conditional",
        "distance_to_smelter_km": 29.2,
        "area_ha": 1.23,
        "region_id": "SW",
        "fe_oxide_index": 1.561,
        "clay_index": 1.315,
        "ndvi_stress_index": 0.678,
        "tmi_structural_nT": 45141.2,
        "tmi_anomaly_nT": 141.2,
        "elevation_mdpl": 380.2,
        "geochem_assay_ratio": 4.94
      },
      "geometry": {
        "type": "Polygon",
        "coordinates": [
          [
            [
              121.945,
              -3.735
            ],
            [
              121.955,
              -3.735
            ],
            [
              121.955,
              -3.725
            ],
            [
              121.945,
              -3.725
            ],
            [
              121.945,
              -3.735
            ]
          ]
        ]
      }
    },
    {
      "type": "Feature",
      "properties": {
        "grid_id": "KON151",
        "site": "konawe",
        "location_label": "Konawe Abuki High Inland Mountain Ridge - Sulawesi Tenggara greenfield nickel laterite",
        "lithology": "alluvium",
        "slope_deg": 14.7,
        "distance_to_river_m": 2965,
        "distance_to_road_m": 1757,
        "distance_to_settlement_m": 5354,
        "legal_status": "conditional",
        "distance_to_smelter_km": 29.2,
        "area_ha": 1.23,
        "region_id": "SE",
        "fe_oxide_index": 1.29,
        "clay_index": 1.48,
        "ndvi_stress_index": 0.612,
        "tmi_structural_nT": 44809.2,
        "tmi_anomaly_nT": -190.8,
        "elevation_mdpl": 446.4,
        "geochem_assay_ratio": 4.98
      },
      "geometry": {
        "type": "Polygon",
        "coordinates": [
          [
            [
              121.955,
              -3.735
            ],
            [
              121.965,
              -3.735
            ],
            [
              121.965,
              -3.725
            ],
            [
              121.955,
              -3.725
            ],
            [
              121.955,
              -3.735
            ]
          ]
        ]
      }
    },
    {
      "type": "Feature",
      "properties": {
        "grid_id": "KON152",
        "site": "konawe",
        "location_label": "Konawe Abuki High Inland Mountain Ridge - Sulawesi Tenggara greenfield nickel laterite",
        "lithology": "peridotite_simulated",
        "slope_deg": 15.6,
        "distance_to_river_m": 453,
        "distance_to_road_m": 2403,
        "distance_to_settlement_m": 5738,
        "legal_status": "conditional",
        "distance_to_smelter_km": 30.8,
        "area_ha": 1.23,
        "region_id": "SE",
        "fe_oxide_index": 2.696,
        "clay_index": 2.347,
        "ndvi_stress_index": 0.345,
        "tmi_structural_nT": 45685.9,
        "tmi_anomaly_nT": 685.9,
        "elevation_mdpl": 446.7,
        "geochem_assay_ratio": 3.0
      },
      "geometry": {
        "type": "Polygon",
        "coordinates": [
          [
            [
              121.965,
              -3.735
            ],
            [
              121.975,
              -3.735
            ],
            [
              121.975,
              -3.725
            ],
            [
              121.965,
              -3.725
            ],
            [
              121.965,
              -3.735
            ]
          ]
        ]
      }
    },
    {
      "type": "Feature",
      "properties": {
        "grid_id": "KON153",
        "site": "konawe",
        "location_label": "Konawe Abuki High Inland Mountain Ridge - Sulawesi Tenggara greenfield nickel laterite",
        "lithology": "peridotite_simulated",
        "slope_deg": 10.6,
        "distance_to_river_m": 2924,
        "distance_to_road_m": 2078,
        "distance_to_settlement_m": 12432,
        "legal_status": "conditional",
        "distance_to_smelter_km": 33.5,
        "area_ha": 1.23,
        "region_id": "SE",
        "fe_oxide_index": 1.938,
        "clay_index": 1.939,
        "ndvi_stress_index": 0.24,
        "tmi_structural_nT": 45728.8,
        "tmi_anomaly_nT": 728.8,
        "elevation_mdpl": 397.9,
        "geochem_assay_ratio": 1.55
      },
      "geometry": {
        "type": "Polygon",
        "coordinates": [
          [
            [
              121.975,
              -3.735
            ],
            [
              121.985,
              -3.735
            ],
            [
              121.985,
              -3.725
            ],
            [
              121.975,
              -3.725
            ],
            [
              121.975,
              -3.735
            ]
          ]
        ]
      }
    },
    {
      "type": "Feature",
      "properties": {
        "grid_id": "KON154",
        "site": "konawe",
        "location_label": "Konawe Abuki High Inland Mountain Ridge - Sulawesi Tenggara greenfield nickel laterite",
        "lithology": "serpentinite_simulated",
        "slope_deg": 9.2,
        "distance_to_river_m": 495,
        "distance_to_road_m": 1931,
        "distance_to_settlement_m": 5119,
        "legal_status": "conditional",
        "distance_to_smelter_km": 36.8,
        "area_ha": 1.23,
        "region_id": "SE",
        "fe_oxide_index": 2.451,
        "clay_index": 2.19,
        "ndvi_stress_index": 0.4,
        "tmi_structural_nT": 45671.7,
        "tmi_anomaly_nT": 671.7,
        "elevation_mdpl": 413.4,
        "geochem_assay_ratio": 1.6
      },
      "geometry": {
        "type": "Polygon",
        "coordinates": [
          [
            [
              121.985,
              -3.735
            ],
            [
              121.995,
              -3.735
            ],
            [
              121.995,
              -3.725
            ],
            [
              121.985,
              -3.725
            ],
            [
              121.985,
              -3.735
            ]
          ]
        ]
      }
    },
    {
      "type": "Feature",
      "properties": {
        "grid_id": "KON155",
        "site": "konawe",
        "location_label": "Konawe Abuki High Inland Mountain Ridge - Sulawesi Tenggara greenfield nickel laterite",
        "lithology": "alluvium",
        "slope_deg": 11.3,
        "distance_to_river_m": 2432,
        "distance_to_road_m": 1730,
        "distance_to_settlement_m": 11605,
        "legal_status": "no-go",
        "distance_to_smelter_km": 40.5,
        "area_ha": 1.23,
        "region_id": "SE",
        "fe_oxide_index": 1.499,
        "clay_index": 1.405,
        "ndvi_stress_index": 0.705,
        "tmi_structural_nT": 44829.4,
        "tmi_anomaly_nT": -170.6,
        "elevation_mdpl": 381.2,
        "geochem_assay_ratio": 4.19
      },
      "geometry": {
        "type": "Polygon",
        "coordinates": [
          [
            [
              121.995,
              -3.735
            ],
            [
              122.005,
              -3.735
            ],
            [
              122.005,
              -3.725
            ],
            [
              121.995,
              -3.725
            ],
            [
              121.995,
              -3.735
            ]
          ]
        ]
      }
    },
    {
      "type": "Feature",
      "properties": {
        "grid_id": "KON156",
        "site": "konawe",
        "location_label": "Konawe Abuki High Inland Mountain Ridge - Sulawesi Tenggara greenfield nickel laterite",
        "lithology": "peridotite_simulated",
        "slope_deg": 8.5,
        "distance_to_river_m": 2160,
        "distance_to_road_m": 4560,
        "distance_to_settlement_m": 11376,
        "legal_status": "conditional",
        "distance_to_smelter_km": 44.4,
        "area_ha": 1.23,
        "region_id": "SE",
        "fe_oxide_index": 1.95,
        "clay_index": 1.654,
        "ndvi_stress_index": 0.26,
        "tmi_structural_nT": 45489.5,
        "tmi_anomaly_nT": 489.5,
        "elevation_mdpl": 418.5,
        "geochem_assay_ratio": 1.6
      },
      "geometry": {
        "type": "Polygon",
        "coordinates": [
          [
            [
              122.005,
              -3.735
            ],
            [
              122.015,
              -3.735
            ],
            [
              122.015,
              -3.725
            ],
            [
              122.005,
              -3.725
            ],
            [
              122.005,
              -3.735
            ]
          ]
        ]
      }
    },
    {
      "type": "Feature",
      "properties": {
        "grid_id": "KON157",
        "site": "konawe",
        "location_label": "Konawe Abuki High Inland Mountain Ridge - Sulawesi Tenggara greenfield nickel laterite",
        "lithology": "peridotite_simulated",
        "slope_deg": 11.9,
        "distance_to_river_m": 3025,
        "distance_to_road_m": 4438,
        "distance_to_settlement_m": 9636,
        "legal_status": "no-go",
        "distance_to_smelter_km": 48.5,
        "area_ha": 1.23,
        "region_id": "SE",
        "fe_oxide_index": 2.225,
        "clay_index": 2.016,
        "ndvi_stress_index": 0.304,
        "tmi_structural_nT": 45919.0,
        "tmi_anomaly_nT": 919.0,
        "elevation_mdpl": 382.1,
        "geochem_assay_ratio": 2.47
      },
      "geometry": {
        "type": "Polygon",
        "coordinates": [
          [
            [
              122.015,
              -3.735
            ],
            [
              122.025,
              -3.735
            ],
            [
              122.025,
              -3.725
            ],
            [
              122.015,
              -3.725
            ],
            [
              122.015,
              -3.735
            ]
          ]
        ]
      }
    },
    {
      "type": "Feature",
      "properties": {
        "grid_id": "KON158",
        "site": "konawe",
        "location_label": "Konawe Abuki High Inland Mountain Ridge - Sulawesi Tenggara greenfield nickel laterite",
        "lithology": "alluvium",
        "slope_deg": 10.8,
        "distance_to_river_m": 1218,
        "distance_to_road_m": 6102,
        "distance_to_settlement_m": 7263,
        "legal_status": "no-go",
        "distance_to_smelter_km": 52.6,
        "area_ha": 1.23,
        "region_id": "SE",
        "fe_oxide_index": 1.541,
        "clay_index": 1.46,
        "ndvi_stress_index": 0.63,
        "tmi_structural_nT": 44491.3,
        "tmi_anomaly_nT": -508.7,
        "elevation_mdpl": 411.2,
        "geochem_assay_ratio": 5.61
      },
      "geometry": {
        "type": "Polygon",
        "coordinates": [
          [
            [
              122.025,
              -3.735
            ],
            [
              122.035,
              -3.735
            ],
            [
              122.035,
              -3.725
            ],
            [
              122.025,
              -3.725
            ],
            [
              122.025,
              -3.735
            ]
          ]
        ]
      }
    },
    {
      "type": "Feature",
      "properties": {
        "grid_id": "KON159",
        "site": "konawe",
        "location_label": "Konawe Abuki High Inland Mountain Ridge - Sulawesi Tenggara greenfield nickel laterite",
        "lithology": "ultramafic_simulated",
        "slope_deg": 10.9,
        "distance_to_river_m": 1310,
        "distance_to_road_m": 4158,
        "distance_to_settlement_m": 12303,
        "legal_status": "no-go",
        "distance_to_smelter_km": 56.8,
        "area_ha": 1.23,
        "region_id": "SE",
        "fe_oxide_index": 2.486,
        "clay_index": 2.371,
        "ndvi_stress_index": 0.418,
        "tmi_structural_nT": 45148.9,
        "tmi_anomaly_nT": 148.9,
        "elevation_mdpl": 464.9,
        "geochem_assay_ratio": 2.55
      },
      "geometry": {
        "type": "Polygon",
        "coordinates": [
          [
            [
              122.035,
              -3.735
            ],
            [
              122.045,
              -3.735
            ],
            [
              122.045,
              -3.725
            ],
            [
              122.035,
              -3.725
            ],
            [
              122.035,
              -3.735
            ]
          ]
        ]
      }
    },
    {
      "type": "Feature",
      "properties": {
        "grid_id": "KON160",
        "site": "konawe",
        "location_label": "Konawe Abuki High Inland Mountain Ridge - Sulawesi Tenggara greenfield nickel laterite",
        "lithology": "peridotite_simulated",
        "slope_deg": 18.8,
        "distance_to_river_m": 2216,
        "distance_to_road_m": 6325,
        "distance_to_settlement_m": 8997,
        "legal_status": "no-go",
        "distance_to_smelter_km": 61.0,
        "area_ha": 1.23,
        "region_id": "SE",
        "fe_oxide_index": 2.085,
        "clay_index": 1.77,
        "ndvi_stress_index": 0.3,
        "tmi_structural_nT": 45446.3,
        "tmi_anomaly_nT": 446.3,
        "elevation_mdpl": 470.3,
        "geochem_assay_ratio": 1.44
      },
      "geometry": {
        "type": "Polygon",
        "coordinates": [
          [
            [
              122.045,
              -3.735
            ],
            [
              122.055,
              -3.735
            ],
            [
              122.055,
              -3.725
            ],
            [
              122.045,
              -3.725
            ],
            [
              122.045,
              -3.735
            ]
          ]
        ]
      }
    },
    {
      "type": "Feature",
      "properties": {
        "grid_id": "KON161",
        "site": "konawe",
        "location_label": "Konawe Abuki High Inland Mountain Ridge - Sulawesi Tenggara greenfield nickel laterite",
        "lithology": "mafic_volcanic_simulated",
        "slope_deg": 13.9,
        "distance_to_river_m": 1475,
        "distance_to_road_m": 3663,
        "distance_to_settlement_m": 8122,
        "legal_status": "allowed",
        "distance_to_smelter_km": 60.1,
        "area_ha": 1.23,
        "region_id": "SW",
        "fe_oxide_index": 1.634,
        "clay_index": 1.273,
        "ndvi_stress_index": 0.703,
        "tmi_structural_nT": 44471.2,
        "tmi_anomaly_nT": -528.8,
        "elevation_mdpl": 388.5,
        "geochem_assay_ratio": 5.8
      },
      "geometry": {
        "type": "Polygon",
        "coordinates": [
          [
            [
              121.855,
              -3.725
            ],
            [
              121.865,
              -3.725
            ],
            [
              121.865,
              -3.715
            ],
            [
              121.855,
              -3.715
            ],
            [
              121.855,
              -3.725
            ]
          ]
        ]
      }
    },
    {
      "type": "Feature",
      "properties": {
        "grid_id": "KON162",
        "site": "konawe",
        "location_label": "Konawe Abuki High Inland Mountain Ridge - Sulawesi Tenggara greenfield nickel laterite",
        "lithology": "ultramafic_simulated",
        "slope_deg": 10.7,
        "distance_to_river_m": 2911,
        "distance_to_road_m": 5816,
        "distance_to_settlement_m": 14553,
        "legal_status": "allowed",
        "distance_to_smelter_km": 55.8,
        "area_ha": 1.23,
        "region_id": "SW",
        "fe_oxide_index": 2.296,
        "clay_index": 2.105,
        "ndvi_stress_index": 0.191,
        "tmi_structural_nT": 45342.2,
        "tmi_anomaly_nT": 342.2,
        "elevation_mdpl": 396.7,
        "geochem_assay_ratio": 3.0
      },
      "geometry": {
        "type": "Polygon",
        "coordinates": [
          [
            [
              121.865,
              -3.725
            ],
            [
              121.875,
              -3.725
            ],
            [
              121.875,
              -3.715
            ],
            [
              121.865,
              -3.715
            ],
            [
              121.865,
              -3.725
            ]
          ]
        ]
      }
    },
    {
      "type": "Feature",
      "properties": {
        "grid_id": "KON163",
        "site": "konawe",
        "location_label": "Konawe Abuki High Inland Mountain Ridge - Sulawesi Tenggara greenfield nickel laterite",
        "lithology": "peridotite_simulated",
        "slope_deg": 8.4,
        "distance_to_river_m": 2539,
        "distance_to_road_m": 5877,
        "distance_to_settlement_m": 7797,
        "legal_status": "allowed",
        "distance_to_smelter_km": 51.5,
        "area_ha": 1.23,
        "region_id": "SW",
        "fe_oxide_index": 2.406,
        "clay_index": 2.203,
        "ndvi_stress_index": 0.334,
        "tmi_structural_nT": 45853.8,
        "tmi_anomaly_nT": 853.8,
        "elevation_mdpl": 411.4,
        "geochem_assay_ratio": 2.95
      },
      "geometry": {
        "type": "Polygon",
        "coordinates": [
          [
            [
              121.875,
              -3.725
            ],
            [
              121.885,
              -3.725
            ],
            [
              121.885,
              -3.715
            ],
            [
              121.875,
              -3.715
            ],
            [
              121.875,
              -3.725
            ]
          ]
        ]
      }
    },
    {
      "type": "Feature",
      "properties": {
        "grid_id": "KON164",
        "site": "konawe",
        "location_label": "Konawe Abuki High Inland Mountain Ridge - Sulawesi Tenggara greenfield nickel laterite",
        "lithology": "ultramafic_simulated",
        "slope_deg": 18.6,
        "distance_to_river_m": 1302,
        "distance_to_road_m": 6328,
        "distance_to_settlement_m": 8568,
        "legal_status": "allowed",
        "distance_to_smelter_km": 47.2,
        "area_ha": 1.23,
        "region_id": "SW",
        "fe_oxide_index": 2.66,
        "clay_index": 2.008,
        "ndvi_stress_index": 0.244,
        "tmi_structural_nT": 45444.7,
        "tmi_anomaly_nT": 444.7,
        "elevation_mdpl": 472.1,
        "geochem_assay_ratio": 2.46
      },
      "geometry": {
        "type": "Polygon",
        "coordinates": [
          [
            [
              121.885,
              -3.725
            ],
            [
              121.895,
              -3.725
            ],
            [
              121.895,
              -3.715
            ],
            [
              121.885,
              -3.715
            ],
            [
              121.885,
              -3.725
            ]
          ]
        ]
      }
    },
    {
      "type": "Feature",
      "properties": {
        "grid_id": "KON165",
        "site": "konawe",
        "location_label": "Konawe Abuki High Inland Mountain Ridge - Sulawesi Tenggara greenfield nickel laterite",
        "lithology": "peridotite_simulated",
        "slope_deg": 13.7,
        "distance_to_river_m": 736,
        "distance_to_road_m": 1594,
        "distance_to_settlement_m": 6834,
        "legal_status": "allowed",
        "distance_to_smelter_km": 42.9,
        "area_ha": 1.23,
        "region_id": "SW",
        "fe_oxide_index": 2.261,
        "clay_index": 2.066,
        "ndvi_stress_index": 0.303,
        "tmi_structural_nT": 45181.8,
        "tmi_anomaly_nT": 181.8,
        "elevation_mdpl": 436.0,
        "geochem_assay_ratio": 2.31
      },
      "geometry": {
        "type": "Polygon",
        "coordinates": [
          [
            [
              121.895,
              -3.725
            ],
            [
              121.905,
              -3.725
            ],
            [
              121.905,
              -3.715
            ],
            [
              121.895,
              -3.715
            ],
            [
              121.895,
              -3.725
            ]
          ]
        ]
      }
    },
    {
      "type": "Feature",
      "properties": {
        "grid_id": "KON166",
        "site": "konawe",
        "location_label": "Konawe Abuki High Inland Mountain Ridge - Sulawesi Tenggara greenfield nickel laterite",
        "lithology": "ultramafic_simulated",
        "slope_deg": 14.0,
        "distance_to_river_m": 1958,
        "distance_to_road_m": 3240,
        "distance_to_settlement_m": 7514,
        "legal_status": "allowed",
        "distance_to_smelter_km": 38.8,
        "area_ha": 1.23,
        "region_id": "SW",
        "fe_oxide_index": 2.2,
        "clay_index": 1.948,
        "ndvi_stress_index": 0.186,
        "tmi_structural_nT": 45106.9,
        "tmi_anomaly_nT": 106.9,
        "elevation_mdpl": 476.8,
        "geochem_assay_ratio": 2.98
      },
      "geometry": {
        "type": "Polygon",
        "coordinates": [
          [
            [
              121.905,
              -3.725
            ],
            [
              121.915,
              -3.725
            ],
            [
              121.915,
              -3.715
            ],
            [
              121.905,
              -3.715
            ],
            [
              121.905,
              -3.725
            ]
          ]
        ]
      }
    },
    {
      "type": "Feature",
      "properties": {
        "grid_id": "KON167",
        "site": "konawe",
        "location_label": "Konawe Abuki High Inland Mountain Ridge - Sulawesi Tenggara greenfield nickel laterite",
        "lithology": "mafic_volcanic_simulated",
        "slope_deg": 11.0,
        "distance_to_river_m": 1890,
        "distance_to_road_m": 5988,
        "distance_to_settlement_m": 5882,
        "legal_status": "allowed",
        "distance_to_smelter_km": 34.7,
        "area_ha": 1.23,
        "region_id": "SW",
        "fe_oxide_index": 1.363,
        "clay_index": 1.247,
        "ndvi_stress_index": 0.602,
        "tmi_structural_nT": 44728.6,
        "tmi_anomaly_nT": -271.4,
        "elevation_mdpl": 462.4,
        "geochem_assay_ratio": 4.84
      },
      "geometry": {
        "type": "Polygon",
        "coordinates": [
          [
            [
              121.915,
              -3.725
            ],
            [
              121.925,
              -3.725
            ],
            [
              121.925,
              -3.715
            ],
            [
              121.915,
              -3.715
            ],
            [
              121.915,
              -3.725
            ]
          ]
        ]
      }
    },
    {
      "type": "Feature",
      "properties": {
        "grid_id": "KON168",
        "site": "konawe",
        "location_label": "Konawe Abuki High Inland Mountain Ridge - Sulawesi Tenggara greenfield nickel laterite",
        "lithology": "serpentinite_simulated",
        "slope_deg": 12.0,
        "distance_to_river_m": 2519,
        "distance_to_road_m": 3981,
        "distance_to_settlement_m": 4936,
        "legal_status": "allowed",
        "distance_to_smelter_km": 30.8,
        "area_ha": 1.23,
        "region_id": "SW",
        "fe_oxide_index": 2.573,
        "clay_index": 2.425,
        "ndvi_stress_index": 0.332,
        "tmi_structural_nT": 45504.1,
        "tmi_anomaly_nT": 504.1,
        "elevation_mdpl": 405.4,
        "geochem_assay_ratio": 2.17
      },
      "geometry": {
        "type": "Polygon",
        "coordinates": [
          [
            [
              121.925,
              -3.725
            ],
            [
              121.935,
              -3.725
            ],
            [
              121.935,
              -3.715
            ],
            [
              121.925,
              -3.715
            ],
            [
              121.925,
              -3.725
            ]
          ]
        ]
      }
    },
    {
      "type": "Feature",
      "properties": {
        "grid_id": "KON169",
        "site": "konawe",
        "location_label": "Konawe Abuki High Inland Mountain Ridge - Sulawesi Tenggara greenfield nickel laterite",
        "lithology": "peridotite_simulated",
        "slope_deg": 12.5,
        "distance_to_river_m": 2107,
        "distance_to_road_m": 2996,
        "distance_to_settlement_m": 10024,
        "legal_status": "allowed",
        "distance_to_smelter_km": 27.3,
        "area_ha": 1.23,
        "region_id": "SW",
        "fe_oxide_index": 2.572,
        "clay_index": 2.178,
        "ndvi_stress_index": 0.303,
        "tmi_structural_nT": 45456.8,
        "tmi_anomaly_nT": 456.8,
        "elevation_mdpl": 396.2,
        "geochem_assay_ratio": 2.73
      },
      "geometry": {
        "type": "Polygon",
        "coordinates": [
          [
            [
              121.935,
              -3.725
            ],
            [
              121.945,
              -3.725
            ],
            [
              121.945,
              -3.715
            ],
            [
              121.935,
              -3.715
            ],
            [
              121.935,
              -3.725
            ]
          ]
        ]
      }
    },
    {
      "type": "Feature",
      "properties": {
        "grid_id": "KON170",
        "site": "konawe",
        "location_label": "Konawe Abuki High Inland Mountain Ridge - Sulawesi Tenggara greenfield nickel laterite",
        "lithology": "mafic_volcanic_simulated",
        "slope_deg": 12.6,
        "distance_to_river_m": 2420,
        "distance_to_road_m": 1922,
        "distance_to_settlement_m": 9897,
        "legal_status": "allowed",
        "distance_to_smelter_km": 24.9,
        "area_ha": 1.23,
        "region_id": "SW",
        "fe_oxide_index": 1.622,
        "clay_index": 1.254,
        "ndvi_stress_index": 0.52,
        "tmi_structural_nT": 44974.9,
        "tmi_anomaly_nT": -25.1,
        "elevation_mdpl": 413.8,
        "geochem_assay_ratio": 3.75
      },
      "geometry": {
        "type": "Polygon",
        "coordinates": [
          [
            [
              121.945,
              -3.725
            ],
            [
              121.955,
              -3.725
            ],
            [
              121.955,
              -3.715
            ],
            [
              121.945,
              -3.715
            ],
            [
              121.945,
              -3.725
            ]
          ]
        ]
      }
    },
    {
      "type": "Feature",
      "properties": {
        "grid_id": "KON171",
        "site": "konawe",
        "location_label": "Konawe Abuki High Inland Mountain Ridge - Sulawesi Tenggara greenfield nickel laterite",
        "lithology": "ultramafic_simulated",
        "slope_deg": 9.9,
        "distance_to_river_m": 2347,
        "distance_to_road_m": 4743,
        "distance_to_settlement_m": 13435,
        "legal_status": "conditional",
        "distance_to_smelter_km": 24.9,
        "area_ha": 1.23,
        "region_id": "SE",
        "fe_oxide_index": 2.351,
        "clay_index": 2.058,
        "ndvi_stress_index": 0.235,
        "tmi_structural_nT": 45451.1,
        "tmi_anomaly_nT": 451.1,
        "elevation_mdpl": 435.4,
        "geochem_assay_ratio": 3.05
      },
      "geometry": {
        "type": "Polygon",
        "coordinates": [
          [
            [
              121.955,
              -3.725
            ],
            [
              121.965,
              -3.725
            ],
            [
              121.965,
              -3.715
            ],
            [
              121.955,
              -3.715
            ],
            [
              121.955,
              -3.725
            ]
          ]
        ]
      }
    },
    {
      "type": "Feature",
      "properties": {
        "grid_id": "KON172",
        "site": "konawe",
        "location_label": "Konawe Abuki High Inland Mountain Ridge - Sulawesi Tenggara greenfield nickel laterite",
        "lithology": "mafic_volcanic_simulated",
        "slope_deg": 9.0,
        "distance_to_river_m": 2355,
        "distance_to_road_m": 2349,
        "distance_to_settlement_m": 8928,
        "legal_status": "conditional",
        "distance_to_smelter_km": 27.3,
        "area_ha": 1.23,
        "region_id": "SE",
        "fe_oxide_index": 1.291,
        "clay_index": 1.308,
        "ndvi_stress_index": 0.588,
        "tmi_structural_nT": 44903.9,
        "tmi_anomaly_nT": -96.1,
        "elevation_mdpl": 475.1,
        "geochem_assay_ratio": 4.24
      },
      "geometry": {
        "type": "Polygon",
        "coordinates": [
          [
            [
              121.965,
              -3.725
            ],
            [
              121.975,
              -3.725
            ],
            [
              121.975,
              -3.715
            ],
            [
              121.965,
              -3.715
            ],
            [
              121.965,
              -3.725
            ]
          ]
        ]
      }
    },
    {
      "type": "Feature",
      "properties": {
        "grid_id": "KON173",
        "site": "konawe",
        "location_label": "Konawe Abuki High Inland Mountain Ridge - Sulawesi Tenggara greenfield nickel laterite",
        "lithology": "ultramafic_simulated",
        "slope_deg": 10.1,
        "distance_to_river_m": 1928,
        "distance_to_road_m": 4372,
        "distance_to_settlement_m": 11593,
        "legal_status": "conditional",
        "distance_to_smelter_km": 30.8,
        "area_ha": 1.23,
        "region_id": "SE",
        "fe_oxide_index": 2.341,
        "clay_index": 1.658,
        "ndvi_stress_index": 0.213,
        "tmi_structural_nT": 45287.5,
        "tmi_anomaly_nT": 287.5,
        "elevation_mdpl": 421.7,
        "geochem_assay_ratio": 2.45
      },
      "geometry": {
        "type": "Polygon",
        "coordinates": [
          [
            [
              121.975,
              -3.725
            ],
            [
              121.985,
              -3.725
            ],
            [
              121.985,
              -3.715
            ],
            [
              121.975,
              -3.715
            ],
            [
              121.975,
              -3.725
            ]
          ]
        ]
      }
    },
    {
      "type": "Feature",
      "properties": {
        "grid_id": "KON174",
        "site": "konawe",
        "location_label": "Konawe Abuki High Inland Mountain Ridge - Sulawesi Tenggara greenfield nickel laterite",
        "lithology": "alluvium",
        "slope_deg": 17.6,
        "distance_to_river_m": 1569,
        "distance_to_road_m": 5707,
        "distance_to_settlement_m": 14550,
        "legal_status": "conditional",
        "distance_to_smelter_km": 34.7,
        "area_ha": 1.23,
        "region_id": "SE",
        "fe_oxide_index": 1.163,
        "clay_index": 1.252,
        "ndvi_stress_index": 0.641,
        "tmi_structural_nT": 45286.7,
        "tmi_anomaly_nT": 286.7,
        "elevation_mdpl": 419.6,
        "geochem_assay_ratio": 4.1
      },
      "geometry": {
        "type": "Polygon",
        "coordinates": [
          [
            [
              121.985,
              -3.725
            ],
            [
              121.995,
              -3.725
            ],
            [
              121.995,
              -3.715
            ],
            [
              121.985,
              -3.715
            ],
            [
              121.985,
              -3.725
            ]
          ]
        ]
      }
    },
    {
      "type": "Feature",
      "properties": {
        "grid_id": "KON175",
        "site": "konawe",
        "location_label": "Konawe Abuki High Inland Mountain Ridge - Sulawesi Tenggara greenfield nickel laterite",
        "lithology": "peridotite_simulated",
        "slope_deg": 8.4,
        "distance_to_river_m": 1913,
        "distance_to_road_m": 2480,
        "distance_to_settlement_m": 6283,
        "legal_status": "conditional",
        "distance_to_smelter_km": 38.8,
        "area_ha": 1.23,
        "region_id": "SE",
        "fe_oxide_index": 2.584,
        "clay_index": 1.969,
        "ndvi_stress_index": 0.395,
        "tmi_structural_nT": 45130.3,
        "tmi_anomaly_nT": 130.3,
        "elevation_mdpl": 404.8,
        "geochem_assay_ratio": 2.73
      },
      "geometry": {
        "type": "Polygon",
        "coordinates": [
          [
            [
              121.995,
              -3.725
            ],
            [
              122.005,
              -3.725
            ],
            [
              122.005,
              -3.715
            ],
            [
              121.995,
              -3.715
            ],
            [
              121.995,
              -3.725
            ]
          ]
        ]
      }
    },
    {
      "type": "Feature",
      "properties": {
        "grid_id": "KON176",
        "site": "konawe",
        "location_label": "Konawe Abuki High Inland Mountain Ridge - Sulawesi Tenggara greenfield nickel laterite",
        "lithology": "peridotite_simulated",
        "slope_deg": 14.6,
        "distance_to_river_m": 2461,
        "distance_to_road_m": 3386,
        "distance_to_settlement_m": 8501,
        "legal_status": "conditional",
        "distance_to_smelter_km": 42.9,
        "area_ha": 1.23,
        "region_id": "SE",
        "fe_oxide_index": 2.4,
        "clay_index": 2.143,
        "ndvi_stress_index": 0.223,
        "tmi_structural_nT": 45520.3,
        "tmi_anomaly_nT": 520.3,
        "elevation_mdpl": 415.3,
        "geochem_assay_ratio": 2.02
      },
      "geometry": {
        "type": "Polygon",
        "coordinates": [
          [
            [
              122.005,
              -3.725
            ],
            [
              122.015,
              -3.725
            ],
            [
              122.015,
              -3.715
            ],
            [
              122.005,
              -3.715
            ],
            [
              122.005,
              -3.725
            ]
          ]
        ]
      }
    },
    {
      "type": "Feature",
      "properties": {
        "grid_id": "KON177",
        "site": "konawe",
        "location_label": "Konawe Abuki High Inland Mountain Ridge - Sulawesi Tenggara greenfield nickel laterite",
        "lithology": "ultramafic_simulated",
        "slope_deg": 9.3,
        "distance_to_river_m": 2889,
        "distance_to_road_m": 4969,
        "distance_to_settlement_m": 13598,
        "legal_status": "no-go",
        "distance_to_smelter_km": 47.2,
        "area_ha": 1.23,
        "region_id": "SE",
        "fe_oxide_index": 2.407,
        "clay_index": 2.065,
        "ndvi_stress_index": 0.321,
        "tmi_structural_nT": 45654.4,
        "tmi_anomaly_nT": 654.4,
        "elevation_mdpl": 464.0,
        "geochem_assay_ratio": 1.46
      },
      "geometry": {
        "type": "Polygon",
        "coordinates": [
          [
            [
              122.015,
              -3.725
            ],
            [
              122.025,
              -3.725
            ],
            [
              122.025,
              -3.715
            ],
            [
              122.015,
              -3.715
            ],
            [
              122.015,
              -3.725
            ]
          ]
        ]
      }
    },
    {
      "type": "Feature",
      "properties": {
        "grid_id": "KON178",
        "site": "konawe",
        "location_label": "Konawe Abuki High Inland Mountain Ridge - Sulawesi Tenggara greenfield nickel laterite",
        "lithology": "serpentinite_simulated",
        "slope_deg": 17.4,
        "distance_to_river_m": 2877,
        "distance_to_road_m": 5224,
        "distance_to_settlement_m": 12648,
        "legal_status": "no-go",
        "distance_to_smelter_km": 51.5,
        "area_ha": 1.23,
        "region_id": "SE",
        "fe_oxide_index": 2.635,
        "clay_index": 1.609,
        "ndvi_stress_index": 0.322,
        "tmi_structural_nT": 45196.7,
        "tmi_anomaly_nT": 196.7,
        "elevation_mdpl": 455.2,
        "geochem_assay_ratio": 1.54
      },
      "geometry": {
        "type": "Polygon",
        "coordinates": [
          [
            [
              122.025,
              -3.725
            ],
            [
              122.035,
              -3.725
            ],
            [
              122.035,
              -3.715
            ],
            [
              122.025,
              -3.715
            ],
            [
              122.025,
              -3.725
            ]
          ]
        ]
      }
    },
    {
      "type": "Feature",
      "properties": {
        "grid_id": "KON179",
        "site": "konawe",
        "location_label": "Konawe Abuki High Inland Mountain Ridge - Sulawesi Tenggara greenfield nickel laterite",
        "lithology": "ultramafic_simulated",
        "slope_deg": 14.3,
        "distance_to_river_m": 2193,
        "distance_to_road_m": 4012,
        "distance_to_settlement_m": 8901,
        "legal_status": "no-go",
        "distance_to_smelter_km": 55.8,
        "area_ha": 1.23,
        "region_id": "SE",
        "fe_oxide_index": 2.477,
        "clay_index": 1.661,
        "ndvi_stress_index": 0.306,
        "tmi_structural_nT": 45344.2,
        "tmi_anomaly_nT": 344.2,
        "elevation_mdpl": 453.8,
        "geochem_assay_ratio": 2.66
      },
      "geometry": {
        "type": "Polygon",
        "coordinates": [
          [
            [
              122.035,
              -3.725
            ],
            [
              122.045,
              -3.725
            ],
            [
              122.045,
              -3.715
            ],
            [
              122.035,
              -3.715
            ],
            [
              122.035,
              -3.725
            ]
          ]
        ]
      }
    },
    {
      "type": "Feature",
      "properties": {
        "grid_id": "KON180",
        "site": "konawe",
        "location_label": "Konawe Abuki High Inland Mountain Ridge - Sulawesi Tenggara greenfield nickel laterite",
        "lithology": "ultramafic_simulated",
        "slope_deg": 8.2,
        "distance_to_river_m": 1661,
        "distance_to_road_m": 5328,
        "distance_to_settlement_m": 12927,
        "legal_status": "no-go",
        "distance_to_smelter_km": 60.1,
        "area_ha": 1.23,
        "region_id": "SE",
        "fe_oxide_index": 2.039,
        "clay_index": 1.841,
        "ndvi_stress_index": 0.275,
        "tmi_structural_nT": 45761.8,
        "tmi_anomaly_nT": 761.8,
        "elevation_mdpl": 432.2,
        "geochem_assay_ratio": 1.91
      },
      "geometry": {
        "type": "Polygon",
        "coordinates": [
          [
            [
              122.045,
              -3.725
            ],
            [
              122.055,
              -3.725
            ],
            [
              122.055,
              -3.715
            ],
            [
              122.045,
              -3.715
            ],
            [
              122.045,
              -3.725
            ]
          ]
        ]
      }
    },
    {
      "type": "Feature",
      "properties": {
        "grid_id": "KON181",
        "site": "konawe",
        "location_label": "Konawe Abuki High Inland Mountain Ridge - Sulawesi Tenggara greenfield nickel laterite",
        "lithology": "serpentinite_simulated",
        "slope_deg": 15.6,
        "distance_to_river_m": 585,
        "distance_to_road_m": 4664,
        "distance_to_settlement_m": 14218,
        "legal_status": "conditional",
        "distance_to_smelter_km": 59.6,
        "area_ha": 1.23,
        "region_id": "SW",
        "fe_oxide_index": 2.14,
        "clay_index": 2.355,
        "ndvi_stress_index": 0.244,
        "tmi_structural_nT": 45222.8,
        "tmi_anomaly_nT": 222.8,
        "elevation_mdpl": 471.8,
        "geochem_assay_ratio": 2.13
      },
      "geometry": {
        "type": "Polygon",
        "coordinates": [
          [
            [
              121.855,
              -3.715
            ],
            [
              121.865,
              -3.715
            ],
            [
              121.865,
              -3.705
            ],
            [
              121.855,
              -3.705
            ],
            [
              121.855,
              -3.715
            ]
          ]
        ]
      }
    },
    {
      "type": "Feature",
      "properties": {
        "grid_id": "KON182",
        "site": "konawe",
        "location_label": "Konawe Abuki High Inland Mountain Ridge - Sulawesi Tenggara greenfield nickel laterite",
        "lithology": "ultramafic_simulated",
        "slope_deg": 15.0,
        "distance_to_river_m": 761,
        "distance_to_road_m": 2773,
        "distance_to_settlement_m": 9266,
        "legal_status": "allowed",
        "distance_to_smelter_km": 55.3,
        "area_ha": 1.23,
        "region_id": "SW",
        "fe_oxide_index": 2.66,
        "clay_index": 2.417,
        "ndvi_stress_index": 0.183,
        "tmi_structural_nT": 45895.9,
        "tmi_anomaly_nT": 895.9,
        "elevation_mdpl": 413.7,
        "geochem_assay_ratio": 2.21
      },
      "geometry": {
        "type": "Polygon",
        "coordinates": [
          [
            [
              121.865,
              -3.715
            ],
            [
              121.875,
              -3.715
            ],
            [
              121.875,
              -3.705
            ],
            [
              121.865,
              -3.705
            ],
            [
              121.865,
              -3.715
            ]
          ]
        ]
      }
    },
    {
      "type": "Feature",
      "properties": {
        "grid_id": "KON183",
        "site": "konawe",
        "location_label": "Konawe Abuki High Inland Mountain Ridge - Sulawesi Tenggara greenfield nickel laterite",
        "lithology": "peridotite_simulated",
        "slope_deg": 13.2,
        "distance_to_river_m": 478,
        "distance_to_road_m": 6151,
        "distance_to_settlement_m": 14452,
        "legal_status": "allowed",
        "distance_to_smelter_km": 50.9,
        "area_ha": 1.23,
        "region_id": "SW",
        "fe_oxide_index": 2.796,
        "clay_index": 2.122,
        "ndvi_stress_index": 0.369,
        "tmi_structural_nT": 45403.9,
        "tmi_anomaly_nT": 403.9,
        "elevation_mdpl": 423.4,
        "geochem_assay_ratio": 1.94
      },
      "geometry": {
        "type": "Polygon",
        "coordinates": [
          [
            [
              121.875,
              -3.715
            ],
            [
              121.885,
              -3.715
            ],
            [
              121.885,
              -3.705
            ],
            [
              121.875,
              -3.705
            ],
            [
              121.875,
              -3.715
            ]
          ]
        ]
      }
    },
    {
      "type": "Feature",
      "properties": {
        "grid_id": "KON184",
        "site": "konawe",
        "location_label": "Konawe Abuki High Inland Mountain Ridge - Sulawesi Tenggara greenfield nickel laterite",
        "lithology": "serpentinite_simulated",
        "slope_deg": 11.4,
        "distance_to_river_m": 2612,
        "distance_to_road_m": 6175,
        "distance_to_settlement_m": 12050,
        "legal_status": "allowed",
        "distance_to_smelter_km": 46.5,
        "area_ha": 1.23,
        "region_id": "SW",
        "fe_oxide_index": 2.113,
        "clay_index": 2.22,
        "ndvi_stress_index": 0.371,
        "tmi_structural_nT": 45550.0,
        "tmi_anomaly_nT": 550.0,
        "elevation_mdpl": 395.8,
        "geochem_assay_ratio": 2.62
      },
      "geometry": {
        "type": "Polygon",
        "coordinates": [
          [
            [
              121.885,
              -3.715
            ],
            [
              121.895,
              -3.715
            ],
            [
              121.895,
              -3.705
            ],
            [
              121.885,
              -3.705
            ],
            [
              121.885,
              -3.715
            ]
          ]
        ]
      }
    },
    {
      "type": "Feature",
      "properties": {
        "grid_id": "KON185",
        "site": "konawe",
        "location_label": "Konawe Abuki High Inland Mountain Ridge - Sulawesi Tenggara greenfield nickel laterite",
        "lithology": "serpentinite_simulated",
        "slope_deg": 14.6,
        "distance_to_river_m": 3046,
        "distance_to_road_m": 4868,
        "distance_to_settlement_m": 11869,
        "legal_status": "allowed",
        "distance_to_smelter_km": 42.2,
        "area_ha": 1.23,
        "region_id": "SW",
        "fe_oxide_index": 2.775,
        "clay_index": 2.024,
        "ndvi_stress_index": 0.402,
        "tmi_structural_nT": 45936.6,
        "tmi_anomaly_nT": 936.6,
        "elevation_mdpl": 425.9,
        "geochem_assay_ratio": 1.46
      },
      "geometry": {
        "type": "Polygon",
        "coordinates": [
          [
            [
              121.895,
              -3.715
            ],
            [
              121.905,
              -3.715
            ],
            [
              121.905,
              -3.705
            ],
            [
              121.895,
              -3.705
            ],
            [
              121.895,
              -3.715
            ]
          ]
        ]
      }
    },
    {
      "type": "Feature",
      "properties": {
        "grid_id": "KON186",
        "site": "konawe",
        "location_label": "Konawe Abuki High Inland Mountain Ridge - Sulawesi Tenggara greenfield nickel laterite",
        "lithology": "peridotite_simulated",
        "slope_deg": 9.1,
        "distance_to_river_m": 1877,
        "distance_to_road_m": 2278,
        "distance_to_settlement_m": 11450,
        "legal_status": "allowed",
        "distance_to_smelter_km": 37.8,
        "area_ha": 1.23,
        "region_id": "SW",
        "fe_oxide_index": 2.578,
        "clay_index": 1.749,
        "ndvi_stress_index": 0.365,
        "tmi_structural_nT": 46082.2,
        "tmi_anomaly_nT": 1082.2,
        "elevation_mdpl": 431.3,
        "geochem_assay_ratio": 3.04
      },
      "geometry": {
        "type": "Polygon",
        "coordinates": [
          [
            [
              121.905,
              -3.715
            ],
            [
              121.915,
              -3.715
            ],
            [
              121.915,
              -3.705
            ],
            [
              121.905,
              -3.705
            ],
            [
              121.905,
              -3.715
            ]
          ]
        ]
      }
    },
    {
      "type": "Feature",
      "properties": {
        "grid_id": "KON187",
        "site": "konawe",
        "location_label": "Konawe Abuki High Inland Mountain Ridge - Sulawesi Tenggara greenfield nickel laterite",
        "lithology": "serpentinite_simulated",
        "slope_deg": 16.2,
        "distance_to_river_m": 1913,
        "distance_to_road_m": 4258,
        "distance_to_settlement_m": 11169,
        "legal_status": "conditional",
        "distance_to_smelter_km": 33.5,
        "area_ha": 1.23,
        "region_id": "SW",
        "fe_oxide_index": 1.977,
        "clay_index": 1.954,
        "ndvi_stress_index": 0.356,
        "tmi_structural_nT": 45818.8,
        "tmi_anomaly_nT": 818.8,
        "elevation_mdpl": 409.3,
        "geochem_assay_ratio": 1.62
      },
      "geometry": {
        "type": "Polygon",
        "coordinates": [
          [
            [
              121.915,
              -3.715
            ],
            [
              121.925,
              -3.715
            ],
            [
              121.925,
              -3.705
            ],
            [
              121.915,
              -3.705
            ],
            [
              121.915,
              -3.715
            ]
          ]
        ]
      }
    },
    {
      "type": "Feature",
      "properties": {
        "grid_id": "KON188",
        "site": "konawe",
        "location_label": "Konawe Abuki High Inland Mountain Ridge - Sulawesi Tenggara greenfield nickel laterite",
        "lithology": "serpentinite_simulated",
        "slope_deg": 18.1,
        "distance_to_river_m": 1509,
        "distance_to_road_m": 3085,
        "distance_to_settlement_m": 10029,
        "legal_status": "allowed",
        "distance_to_smelter_km": 29.2,
        "area_ha": 1.23,
        "region_id": "SW",
        "fe_oxide_index": 1.901,
        "clay_index": 1.645,
        "ndvi_stress_index": 0.256,
        "tmi_structural_nT": 45978.6,
        "tmi_anomaly_nT": 978.6,
        "elevation_mdpl": 422.6,
        "geochem_assay_ratio": 2.01
      },
      "geometry": {
        "type": "Polygon",
        "coordinates": [
          [
            [
              121.925,
              -3.715
            ],
            [
              121.935,
              -3.715
            ],
            [
              121.935,
              -3.705
            ],
            [
              121.925,
              -3.705
            ],
            [
              121.925,
              -3.715
            ]
          ]
        ]
      }
    },
    {
      "type": "Feature",
      "properties": {
        "grid_id": "KON189",
        "site": "konawe",
        "location_label": "Konawe Abuki High Inland Mountain Ridge - Sulawesi Tenggara greenfield nickel laterite",
        "lithology": "peridotite_simulated",
        "slope_deg": 14.8,
        "distance_to_river_m": 1025,
        "distance_to_road_m": 3081,
        "distance_to_settlement_m": 12734,
        "legal_status": "allowed",
        "distance_to_smelter_km": 24.9,
        "area_ha": 1.23,
        "region_id": "SW",
        "fe_oxide_index": 2.371,
        "clay_index": 2.29,
        "ndvi_stress_index": 0.382,
        "tmi_structural_nT": 45906.0,
        "tmi_anomaly_nT": 906.0,
        "elevation_mdpl": 384.1,
        "geochem_assay_ratio": 2.7
      },
      "geometry": {
        "type": "Polygon",
        "coordinates": [
          [
            [
              121.935,
              -3.715
            ],
            [
              121.945,
              -3.715
            ],
            [
              121.945,
              -3.705
            ],
            [
              121.935,
              -3.705
            ],
            [
              121.935,
              -3.715
            ]
          ]
        ]
      }
    },
    {
      "type": "Feature",
      "properties": {
        "grid_id": "KON190",
        "site": "konawe",
        "location_label": "Konawe Abuki High Inland Mountain Ridge - Sulawesi Tenggara greenfield nickel laterite",
        "lithology": "ultramafic_simulated",
        "slope_deg": 17.8,
        "distance_to_river_m": 453,
        "distance_to_road_m": 2875,
        "distance_to_settlement_m": 12444,
        "legal_status": "allowed",
        "distance_to_smelter_km": 21.1,
        "area_ha": 1.23,
        "region_id": "SW",
        "fe_oxide_index": 1.811,
        "clay_index": 2.133,
        "ndvi_stress_index": 0.182,
        "tmi_structural_nT": 45528.1,
        "tmi_anomaly_nT": 528.1,
        "elevation_mdpl": 392.5,
        "geochem_assay_ratio": 2.65
      },
      "geometry": {
        "type": "Polygon",
        "coordinates": [
          [
            [
              121.945,
              -3.715
            ],
            [
              121.955,
              -3.715
            ],
            [
              121.955,
              -3.705
            ],
            [
              121.945,
              -3.705
            ],
            [
              121.945,
              -3.715
            ]
          ]
        ]
      }
    },
    {
      "type": "Feature",
      "properties": {
        "grid_id": "KON191",
        "site": "konawe",
        "location_label": "Konawe Abuki High Inland Mountain Ridge - Sulawesi Tenggara greenfield nickel laterite",
        "lithology": "ultramafic_simulated",
        "slope_deg": 17.3,
        "distance_to_river_m": 3054,
        "distance_to_road_m": 5945,
        "distance_to_settlement_m": 12713,
        "legal_status": "conditional",
        "distance_to_smelter_km": 21.1,
        "area_ha": 1.23,
        "region_id": "SE",
        "fe_oxide_index": 2.433,
        "clay_index": 2.36,
        "ndvi_stress_index": 0.395,
        "tmi_structural_nT": 45609.7,
        "tmi_anomaly_nT": 609.7,
        "elevation_mdpl": 381.1,
        "geochem_assay_ratio": 1.48
      },
      "geometry": {
        "type": "Polygon",
        "coordinates": [
          [
            [
              121.955,
              -3.715
            ],
            [
              121.965,
              -3.715
            ],
            [
              121.965,
              -3.705
            ],
            [
              121.955,
              -3.705
            ],
            [
              121.955,
              -3.715
            ]
          ]
        ]
      }
    },
    {
      "type": "Feature",
      "properties": {
        "grid_id": "KON192",
        "site": "konawe",
        "location_label": "Konawe Abuki High Inland Mountain Ridge - Sulawesi Tenggara greenfield nickel laterite",
        "lithology": "ultramafic_simulated",
        "slope_deg": 13.1,
        "distance_to_river_m": 953,
        "distance_to_road_m": 5634,
        "distance_to_settlement_m": 10577,
        "legal_status": "conditional",
        "distance_to_smelter_km": 24.9,
        "area_ha": 1.23,
        "region_id": "SE",
        "fe_oxide_index": 2.818,
        "clay_index": 2.12,
        "ndvi_stress_index": 0.239,
        "tmi_structural_nT": 45492.4,
        "tmi_anomaly_nT": 492.4,
        "elevation_mdpl": 458.1,
        "geochem_assay_ratio": 3.01
      },
      "geometry": {
        "type": "Polygon",
        "coordinates": [
          [
            [
              121.965,
              -3.715
            ],
            [
              121.975,
              -3.715
            ],
            [
              121.975,
              -3.705
            ],
            [
              121.965,
              -3.705
            ],
            [
              121.965,
              -3.715
            ]
          ]
        ]
      }
    },
    {
      "type": "Feature",
      "properties": {
        "grid_id": "KON193",
        "site": "konawe",
        "location_label": "Konawe Abuki High Inland Mountain Ridge - Sulawesi Tenggara greenfield nickel laterite",
        "lithology": "peridotite_simulated",
        "slope_deg": 17.6,
        "distance_to_river_m": 1675,
        "distance_to_road_m": 3701,
        "distance_to_settlement_m": 14615,
        "legal_status": "conditional",
        "distance_to_smelter_km": 29.2,
        "area_ha": 1.23,
        "region_id": "SE",
        "fe_oxide_index": 2.058,
        "clay_index": 2.141,
        "ndvi_stress_index": 0.322,
        "tmi_structural_nT": 45377.0,
        "tmi_anomaly_nT": 377.0,
        "elevation_mdpl": 479.9,
        "geochem_assay_ratio": 2.66
      },
      "geometry": {
        "type": "Polygon",
        "coordinates": [
          [
            [
              121.975,
              -3.715
            ],
            [
              121.985,
              -3.715
            ],
            [
              121.985,
              -3.705
            ],
            [
              121.975,
              -3.705
            ],
            [
              121.975,
              -3.715
            ]
          ]
        ]
      }
    },
    {
      "type": "Feature",
      "properties": {
        "grid_id": "KON194",
        "site": "konawe",
        "location_label": "Konawe Abuki High Inland Mountain Ridge - Sulawesi Tenggara greenfield nickel laterite",
        "lithology": "serpentinite_simulated",
        "slope_deg": 8.1,
        "distance_to_river_m": 1825,
        "distance_to_road_m": 2053,
        "distance_to_settlement_m": 4183,
        "legal_status": "conditional",
        "distance_to_smelter_km": 33.5,
        "area_ha": 1.23,
        "region_id": "SE",
        "fe_oxide_index": 1.865,
        "clay_index": 2.242,
        "ndvi_stress_index": 0.259,
        "tmi_structural_nT": 45770.9,
        "tmi_anomaly_nT": 770.9,
        "elevation_mdpl": 403.7,
        "geochem_assay_ratio": 2.65
      },
      "geometry": {
        "type": "Polygon",
        "coordinates": [
          [
            [
              121.985,
              -3.715
            ],
            [
              121.995,
              -3.715
            ],
            [
              121.995,
              -3.705
            ],
            [
              121.985,
              -3.705
            ],
            [
              121.985,
              -3.715
            ]
          ]
        ]
      }
    },
    {
      "type": "Feature",
      "properties": {
        "grid_id": "KON195",
        "site": "konawe",
        "location_label": "Konawe Abuki High Inland Mountain Ridge - Sulawesi Tenggara greenfield nickel laterite",
        "lithology": "peridotite_simulated",
        "slope_deg": 9.1,
        "distance_to_river_m": 3071,
        "distance_to_road_m": 4317,
        "distance_to_settlement_m": 8975,
        "legal_status": "conditional",
        "distance_to_smelter_km": 37.8,
        "area_ha": 1.23,
        "region_id": "SE",
        "fe_oxide_index": 2.486,
        "clay_index": 2.189,
        "ndvi_stress_index": 0.361,
        "tmi_structural_nT": 45917.8,
        "tmi_anomaly_nT": 917.8,
        "elevation_mdpl": 381.5,
        "geochem_assay_ratio": 2.28
      },
      "geometry": {
        "type": "Polygon",
        "coordinates": [
          [
            [
              121.995,
              -3.715
            ],
            [
              122.005,
              -3.715
            ],
            [
              122.005,
              -3.705
            ],
            [
              121.995,
              -3.705
            ],
            [
              121.995,
              -3.715
            ]
          ]
        ]
      }
    },
    {
      "type": "Feature",
      "properties": {
        "grid_id": "KON196",
        "site": "konawe",
        "location_label": "Konawe Abuki High Inland Mountain Ridge - Sulawesi Tenggara greenfield nickel laterite",
        "lithology": "peridotite_simulated",
        "slope_deg": 8.1,
        "distance_to_river_m": 2009,
        "distance_to_road_m": 3426,
        "distance_to_settlement_m": 9412,
        "legal_status": "conditional",
        "distance_to_smelter_km": 42.2,
        "area_ha": 1.23,
        "region_id": "SE",
        "fe_oxide_index": 2.093,
        "clay_index": 2.263,
        "ndvi_stress_index": 0.244,
        "tmi_structural_nT": 45637.8,
        "tmi_anomaly_nT": 637.8,
        "elevation_mdpl": 399.8,
        "geochem_assay_ratio": 2.09
      },
      "geometry": {
        "type": "Polygon",
        "coordinates": [
          [
            [
              122.005,
              -3.715
            ],
            [
              122.015,
              -3.715
            ],
            [
              122.015,
              -3.705
            ],
            [
              122.005,
              -3.705
            ],
            [
              122.005,
              -3.715
            ]
          ]
        ]
      }
    },
    {
      "type": "Feature",
      "properties": {
        "grid_id": "KON197",
        "site": "konawe",
        "location_label": "Konawe Abuki High Inland Mountain Ridge - Sulawesi Tenggara greenfield nickel laterite",
        "lithology": "serpentinite_simulated",
        "slope_deg": 11.7,
        "distance_to_river_m": 2989,
        "distance_to_road_m": 2405,
        "distance_to_settlement_m": 11029,
        "legal_status": "no-go",
        "distance_to_smelter_km": 46.5,
        "area_ha": 1.23,
        "region_id": "SE",
        "fe_oxide_index": 2.387,
        "clay_index": 2.327,
        "ndvi_stress_index": 0.389,
        "tmi_structural_nT": 45413.6,
        "tmi_anomaly_nT": 413.6,
        "elevation_mdpl": 476.7,
        "geochem_assay_ratio": 1.47
      },
      "geometry": {
        "type": "Polygon",
        "coordinates": [
          [
            [
              122.015,
              -3.715
            ],
            [
              122.025,
              -3.715
            ],
            [
              122.025,
              -3.705
            ],
            [
              122.015,
              -3.705
            ],
            [
              122.015,
              -3.715
            ]
          ]
        ]
      }
    },
    {
      "type": "Feature",
      "properties": {
        "grid_id": "KON198",
        "site": "konawe",
        "location_label": "Konawe Abuki High Inland Mountain Ridge - Sulawesi Tenggara greenfield nickel laterite",
        "lithology": "serpentinite_simulated",
        "slope_deg": 14.6,
        "distance_to_river_m": 2694,
        "distance_to_road_m": 4509,
        "distance_to_settlement_m": 6189,
        "legal_status": "no-go",
        "distance_to_smelter_km": 50.9,
        "area_ha": 1.23,
        "region_id": "SE",
        "fe_oxide_index": 2.329,
        "clay_index": 2.165,
        "ndvi_stress_index": 0.335,
        "tmi_structural_nT": 45215.7,
        "tmi_anomaly_nT": 215.7,
        "elevation_mdpl": 448.8,
        "geochem_assay_ratio": 1.81
      },
      "geometry": {
        "type": "Polygon",
        "coordinates": [
          [
            [
              122.025,
              -3.715
            ],
            [
              122.035,
              -3.715
            ],
            [
              122.035,
              -3.705
            ],
            [
              122.025,
              -3.705
            ],
            [
              122.025,
              -3.715
            ]
          ]
        ]
      }
    },
    {
      "type": "Feature",
      "properties": {
        "grid_id": "KON199",
        "site": "konawe",
        "location_label": "Konawe Abuki High Inland Mountain Ridge - Sulawesi Tenggara greenfield nickel laterite",
        "lithology": "peridotite_simulated",
        "slope_deg": 9.0,
        "distance_to_river_m": 2208,
        "distance_to_road_m": 2695,
        "distance_to_settlement_m": 13957,
        "legal_status": "no-go",
        "distance_to_smelter_km": 55.3,
        "area_ha": 1.23,
        "region_id": "SE",
        "fe_oxide_index": 2.273,
        "clay_index": 2.436,
        "ndvi_stress_index": 0.351,
        "tmi_structural_nT": 45446.0,
        "tmi_anomaly_nT": 446.0,
        "elevation_mdpl": 453.4,
        "geochem_assay_ratio": 1.54
      },
      "geometry": {
        "type": "Polygon",
        "coordinates": [
          [
            [
              122.035,
              -3.715
            ],
            [
              122.045,
              -3.715
            ],
            [
              122.045,
              -3.705
            ],
            [
              122.035,
              -3.705
            ],
            [
              122.035,
              -3.715
            ]
          ]
        ]
      }
    },
    {
      "type": "Feature",
      "properties": {
        "grid_id": "KON200",
        "site": "konawe",
        "location_label": "Konawe Abuki High Inland Mountain Ridge - Sulawesi Tenggara greenfield nickel laterite",
        "lithology": "peridotite_simulated",
        "slope_deg": 10.6,
        "distance_to_river_m": 2200,
        "distance_to_road_m": 5742,
        "distance_to_settlement_m": 5246,
        "legal_status": "no-go",
        "distance_to_smelter_km": 59.6,
        "area_ha": 1.23,
        "region_id": "SE",
        "fe_oxide_index": 2.837,
        "clay_index": 2.106,
        "ndvi_stress_index": 0.224,
        "tmi_structural_nT": 45703.8,
        "tmi_anomaly_nT": 703.8,
        "elevation_mdpl": 414.7,
        "geochem_assay_ratio": 2.21
      },
      "geometry": {
        "type": "Polygon",
        "coordinates": [
          [
            [
              122.045,
              -3.715
            ],
            [
              122.055,
              -3.715
            ],
            [
              122.055,
              -3.705
            ],
            [
              122.045,
              -3.705
            ],
            [
              122.045,
              -3.715
            ]
          ]
        ]
      }
    },
    {
      "type": "Feature",
      "properties": {
        "grid_id": "KON201",
        "site": "konawe",
        "location_label": "Konawe Abuki High Inland Mountain Ridge - Sulawesi Tenggara greenfield nickel laterite",
        "lithology": "alluvium",
        "slope_deg": 9.0,
        "distance_to_river_m": 2857,
        "distance_to_road_m": 6428,
        "distance_to_settlement_m": 4514,
        "legal_status": "allowed",
        "distance_to_smelter_km": 59.6,
        "area_ha": 1.23,
        "region_id": "NW",
        "fe_oxide_index": 1.403,
        "clay_index": 1.253,
        "ndvi_stress_index": 0.612,
        "tmi_structural_nT": 44837.8,
        "tmi_anomaly_nT": -162.2,
        "elevation_mdpl": 448.5,
        "geochem_assay_ratio": 4.55
      },
      "geometry": {
        "type": "Polygon",
        "coordinates": [
          [
            [
              121.855,
              -3.705
            ],
            [
              121.865,
              -3.705
            ],
            [
              121.865,
              -3.695
            ],
            [
              121.855,
              -3.695
            ],
            [
              121.855,
              -3.705
            ]
          ]
        ]
      }
    },
    {
      "type": "Feature",
      "properties": {
        "grid_id": "KON202",
        "site": "konawe",
        "location_label": "Konawe Abuki High Inland Mountain Ridge - Sulawesi Tenggara greenfield nickel laterite",
        "lithology": "peridotite_simulated",
        "slope_deg": 15.4,
        "distance_to_river_m": 817,
        "distance_to_road_m": 2508,
        "distance_to_settlement_m": 12934,
        "legal_status": "allowed",
        "distance_to_smelter_km": 55.3,
        "area_ha": 1.23,
        "region_id": "NW",
        "fe_oxide_index": 1.842,
        "clay_index": 1.891,
        "ndvi_stress_index": 0.2,
        "tmi_structural_nT": 45504.2,
        "tmi_anomaly_nT": 504.2,
        "elevation_mdpl": 424.4,
        "geochem_assay_ratio": 2.66
      },
      "geometry": {
        "type": "Polygon",
        "coordinates": [
          [
            [
              121.865,
              -3.705
            ],
            [
              121.875,
              -3.705
            ],
            [
              121.875,
              -3.695
            ],
            [
              121.865,
              -3.695
            ],
            [
              121.865,
              -3.705
            ]
          ]
        ]
      }
    },
    {
      "type": "Feature",
      "properties": {
        "grid_id": "KON203",
        "site": "konawe",
        "location_label": "Konawe Abuki High Inland Mountain Ridge - Sulawesi Tenggara greenfield nickel laterite",
        "lithology": "peridotite_simulated",
        "slope_deg": 12.6,
        "distance_to_river_m": 2332,
        "distance_to_road_m": 5808,
        "distance_to_settlement_m": 12038,
        "legal_status": "allowed",
        "distance_to_smelter_km": 50.9,
        "area_ha": 1.23,
        "region_id": "NW",
        "fe_oxide_index": 2.403,
        "clay_index": 2.084,
        "ndvi_stress_index": 0.184,
        "tmi_structural_nT": 45987.4,
        "tmi_anomaly_nT": 987.4,
        "elevation_mdpl": 395.9,
        "geochem_assay_ratio": 1.89
      },
      "geometry": {
        "type": "Polygon",
        "coordinates": [
          [
            [
              121.875,
              -3.705
            ],
            [
              121.885,
              -3.705
            ],
            [
              121.885,
              -3.695
            ],
            [
              121.875,
              -3.695
            ],
            [
              121.875,
              -3.705
            ]
          ]
        ]
      }
    },
    {
      "type": "Feature",
      "properties": {
        "grid_id": "KON204",
        "site": "konawe",
        "location_label": "Konawe Abuki High Inland Mountain Ridge - Sulawesi Tenggara greenfield nickel laterite",
        "lithology": "peridotite_simulated",
        "slope_deg": 8.2,
        "distance_to_river_m": 1612,
        "distance_to_road_m": 5457,
        "distance_to_settlement_m": 11356,
        "legal_status": "allowed",
        "distance_to_smelter_km": 46.5,
        "area_ha": 1.23,
        "region_id": "NW",
        "fe_oxide_index": 2.242,
        "clay_index": 2.192,
        "ndvi_stress_index": 0.287,
        "tmi_structural_nT": 45702.3,
        "tmi_anomaly_nT": 702.3,
        "elevation_mdpl": 438.9,
        "geochem_assay_ratio": 1.91
      },
      "geometry": {
        "type": "Polygon",
        "coordinates": [
          [
            [
              121.885,
              -3.705
            ],
            [
              121.895,
              -3.705
            ],
            [
              121.895,
              -3.695
            ],
            [
              121.885,
              -3.695
            ],
            [
              121.885,
              -3.705
            ]
          ]
        ]
      }
    },
    {
      "type": "Feature",
      "properties": {
        "grid_id": "KON205",
        "site": "konawe",
        "location_label": "Konawe Abuki High Inland Mountain Ridge - Sulawesi Tenggara greenfield nickel laterite",
        "lithology": "serpentinite_simulated",
        "slope_deg": 12.5,
        "distance_to_river_m": 1538,
        "distance_to_road_m": 3690,
        "distance_to_settlement_m": 9480,
        "legal_status": "allowed",
        "distance_to_smelter_km": 42.2,
        "area_ha": 1.23,
        "region_id": "NW",
        "fe_oxide_index": 2.144,
        "clay_index": 2.422,
        "ndvi_stress_index": 0.337,
        "tmi_structural_nT": 45705.9,
        "tmi_anomaly_nT": 705.9,
        "elevation_mdpl": 436.8,
        "geochem_assay_ratio": 2.79
      },
      "geometry": {
        "type": "Polygon",
        "coordinates": [
          [
            [
              121.895,
              -3.705
            ],
            [
              121.905,
              -3.705
            ],
            [
              121.905,
              -3.695
            ],
            [
              121.895,
              -3.695
            ],
            [
              121.895,
              -3.705
            ]
          ]
        ]
      }
    },
    {
      "type": "Feature",
      "properties": {
        "grid_id": "KON206",
        "site": "konawe",
        "location_label": "Konawe Abuki High Inland Mountain Ridge - Sulawesi Tenggara greenfield nickel laterite",
        "lithology": "ultramafic_simulated",
        "slope_deg": 15.6,
        "distance_to_river_m": 2066,
        "distance_to_road_m": 4911,
        "distance_to_settlement_m": 12368,
        "legal_status": "allowed",
        "distance_to_smelter_km": 37.8,
        "area_ha": 1.23,
        "region_id": "NW",
        "fe_oxide_index": 2.177,
        "clay_index": 2.129,
        "ndvi_stress_index": 0.413,
        "tmi_structural_nT": 45454.8,
        "tmi_anomaly_nT": 454.8,
        "elevation_mdpl": 442.4,
        "geochem_assay_ratio": 2.96
      },
      "geometry": {
        "type": "Polygon",
        "coordinates": [
          [
            [
              121.905,
              -3.705
            ],
            [
              121.915,
              -3.705
            ],
            [
              121.915,
              -3.695
            ],
            [
              121.905,
              -3.695
            ],
            [
              121.905,
              -3.705
            ]
          ]
        ]
      }
    },
    {
      "type": "Feature",
      "properties": {
        "grid_id": "KON207",
        "site": "konawe",
        "location_label": "Konawe Abuki High Inland Mountain Ridge - Sulawesi Tenggara greenfield nickel laterite",
        "lithology": "peridotite_simulated",
        "slope_deg": 8.4,
        "distance_to_river_m": 2123,
        "distance_to_road_m": 5527,
        "distance_to_settlement_m": 6155,
        "legal_status": "conditional",
        "distance_to_smelter_km": 33.5,
        "area_ha": 1.23,
        "region_id": "NW",
        "fe_oxide_index": 2.626,
        "clay_index": 1.606,
        "ndvi_stress_index": 0.37,
        "tmi_structural_nT": 45266.8,
        "tmi_anomaly_nT": 266.8,
        "elevation_mdpl": 473.9,
        "geochem_assay_ratio": 1.98
      },
      "geometry": {
        "type": "Polygon",
        "coordinates": [
          [
            [
              121.915,
              -3.705
            ],
            [
              121.925,
              -3.705
            ],
            [
              121.925,
              -3.695
            ],
            [
              121.915,
              -3.695
            ],
            [
              121.915,
              -3.705
            ]
          ]
        ]
      }
    },
    {
      "type": "Feature",
      "properties": {
        "grid_id": "KON208",
        "site": "konawe",
        "location_label": "Konawe Abuki High Inland Mountain Ridge - Sulawesi Tenggara greenfield nickel laterite",
        "lithology": "peridotite_simulated",
        "slope_deg": 10.7,
        "distance_to_river_m": 2438,
        "distance_to_road_m": 5390,
        "distance_to_settlement_m": 7084,
        "legal_status": "conditional",
        "distance_to_smelter_km": 29.2,
        "area_ha": 1.23,
        "region_id": "NW",
        "fe_oxide_index": 2.379,
        "clay_index": 2.41,
        "ndvi_stress_index": 0.362,
        "tmi_structural_nT": 45759.9,
        "tmi_anomaly_nT": 759.9,
        "elevation_mdpl": 425.3,
        "geochem_assay_ratio": 2.39
      },
      "geometry": {
        "type": "Polygon",
        "coordinates": [
          [
            [
              121.925,
              -3.705
            ],
            [
              121.935,
              -3.705
            ],
            [
              121.935,
              -3.695
            ],
            [
              121.925,
              -3.695
            ],
            [
              121.925,
              -3.705
            ]
          ]
        ]
      }
    },
    {
      "type": "Feature",
      "properties": {
        "grid_id": "KON209",
        "site": "konawe",
        "location_label": "Konawe Abuki High Inland Mountain Ridge - Sulawesi Tenggara greenfield nickel laterite",
        "lithology": "serpentinite_simulated",
        "slope_deg": 11.4,
        "distance_to_river_m": 551,
        "distance_to_road_m": 3329,
        "distance_to_settlement_m": 11742,
        "legal_status": "conditional",
        "distance_to_smelter_km": 24.9,
        "area_ha": 1.23,
        "region_id": "NW",
        "fe_oxide_index": 2.33,
        "clay_index": 1.996,
        "ndvi_stress_index": 0.287,
        "tmi_structural_nT": 45108.7,
        "tmi_anomaly_nT": 108.7,
        "elevation_mdpl": 436.3,
        "geochem_assay_ratio": 2.55
      },
      "geometry": {
        "type": "Polygon",
        "coordinates": [
          [
            [
              121.935,
              -3.705
            ],
            [
              121.945,
              -3.705
            ],
            [
              121.945,
              -3.695
            ],
            [
              121.935,
              -3.695
            ],
            [
              121.935,
              -3.705
            ]
          ]
        ]
      }
    },
    {
      "type": "Feature",
      "properties": {
        "grid_id": "KON210",
        "site": "konawe",
        "location_label": "Konawe Abuki High Inland Mountain Ridge - Sulawesi Tenggara greenfield nickel laterite",
        "lithology": "ultramafic_simulated",
        "slope_deg": 18.3,
        "distance_to_river_m": 377,
        "distance_to_road_m": 4583,
        "distance_to_settlement_m": 12620,
        "legal_status": "conditional",
        "distance_to_smelter_km": 21.1,
        "area_ha": 1.23,
        "region_id": "NW",
        "fe_oxide_index": 2.188,
        "clay_index": 2.275,
        "ndvi_stress_index": 0.325,
        "tmi_structural_nT": 45996.4,
        "tmi_anomaly_nT": 996.4,
        "elevation_mdpl": 394.5,
        "geochem_assay_ratio": 3.04
      },
      "geometry": {
        "type": "Polygon",
        "coordinates": [
          [
            [
              121.945,
              -3.705
            ],
            [
              121.955,
              -3.705
            ],
            [
              121.955,
              -3.695
            ],
            [
              121.945,
              -3.695
            ],
            [
              121.945,
              -3.705
            ]
          ]
        ]
      }
    },
    {
      "type": "Feature",
      "properties": {
        "grid_id": "KON211",
        "site": "konawe",
        "location_label": "Konawe Abuki High Inland Mountain Ridge - Sulawesi Tenggara greenfield nickel laterite",
        "lithology": "peridotite_simulated",
        "slope_deg": 14.4,
        "distance_to_river_m": 1613,
        "distance_to_road_m": 1521,
        "distance_to_settlement_m": 12819,
        "legal_status": "conditional",
        "distance_to_smelter_km": 21.1,
        "area_ha": 1.23,
        "region_id": "NE",
        "fe_oxide_index": 2.269,
        "clay_index": 2.222,
        "ndvi_stress_index": 0.261,
        "tmi_structural_nT": 45618.3,
        "tmi_anomaly_nT": 618.3,
        "elevation_mdpl": 461.3,
        "geochem_assay_ratio": 1.54
      },
      "geometry": {
        "type": "Polygon",
        "coordinates": [
          [
            [
              121.955,
              -3.705
            ],
            [
              121.965,
              -3.705
            ],
            [
              121.965,
              -3.695
            ],
            [
              121.955,
              -3.695
            ],
            [
              121.955,
              -3.705
            ]
          ]
        ]
      }
    },
    {
      "type": "Feature",
      "properties": {
        "grid_id": "KON212",
        "site": "konawe",
        "location_label": "Konawe Abuki High Inland Mountain Ridge - Sulawesi Tenggara greenfield nickel laterite",
        "lithology": "serpentinite_simulated",
        "slope_deg": 17.1,
        "distance_to_river_m": 1479,
        "distance_to_road_m": 6194,
        "distance_to_settlement_m": 5205,
        "legal_status": "conditional",
        "distance_to_smelter_km": 24.9,
        "area_ha": 1.23,
        "region_id": "NE",
        "fe_oxide_index": 1.953,
        "clay_index": 2.135,
        "ndvi_stress_index": 0.201,
        "tmi_structural_nT": 46002.7,
        "tmi_anomaly_nT": 1002.7,
        "elevation_mdpl": 381.4,
        "geochem_assay_ratio": 2.12
      },
      "geometry": {
        "type": "Polygon",
        "coordinates": [
          [
            [
              121.965,
              -3.705
            ],
            [
              121.975,
              -3.705
            ],
            [
              121.975,
              -3.695
            ],
            [
              121.965,
              -3.695
            ],
            [
              121.965,
              -3.705
            ]
          ]
        ]
      }
    },
    {
      "type": "Feature",
      "properties": {
        "grid_id": "KON213",
        "site": "konawe",
        "location_label": "Konawe Abuki High Inland Mountain Ridge - Sulawesi Tenggara greenfield nickel laterite",
        "lithology": "peridotite_simulated",
        "slope_deg": 10.2,
        "distance_to_river_m": 2898,
        "distance_to_road_m": 3340,
        "distance_to_settlement_m": 6289,
        "legal_status": "conditional",
        "distance_to_smelter_km": 29.2,
        "area_ha": 1.23,
        "region_id": "NE",
        "fe_oxide_index": 2.596,
        "clay_index": 2.089,
        "ndvi_stress_index": 0.288,
        "tmi_structural_nT": 45389.0,
        "tmi_anomaly_nT": 389.0,
        "elevation_mdpl": 434.7,
        "geochem_assay_ratio": 2.66
      },
      "geometry": {
        "type": "Polygon",
        "coordinates": [
          [
            [
              121.975,
              -3.705
            ],
            [
              121.985,
              -3.705
            ],
            [
              121.985,
              -3.695
            ],
            [
              121.975,
              -3.695
            ],
            [
              121.975,
              -3.705
            ]
          ]
        ]
      }
    },
    {
      "type": "Feature",
      "properties": {
        "grid_id": "KON214",
        "site": "konawe",
        "location_label": "Konawe Abuki High Inland Mountain Ridge - Sulawesi Tenggara greenfield nickel laterite",
        "lithology": "serpentinite_simulated",
        "slope_deg": 16.9,
        "distance_to_river_m": 445,
        "distance_to_road_m": 3564,
        "distance_to_settlement_m": 10075,
        "legal_status": "conditional",
        "distance_to_smelter_km": 33.5,
        "area_ha": 1.23,
        "region_id": "NE",
        "fe_oxide_index": 1.937,
        "clay_index": 2.423,
        "ndvi_stress_index": 0.183,
        "tmi_structural_nT": 46013.6,
        "tmi_anomaly_nT": 1013.6,
        "elevation_mdpl": 381.1,
        "geochem_assay_ratio": 2.7
      },
      "geometry": {
        "type": "Polygon",
        "coordinates": [
          [
            [
              121.985,
              -3.705
            ],
            [
              121.995,
              -3.705
            ],
            [
              121.995,
              -3.695
            ],
            [
              121.985,
              -3.695
            ],
            [
              121.985,
              -3.705
            ]
          ]
        ]
      }
    },
    {
      "type": "Feature",
      "properties": {
        "grid_id": "KON215",
        "site": "konawe",
        "location_label": "Konawe Abuki High Inland Mountain Ridge - Sulawesi Tenggara greenfield nickel laterite",
        "lithology": "ultramafic_simulated",
        "slope_deg": 8.8,
        "distance_to_river_m": 2318,
        "distance_to_road_m": 5528,
        "distance_to_settlement_m": 12774,
        "legal_status": "conditional",
        "distance_to_smelter_km": 37.8,
        "area_ha": 1.23,
        "region_id": "NE",
        "fe_oxide_index": 2.634,
        "clay_index": 1.834,
        "ndvi_stress_index": 0.283,
        "tmi_structural_nT": 45101.5,
        "tmi_anomaly_nT": 101.5,
        "elevation_mdpl": 420.4,
        "geochem_assay_ratio": 2.98
      },
      "geometry": {
        "type": "Polygon",
        "coordinates": [
          [
            [
              121.995,
              -3.705
            ],
            [
              122.005,
              -3.705
            ],
            [
              122.005,
              -3.695
            ],
            [
              121.995,
              -3.695
            ],
            [
              121.995,
              -3.705
            ]
          ]
        ]
      }
    },
    {
      "type": "Feature",
      "properties": {
        "grid_id": "KON216",
        "site": "konawe",
        "location_label": "Konawe Abuki High Inland Mountain Ridge - Sulawesi Tenggara greenfield nickel laterite",
        "lithology": "serpentinite_simulated",
        "slope_deg": 9.5,
        "distance_to_river_m": 2715,
        "distance_to_road_m": 4895,
        "distance_to_settlement_m": 11618,
        "legal_status": "conditional",
        "distance_to_smelter_km": 42.2,
        "area_ha": 1.23,
        "region_id": "NE",
        "fe_oxide_index": 2.128,
        "clay_index": 1.968,
        "ndvi_stress_index": 0.2,
        "tmi_structural_nT": 45436.5,
        "tmi_anomaly_nT": 436.5,
        "elevation_mdpl": 464.6,
        "geochem_assay_ratio": 1.73
      },
      "geometry": {
        "type": "Polygon",
        "coordinates": [
          [
            [
              122.005,
              -3.705
            ],
            [
              122.015,
              -3.705
            ],
            [
              122.015,
              -3.695
            ],
            [
              122.005,
              -3.695
            ],
            [
              122.005,
              -3.705
            ]
          ]
        ]
      }
    },
    {
      "type": "Feature",
      "properties": {
        "grid_id": "KON217",
        "site": "konawe",
        "location_label": "Konawe Abuki High Inland Mountain Ridge - Sulawesi Tenggara greenfield nickel laterite",
        "lithology": "peridotite_simulated",
        "slope_deg": 15.6,
        "distance_to_river_m": 654,
        "distance_to_road_m": 2284,
        "distance_to_settlement_m": 14896,
        "legal_status": "conditional",
        "distance_to_smelter_km": 46.5,
        "area_ha": 1.23,
        "region_id": "NE",
        "fe_oxide_index": 2.596,
        "clay_index": 2.108,
        "ndvi_stress_index": 0.241,
        "tmi_structural_nT": 46024.5,
        "tmi_anomaly_nT": 1024.5,
        "elevation_mdpl": 385.9,
        "geochem_assay_ratio": 2.14
      },
      "geometry": {
        "type": "Polygon",
        "coordinates": [
          [
            [
              122.015,
              -3.705
            ],
            [
              122.025,
              -3.705
            ],
            [
              122.025,
              -3.695
            ],
            [
              122.015,
              -3.695
            ],
            [
              122.015,
              -3.705
            ]
          ]
        ]
      }
    },
    {
      "type": "Feature",
      "properties": {
        "grid_id": "KON218",
        "site": "konawe",
        "location_label": "Konawe Abuki High Inland Mountain Ridge - Sulawesi Tenggara greenfield nickel laterite",
        "lithology": "serpentinite_simulated",
        "slope_deg": 10.0,
        "distance_to_river_m": 1714,
        "distance_to_road_m": 5901,
        "distance_to_settlement_m": 14624,
        "legal_status": "no-go",
        "distance_to_smelter_km": 50.9,
        "area_ha": 1.23,
        "region_id": "NE",
        "fe_oxide_index": 2.272,
        "clay_index": 2.179,
        "ndvi_stress_index": 0.26,
        "tmi_structural_nT": 45396.7,
        "tmi_anomaly_nT": 396.7,
        "elevation_mdpl": 451.2,
        "geochem_assay_ratio": 1.51
      },
      "geometry": {
        "type": "Polygon",
        "coordinates": [
          [
            [
              122.025,
              -3.705
            ],
            [
              122.035,
              -3.705
            ],
            [
              122.035,
              -3.695
            ],
            [
              122.025,
              -3.695
            ],
            [
              122.025,
              -3.705
            ]
          ]
        ]
      }
    },
    {
      "type": "Feature",
      "properties": {
        "grid_id": "KON219",
        "site": "konawe",
        "location_label": "Konawe Abuki High Inland Mountain Ridge - Sulawesi Tenggara greenfield nickel laterite",
        "lithology": "serpentinite_simulated",
        "slope_deg": 12.5,
        "distance_to_river_m": 1998,
        "distance_to_road_m": 3639,
        "distance_to_settlement_m": 9011,
        "legal_status": "no-go",
        "distance_to_smelter_km": 55.3,
        "area_ha": 1.23,
        "region_id": "NE",
        "fe_oxide_index": 2.455,
        "clay_index": 1.769,
        "ndvi_stress_index": 0.25,
        "tmi_structural_nT": 45770.0,
        "tmi_anomaly_nT": 770.0,
        "elevation_mdpl": 454.0,
        "geochem_assay_ratio": 1.91
      },
      "geometry": {
        "type": "Polygon",
        "coordinates": [
          [
            [
              122.035,
              -3.705
            ],
            [
              122.045,
              -3.705
            ],
            [
              122.045,
              -3.695
            ],
            [
              122.035,
              -3.695
            ],
            [
              122.035,
              -3.705
            ]
          ]
        ]
      }
    },
    {
      "type": "Feature",
      "properties": {
        "grid_id": "KON220",
        "site": "konawe",
        "location_label": "Konawe Abuki High Inland Mountain Ridge - Sulawesi Tenggara greenfield nickel laterite",
        "lithology": "peridotite_simulated",
        "slope_deg": 9.1,
        "distance_to_river_m": 3053,
        "distance_to_road_m": 5618,
        "distance_to_settlement_m": 11871,
        "legal_status": "no-go",
        "distance_to_smelter_km": 59.6,
        "area_ha": 1.23,
        "region_id": "NE",
        "fe_oxide_index": 2.482,
        "clay_index": 1.633,
        "ndvi_stress_index": 0.264,
        "tmi_structural_nT": 45508.0,
        "tmi_anomaly_nT": 508.0,
        "elevation_mdpl": 397.5,
        "geochem_assay_ratio": 1.66
      },
      "geometry": {
        "type": "Polygon",
        "coordinates": [
          [
            [
              122.045,
              -3.705
            ],
            [
              122.055,
              -3.705
            ],
            [
              122.055,
              -3.695
            ],
            [
              122.045,
              -3.695
            ],
            [
              122.045,
              -3.705
            ]
          ]
        ]
      }
    },
    {
      "type": "Feature",
      "properties": {
        "grid_id": "KON221",
        "site": "konawe",
        "location_label": "Konawe Abuki High Inland Mountain Ridge - Sulawesi Tenggara greenfield nickel laterite",
        "lithology": "serpentinite_simulated",
        "slope_deg": 9.5,
        "distance_to_river_m": 515,
        "distance_to_road_m": 2635,
        "distance_to_settlement_m": 4249,
        "legal_status": "conditional",
        "distance_to_smelter_km": 60.1,
        "area_ha": 1.23,
        "region_id": "NW",
        "fe_oxide_index": 2.833,
        "clay_index": 1.701,
        "ndvi_stress_index": 0.328,
        "tmi_structural_nT": 45928.1,
        "tmi_anomaly_nT": 928.1,
        "elevation_mdpl": 387.5,
        "geochem_assay_ratio": 1.53
      },
      "geometry": {
        "type": "Polygon",
        "coordinates": [
          [
            [
              121.855,
              -3.695
            ],
            [
              121.865,
              -3.695
            ],
            [
              121.865,
              -3.685
            ],
            [
              121.855,
              -3.685
            ],
            [
              121.855,
              -3.695
            ]
          ]
        ]
      }
    },
    {
      "type": "Feature",
      "properties": {
        "grid_id": "KON222",
        "site": "konawe",
        "location_label": "Konawe Abuki High Inland Mountain Ridge - Sulawesi Tenggara greenfield nickel laterite",
        "lithology": "ultramafic_simulated",
        "slope_deg": 13.7,
        "distance_to_river_m": 595,
        "distance_to_road_m": 4632,
        "distance_to_settlement_m": 4787,
        "legal_status": "allowed",
        "distance_to_smelter_km": 55.8,
        "area_ha": 1.23,
        "region_id": "NW",
        "fe_oxide_index": 2.271,
        "clay_index": 2.023,
        "ndvi_stress_index": 0.331,
        "tmi_structural_nT": 45759.9,
        "tmi_anomaly_nT": 759.9,
        "elevation_mdpl": 465.8,
        "geochem_assay_ratio": 3.02
      },
      "geometry": {
        "type": "Polygon",
        "coordinates": [
          [
            [
              121.865,
              -3.695
            ],
            [
              121.875,
              -3.695
            ],
            [
              121.875,
              -3.685
            ],
            [
              121.865,
              -3.685
            ],
            [
              121.865,
              -3.695
            ]
          ]
        ]
      }
    },
    {
      "type": "Feature",
      "properties": {
        "grid_id": "KON223",
        "site": "konawe",
        "location_label": "Konawe Abuki High Inland Mountain Ridge - Sulawesi Tenggara greenfield nickel laterite",
        "lithology": "peridotite_simulated",
        "slope_deg": 9.9,
        "distance_to_river_m": 2963,
        "distance_to_road_m": 5039,
        "distance_to_settlement_m": 9511,
        "legal_status": "allowed",
        "distance_to_smelter_km": 51.5,
        "area_ha": 1.23,
        "region_id": "NW",
        "fe_oxide_index": 2.33,
        "clay_index": 1.739,
        "ndvi_stress_index": 0.231,
        "tmi_structural_nT": 45128.9,
        "tmi_anomaly_nT": 128.9,
        "elevation_mdpl": 460.8,
        "geochem_assay_ratio": 2.5
      },
      "geometry": {
        "type": "Polygon",
        "coordinates": [
          [
            [
              121.875,
              -3.695
            ],
            [
              121.885,
              -3.695
            ],
            [
              121.885,
              -3.685
            ],
            [
              121.875,
              -3.685
            ],
            [
              121.875,
              -3.695
            ]
          ]
        ]
      }
    },
    {
      "type": "Feature",
      "properties": {
        "grid_id": "KON224",
        "site": "konawe",
        "location_label": "Konawe Abuki High Inland Mountain Ridge - Sulawesi Tenggara greenfield nickel laterite",
        "lithology": "ultramafic_simulated",
        "slope_deg": 13.1,
        "distance_to_river_m": 2640,
        "distance_to_road_m": 5941,
        "distance_to_settlement_m": 7403,
        "legal_status": "allowed",
        "distance_to_smelter_km": 47.2,
        "area_ha": 1.23,
        "region_id": "NW",
        "fe_oxide_index": 2.001,
        "clay_index": 1.842,
        "ndvi_stress_index": 0.27,
        "tmi_structural_nT": 45263.7,
        "tmi_anomaly_nT": 263.7,
        "elevation_mdpl": 450.9,
        "geochem_assay_ratio": 1.9
      },
      "geometry": {
        "type": "Polygon",
        "coordinates": [
          [
            [
              121.885,
              -3.695
            ],
            [
              121.895,
              -3.695
            ],
            [
              121.895,
              -3.685
            ],
            [
              121.885,
              -3.685
            ],
            [
              121.885,
              -3.695
            ]
          ]
        ]
      }
    },
    {
      "type": "Feature",
      "properties": {
        "grid_id": "KON225",
        "site": "konawe",
        "location_label": "Konawe Abuki High Inland Mountain Ridge - Sulawesi Tenggara greenfield nickel laterite",
        "lithology": "serpentinite_simulated",
        "slope_deg": 12.8,
        "distance_to_river_m": 1114,
        "distance_to_road_m": 2675,
        "distance_to_settlement_m": 7872,
        "legal_status": "allowed",
        "distance_to_smelter_km": 42.9,
        "area_ha": 1.23,
        "region_id": "NW",
        "fe_oxide_index": 2.464,
        "clay_index": 1.605,
        "ndvi_stress_index": 0.281,
        "tmi_structural_nT": 45730.5,
        "tmi_anomaly_nT": 730.5,
        "elevation_mdpl": 476.2,
        "geochem_assay_ratio": 2.73
      },
      "geometry": {
        "type": "Polygon",
        "coordinates": [
          [
            [
              121.895,
              -3.695
            ],
            [
              121.905,
              -3.695
            ],
            [
              121.905,
              -3.685
            ],
            [
              121.895,
              -3.685
            ],
            [
              121.895,
              -3.695
            ]
          ]
        ]
      }
    },
    {
      "type": "Feature",
      "properties": {
        "grid_id": "KON226",
        "site": "konawe",
        "location_label": "Konawe Abuki High Inland Mountain Ridge - Sulawesi Tenggara greenfield nickel laterite",
        "lithology": "serpentinite_simulated",
        "slope_deg": 11.9,
        "distance_to_river_m": 2772,
        "distance_to_road_m": 1674,
        "distance_to_settlement_m": 12059,
        "legal_status": "allowed",
        "distance_to_smelter_km": 38.8,
        "area_ha": 1.23,
        "region_id": "NW",
        "fe_oxide_index": 2.112,
        "clay_index": 1.644,
        "ndvi_stress_index": 0.267,
        "tmi_structural_nT": 45288.1,
        "tmi_anomaly_nT": 288.1,
        "elevation_mdpl": 438.7,
        "geochem_assay_ratio": 2.74
      },
      "geometry": {
        "type": "Polygon",
        "coordinates": [
          [
            [
              121.905,
              -3.695
            ],
            [
              121.915,
              -3.695
            ],
            [
              121.915,
              -3.685
            ],
            [
              121.905,
              -3.685
            ],
            [
              121.905,
              -3.695
            ]
          ]
        ]
      }
    },
    {
      "type": "Feature",
      "properties": {
        "grid_id": "KON227",
        "site": "konawe",
        "location_label": "Konawe Abuki High Inland Mountain Ridge - Sulawesi Tenggara greenfield nickel laterite",
        "lithology": "serpentinite_simulated",
        "slope_deg": 13.1,
        "distance_to_river_m": 1986,
        "distance_to_road_m": 6432,
        "distance_to_settlement_m": 7283,
        "legal_status": "conditional",
        "distance_to_smelter_km": 34.7,
        "area_ha": 1.23,
        "region_id": "NW",
        "fe_oxide_index": 2.226,
        "clay_index": 1.838,
        "ndvi_stress_index": 0.249,
        "tmi_structural_nT": 45148.9,
        "tmi_anomaly_nT": 148.9,
        "elevation_mdpl": 417.7,
        "geochem_assay_ratio": 2.43
      },
      "geometry": {
        "type": "Polygon",
        "coordinates": [
          [
            [
              121.915,
              -3.695
            ],
            [
              121.925,
              -3.695
            ],
            [
              121.925,
              -3.685
            ],
            [
              121.915,
              -3.685
            ],
            [
              121.915,
              -3.695
            ]
          ]
        ]
      }
    },
    {
      "type": "Feature",
      "properties": {
        "grid_id": "KON228",
        "site": "konawe",
        "location_label": "Konawe Abuki High Inland Mountain Ridge - Sulawesi Tenggara greenfield nickel laterite",
        "lithology": "peridotite_simulated",
        "slope_deg": 18.3,
        "distance_to_river_m": 675,
        "distance_to_road_m": 5212,
        "distance_to_settlement_m": 11376,
        "legal_status": "conditional",
        "distance_to_smelter_km": 30.8,
        "area_ha": 1.23,
        "region_id": "NW",
        "fe_oxide_index": 2.664,
        "clay_index": 1.913,
        "ndvi_stress_index": 0.251,
        "tmi_structural_nT": 45265.5,
        "tmi_anomaly_nT": 265.5,
        "elevation_mdpl": 465.1,
        "geochem_assay_ratio": 2.11
      },
      "geometry": {
        "type": "Polygon",
        "coordinates": [
          [
            [
              121.925,
              -3.695
            ],
            [
              121.935,
              -3.695
            ],
            [
              121.935,
              -3.685
            ],
            [
              121.925,
              -3.685
            ],
            [
              121.925,
              -3.695
            ]
          ]
        ]
      }
    },
    {
      "type": "Feature",
      "properties": {
        "grid_id": "KON229",
        "site": "konawe",
        "location_label": "Konawe Abuki High Inland Mountain Ridge - Sulawesi Tenggara greenfield nickel laterite",
        "lithology": "peridotite_simulated",
        "slope_deg": 8.3,
        "distance_to_river_m": 1272,
        "distance_to_road_m": 2360,
        "distance_to_settlement_m": 6802,
        "legal_status": "conditional",
        "distance_to_smelter_km": 27.3,
        "area_ha": 1.23,
        "region_id": "NW",
        "fe_oxide_index": 2.174,
        "clay_index": 2.05,
        "ndvi_stress_index": 0.19,
        "tmi_structural_nT": 45699.8,
        "tmi_anomaly_nT": 699.8,
        "elevation_mdpl": 446.2,
        "geochem_assay_ratio": 2.61
      },
      "geometry": {
        "type": "Polygon",
        "coordinates": [
          [
            [
              121.935,
              -3.695
            ],
            [
              121.945,
              -3.695
            ],
            [
              121.945,
              -3.685
            ],
            [
              121.935,
              -3.685
            ],
            [
              121.935,
              -3.695
            ]
          ]
        ]
      }
    },
    {
      "type": "Feature",
      "properties": {
        "grid_id": "KON230",
        "site": "konawe",
        "location_label": "Konawe Abuki High Inland Mountain Ridge - Sulawesi Tenggara greenfield nickel laterite",
        "lithology": "serpentinite_simulated",
        "slope_deg": 8.7,
        "distance_to_river_m": 1988,
        "distance_to_road_m": 4979,
        "distance_to_settlement_m": 8566,
        "legal_status": "conditional",
        "distance_to_smelter_km": 24.9,
        "area_ha": 1.23,
        "region_id": "NW",
        "fe_oxide_index": 2.053,
        "clay_index": 1.987,
        "ndvi_stress_index": 0.355,
        "tmi_structural_nT": 46073.8,
        "tmi_anomaly_nT": 1073.8,
        "elevation_mdpl": 427.0,
        "geochem_assay_ratio": 1.87
      },
      "geometry": {
        "type": "Polygon",
        "coordinates": [
          [
            [
              121.945,
              -3.695
            ],
            [
              121.955,
              -3.695
            ],
            [
              121.955,
              -3.685
            ],
            [
              121.945,
              -3.685
            ],
            [
              121.945,
              -3.695
            ]
          ]
        ]
      }
    },
    {
      "type": "Feature",
      "properties": {
        "grid_id": "KON231",
        "site": "konawe",
        "location_label": "Konawe Abuki High Inland Mountain Ridge - Sulawesi Tenggara greenfield nickel laterite",
        "lithology": "serpentinite_simulated",
        "slope_deg": 16.3,
        "distance_to_river_m": 3026,
        "distance_to_road_m": 2213,
        "distance_to_settlement_m": 12102,
        "legal_status": "conditional",
        "distance_to_smelter_km": 24.9,
        "area_ha": 1.23,
        "region_id": "NE",
        "fe_oxide_index": 2.27,
        "clay_index": 2.166,
        "ndvi_stress_index": 0.337,
        "tmi_structural_nT": 46024.1,
        "tmi_anomaly_nT": 1024.1,
        "elevation_mdpl": 399.0,
        "geochem_assay_ratio": 2.03
      },
      "geometry": {
        "type": "Polygon",
        "coordinates": [
          [
            [
              121.955,
              -3.695
            ],
            [
              121.965,
              -3.695
            ],
            [
              121.965,
              -3.685
            ],
            [
              121.955,
              -3.685
            ],
            [
              121.955,
              -3.695
            ]
          ]
        ]
      }
    },
    {
      "type": "Feature",
      "properties": {
        "grid_id": "KON232",
        "site": "konawe",
        "location_label": "Konawe Abuki High Inland Mountain Ridge - Sulawesi Tenggara greenfield nickel laterite",
        "lithology": "serpentinite_simulated",
        "slope_deg": 18.7,
        "distance_to_river_m": 1141,
        "distance_to_road_m": 2290,
        "distance_to_settlement_m": 5370,
        "legal_status": "conditional",
        "distance_to_smelter_km": 27.3,
        "area_ha": 1.23,
        "region_id": "NE",
        "fe_oxide_index": 2.143,
        "clay_index": 1.991,
        "ndvi_stress_index": 0.335,
        "tmi_structural_nT": 45779.0,
        "tmi_anomaly_nT": 779.0,
        "elevation_mdpl": 476.9,
        "geochem_assay_ratio": 3.07
      },
      "geometry": {
        "type": "Polygon",
        "coordinates": [
          [
            [
              121.965,
              -3.695
            ],
            [
              121.975,
              -3.695
            ],
            [
              121.975,
              -3.685
            ],
            [
              121.965,
              -3.685
            ],
            [
              121.965,
              -3.695
            ]
          ]
        ]
      }
    },
    {
      "type": "Feature",
      "properties": {
        "grid_id": "KON233",
        "site": "konawe",
        "location_label": "Konawe Abuki High Inland Mountain Ridge - Sulawesi Tenggara greenfield nickel laterite",
        "lithology": "mafic_volcanic_simulated",
        "slope_deg": 11.2,
        "distance_to_river_m": 1076,
        "distance_to_road_m": 4110,
        "distance_to_settlement_m": 14097,
        "legal_status": "conditional",
        "distance_to_smelter_km": 30.8,
        "area_ha": 1.23,
        "region_id": "NE",
        "fe_oxide_index": 1.609,
        "clay_index": 1.347,
        "ndvi_stress_index": 0.63,
        "tmi_structural_nT": 45200.4,
        "tmi_anomaly_nT": 200.4,
        "elevation_mdpl": 412.6,
        "geochem_assay_ratio": 4.32
      },
      "geometry": {
        "type": "Polygon",
        "coordinates": [
          [
            [
              121.975,
              -3.695
            ],
            [
              121.985,
              -3.695
            ],
            [
              121.985,
              -3.685
            ],
            [
              121.975,
              -3.685
            ],
            [
              121.975,
              -3.695
            ]
          ]
        ]
      }
    },
    {
      "type": "Feature",
      "properties": {
        "grid_id": "KON234",
        "site": "konawe",
        "location_label": "Konawe Abuki High Inland Mountain Ridge - Sulawesi Tenggara greenfield nickel laterite",
        "lithology": "ultramafic_simulated",
        "slope_deg": 12.1,
        "distance_to_river_m": 660,
        "distance_to_road_m": 2875,
        "distance_to_settlement_m": 14346,
        "legal_status": "conditional",
        "distance_to_smelter_km": 34.7,
        "area_ha": 1.23,
        "region_id": "NE",
        "fe_oxide_index": 2.138,
        "clay_index": 1.936,
        "ndvi_stress_index": 0.352,
        "tmi_structural_nT": 46052.5,
        "tmi_anomaly_nT": 1052.5,
        "elevation_mdpl": 402.7,
        "geochem_assay_ratio": 1.84
      },
      "geometry": {
        "type": "Polygon",
        "coordinates": [
          [
            [
              121.985,
              -3.695
            ],
            [
              121.995,
              -3.695
            ],
            [
              121.995,
              -3.685
            ],
            [
              121.985,
              -3.685
            ],
            [
              121.985,
              -3.695
            ]
          ]
        ]
      }
    },
    {
      "type": "Feature",
      "properties": {
        "grid_id": "KON235",
        "site": "konawe",
        "location_label": "Konawe Abuki High Inland Mountain Ridge - Sulawesi Tenggara greenfield nickel laterite",
        "lithology": "mafic_volcanic_simulated",
        "slope_deg": 14.3,
        "distance_to_river_m": 1545,
        "distance_to_road_m": 3476,
        "distance_to_settlement_m": 8474,
        "legal_status": "conditional",
        "distance_to_smelter_km": 38.8,
        "area_ha": 1.23,
        "region_id": "NE",
        "fe_oxide_index": 1.636,
        "clay_index": 1.254,
        "ndvi_stress_index": 0.672,
        "tmi_structural_nT": 44737.5,
        "tmi_anomaly_nT": -262.5,
        "elevation_mdpl": 413.0,
        "geochem_assay_ratio": 5.87
      },
      "geometry": {
        "type": "Polygon",
        "coordinates": [
          [
            [
              121.995,
              -3.695
            ],
            [
              122.005,
              -3.695
            ],
            [
              122.005,
              -3.685
            ],
            [
              121.995,
              -3.685
            ],
            [
              121.995,
              -3.695
            ]
          ]
        ]
      }
    },
    {
      "type": "Feature",
      "properties": {
        "grid_id": "KON236",
        "site": "konawe",
        "location_label": "Konawe Abuki High Inland Mountain Ridge - Sulawesi Tenggara greenfield nickel laterite",
        "lithology": "alluvium",
        "slope_deg": 9.5,
        "distance_to_river_m": 608,
        "distance_to_road_m": 4977,
        "distance_to_settlement_m": 6723,
        "legal_status": "conditional",
        "distance_to_smelter_km": 42.9,
        "area_ha": 1.23,
        "region_id": "NE",
        "fe_oxide_index": 1.684,
        "clay_index": 1.267,
        "ndvi_stress_index": 0.638,
        "tmi_structural_nT": 45278.4,
        "tmi_anomaly_nT": 278.4,
        "elevation_mdpl": 459.8,
        "geochem_assay_ratio": 4.01
      },
      "geometry": {
        "type": "Polygon",
        "coordinates": [
          [
            [
              122.005,
              -3.695
            ],
            [
              122.015,
              -3.695
            ],
            [
              122.015,
              -3.685
            ],
            [
              122.005,
              -3.685
            ],
            [
              122.005,
              -3.695
            ]
          ]
        ]
      }
    },
    {
      "type": "Feature",
      "properties": {
        "grid_id": "KON237",
        "site": "konawe",
        "location_label": "Konawe Abuki High Inland Mountain Ridge - Sulawesi Tenggara greenfield nickel laterite",
        "lithology": "serpentinite_simulated",
        "slope_deg": 16.2,
        "distance_to_river_m": 3112,
        "distance_to_road_m": 6036,
        "distance_to_settlement_m": 10452,
        "legal_status": "conditional",
        "distance_to_smelter_km": 47.2,
        "area_ha": 1.23,
        "region_id": "NE",
        "fe_oxide_index": 2.535,
        "clay_index": 1.692,
        "ndvi_stress_index": 0.348,
        "tmi_structural_nT": 45427.9,
        "tmi_anomaly_nT": 427.9,
        "elevation_mdpl": 397.2,
        "geochem_assay_ratio": 2.2
      },
      "geometry": {
        "type": "Polygon",
        "coordinates": [
          [
            [
              122.015,
              -3.695
            ],
            [
              122.025,
              -3.695
            ],
            [
              122.025,
              -3.685
            ],
            [
              122.015,
              -3.685
            ],
            [
              122.015,
              -3.695
            ]
          ]
        ]
      }
    },
    {
      "type": "Feature",
      "properties": {
        "grid_id": "KON238",
        "site": "konawe",
        "location_label": "Konawe Abuki High Inland Mountain Ridge - Sulawesi Tenggara greenfield nickel laterite",
        "lithology": "serpentinite_simulated",
        "slope_deg": 8.0,
        "distance_to_river_m": 3176,
        "distance_to_road_m": 4004,
        "distance_to_settlement_m": 9645,
        "legal_status": "conditional",
        "distance_to_smelter_km": 51.5,
        "area_ha": 1.23,
        "region_id": "NE",
        "fe_oxide_index": 1.928,
        "clay_index": 2.178,
        "ndvi_stress_index": 0.248,
        "tmi_structural_nT": 45287.8,
        "tmi_anomaly_nT": 287.8,
        "elevation_mdpl": 435.3,
        "geochem_assay_ratio": 1.4
      },
      "geometry": {
        "type": "Polygon",
        "coordinates": [
          [
            [
              122.025,
              -3.695
            ],
            [
              122.035,
              -3.695
            ],
            [
              122.035,
              -3.685
            ],
            [
              122.025,
              -3.685
            ],
            [
              122.025,
              -3.695
            ]
          ]
        ]
      }
    },
    {
      "type": "Feature",
      "properties": {
        "grid_id": "KON239",
        "site": "konawe",
        "location_label": "Konawe Abuki High Inland Mountain Ridge - Sulawesi Tenggara greenfield nickel laterite",
        "lithology": "serpentinite_simulated",
        "slope_deg": 10.3,
        "distance_to_river_m": 739,
        "distance_to_road_m": 2890,
        "distance_to_settlement_m": 5822,
        "legal_status": "conditional",
        "distance_to_smelter_km": 55.8,
        "area_ha": 1.23,
        "region_id": "NE",
        "fe_oxide_index": 2.024,
        "clay_index": 1.935,
        "ndvi_stress_index": 0.237,
        "tmi_structural_nT": 45790.4,
        "tmi_anomaly_nT": 790.4,
        "elevation_mdpl": 394.2,
        "geochem_assay_ratio": 1.9
      },
      "geometry": {
        "type": "Polygon",
        "coordinates": [
          [
            [
              122.035,
              -3.695
            ],
            [
              122.045,
              -3.695
            ],
            [
              122.045,
              -3.685
            ],
            [
              122.035,
              -3.685
            ],
            [
              122.035,
              -3.695
            ]
          ]
        ]
      }
    },
    {
      "type": "Feature",
      "properties": {
        "grid_id": "KON240",
        "site": "konawe",
        "location_label": "Konawe Abuki High Inland Mountain Ridge - Sulawesi Tenggara greenfield nickel laterite",
        "lithology": "alluvium",
        "slope_deg": 8.8,
        "distance_to_river_m": 2438,
        "distance_to_road_m": 5859,
        "distance_to_settlement_m": 6271,
        "legal_status": "conditional",
        "distance_to_smelter_km": 60.1,
        "area_ha": 1.23,
        "region_id": "NE",
        "fe_oxide_index": 1.368,
        "clay_index": 1.303,
        "ndvi_stress_index": 0.531,
        "tmi_structural_nT": 44431.2,
        "tmi_anomaly_nT": -568.8,
        "elevation_mdpl": 426.5,
        "geochem_assay_ratio": 4.13
      },
      "geometry": {
        "type": "Polygon",
        "coordinates": [
          [
            [
              122.045,
              -3.695
            ],
            [
              122.055,
              -3.695
            ],
            [
              122.055,
              -3.685
            ],
            [
              122.045,
              -3.685
            ],
            [
              122.045,
              -3.695
            ]
          ]
        ]
      }
    },
    {
      "type": "Feature",
      "properties": {
        "grid_id": "KON241",
        "site": "konawe",
        "location_label": "Konawe Abuki High Inland Mountain Ridge - Sulawesi Tenggara greenfield nickel laterite",
        "lithology": "serpentinite_simulated",
        "slope_deg": 14.9,
        "distance_to_river_m": 1713,
        "distance_to_road_m": 2536,
        "distance_to_settlement_m": 4088,
        "legal_status": "conditional",
        "distance_to_smelter_km": 61.0,
        "area_ha": 1.23,
        "region_id": "NW",
        "fe_oxide_index": 2.76,
        "clay_index": 2.17,
        "ndvi_stress_index": 0.348,
        "tmi_structural_nT": 45619.7,
        "tmi_anomaly_nT": 619.7,
        "elevation_mdpl": 393.2,
        "geochem_assay_ratio": 3.0
      },
      "geometry": {
        "type": "Polygon",
        "coordinates": [
          [
            [
              121.855,
              -3.685
            ],
            [
              121.865,
              -3.685
            ],
            [
              121.865,
              -3.675
            ],
            [
              121.855,
              -3.675
            ],
            [
              121.855,
              -3.685
            ]
          ]
        ]
      }
    },
    {
      "type": "Feature",
      "properties": {
        "grid_id": "KON242",
        "site": "konawe",
        "location_label": "Konawe Abuki High Inland Mountain Ridge - Sulawesi Tenggara greenfield nickel laterite",
        "lithology": "peridotite_simulated",
        "slope_deg": 12.1,
        "distance_to_river_m": 364,
        "distance_to_road_m": 4206,
        "distance_to_settlement_m": 12778,
        "legal_status": "allowed",
        "distance_to_smelter_km": 56.8,
        "area_ha": 1.23,
        "region_id": "NW",
        "fe_oxide_index": 2.846,
        "clay_index": 1.738,
        "ndvi_stress_index": 0.373,
        "tmi_structural_nT": 45270.4,
        "tmi_anomaly_nT": 270.4,
        "elevation_mdpl": 437.4,
        "geochem_assay_ratio": 1.94
      },
      "geometry": {
        "type": "Polygon",
        "coordinates": [
          [
            [
              121.865,
              -3.685
            ],
            [
              121.875,
              -3.685
            ],
            [
              121.875,
              -3.675
            ],
            [
              121.865,
              -3.675
            ],
            [
              121.865,
              -3.685
            ]
          ]
        ]
      }
    },
    {
      "type": "Feature",
      "properties": {
        "grid_id": "KON243",
        "site": "konawe",
        "location_label": "Konawe Abuki High Inland Mountain Ridge - Sulawesi Tenggara greenfield nickel laterite",
        "lithology": "ultramafic_simulated",
        "slope_deg": 13.0,
        "distance_to_river_m": 3037,
        "distance_to_road_m": 2619,
        "distance_to_settlement_m": 12848,
        "legal_status": "allowed",
        "distance_to_smelter_km": 52.6,
        "area_ha": 1.23,
        "region_id": "NW",
        "fe_oxide_index": 2.594,
        "clay_index": 1.766,
        "ndvi_stress_index": 0.321,
        "tmi_structural_nT": 45984.6,
        "tmi_anomaly_nT": 984.6,
        "elevation_mdpl": 428.3,
        "geochem_assay_ratio": 1.43
      },
      "geometry": {
        "type": "Polygon",
        "coordinates": [
          [
            [
              121.875,
              -3.685
            ],
            [
              121.885,
              -3.685
            ],
            [
              121.885,
              -3.675
            ],
            [
              121.875,
              -3.675
            ],
            [
              121.875,
              -3.685
            ]
          ]
        ]
      }
    },
    {
      "type": "Feature",
      "properties": {
        "grid_id": "KON244",
        "site": "konawe",
        "location_label": "Konawe Abuki High Inland Mountain Ridge - Sulawesi Tenggara greenfield nickel laterite",
        "lithology": "serpentinite_simulated",
        "slope_deg": 12.4,
        "distance_to_river_m": 1009,
        "distance_to_road_m": 4398,
        "distance_to_settlement_m": 6886,
        "legal_status": "allowed",
        "distance_to_smelter_km": 48.5,
        "area_ha": 1.23,
        "region_id": "NW",
        "fe_oxide_index": 1.931,
        "clay_index": 2.058,
        "ndvi_stress_index": 0.356,
        "tmi_structural_nT": 45368.4,
        "tmi_anomaly_nT": 368.4,
        "elevation_mdpl": 408.9,
        "geochem_assay_ratio": 2.97
      },
      "geometry": {
        "type": "Polygon",
        "coordinates": [
          [
            [
              121.885,
              -3.685
            ],
            [
              121.895,
              -3.685
            ],
            [
              121.895,
              -3.675
            ],
            [
              121.885,
              -3.675
            ],
            [
              121.885,
              -3.685
            ]
          ]
        ]
      }
    },
    {
      "type": "Feature",
      "properties": {
        "grid_id": "KON245",
        "site": "konawe",
        "location_label": "Konawe Abuki High Inland Mountain Ridge - Sulawesi Tenggara greenfield nickel laterite",
        "lithology": "peridotite_simulated",
        "slope_deg": 12.7,
        "distance_to_river_m": 2270,
        "distance_to_road_m": 3875,
        "distance_to_settlement_m": 4978,
        "legal_status": "allowed",
        "distance_to_smelter_km": 44.4,
        "area_ha": 1.23,
        "region_id": "NW",
        "fe_oxide_index": 2.652,
        "clay_index": 1.79,
        "ndvi_stress_index": 0.18,
        "tmi_structural_nT": 45357.9,
        "tmi_anomaly_nT": 357.9,
        "elevation_mdpl": 465.9,
        "geochem_assay_ratio": 2.04
      },
      "geometry": {
        "type": "Polygon",
        "coordinates": [
          [
            [
              121.895,
              -3.685
            ],
            [
              121.905,
              -3.685
            ],
            [
              121.905,
              -3.675
            ],
            [
              121.895,
              -3.675
            ],
            [
              121.895,
              -3.685
            ]
          ]
        ]
      }
    },
    {
      "type": "Feature",
      "properties": {
        "grid_id": "KON246",
        "site": "konawe",
        "location_label": "Konawe Abuki High Inland Mountain Ridge - Sulawesi Tenggara greenfield nickel laterite",
        "lithology": "serpentinite_simulated",
        "slope_deg": 12.2,
        "distance_to_river_m": 858,
        "distance_to_road_m": 2055,
        "distance_to_settlement_m": 6902,
        "legal_status": "allowed",
        "distance_to_smelter_km": 40.5,
        "area_ha": 1.23,
        "region_id": "NW",
        "fe_oxide_index": 2.003,
        "clay_index": 1.915,
        "ndvi_stress_index": 0.394,
        "tmi_structural_nT": 45938.7,
        "tmi_anomaly_nT": 938.7,
        "elevation_mdpl": 385.0,
        "geochem_assay_ratio": 3.16
      },
      "geometry": {
        "type": "Polygon",
        "coordinates": [
          [
            [
              121.905,
              -3.685
            ],
            [
              121.915,
              -3.685
            ],
            [
              121.915,
              -3.675
            ],
            [
              121.905,
              -3.675
            ],
            [
              121.905,
              -3.685
            ]
          ]
        ]
      }
    },
    {
      "type": "Feature",
      "properties": {
        "grid_id": "KON247",
        "site": "konawe",
        "location_label": "Konawe Abuki High Inland Mountain Ridge - Sulawesi Tenggara greenfield nickel laterite",
        "lithology": "peridotite_simulated",
        "slope_deg": 17.1,
        "distance_to_river_m": 2350,
        "distance_to_road_m": 3544,
        "distance_to_settlement_m": 6838,
        "legal_status": "conditional",
        "distance_to_smelter_km": 36.8,
        "area_ha": 1.23,
        "region_id": "NW",
        "fe_oxide_index": 2.531,
        "clay_index": 2.055,
        "ndvi_stress_index": 0.4,
        "tmi_structural_nT": 45657.5,
        "tmi_anomaly_nT": 657.5,
        "elevation_mdpl": 430.1,
        "geochem_assay_ratio": 2.0
      },
      "geometry": {
        "type": "Polygon",
        "coordinates": [
          [
            [
              121.915,
              -3.685
            ],
            [
              121.925,
              -3.685
            ],
            [
              121.925,
              -3.675
            ],
            [
              121.915,
              -3.675
            ],
            [
              121.915,
              -3.685
            ]
          ]
        ]
      }
    },
    {
      "type": "Feature",
      "properties": {
        "grid_id": "KON248",
        "site": "konawe",
        "location_label": "Konawe Abuki High Inland Mountain Ridge - Sulawesi Tenggara greenfield nickel laterite",
        "lithology": "ultramafic_simulated",
        "slope_deg": 17.7,
        "distance_to_river_m": 2349,
        "distance_to_road_m": 4522,
        "distance_to_settlement_m": 11618,
        "legal_status": "conditional",
        "distance_to_smelter_km": 33.5,
        "area_ha": 1.23,
        "region_id": "NW",
        "fe_oxide_index": 1.854,
        "clay_index": 2.397,
        "ndvi_stress_index": 0.311,
        "tmi_structural_nT": 45833.9,
        "tmi_anomaly_nT": 833.9,
        "elevation_mdpl": 462.4,
        "geochem_assay_ratio": 2.81
      },
      "geometry": {
        "type": "Polygon",
        "coordinates": [
          [
            [
              121.925,
              -3.685
            ],
            [
              121.935,
              -3.685
            ],
            [
              121.935,
              -3.675
            ],
            [
              121.925,
              -3.675
            ],
            [
              121.925,
              -3.685
            ]
          ]
        ]
      }
    },
    {
      "type": "Feature",
      "properties": {
        "grid_id": "KON249",
        "site": "konawe",
        "location_label": "Konawe Abuki High Inland Mountain Ridge - Sulawesi Tenggara greenfield nickel laterite",
        "lithology": "serpentinite_simulated",
        "slope_deg": 15.5,
        "distance_to_river_m": 382,
        "distance_to_road_m": 2085,
        "distance_to_settlement_m": 11034,
        "legal_status": "conditional",
        "distance_to_smelter_km": 30.8,
        "area_ha": 1.23,
        "region_id": "NW",
        "fe_oxide_index": 2.262,
        "clay_index": 2.439,
        "ndvi_stress_index": 0.365,
        "tmi_structural_nT": 45721.0,
        "tmi_anomaly_nT": 721.0,
        "elevation_mdpl": 438.9,
        "geochem_assay_ratio": 1.88
      },
      "geometry": {
        "type": "Polygon",
        "coordinates": [
          [
            [
              121.935,
              -3.685
            ],
            [
              121.945,
              -3.685
            ],
            [
              121.945,
              -3.675
            ],
            [
              121.935,
              -3.675
            ],
            [
              121.935,
              -3.685
            ]
          ]
        ]
      }
    },
    {
      "type": "Feature",
      "properties": {
        "grid_id": "KON250",
        "site": "konawe",
        "location_label": "Konawe Abuki High Inland Mountain Ridge - Sulawesi Tenggara greenfield nickel laterite",
        "lithology": "alluvium",
        "slope_deg": 15.9,
        "distance_to_river_m": 2454,
        "distance_to_road_m": 3037,
        "distance_to_settlement_m": 9575,
        "legal_status": "conditional",
        "distance_to_smelter_km": 29.2,
        "area_ha": 1.23,
        "region_id": "NW",
        "fe_oxide_index": 1.22,
        "clay_index": 1.039,
        "ndvi_stress_index": 0.674,
        "tmi_structural_nT": 44893.6,
        "tmi_anomaly_nT": -106.4,
        "elevation_mdpl": 410.7,
        "geochem_assay_ratio": 4.14
      },
      "geometry": {
        "type": "Polygon",
        "coordinates": [
          [
            [
              121.945,
              -3.685
            ],
            [
              121.955,
              -3.685
            ],
            [
              121.955,
              -3.675
            ],
            [
              121.945,
              -3.675
            ],
            [
              121.945,
              -3.685
            ]
          ]
        ]
      }
    },
    {
      "type": "Feature",
      "properties": {
        "grid_id": "KON251",
        "site": "konawe",
        "location_label": "Konawe Abuki High Inland Mountain Ridge - Sulawesi Tenggara greenfield nickel laterite",
        "lithology": "serpentinite_simulated",
        "slope_deg": 15.8,
        "distance_to_river_m": 943,
        "distance_to_road_m": 3424,
        "distance_to_settlement_m": 7277,
        "legal_status": "conditional",
        "distance_to_smelter_km": 29.2,
        "area_ha": 1.23,
        "region_id": "NE",
        "fe_oxide_index": 2.1,
        "clay_index": 1.91,
        "ndvi_stress_index": 0.181,
        "tmi_structural_nT": 45129.8,
        "tmi_anomaly_nT": 129.8,
        "elevation_mdpl": 424.8,
        "geochem_assay_ratio": 2.88
      },
      "geometry": {
        "type": "Polygon",
        "coordinates": [
          [
            [
              121.955,
              -3.685
            ],
            [
              121.965,
              -3.685
            ],
            [
              121.965,
              -3.675
            ],
            [
              121.955,
              -3.675
            ],
            [
              121.955,
              -3.685
            ]
          ]
        ]
      }
    },
    {
      "type": "Feature",
      "properties": {
        "grid_id": "KON252",
        "site": "konawe",
        "location_label": "Konawe Abuki High Inland Mountain Ridge - Sulawesi Tenggara greenfield nickel laterite",
        "lithology": "serpentinite_simulated",
        "slope_deg": 8.3,
        "distance_to_river_m": 918,
        "distance_to_road_m": 3165,
        "distance_to_settlement_m": 11271,
        "legal_status": "conditional",
        "distance_to_smelter_km": 30.8,
        "area_ha": 1.23,
        "region_id": "NE",
        "fe_oxide_index": 2.376,
        "clay_index": 2.022,
        "ndvi_stress_index": 0.306,
        "tmi_structural_nT": 45881.4,
        "tmi_anomaly_nT": 881.4,
        "elevation_mdpl": 444.3,
        "geochem_assay_ratio": 2.72
      },
      "geometry": {
        "type": "Polygon",
        "coordinates": [
          [
            [
              121.965,
              -3.685
            ],
            [
              121.975,
              -3.685
            ],
            [
              121.975,
              -3.675
            ],
            [
              121.965,
              -3.675
            ],
            [
              121.965,
              -3.685
            ]
          ]
        ]
      }
    },
    {
      "type": "Feature",
      "properties": {
        "grid_id": "KON253",
        "site": "konawe",
        "location_label": "Konawe Abuki High Inland Mountain Ridge - Sulawesi Tenggara greenfield nickel laterite",
        "lithology": "peridotite_simulated",
        "slope_deg": 10.2,
        "distance_to_river_m": 3055,
        "distance_to_road_m": 5244,
        "distance_to_settlement_m": 8861,
        "legal_status": "conditional",
        "distance_to_smelter_km": 33.5,
        "area_ha": 1.23,
        "region_id": "NE",
        "fe_oxide_index": 2.406,
        "clay_index": 1.934,
        "ndvi_stress_index": 0.299,
        "tmi_structural_nT": 45655.5,
        "tmi_anomaly_nT": 655.5,
        "elevation_mdpl": 438.2,
        "geochem_assay_ratio": 1.62
      },
      "geometry": {
        "type": "Polygon",
        "coordinates": [
          [
            [
              121.975,
              -3.685
            ],
            [
              121.985,
              -3.685
            ],
            [
              121.985,
              -3.675
            ],
            [
              121.975,
              -3.675
            ],
            [
              121.975,
              -3.685
            ]
          ]
        ]
      }
    },
    {
      "type": "Feature",
      "properties": {
        "grid_id": "KON254",
        "site": "konawe",
        "location_label": "Konawe Abuki High Inland Mountain Ridge - Sulawesi Tenggara greenfield nickel laterite",
        "lithology": "peridotite_simulated",
        "slope_deg": 10.3,
        "distance_to_river_m": 2112,
        "distance_to_road_m": 5915,
        "distance_to_settlement_m": 9815,
        "legal_status": "conditional",
        "distance_to_smelter_km": 36.8,
        "area_ha": 1.23,
        "region_id": "NE",
        "fe_oxide_index": 2.113,
        "clay_index": 2.38,
        "ndvi_stress_index": 0.276,
        "tmi_structural_nT": 45338.8,
        "tmi_anomaly_nT": 338.8,
        "elevation_mdpl": 409.5,
        "geochem_assay_ratio": 2.55
      },
      "geometry": {
        "type": "Polygon",
        "coordinates": [
          [
            [
              121.985,
              -3.685
            ],
            [
              121.995,
              -3.685
            ],
            [
              121.995,
              -3.675
            ],
            [
              121.985,
              -3.675
            ],
            [
              121.985,
              -3.685
            ]
          ]
        ]
      }
    },
    {
      "type": "Feature",
      "properties": {
        "grid_id": "KON255",
        "site": "konawe",
        "location_label": "Konawe Abuki High Inland Mountain Ridge - Sulawesi Tenggara greenfield nickel laterite",
        "lithology": "serpentinite_simulated",
        "slope_deg": 15.6,
        "distance_to_river_m": 1627,
        "distance_to_road_m": 2044,
        "distance_to_settlement_m": 14519,
        "legal_status": "conditional",
        "distance_to_smelter_km": 40.5,
        "area_ha": 1.23,
        "region_id": "NE",
        "fe_oxide_index": 2.738,
        "clay_index": 1.895,
        "ndvi_stress_index": 0.298,
        "tmi_structural_nT": 45170.7,
        "tmi_anomaly_nT": 170.7,
        "elevation_mdpl": 475.3,
        "geochem_assay_ratio": 2.39
      },
      "geometry": {
        "type": "Polygon",
        "coordinates": [
          [
            [
              121.995,
              -3.685
            ],
            [
              122.005,
              -3.685
            ],
            [
              122.005,
              -3.675
            ],
            [
              121.995,
              -3.675
            ],
            [
              121.995,
              -3.685
            ]
          ]
        ]
      }
    },
    {
      "type": "Feature",
      "properties": {
        "grid_id": "KON256",
        "site": "konawe",
        "location_label": "Konawe Abuki High Inland Mountain Ridge - Sulawesi Tenggara greenfield nickel laterite",
        "lithology": "serpentinite_simulated",
        "slope_deg": 10.0,
        "distance_to_river_m": 1374,
        "distance_to_road_m": 2246,
        "distance_to_settlement_m": 7445,
        "legal_status": "conditional",
        "distance_to_smelter_km": 44.4,
        "area_ha": 1.23,
        "region_id": "NE",
        "fe_oxide_index": 2.314,
        "clay_index": 1.752,
        "ndvi_stress_index": 0.301,
        "tmi_structural_nT": 45608.3,
        "tmi_anomaly_nT": 608.3,
        "elevation_mdpl": 403.1,
        "geochem_assay_ratio": 1.93
      },
      "geometry": {
        "type": "Polygon",
        "coordinates": [
          [
            [
              122.005,
              -3.685
            ],
            [
              122.015,
              -3.685
            ],
            [
              122.015,
              -3.675
            ],
            [
              122.005,
              -3.675
            ],
            [
              122.005,
              -3.685
            ]
          ]
        ]
      }
    },
    {
      "type": "Feature",
      "properties": {
        "grid_id": "KON257",
        "site": "konawe",
        "location_label": "Konawe Abuki High Inland Mountain Ridge - Sulawesi Tenggara greenfield nickel laterite",
        "lithology": "peridotite_simulated",
        "slope_deg": 8.1,
        "distance_to_river_m": 1157,
        "distance_to_road_m": 2311,
        "distance_to_settlement_m": 9692,
        "legal_status": "conditional",
        "distance_to_smelter_km": 48.5,
        "area_ha": 1.23,
        "region_id": "NE",
        "fe_oxide_index": 2.726,
        "clay_index": 2.335,
        "ndvi_stress_index": 0.28,
        "tmi_structural_nT": 45744.3,
        "tmi_anomaly_nT": 744.3,
        "elevation_mdpl": 433.6,
        "geochem_assay_ratio": 3.09
      },
      "geometry": {
        "type": "Polygon",
        "coordinates": [
          [
            [
              122.015,
              -3.685
            ],
            [
              122.025,
              -3.685
            ],
            [
              122.025,
              -3.675
            ],
            [
              122.015,
              -3.675
            ],
            [
              122.015,
              -3.685
            ]
          ]
        ]
      }
    },
    {
      "type": "Feature",
      "properties": {
        "grid_id": "KON258",
        "site": "konawe",
        "location_label": "Konawe Abuki High Inland Mountain Ridge - Sulawesi Tenggara greenfield nickel laterite",
        "lithology": "ultramafic_simulated",
        "slope_deg": 15.6,
        "distance_to_river_m": 698,
        "distance_to_road_m": 1809,
        "distance_to_settlement_m": 14230,
        "legal_status": "conditional",
        "distance_to_smelter_km": 52.6,
        "area_ha": 1.23,
        "region_id": "NE",
        "fe_oxide_index": 2.035,
        "clay_index": 2.295,
        "ndvi_stress_index": 0.21,
        "tmi_structural_nT": 45794.1,
        "tmi_anomaly_nT": 794.1,
        "elevation_mdpl": 397.7,
        "geochem_assay_ratio": 2.66
      },
      "geometry": {
        "type": "Polygon",
        "coordinates": [
          [
            [
              122.025,
              -3.685
            ],
            [
              122.035,
              -3.685
            ],
            [
              122.035,
              -3.675
            ],
            [
              122.025,
              -3.675
            ],
            [
              122.025,
              -3.685
            ]
          ]
        ]
      }
    },
    {
      "type": "Feature",
      "properties": {
        "grid_id": "KON259",
        "site": "konawe",
        "location_label": "Konawe Abuki High Inland Mountain Ridge - Sulawesi Tenggara greenfield nickel laterite",
        "lithology": "ultramafic_simulated",
        "slope_deg": 16.9,
        "distance_to_river_m": 637,
        "distance_to_road_m": 3372,
        "distance_to_settlement_m": 6591,
        "legal_status": "conditional",
        "distance_to_smelter_km": 56.8,
        "area_ha": 1.23,
        "region_id": "NE",
        "fe_oxide_index": 1.919,
        "clay_index": 2.091,
        "ndvi_stress_index": 0.344,
        "tmi_structural_nT": 45206.2,
        "tmi_anomaly_nT": 206.2,
        "elevation_mdpl": 471.9,
        "geochem_assay_ratio": 1.82
      },
      "geometry": {
        "type": "Polygon",
        "coordinates": [
          [
            [
              122.035,
              -3.685
            ],
            [
              122.045,
              -3.685
            ],
            [
              122.045,
              -3.675
            ],
            [
              122.035,
              -3.675
            ],
            [
              122.035,
              -3.685
            ]
          ]
        ]
      }
    },
    {
      "type": "Feature",
      "properties": {
        "grid_id": "KON260",
        "site": "konawe",
        "location_label": "Konawe Abuki High Inland Mountain Ridge - Sulawesi Tenggara greenfield nickel laterite",
        "lithology": "peridotite_simulated",
        "slope_deg": 15.5,
        "distance_to_river_m": 2560,
        "distance_to_road_m": 4742,
        "distance_to_settlement_m": 12200,
        "legal_status": "conditional",
        "distance_to_smelter_km": 61.0,
        "area_ha": 1.23,
        "region_id": "NE",
        "fe_oxide_index": 2.773,
        "clay_index": 2.202,
        "ndvi_stress_index": 0.398,
        "tmi_structural_nT": 45164.1,
        "tmi_anomaly_nT": 164.1,
        "elevation_mdpl": 446.1,
        "geochem_assay_ratio": 3.1
      },
      "geometry": {
        "type": "Polygon",
        "coordinates": [
          [
            [
              122.045,
              -3.685
            ],
            [
              122.055,
              -3.685
            ],
            [
              122.055,
              -3.675
            ],
            [
              122.045,
              -3.675
            ],
            [
              122.045,
              -3.685
            ]
          ]
        ]
      }
    },
    {
      "type": "Feature",
      "properties": {
        "grid_id": "KON261",
        "site": "konawe",
        "location_label": "Konawe Abuki High Inland Mountain Ridge - Sulawesi Tenggara greenfield nickel laterite",
        "lithology": "peridotite_simulated",
        "slope_deg": 16.4,
        "distance_to_river_m": 815,
        "distance_to_road_m": 5768,
        "distance_to_settlement_m": 7145,
        "legal_status": "conditional",
        "distance_to_smelter_km": 62.3,
        "area_ha": 1.23,
        "region_id": "NW",
        "fe_oxide_index": 2.814,
        "clay_index": 2.449,
        "ndvi_stress_index": 0.256,
        "tmi_structural_nT": 45716.9,
        "tmi_anomaly_nT": 716.9,
        "elevation_mdpl": 474.7,
        "geochem_assay_ratio": 1.48
      },
      "geometry": {
        "type": "Polygon",
        "coordinates": [
          [
            [
              121.855,
              -3.675
            ],
            [
              121.865,
              -3.675
            ],
            [
              121.865,
              -3.665
            ],
            [
              121.855,
              -3.665
            ],
            [
              121.855,
              -3.675
            ]
          ]
        ]
      }
    },
    {
      "type": "Feature",
      "properties": {
        "grid_id": "KON262",
        "site": "konawe",
        "location_label": "Konawe Abuki High Inland Mountain Ridge - Sulawesi Tenggara greenfield nickel laterite",
        "lithology": "peridotite_simulated",
        "slope_deg": 9.1,
        "distance_to_river_m": 1423,
        "distance_to_road_m": 3598,
        "distance_to_settlement_m": 9513,
        "legal_status": "allowed",
        "distance_to_smelter_km": 58.2,
        "area_ha": 1.23,
        "region_id": "NW",
        "fe_oxide_index": 2.511,
        "clay_index": 2.261,
        "ndvi_stress_index": 0.254,
        "tmi_structural_nT": 45497.6,
        "tmi_anomaly_nT": 497.6,
        "elevation_mdpl": 476.5,
        "geochem_assay_ratio": 1.44
      },
      "geometry": {
        "type": "Polygon",
        "coordinates": [
          [
            [
              121.865,
              -3.675
            ],
            [
              121.875,
              -3.675
            ],
            [
              121.875,
              -3.665
            ],
            [
              121.865,
              -3.665
            ],
            [
              121.865,
              -3.675
            ]
          ]
        ]
      }
    },
    {
      "type": "Feature",
      "properties": {
        "grid_id": "KON263",
        "site": "konawe",
        "location_label": "Konawe Abuki High Inland Mountain Ridge - Sulawesi Tenggara greenfield nickel laterite",
        "lithology": "serpentinite_simulated",
        "slope_deg": 10.3,
        "distance_to_river_m": 466,
        "distance_to_road_m": 5046,
        "distance_to_settlement_m": 11444,
        "legal_status": "allowed",
        "distance_to_smelter_km": 54.2,
        "area_ha": 1.23,
        "region_id": "NW",
        "fe_oxide_index": 2.215,
        "clay_index": 1.737,
        "ndvi_stress_index": 0.317,
        "tmi_structural_nT": 45694.9,
        "tmi_anomaly_nT": 694.9,
        "elevation_mdpl": 464.6,
        "geochem_assay_ratio": 1.77
      },
      "geometry": {
        "type": "Polygon",
        "coordinates": [
          [
            [
              121.875,
              -3.675
            ],
            [
              121.885,
              -3.675
            ],
            [
              121.885,
              -3.665
            ],
            [
              121.875,
              -3.665
            ],
            [
              121.875,
              -3.675
            ]
          ]
        ]
      }
    },
    {
      "type": "Feature",
      "properties": {
        "grid_id": "KON264",
        "site": "konawe",
        "location_label": "Konawe Abuki High Inland Mountain Ridge - Sulawesi Tenggara greenfield nickel laterite",
        "lithology": "peridotite_simulated",
        "slope_deg": 9.9,
        "distance_to_river_m": 1726,
        "distance_to_road_m": 6391,
        "distance_to_settlement_m": 14898,
        "legal_status": "allowed",
        "distance_to_smelter_km": 50.3,
        "area_ha": 1.23,
        "region_id": "NW",
        "fe_oxide_index": 2.7,
        "clay_index": 2.011,
        "ndvi_stress_index": 0.226,
        "tmi_structural_nT": 45524.1,
        "tmi_anomaly_nT": 524.1,
        "elevation_mdpl": 415.9,
        "geochem_assay_ratio": 1.54
      },
      "geometry": {
        "type": "Polygon",
        "coordinates": [
          [
            [
              121.885,
              -3.675
            ],
            [
              121.895,
              -3.675
            ],
            [
              121.895,
              -3.665
            ],
            [
              121.885,
              -3.665
            ],
            [
              121.885,
              -3.675
            ]
          ]
        ]
      }
    },
    {
      "type": "Feature",
      "properties": {
        "grid_id": "KON265",
        "site": "konawe",
        "location_label": "Konawe Abuki High Inland Mountain Ridge - Sulawesi Tenggara greenfield nickel laterite",
        "lithology": "peridotite_simulated",
        "slope_deg": 12.7,
        "distance_to_river_m": 3164,
        "distance_to_road_m": 5162,
        "distance_to_settlement_m": 8684,
        "legal_status": "allowed",
        "distance_to_smelter_km": 46.5,
        "area_ha": 1.23,
        "region_id": "NW",
        "fe_oxide_index": 2.491,
        "clay_index": 2.392,
        "ndvi_stress_index": 0.332,
        "tmi_structural_nT": 45291.9,
        "tmi_anomaly_nT": 291.9,
        "elevation_mdpl": 404.6,
        "geochem_assay_ratio": 1.99
      },
      "geometry": {
        "type": "Polygon",
        "coordinates": [
          [
            [
              121.895,
              -3.675
            ],
            [
              121.905,
              -3.675
            ],
            [
              121.905,
              -3.665
            ],
            [
              121.895,
              -3.665
            ],
            [
              121.895,
              -3.675
            ]
          ]
        ]
      }
    },
    {
      "type": "Feature",
      "properties": {
        "grid_id": "KON266",
        "site": "konawe",
        "location_label": "Konawe Abuki High Inland Mountain Ridge - Sulawesi Tenggara greenfield nickel laterite",
        "lithology": "ultramafic_simulated",
        "slope_deg": 11.7,
        "distance_to_river_m": 854,
        "distance_to_road_m": 5183,
        "distance_to_settlement_m": 13397,
        "legal_status": "allowed",
        "distance_to_smelter_km": 42.9,
        "area_ha": 1.23,
        "region_id": "NW",
        "fe_oxide_index": 1.9,
        "clay_index": 1.771,
        "ndvi_stress_index": 0.405,
        "tmi_structural_nT": 45731.7,
        "tmi_anomaly_nT": 731.7,
        "elevation_mdpl": 448.9,
        "geochem_assay_ratio": 2.8
      },
      "geometry": {
        "type": "Polygon",
        "coordinates": [
          [
            [
              121.905,
              -3.675
            ],
            [
              121.915,
              -3.675
            ],
            [
              121.915,
              -3.665
            ],
            [
              121.905,
              -3.665
            ],
            [
              121.905,
              -3.675
            ]
          ]
        ]
      }
    },
    {
      "type": "Feature",
      "properties": {
        "grid_id": "KON267",
        "site": "konawe",
        "location_label": "Konawe Abuki High Inland Mountain Ridge - Sulawesi Tenggara greenfield nickel laterite",
        "lithology": "serpentinite_simulated",
        "slope_deg": 10.0,
        "distance_to_river_m": 2112,
        "distance_to_road_m": 3809,
        "distance_to_settlement_m": 4932,
        "legal_status": "allowed",
        "distance_to_smelter_km": 39.7,
        "area_ha": 1.23,
        "region_id": "NW",
        "fe_oxide_index": 2.666,
        "clay_index": 1.702,
        "ndvi_stress_index": 0.287,
        "tmi_structural_nT": 45922.4,
        "tmi_anomaly_nT": 922.4,
        "elevation_mdpl": 446.1,
        "geochem_assay_ratio": 3.06
      },
      "geometry": {
        "type": "Polygon",
        "coordinates": [
          [
            [
              121.915,
              -3.675
            ],
            [
              121.925,
              -3.675
            ],
            [
              121.925,
              -3.665
            ],
            [
              121.915,
              -3.665
            ],
            [
              121.915,
              -3.675
            ]
          ]
        ]
      }
    },
    {
      "type": "Feature",
      "properties": {
        "grid_id": "KON268",
        "site": "konawe",
        "location_label": "Konawe Abuki High Inland Mountain Ridge - Sulawesi Tenggara greenfield nickel laterite",
        "lithology": "peridotite_simulated",
        "slope_deg": 15.8,
        "distance_to_river_m": 1419,
        "distance_to_road_m": 3123,
        "distance_to_settlement_m": 14973,
        "legal_status": "allowed",
        "distance_to_smelter_km": 36.8,
        "area_ha": 1.23,
        "region_id": "NW",
        "fe_oxide_index": 2.165,
        "clay_index": 2.05,
        "ndvi_stress_index": 0.349,
        "tmi_structural_nT": 45780.9,
        "tmi_anomaly_nT": 780.9,
        "elevation_mdpl": 467.0,
        "geochem_assay_ratio": 2.52
      },
      "geometry": {
        "type": "Polygon",
        "coordinates": [
          [
            [
              121.925,
              -3.675
            ],
            [
              121.935,
              -3.675
            ],
            [
              121.935,
              -3.665
            ],
            [
              121.925,
              -3.665
            ],
            [
              121.925,
              -3.675
            ]
          ]
        ]
      }
    },
    {
      "type": "Feature",
      "properties": {
        "grid_id": "KON269",
        "site": "konawe",
        "location_label": "Konawe Abuki High Inland Mountain Ridge - Sulawesi Tenggara greenfield nickel laterite",
        "lithology": "peridotite_simulated",
        "slope_deg": 15.4,
        "distance_to_river_m": 3175,
        "distance_to_road_m": 4426,
        "distance_to_settlement_m": 10632,
        "legal_status": "conditional",
        "distance_to_smelter_km": 34.7,
        "area_ha": 1.23,
        "region_id": "NW",
        "fe_oxide_index": 2.055,
        "clay_index": 1.691,
        "ndvi_stress_index": 0.409,
        "tmi_structural_nT": 46052.3,
        "tmi_anomaly_nT": 1052.3,
        "elevation_mdpl": 459.0,
        "geochem_assay_ratio": 1.41
      },
      "geometry": {
        "type": "Polygon",
        "coordinates": [
          [
            [
              121.935,
              -3.675
            ],
            [
              121.945,
              -3.675
            ],
            [
              121.945,
              -3.665
            ],
            [
              121.935,
              -3.665
            ],
            [
              121.935,
              -3.675
            ]
          ]
        ]
      }
    },
    {
      "type": "Feature",
      "properties": {
        "grid_id": "KON270",
        "site": "konawe",
        "location_label": "Konawe Abuki High Inland Mountain Ridge - Sulawesi Tenggara greenfield nickel laterite",
        "lithology": "ultramafic_simulated",
        "slope_deg": 17.2,
        "distance_to_river_m": 2736,
        "distance_to_road_m": 4791,
        "distance_to_settlement_m": 10906,
        "legal_status": "conditional",
        "distance_to_smelter_km": 33.5,
        "area_ha": 1.23,
        "region_id": "NW",
        "fe_oxide_index": 2.773,
        "clay_index": 1.736,
        "ndvi_stress_index": 0.2,
        "tmi_structural_nT": 45960.0,
        "tmi_anomaly_nT": 960.0,
        "elevation_mdpl": 418.5,
        "geochem_assay_ratio": 1.91
      },
      "geometry": {
        "type": "Polygon",
        "coordinates": [
          [
            [
              121.945,
              -3.675
            ],
            [
              121.955,
              -3.675
            ],
            [
              121.955,
              -3.665
            ],
            [
              121.945,
              -3.665
            ],
            [
              121.945,
              -3.675
            ]
          ]
        ]
      }
    },
    {
      "type": "Feature",
      "properties": {
        "grid_id": "KON271",
        "site": "konawe",
        "location_label": "Konawe Abuki High Inland Mountain Ridge - Sulawesi Tenggara greenfield nickel laterite",
        "lithology": "ultramafic_simulated",
        "slope_deg": 10.3,
        "distance_to_river_m": 692,
        "distance_to_road_m": 4699,
        "distance_to_settlement_m": 6291,
        "legal_status": "conditional",
        "distance_to_smelter_km": 33.5,
        "area_ha": 1.23,
        "region_id": "NE",
        "fe_oxide_index": 2.043,
        "clay_index": 2.286,
        "ndvi_stress_index": 0.303,
        "tmi_structural_nT": 45131.1,
        "tmi_anomaly_nT": 131.1,
        "elevation_mdpl": 401.4,
        "geochem_assay_ratio": 2.42
      },
      "geometry": {
        "type": "Polygon",
        "coordinates": [
          [
            [
              121.955,
              -3.675
            ],
            [
              121.965,
              -3.675
            ],
            [
              121.965,
              -3.665
            ],
            [
              121.955,
              -3.665
            ],
            [
              121.955,
              -3.675
            ]
          ]
        ]
      }
    },
    {
      "type": "Feature",
      "properties": {
        "grid_id": "KON272",
        "site": "konawe",
        "location_label": "Konawe Abuki High Inland Mountain Ridge - Sulawesi Tenggara greenfield nickel laterite",
        "lithology": "ultramafic_simulated",
        "slope_deg": 18.1,
        "distance_to_river_m": 903,
        "distance_to_road_m": 3439,
        "distance_to_settlement_m": 8019,
        "legal_status": "conditional",
        "distance_to_smelter_km": 34.7,
        "area_ha": 1.23,
        "region_id": "NE",
        "fe_oxide_index": 1.901,
        "clay_index": 1.996,
        "ndvi_stress_index": 0.275,
        "tmi_structural_nT": 45118.5,
        "tmi_anomaly_nT": 118.5,
        "elevation_mdpl": 395.6,
        "geochem_assay_ratio": 2.86
      },
      "geometry": {
        "type": "Polygon",
        "coordinates": [
          [
            [
              121.965,
              -3.675
            ],
            [
              121.975,
              -3.675
            ],
            [
              121.975,
              -3.665
            ],
            [
              121.965,
              -3.665
            ],
            [
              121.965,
              -3.675
            ]
          ]
        ]
      }
    },
    {
      "type": "Feature",
      "properties": {
        "grid_id": "KON273",
        "site": "konawe",
        "location_label": "Konawe Abuki High Inland Mountain Ridge - Sulawesi Tenggara greenfield nickel laterite",
        "lithology": "serpentinite_simulated",
        "slope_deg": 12.8,
        "distance_to_river_m": 873,
        "distance_to_road_m": 2918,
        "distance_to_settlement_m": 13059,
        "legal_status": "conditional",
        "distance_to_smelter_km": 36.8,
        "area_ha": 1.23,
        "region_id": "NE",
        "fe_oxide_index": 2.183,
        "clay_index": 2.3,
        "ndvi_stress_index": 0.227,
        "tmi_structural_nT": 45898.2,
        "tmi_anomaly_nT": 898.2,
        "elevation_mdpl": 444.3,
        "geochem_assay_ratio": 3.15
      },
      "geometry": {
        "type": "Polygon",
        "coordinates": [
          [
            [
              121.975,
              -3.675
            ],
            [
              121.985,
              -3.675
            ],
            [
              121.985,
              -3.665
            ],
            [
              121.975,
              -3.665
            ],
            [
              121.975,
              -3.675
            ]
          ]
        ]
      }
    },
    {
      "type": "Feature",
      "properties": {
        "grid_id": "KON274",
        "site": "konawe",
        "location_label": "Konawe Abuki High Inland Mountain Ridge - Sulawesi Tenggara greenfield nickel laterite",
        "lithology": "ultramafic_simulated",
        "slope_deg": 15.9,
        "distance_to_river_m": 1105,
        "distance_to_road_m": 2891,
        "distance_to_settlement_m": 9753,
        "legal_status": "conditional",
        "distance_to_smelter_km": 39.7,
        "area_ha": 1.23,
        "region_id": "NE",
        "fe_oxide_index": 2.802,
        "clay_index": 2.102,
        "ndvi_stress_index": 0.247,
        "tmi_structural_nT": 46081.6,
        "tmi_anomaly_nT": 1081.6,
        "elevation_mdpl": 409.4,
        "geochem_assay_ratio": 2.72
      },
      "geometry": {
        "type": "Polygon",
        "coordinates": [
          [
            [
              121.985,
              -3.675
            ],
            [
              121.995,
              -3.675
            ],
            [
              121.995,
              -3.665
            ],
            [
              121.985,
              -3.665
            ],
            [
              121.985,
              -3.675
            ]
          ]
        ]
      }
    },
    {
      "type": "Feature",
      "properties": {
        "grid_id": "KON275",
        "site": "konawe",
        "location_label": "Konawe Abuki High Inland Mountain Ridge - Sulawesi Tenggara greenfield nickel laterite",
        "lithology": "serpentinite_simulated",
        "slope_deg": 9.3,
        "distance_to_river_m": 2999,
        "distance_to_road_m": 3427,
        "distance_to_settlement_m": 9918,
        "legal_status": "conditional",
        "distance_to_smelter_km": 42.9,
        "area_ha": 1.23,
        "region_id": "NE",
        "fe_oxide_index": 2.026,
        "clay_index": 2.346,
        "ndvi_stress_index": 0.191,
        "tmi_structural_nT": 45215.1,
        "tmi_anomaly_nT": 215.1,
        "elevation_mdpl": 424.3,
        "geochem_assay_ratio": 2.07
      },
      "geometry": {
        "type": "Polygon",
        "coordinates": [
          [
            [
              121.995,
              -3.675
            ],
            [
              122.005,
              -3.675
            ],
            [
              122.005,
              -3.665
            ],
            [
              121.995,
              -3.665
            ],
            [
              121.995,
              -3.675
            ]
          ]
        ]
      }
    },
    {
      "type": "Feature",
      "properties": {
        "grid_id": "KON276",
        "site": "konawe",
        "location_label": "Konawe Abuki High Inland Mountain Ridge - Sulawesi Tenggara greenfield nickel laterite",
        "lithology": "serpentinite_simulated",
        "slope_deg": 15.4,
        "distance_to_river_m": 1421,
        "distance_to_road_m": 1999,
        "distance_to_settlement_m": 12391,
        "legal_status": "conditional",
        "distance_to_smelter_km": 46.5,
        "area_ha": 1.23,
        "region_id": "NE",
        "fe_oxide_index": 2.652,
        "clay_index": 2.299,
        "ndvi_stress_index": 0.294,
        "tmi_structural_nT": 45667.4,
        "tmi_anomaly_nT": 667.4,
        "elevation_mdpl": 425.2,
        "geochem_assay_ratio": 2.96
      },
      "geometry": {
        "type": "Polygon",
        "coordinates": [
          [
            [
              122.005,
              -3.675
            ],
            [
              122.015,
              -3.675
            ],
            [
              122.015,
              -3.665
            ],
            [
              122.005,
              -3.665
            ],
            [
              122.005,
              -3.675
            ]
          ]
        ]
      }
    },
    {
      "type": "Feature",
      "properties": {
        "grid_id": "KON277",
        "site": "konawe",
        "location_label": "Konawe Abuki High Inland Mountain Ridge - Sulawesi Tenggara greenfield nickel laterite",
        "lithology": "serpentinite_simulated",
        "slope_deg": 9.2,
        "distance_to_river_m": 2209,
        "distance_to_road_m": 5153,
        "distance_to_settlement_m": 11797,
        "legal_status": "conditional",
        "distance_to_smelter_km": 50.3,
        "area_ha": 1.23,
        "region_id": "NE",
        "fe_oxide_index": 2.52,
        "clay_index": 2.287,
        "ndvi_stress_index": 0.225,
        "tmi_structural_nT": 45708.1,
        "tmi_anomaly_nT": 708.1,
        "elevation_mdpl": 470.9,
        "geochem_assay_ratio": 2.99
      },
      "geometry": {
        "type": "Polygon",
        "coordinates": [
          [
            [
              122.015,
              -3.675
            ],
            [
              122.025,
              -3.675
            ],
            [
              122.025,
              -3.665
            ],
            [
              122.015,
              -3.665
            ],
            [
              122.015,
              -3.675
            ]
          ]
        ]
      }
    },
    {
      "type": "Feature",
      "properties": {
        "grid_id": "KON278",
        "site": "konawe",
        "location_label": "Konawe Abuki High Inland Mountain Ridge - Sulawesi Tenggara greenfield nickel laterite",
        "lithology": "peridotite_simulated",
        "slope_deg": 14.0,
        "distance_to_river_m": 594,
        "distance_to_road_m": 3251,
        "distance_to_settlement_m": 14333,
        "legal_status": "conditional",
        "distance_to_smelter_km": 54.2,
        "area_ha": 1.23,
        "region_id": "NE",
        "fe_oxide_index": 2.712,
        "clay_index": 1.961,
        "ndvi_stress_index": 0.352,
        "tmi_structural_nT": 45548.5,
        "tmi_anomaly_nT": 548.5,
        "elevation_mdpl": 472.0,
        "geochem_assay_ratio": 2.06
      },
      "geometry": {
        "type": "Polygon",
        "coordinates": [
          [
            [
              122.025,
              -3.675
            ],
            [
              122.035,
              -3.675
            ],
            [
              122.035,
              -3.665
            ],
            [
              122.025,
              -3.665
            ],
            [
              122.025,
              -3.675
            ]
          ]
        ]
      }
    },
    {
      "type": "Feature",
      "properties": {
        "grid_id": "KON279",
        "site": "konawe",
        "location_label": "Konawe Abuki High Inland Mountain Ridge - Sulawesi Tenggara greenfield nickel laterite",
        "lithology": "ultramafic_simulated",
        "slope_deg": 15.7,
        "distance_to_river_m": 2359,
        "distance_to_road_m": 2291,
        "distance_to_settlement_m": 7563,
        "legal_status": "conditional",
        "distance_to_smelter_km": 58.2,
        "area_ha": 1.23,
        "region_id": "NE",
        "fe_oxide_index": 2.489,
        "clay_index": 1.743,
        "ndvi_stress_index": 0.245,
        "tmi_structural_nT": 45646.6,
        "tmi_anomaly_nT": 646.6,
        "elevation_mdpl": 411.0,
        "geochem_assay_ratio": 2.02
      },
      "geometry": {
        "type": "Polygon",
        "coordinates": [
          [
            [
              122.035,
              -3.675
            ],
            [
              122.045,
              -3.675
            ],
            [
              122.045,
              -3.665
            ],
            [
              122.035,
              -3.665
            ],
            [
              122.035,
              -3.675
            ]
          ]
        ]
      }
    },
    {
      "type": "Feature",
      "properties": {
        "grid_id": "KON280",
        "site": "konawe",
        "location_label": "Konawe Abuki High Inland Mountain Ridge - Sulawesi Tenggara greenfield nickel laterite",
        "lithology": "serpentinite_simulated",
        "slope_deg": 15.3,
        "distance_to_river_m": 2010,
        "distance_to_road_m": 1720,
        "distance_to_settlement_m": 9542,
        "legal_status": "no-go",
        "distance_to_smelter_km": 62.3,
        "area_ha": 1.23,
        "region_id": "NE",
        "fe_oxide_index": 2.298,
        "clay_index": 2.074,
        "ndvi_stress_index": 0.391,
        "tmi_structural_nT": 45610.4,
        "tmi_anomaly_nT": 610.4,
        "elevation_mdpl": 386.3,
        "geochem_assay_ratio": 1.94
      },
      "geometry": {
        "type": "Polygon",
        "coordinates": [
          [
            [
              122.045,
              -3.675
            ],
            [
              122.055,
              -3.675
            ],
            [
              122.055,
              -3.665
            ],
            [
              122.045,
              -3.665
            ],
            [
              122.045,
              -3.675
            ]
          ]
        ]
      }
    },
    {
      "type": "Feature",
      "properties": {
        "grid_id": "KON281",
        "site": "konawe",
        "location_label": "Konawe Abuki High Inland Mountain Ridge - Sulawesi Tenggara greenfield nickel laterite",
        "lithology": "serpentinite_simulated",
        "slope_deg": 10.5,
        "distance_to_river_m": 1161,
        "distance_to_road_m": 4403,
        "distance_to_settlement_m": 4456,
        "legal_status": "conditional",
        "distance_to_smelter_km": 64.0,
        "area_ha": 1.23,
        "region_id": "NW",
        "fe_oxide_index": 1.944,
        "clay_index": 2.425,
        "ndvi_stress_index": 0.304,
        "tmi_structural_nT": 45953.8,
        "tmi_anomaly_nT": 953.8,
        "elevation_mdpl": 453.4,
        "geochem_assay_ratio": 2.68
      },
      "geometry": {
        "type": "Polygon",
        "coordinates": [
          [
            [
              121.855,
              -3.665
            ],
            [
              121.865,
              -3.665
            ],
            [
              121.865,
              -3.655
            ],
            [
              121.855,
              -3.655
            ],
            [
              121.855,
              -3.665
            ]
          ]
        ]
      }
    },
    {
      "type": "Feature",
      "properties": {
        "grid_id": "KON282",
        "site": "konawe",
        "location_label": "Konawe Abuki High Inland Mountain Ridge - Sulawesi Tenggara greenfield nickel laterite",
        "lithology": "ultramafic_simulated",
        "slope_deg": 10.2,
        "distance_to_river_m": 2610,
        "distance_to_road_m": 3512,
        "distance_to_settlement_m": 8458,
        "legal_status": "conditional",
        "distance_to_smelter_km": 60.1,
        "area_ha": 1.23,
        "region_id": "NW",
        "fe_oxide_index": 2.431,
        "clay_index": 1.839,
        "ndvi_stress_index": 0.381,
        "tmi_structural_nT": 46052.6,
        "tmi_anomaly_nT": 1052.6,
        "elevation_mdpl": 414.5,
        "geochem_assay_ratio": 2.85
      },
      "geometry": {
        "type": "Polygon",
        "coordinates": [
          [
            [
              121.865,
              -3.665
            ],
            [
              121.875,
              -3.665
            ],
            [
              121.875,
              -3.655
            ],
            [
              121.865,
              -3.655
            ],
            [
              121.865,
              -3.665
            ]
          ]
        ]
      }
    },
    {
      "type": "Feature",
      "properties": {
        "grid_id": "KON283",
        "site": "konawe",
        "location_label": "Konawe Abuki High Inland Mountain Ridge - Sulawesi Tenggara greenfield nickel laterite",
        "lithology": "serpentinite_simulated",
        "slope_deg": 11.8,
        "distance_to_river_m": 2227,
        "distance_to_road_m": 4010,
        "distance_to_settlement_m": 4521,
        "legal_status": "allowed",
        "distance_to_smelter_km": 56.3,
        "area_ha": 1.23,
        "region_id": "NW",
        "fe_oxide_index": 2.719,
        "clay_index": 2.178,
        "ndvi_stress_index": 0.223,
        "tmi_structural_nT": 45500.9,
        "tmi_anomaly_nT": 500.9,
        "elevation_mdpl": 471.9,
        "geochem_assay_ratio": 2.19
      },
      "geometry": {
        "type": "Polygon",
        "coordinates": [
          [
            [
              121.875,
              -3.665
            ],
            [
              121.885,
              -3.665
            ],
            [
              121.885,
              -3.655
            ],
            [
              121.875,
              -3.655
            ],
            [
              121.875,
              -3.665
            ]
          ]
        ]
      }
    },
    {
      "type": "Feature",
      "properties": {
        "grid_id": "KON284",
        "site": "konawe",
        "location_label": "Konawe Abuki High Inland Mountain Ridge - Sulawesi Tenggara greenfield nickel laterite",
        "lithology": "mafic_volcanic_simulated",
        "slope_deg": 13.9,
        "distance_to_river_m": 318,
        "distance_to_road_m": 3417,
        "distance_to_settlement_m": 6132,
        "legal_status": "allowed",
        "distance_to_smelter_km": 52.6,
        "area_ha": 1.23,
        "region_id": "NW",
        "fe_oxide_index": 1.643,
        "clay_index": 1.313,
        "ndvi_stress_index": 0.669,
        "tmi_structural_nT": 44765.1,
        "tmi_anomaly_nT": -234.9,
        "elevation_mdpl": 464.6,
        "geochem_assay_ratio": 4.35
      },
      "geometry": {
        "type": "Polygon",
        "coordinates": [
          [
            [
              121.885,
              -3.665
            ],
            [
              121.895,
              -3.665
            ],
            [
              121.895,
              -3.655
            ],
            [
              121.885,
              -3.655
            ],
            [
              121.885,
              -3.665
            ]
          ]
        ]
      }
    },
    {
      "type": "Feature",
      "properties": {
        "grid_id": "KON285",
        "site": "konawe",
        "location_label": "Konawe Abuki High Inland Mountain Ridge - Sulawesi Tenggara greenfield nickel laterite",
        "lithology": "serpentinite_simulated",
        "slope_deg": 15.6,
        "distance_to_river_m": 2685,
        "distance_to_road_m": 3837,
        "distance_to_settlement_m": 10284,
        "legal_status": "allowed",
        "distance_to_smelter_km": 49.1,
        "area_ha": 1.23,
        "region_id": "NW",
        "fe_oxide_index": 2.392,
        "clay_index": 1.847,
        "ndvi_stress_index": 0.287,
        "tmi_structural_nT": 45491.8,
        "tmi_anomaly_nT": 491.8,
        "elevation_mdpl": 448.6,
        "geochem_assay_ratio": 2.42
      },
      "geometry": {
        "type": "Polygon",
        "coordinates": [
          [
            [
              121.895,
              -3.665
            ],
            [
              121.905,
              -3.665
            ],
            [
              121.905,
              -3.655
            ],
            [
              121.895,
              -3.655
            ],
            [
              121.895,
              -3.665
            ]
          ]
        ]
      }
    },
    {
      "type": "Feature",
      "properties": {
        "grid_id": "KON286",
        "site": "konawe",
        "location_label": "Konawe Abuki High Inland Mountain Ridge - Sulawesi Tenggara greenfield nickel laterite",
        "lithology": "peridotite_simulated",
        "slope_deg": 12.2,
        "distance_to_river_m": 1372,
        "distance_to_road_m": 4982,
        "distance_to_settlement_m": 12481,
        "legal_status": "allowed",
        "distance_to_smelter_km": 45.8,
        "area_ha": 1.23,
        "region_id": "NW",
        "fe_oxide_index": 2.485,
        "clay_index": 1.705,
        "ndvi_stress_index": 0.292,
        "tmi_structural_nT": 45381.9,
        "tmi_anomaly_nT": 381.9,
        "elevation_mdpl": 402.5,
        "geochem_assay_ratio": 1.75
      },
      "geometry": {
        "type": "Polygon",
        "coordinates": [
          [
            [
              121.905,
              -3.665
            ],
            [
              121.915,
              -3.665
            ],
            [
              121.915,
              -3.655
            ],
            [
              121.905,
              -3.655
            ],
            [
              121.905,
              -3.665
            ]
          ]
        ]
      }
    },
    {
      "type": "Feature",
      "properties": {
        "grid_id": "KON287",
        "site": "konawe",
        "location_label": "Konawe Abuki High Inland Mountain Ridge - Sulawesi Tenggara greenfield nickel laterite",
        "lithology": "ultramafic_simulated",
        "slope_deg": 17.3,
        "distance_to_river_m": 747,
        "distance_to_road_m": 5537,
        "distance_to_settlement_m": 10859,
        "legal_status": "allowed",
        "distance_to_smelter_km": 42.9,
        "area_ha": 1.23,
        "region_id": "NW",
        "fe_oxide_index": 2.448,
        "clay_index": 2.04,
        "ndvi_stress_index": 0.286,
        "tmi_structural_nT": 45252.9,
        "tmi_anomaly_nT": 252.9,
        "elevation_mdpl": 457.6,
        "geochem_assay_ratio": 3.19
      },
      "geometry": {
        "type": "Polygon",
        "coordinates": [
          [
            [
              121.915,
              -3.665
            ],
            [
              121.925,
              -3.665
            ],
            [
              121.925,
              -3.655
            ],
            [
              121.915,
              -3.655
            ],
            [
              121.915,
              -3.665
            ]
          ]
        ]
      }
    },
    {
      "type": "Feature",
      "properties": {
        "grid_id": "KON288",
        "site": "konawe",
        "location_label": "Konawe Abuki High Inland Mountain Ridge - Sulawesi Tenggara greenfield nickel laterite",
        "lithology": "serpentinite_simulated",
        "slope_deg": 11.3,
        "distance_to_river_m": 580,
        "distance_to_road_m": 2201,
        "distance_to_settlement_m": 12010,
        "legal_status": "allowed",
        "distance_to_smelter_km": 40.5,
        "area_ha": 1.23,
        "region_id": "NW",
        "fe_oxide_index": 1.862,
        "clay_index": 1.636,
        "ndvi_stress_index": 0.381,
        "tmi_structural_nT": 46056.3,
        "tmi_anomaly_nT": 1056.3,
        "elevation_mdpl": 452.6,
        "geochem_assay_ratio": 2.53
      },
      "geometry": {
        "type": "Polygon",
        "coordinates": [
          [
            [
              121.925,
              -3.665
            ],
            [
              121.935,
              -3.665
            ],
            [
              121.935,
              -3.655
            ],
            [
              121.925,
              -3.655
            ],
            [
              121.925,
              -3.665
            ]
          ]
        ]
      }
    },
    {
      "type": "Feature",
      "properties": {
        "grid_id": "KON289",
        "site": "konawe",
        "location_label": "Konawe Abuki High Inland Mountain Ridge - Sulawesi Tenggara greenfield nickel laterite",
        "lithology": "serpentinite_simulated",
        "slope_deg": 8.8,
        "distance_to_river_m": 1277,
        "distance_to_road_m": 1889,
        "distance_to_settlement_m": 13885,
        "legal_status": "allowed",
        "distance_to_smelter_km": 38.8,
        "area_ha": 1.23,
        "region_id": "NW",
        "fe_oxide_index": 2.62,
        "clay_index": 1.97,
        "ndvi_stress_index": 0.265,
        "tmi_structural_nT": 45834.4,
        "tmi_anomaly_nT": 834.4,
        "elevation_mdpl": 478.8,
        "geochem_assay_ratio": 1.55
      },
      "geometry": {
        "type": "Polygon",
        "coordinates": [
          [
            [
              121.935,
              -3.665
            ],
            [
              121.945,
              -3.665
            ],
            [
              121.945,
              -3.655
            ],
            [
              121.935,
              -3.655
            ],
            [
              121.935,
              -3.665
            ]
          ]
        ]
      }
    },
    {
      "type": "Feature",
      "properties": {
        "grid_id": "KON290",
        "site": "konawe",
        "location_label": "Konawe Abuki High Inland Mountain Ridge - Sulawesi Tenggara greenfield nickel laterite",
        "lithology": "peridotite_simulated",
        "slope_deg": 10.5,
        "distance_to_river_m": 1616,
        "distance_to_road_m": 2104,
        "distance_to_settlement_m": 4121,
        "legal_status": "allowed",
        "distance_to_smelter_km": 37.8,
        "area_ha": 1.23,
        "region_id": "NW",
        "fe_oxide_index": 2.5,
        "clay_index": 1.73,
        "ndvi_stress_index": 0.275,
        "tmi_structural_nT": 45241.2,
        "tmi_anomaly_nT": 241.2,
        "elevation_mdpl": 445.0,
        "geochem_assay_ratio": 2.81
      },
      "geometry": {
        "type": "Polygon",
        "coordinates": [
          [
            [
              121.945,
              -3.665
            ],
            [
              121.955,
              -3.665
            ],
            [
              121.955,
              -3.655
            ],
            [
              121.945,
              -3.655
            ],
            [
              121.945,
              -3.665
            ]
          ]
        ]
      }
    },
    {
      "type": "Feature",
      "properties": {
        "grid_id": "KON291",
        "site": "konawe",
        "location_label": "Konawe Abuki High Inland Mountain Ridge - Sulawesi Tenggara greenfield nickel laterite",
        "lithology": "mafic_volcanic_simulated",
        "slope_deg": 17.6,
        "distance_to_river_m": 488,
        "distance_to_road_m": 4211,
        "distance_to_settlement_m": 6786,
        "legal_status": "conditional",
        "distance_to_smelter_km": 37.8,
        "area_ha": 1.23,
        "region_id": "NE",
        "fe_oxide_index": 1.45,
        "clay_index": 1.077,
        "ndvi_stress_index": 0.652,
        "tmi_structural_nT": 45178.3,
        "tmi_anomaly_nT": 178.3,
        "elevation_mdpl": 466.1,
        "geochem_assay_ratio": 5.26
      },
      "geometry": {
        "type": "Polygon",
        "coordinates": [
          [
            [
              121.955,
              -3.665
            ],
            [
              121.965,
              -3.665
            ],
            [
              121.965,
              -3.655
            ],
            [
              121.955,
              -3.655
            ],
            [
              121.955,
              -3.665
            ]
          ]
        ]
      }
    },
    {
      "type": "Feature",
      "properties": {
        "grid_id": "KON292",
        "site": "konawe",
        "location_label": "Konawe Abuki High Inland Mountain Ridge - Sulawesi Tenggara greenfield nickel laterite",
        "lithology": "serpentinite_simulated",
        "slope_deg": 17.1,
        "distance_to_river_m": 1761,
        "distance_to_road_m": 4133,
        "distance_to_settlement_m": 11125,
        "legal_status": "conditional",
        "distance_to_smelter_km": 38.8,
        "area_ha": 1.23,
        "region_id": "NE",
        "fe_oxide_index": 2.225,
        "clay_index": 1.683,
        "ndvi_stress_index": 0.302,
        "tmi_structural_nT": 45450.6,
        "tmi_anomaly_nT": 450.6,
        "elevation_mdpl": 405.1,
        "geochem_assay_ratio": 1.92
      },
      "geometry": {
        "type": "Polygon",
        "coordinates": [
          [
            [
              121.965,
              -3.665
            ],
            [
              121.975,
              -3.665
            ],
            [
              121.975,
              -3.655
            ],
            [
              121.965,
              -3.655
            ],
            [
              121.965,
              -3.665
            ]
          ]
        ]
      }
    },
    {
      "type": "Feature",
      "properties": {
        "grid_id": "KON293",
        "site": "konawe",
        "location_label": "Konawe Abuki High Inland Mountain Ridge - Sulawesi Tenggara greenfield nickel laterite",
        "lithology": "serpentinite_simulated",
        "slope_deg": 11.2,
        "distance_to_river_m": 3191,
        "distance_to_road_m": 3521,
        "distance_to_settlement_m": 8066,
        "legal_status": "conditional",
        "distance_to_smelter_km": 40.5,
        "area_ha": 1.23,
        "region_id": "NE",
        "fe_oxide_index": 2.485,
        "clay_index": 2.052,
        "ndvi_stress_index": 0.227,
        "tmi_structural_nT": 45737.6,
        "tmi_anomaly_nT": 737.6,
        "elevation_mdpl": 409.1,
        "geochem_assay_ratio": 2.06
      },
      "geometry": {
        "type": "Polygon",
        "coordinates": [
          [
            [
              121.975,
              -3.665
            ],
            [
              121.985,
              -3.665
            ],
            [
              121.985,
              -3.655
            ],
            [
              121.975,
              -3.655
            ],
            [
              121.975,
              -3.665
            ]
          ]
        ]
      }
    },
    {
      "type": "Feature",
      "properties": {
        "grid_id": "KON294",
        "site": "konawe",
        "location_label": "Konawe Abuki High Inland Mountain Ridge - Sulawesi Tenggara greenfield nickel laterite",
        "lithology": "serpentinite_simulated",
        "slope_deg": 12.5,
        "distance_to_river_m": 3132,
        "distance_to_road_m": 3936,
        "distance_to_settlement_m": 4737,
        "legal_status": "conditional",
        "distance_to_smelter_km": 42.9,
        "area_ha": 1.23,
        "region_id": "NE",
        "fe_oxide_index": 2.687,
        "clay_index": 1.694,
        "ndvi_stress_index": 0.337,
        "tmi_structural_nT": 45704.9,
        "tmi_anomaly_nT": 704.9,
        "elevation_mdpl": 409.4,
        "geochem_assay_ratio": 2.88
      },
      "geometry": {
        "type": "Polygon",
        "coordinates": [
          [
            [
              121.985,
              -3.665
            ],
            [
              121.995,
              -3.665
            ],
            [
              121.995,
              -3.655
            ],
            [
              121.985,
              -3.655
            ],
            [
              121.985,
              -3.665
            ]
          ]
        ]
      }
    },
    {
      "type": "Feature",
      "properties": {
        "grid_id": "KON295",
        "site": "konawe",
        "location_label": "Konawe Abuki High Inland Mountain Ridge - Sulawesi Tenggara greenfield nickel laterite",
        "lithology": "ultramafic_simulated",
        "slope_deg": 12.1,
        "distance_to_river_m": 2390,
        "distance_to_road_m": 5348,
        "distance_to_settlement_m": 7963,
        "legal_status": "conditional",
        "distance_to_smelter_km": 45.8,
        "area_ha": 1.23,
        "region_id": "NE",
        "fe_oxide_index": 2.708,
        "clay_index": 2.423,
        "ndvi_stress_index": 0.19,
        "tmi_structural_nT": 45699.1,
        "tmi_anomaly_nT": 699.1,
        "elevation_mdpl": 465.2,
        "geochem_assay_ratio": 2.98
      },
      "geometry": {
        "type": "Polygon",
        "coordinates": [
          [
            [
              121.995,
              -3.665
            ],
            [
              122.005,
              -3.665
            ],
            [
              122.005,
              -3.655
            ],
            [
              121.995,
              -3.655
            ],
            [
              121.995,
              -3.665
            ]
          ]
        ]
      }
    },
    {
      "type": "Feature",
      "properties": {
        "grid_id": "KON296",
        "site": "konawe",
        "location_label": "Konawe Abuki High Inland Mountain Ridge - Sulawesi Tenggara greenfield nickel laterite",
        "lithology": "alluvium",
        "slope_deg": 15.0,
        "distance_to_river_m": 768,
        "distance_to_road_m": 5310,
        "distance_to_settlement_m": 12534,
        "legal_status": "conditional",
        "distance_to_smelter_km": 49.1,
        "area_ha": 1.23,
        "region_id": "NE",
        "fe_oxide_index": 1.214,
        "clay_index": 1.189,
        "ndvi_stress_index": 0.599,
        "tmi_structural_nT": 45168.0,
        "tmi_anomaly_nT": 168.0,
        "elevation_mdpl": 436.8,
        "geochem_assay_ratio": 3.6
      },
      "geometry": {
        "type": "Polygon",
        "coordinates": [
          [
            [
              122.005,
              -3.665
            ],
            [
              122.015,
              -3.665
            ],
            [
              122.015,
              -3.655
            ],
            [
              122.005,
              -3.655
            ],
            [
              122.005,
              -3.665
            ]
          ]
        ]
      }
    },
    {
      "type": "Feature",
      "properties": {
        "grid_id": "KON297",
        "site": "konawe",
        "location_label": "Konawe Abuki High Inland Mountain Ridge - Sulawesi Tenggara greenfield nickel laterite",
        "lithology": "alluvium",
        "slope_deg": 17.7,
        "distance_to_river_m": 1699,
        "distance_to_road_m": 1735,
        "distance_to_settlement_m": 8010,
        "legal_status": "conditional",
        "distance_to_smelter_km": 52.6,
        "area_ha": 1.23,
        "region_id": "NE",
        "fe_oxide_index": 1.668,
        "clay_index": 1.312,
        "ndvi_stress_index": 0.566,
        "tmi_structural_nT": 45020.5,
        "tmi_anomaly_nT": 20.5,
        "elevation_mdpl": 459.7,
        "geochem_assay_ratio": 3.65
      },
      "geometry": {
        "type": "Polygon",
        "coordinates": [
          [
            [
              122.015,
              -3.665
            ],
            [
              122.025,
              -3.665
            ],
            [
              122.025,
              -3.655
            ],
            [
              122.015,
              -3.655
            ],
            [
              122.015,
              -3.665
            ]
          ]
        ]
      }
    },
    {
      "type": "Feature",
      "properties": {
        "grid_id": "KON298",
        "site": "konawe",
        "location_label": "Konawe Abuki High Inland Mountain Ridge - Sulawesi Tenggara greenfield nickel laterite",
        "lithology": "ultramafic_simulated",
        "slope_deg": 9.1,
        "distance_to_river_m": 1986,
        "distance_to_road_m": 5942,
        "distance_to_settlement_m": 4427,
        "legal_status": "conditional",
        "distance_to_smelter_km": 56.3,
        "area_ha": 1.23,
        "region_id": "NE",
        "fe_oxide_index": 2.656,
        "clay_index": 1.704,
        "ndvi_stress_index": 0.33,
        "tmi_structural_nT": 45609.5,
        "tmi_anomaly_nT": 609.5,
        "elevation_mdpl": 427.1,
        "geochem_assay_ratio": 2.4
      },
      "geometry": {
        "type": "Polygon",
        "coordinates": [
          [
            [
              122.025,
              -3.665
            ],
            [
              122.035,
              -3.665
            ],
            [
              122.035,
              -3.655
            ],
            [
              122.025,
              -3.655
            ],
            [
              122.025,
              -3.665
            ]
          ]
        ]
      }
    },
    {
      "type": "Feature",
      "properties": {
        "grid_id": "KON299",
        "site": "konawe",
        "location_label": "Konawe Abuki High Inland Mountain Ridge - Sulawesi Tenggara greenfield nickel laterite",
        "lithology": "ultramafic_simulated",
        "slope_deg": 13.7,
        "distance_to_river_m": 1444,
        "distance_to_road_m": 3935,
        "distance_to_settlement_m": 4796,
        "legal_status": "no-go",
        "distance_to_smelter_km": 60.1,
        "area_ha": 1.23,
        "region_id": "NE",
        "fe_oxide_index": 2.435,
        "clay_index": 1.838,
        "ndvi_stress_index": 0.274,
        "tmi_structural_nT": 45669.2,
        "tmi_anomaly_nT": 669.2,
        "elevation_mdpl": 396.5,
        "geochem_assay_ratio": 1.85
      },
      "geometry": {
        "type": "Polygon",
        "coordinates": [
          [
            [
              122.035,
              -3.665
            ],
            [
              122.045,
              -3.665
            ],
            [
              122.045,
              -3.655
            ],
            [
              122.035,
              -3.655
            ],
            [
              122.035,
              -3.665
            ]
          ]
        ]
      }
    },
    {
      "type": "Feature",
      "properties": {
        "grid_id": "KON300",
        "site": "konawe",
        "location_label": "Konawe Abuki High Inland Mountain Ridge - Sulawesi Tenggara greenfield nickel laterite",
        "lithology": "mafic_volcanic_simulated",
        "slope_deg": 13.5,
        "distance_to_river_m": 1400,
        "distance_to_road_m": 2564,
        "distance_to_settlement_m": 4991,
        "legal_status": "no-go",
        "distance_to_smelter_km": 64.0,
        "area_ha": 1.23,
        "region_id": "NE",
        "fe_oxide_index": 1.573,
        "clay_index": 1.08,
        "ndvi_stress_index": 0.618,
        "tmi_structural_nT": 44701.9,
        "tmi_anomaly_nT": -298.1,
        "elevation_mdpl": 399.2,
        "geochem_assay_ratio": 3.66
      },
      "geometry": {
        "type": "Polygon",
        "coordinates": [
          [
            [
              122.045,
              -3.665
            ],
            [
              122.055,
              -3.665
            ],
            [
              122.055,
              -3.655
            ],
            [
              122.045,
              -3.655
            ],
            [
              122.045,
              -3.665
            ]
          ]
        ]
      }
    },
    {
      "type": "Feature",
      "properties": {
        "grid_id": "KON301",
        "site": "konawe",
        "location_label": "Konawe Abuki High Inland Mountain Ridge - Sulawesi Tenggara greenfield nickel laterite",
        "lithology": "serpentinite_simulated",
        "slope_deg": 15.6,
        "distance_to_river_m": 1429,
        "distance_to_road_m": 3162,
        "distance_to_settlement_m": 10724,
        "legal_status": "conditional",
        "distance_to_smelter_km": 66.0,
        "area_ha": 1.23,
        "region_id": "NW",
        "fe_oxide_index": 1.914,
        "clay_index": 2.11,
        "ndvi_stress_index": 0.273,
        "tmi_structural_nT": 45179.8,
        "tmi_anomaly_nT": 179.8,
        "elevation_mdpl": 449.3,
        "geochem_assay_ratio": 1.7
      },
      "geometry": {
        "type": "Polygon",
        "coordinates": [
          [
            [
              121.855,
              -3.655
            ],
            [
              121.865,
              -3.655
            ],
            [
              121.865,
              -3.645
            ],
            [
              121.855,
              -3.645
            ],
            [
              121.855,
              -3.655
            ]
          ]
        ]
      }
    },
    {
      "type": "Feature",
      "properties": {
        "grid_id": "KON302",
        "site": "konawe",
        "location_label": "Konawe Abuki High Inland Mountain Ridge - Sulawesi Tenggara greenfield nickel laterite",
        "lithology": "mafic_volcanic_simulated",
        "slope_deg": 18.5,
        "distance_to_river_m": 842,
        "distance_to_road_m": 6026,
        "distance_to_settlement_m": 12590,
        "legal_status": "allowed",
        "distance_to_smelter_km": 62.3,
        "area_ha": 1.23,
        "region_id": "NW",
        "fe_oxide_index": 1.312,
        "clay_index": 1.486,
        "ndvi_stress_index": 0.505,
        "tmi_structural_nT": 44519.5,
        "tmi_anomaly_nT": -480.5,
        "elevation_mdpl": 458.8,
        "geochem_assay_ratio": 4.54
      },
      "geometry": {
        "type": "Polygon",
        "coordinates": [
          [
            [
              121.865,
              -3.655
            ],
            [
              121.875,
              -3.655
            ],
            [
              121.875,
              -3.645
            ],
            [
              121.865,
              -3.645
            ],
            [
              121.865,
              -3.655
            ]
          ]
        ]
      }
    },
    {
      "type": "Feature",
      "properties": {
        "grid_id": "KON303",
        "site": "konawe",
        "location_label": "Konawe Abuki High Inland Mountain Ridge - Sulawesi Tenggara greenfield nickel laterite",
        "lithology": "alluvium",
        "slope_deg": 9.0,
        "distance_to_river_m": 473,
        "distance_to_road_m": 6112,
        "distance_to_settlement_m": 8001,
        "legal_status": "allowed",
        "distance_to_smelter_km": 58.7,
        "area_ha": 1.23,
        "region_id": "NW",
        "fe_oxide_index": 1.603,
        "clay_index": 1.182,
        "ndvi_stress_index": 0.688,
        "tmi_structural_nT": 44549.6,
        "tmi_anomaly_nT": -450.4,
        "elevation_mdpl": 380.4,
        "geochem_assay_ratio": 5.98
      },
      "geometry": {
        "type": "Polygon",
        "coordinates": [
          [
            [
              121.875,
              -3.655
            ],
            [
              121.885,
              -3.655
            ],
            [
              121.885,
              -3.645
            ],
            [
              121.875,
              -3.645
            ],
            [
              121.875,
              -3.655
            ]
          ]
        ]
      }
    },
    {
      "type": "Feature",
      "properties": {
        "grid_id": "KON304",
        "site": "konawe",
        "location_label": "Konawe Abuki High Inland Mountain Ridge - Sulawesi Tenggara greenfield nickel laterite",
        "lithology": "peridotite_simulated",
        "slope_deg": 12.6,
        "distance_to_river_m": 468,
        "distance_to_road_m": 5341,
        "distance_to_settlement_m": 4835,
        "legal_status": "allowed",
        "distance_to_smelter_km": 55.3,
        "area_ha": 1.23,
        "region_id": "NW",
        "fe_oxide_index": 1.81,
        "clay_index": 2.15,
        "ndvi_stress_index": 0.381,
        "tmi_structural_nT": 45359.0,
        "tmi_anomaly_nT": 359.0,
        "elevation_mdpl": 442.3,
        "geochem_assay_ratio": 1.56
      },
      "geometry": {
        "type": "Polygon",
        "coordinates": [
          [
            [
              121.885,
              -3.655
            ],
            [
              121.895,
              -3.655
            ],
            [
              121.895,
              -3.645
            ],
            [
              121.885,
              -3.645
            ],
            [
              121.885,
              -3.655
            ]
          ]
        ]
      }
    },
    {
      "type": "Feature",
      "properties": {
        "grid_id": "KON305",
        "site": "konawe",
        "location_label": "Konawe Abuki High Inland Mountain Ridge - Sulawesi Tenggara greenfield nickel laterite",
        "lithology": "mafic_volcanic_simulated",
        "slope_deg": 15.5,
        "distance_to_river_m": 1194,
        "distance_to_road_m": 2629,
        "distance_to_settlement_m": 9564,
        "legal_status": "allowed",
        "distance_to_smelter_km": 52.0,
        "area_ha": 1.23,
        "region_id": "NW",
        "fe_oxide_index": 1.293,
        "clay_index": 1.423,
        "ndvi_stress_index": 0.573,
        "tmi_structural_nT": 44553.8,
        "tmi_anomaly_nT": -446.2,
        "elevation_mdpl": 413.8,
        "geochem_assay_ratio": 5.62
      },
      "geometry": {
        "type": "Polygon",
        "coordinates": [
          [
            [
              121.895,
              -3.655
            ],
            [
              121.905,
              -3.655
            ],
            [
              121.905,
              -3.645
            ],
            [
              121.895,
              -3.645
            ],
            [
              121.895,
              -3.655
            ]
          ]
        ]
      }
    },
    {
      "type": "Feature",
      "properties": {
        "grid_id": "KON306",
        "site": "konawe",
        "location_label": "Konawe Abuki High Inland Mountain Ridge - Sulawesi Tenggara greenfield nickel laterite",
        "lithology": "mafic_volcanic_simulated",
        "slope_deg": 8.6,
        "distance_to_river_m": 1623,
        "distance_to_road_m": 2228,
        "distance_to_settlement_m": 6656,
        "legal_status": "allowed",
        "distance_to_smelter_km": 49.1,
        "area_ha": 1.23,
        "region_id": "NW",
        "fe_oxide_index": 1.185,
        "clay_index": 1.467,
        "ndvi_stress_index": 0.702,
        "tmi_structural_nT": 44739.5,
        "tmi_anomaly_nT": -260.5,
        "elevation_mdpl": 432.2,
        "geochem_assay_ratio": 4.59
      },
      "geometry": {
        "type": "Polygon",
        "coordinates": [
          [
            [
              121.905,
              -3.655
            ],
            [
              121.915,
              -3.655
            ],
            [
              121.915,
              -3.645
            ],
            [
              121.905,
              -3.645
            ],
            [
              121.905,
              -3.655
            ]
          ]
        ]
      }
    },
    {
      "type": "Feature",
      "properties": {
        "grid_id": "KON307",
        "site": "konawe",
        "location_label": "Konawe Abuki High Inland Mountain Ridge - Sulawesi Tenggara greenfield nickel laterite",
        "lithology": "peridotite_simulated",
        "slope_deg": 10.4,
        "distance_to_river_m": 2288,
        "distance_to_road_m": 6497,
        "distance_to_settlement_m": 12408,
        "legal_status": "allowed",
        "distance_to_smelter_km": 46.5,
        "area_ha": 1.23,
        "region_id": "NW",
        "fe_oxide_index": 1.896,
        "clay_index": 1.804,
        "ndvi_stress_index": 0.217,
        "tmi_structural_nT": 45696.5,
        "tmi_anomaly_nT": 696.5,
        "elevation_mdpl": 405.2,
        "geochem_assay_ratio": 1.9
      },
      "geometry": {
        "type": "Polygon",
        "coordinates": [
          [
            [
              121.915,
              -3.655
            ],
            [
              121.925,
              -3.655
            ],
            [
              121.925,
              -3.645
            ],
            [
              121.915,
              -3.645
            ],
            [
              121.915,
              -3.655
            ]
          ]
        ]
      }
    },
    {
      "type": "Feature",
      "properties": {
        "grid_id": "KON308",
        "site": "konawe",
        "location_label": "Konawe Abuki High Inland Mountain Ridge - Sulawesi Tenggara greenfield nickel laterite",
        "lithology": "peridotite_simulated",
        "slope_deg": 17.5,
        "distance_to_river_m": 943,
        "distance_to_road_m": 2490,
        "distance_to_settlement_m": 10685,
        "legal_status": "allowed",
        "distance_to_smelter_km": 44.4,
        "area_ha": 1.23,
        "region_id": "NW",
        "fe_oxide_index": 2.236,
        "clay_index": 2.363,
        "ndvi_stress_index": 0.405,
        "tmi_structural_nT": 46071.3,
        "tmi_anomaly_nT": 1071.3,
        "elevation_mdpl": 397.4,
        "geochem_assay_ratio": 1.75
      },
      "geometry": {
        "type": "Polygon",
        "coordinates": [
          [
            [
              121.925,
              -3.655
            ],
            [
              121.935,
              -3.655
            ],
            [
              121.935,
              -3.645
            ],
            [
              121.925,
              -3.645
            ],
            [
              121.925,
              -3.655
            ]
          ]
        ]
      }
    },
    {
      "type": "Feature",
      "properties": {
        "grid_id": "KON309",
        "site": "konawe",
        "location_label": "Konawe Abuki High Inland Mountain Ridge - Sulawesi Tenggara greenfield nickel laterite",
        "lithology": "alluvium",
        "slope_deg": 17.6,
        "distance_to_river_m": 513,
        "distance_to_road_m": 1626,
        "distance_to_settlement_m": 13438,
        "legal_status": "conditional",
        "distance_to_smelter_km": 42.9,
        "area_ha": 1.23,
        "region_id": "NW",
        "fe_oxide_index": 1.175,
        "clay_index": 1.281,
        "ndvi_stress_index": 0.714,
        "tmi_structural_nT": 45282.7,
        "tmi_anomaly_nT": 282.7,
        "elevation_mdpl": 475.1,
        "geochem_assay_ratio": 4.55
      },
      "geometry": {
        "type": "Polygon",
        "coordinates": [
          [
            [
              121.935,
              -3.655
            ],
            [
              121.945,
              -3.655
            ],
            [
              121.945,
              -3.645
            ],
            [
              121.935,
              -3.645
            ],
            [
              121.935,
              -3.655
            ]
          ]
        ]
      }
    },
    {
      "type": "Feature",
      "properties": {
        "grid_id": "KON310",
        "site": "konawe",
        "location_label": "Konawe Abuki High Inland Mountain Ridge - Sulawesi Tenggara greenfield nickel laterite",
        "lithology": "serpentinite_simulated",
        "slope_deg": 13.4,
        "distance_to_river_m": 2465,
        "distance_to_road_m": 2799,
        "distance_to_settlement_m": 10028,
        "legal_status": "conditional",
        "distance_to_smelter_km": 42.2,
        "area_ha": 1.23,
        "region_id": "NW",
        "fe_oxide_index": 2.256,
        "clay_index": 2.028,
        "ndvi_stress_index": 0.388,
        "tmi_structural_nT": 46060.5,
        "tmi_anomaly_nT": 1060.5,
        "elevation_mdpl": 401.6,
        "geochem_assay_ratio": 2.91
      },
      "geometry": {
        "type": "Polygon",
        "coordinates": [
          [
            [
              121.945,
              -3.655
            ],
            [
              121.955,
              -3.655
            ],
            [
              121.955,
              -3.645
            ],
            [
              121.945,
              -3.645
            ],
            [
              121.945,
              -3.655
            ]
          ]
        ]
      }
    },
    {
      "type": "Feature",
      "properties": {
        "grid_id": "KON311",
        "site": "konawe",
        "location_label": "Konawe Abuki High Inland Mountain Ridge - Sulawesi Tenggara greenfield nickel laterite",
        "lithology": "peridotite_simulated",
        "slope_deg": 15.1,
        "distance_to_river_m": 836,
        "distance_to_road_m": 1833,
        "distance_to_settlement_m": 6226,
        "legal_status": "conditional",
        "distance_to_smelter_km": 42.2,
        "area_ha": 1.23,
        "region_id": "NE",
        "fe_oxide_index": 2.168,
        "clay_index": 1.64,
        "ndvi_stress_index": 0.414,
        "tmi_structural_nT": 45684.9,
        "tmi_anomaly_nT": 684.9,
        "elevation_mdpl": 429.4,
        "geochem_assay_ratio": 2.02
      },
      "geometry": {
        "type": "Polygon",
        "coordinates": [
          [
            [
              121.955,
              -3.655
            ],
            [
              121.965,
              -3.655
            ],
            [
              121.965,
              -3.645
            ],
            [
              121.955,
              -3.645
            ],
            [
              121.955,
              -3.655
            ]
          ]
        ]
      }
    },
    {
      "type": "Feature",
      "properties": {
        "grid_id": "KON312",
        "site": "konawe",
        "location_label": "Konawe Abuki High Inland Mountain Ridge - Sulawesi Tenggara greenfield nickel laterite",
        "lithology": "serpentinite_simulated",
        "slope_deg": 15.6,
        "distance_to_river_m": 3020,
        "distance_to_road_m": 1802,
        "distance_to_settlement_m": 7161,
        "legal_status": "conditional",
        "distance_to_smelter_km": 42.9,
        "area_ha": 1.23,
        "region_id": "NE",
        "fe_oxide_index": 2.154,
        "clay_index": 2.413,
        "ndvi_stress_index": 0.368,
        "tmi_structural_nT": 45425.5,
        "tmi_anomaly_nT": 425.5,
        "elevation_mdpl": 384.5,
        "geochem_assay_ratio": 1.74
      },
      "geometry": {
        "type": "Polygon",
        "coordinates": [
          [
            [
              121.965,
              -3.655
            ],
            [
              121.975,
              -3.655
            ],
            [
              121.975,
              -3.645
            ],
            [
              121.965,
              -3.645
            ],
            [
              121.965,
              -3.655
            ]
          ]
        ]
      }
    },
    {
      "type": "Feature",
      "properties": {
        "grid_id": "KON313",
        "site": "konawe",
        "location_label": "Konawe Abuki High Inland Mountain Ridge - Sulawesi Tenggara greenfield nickel laterite",
        "lithology": "peridotite_simulated",
        "slope_deg": 15.2,
        "distance_to_river_m": 2595,
        "distance_to_road_m": 4831,
        "distance_to_settlement_m": 11152,
        "legal_status": "conditional",
        "distance_to_smelter_km": 44.4,
        "area_ha": 1.23,
        "region_id": "NE",
        "fe_oxide_index": 2.598,
        "clay_index": 2.052,
        "ndvi_stress_index": 0.245,
        "tmi_structural_nT": 45131.7,
        "tmi_anomaly_nT": 131.7,
        "elevation_mdpl": 468.1,
        "geochem_assay_ratio": 2.87
      },
      "geometry": {
        "type": "Polygon",
        "coordinates": [
          [
            [
              121.975,
              -3.655
            ],
            [
              121.985,
              -3.655
            ],
            [
              121.985,
              -3.645
            ],
            [
              121.975,
              -3.645
            ],
            [
              121.975,
              -3.655
            ]
          ]
        ]
      }
    },
    {
      "type": "Feature",
      "properties": {
        "grid_id": "KON314",
        "site": "konawe",
        "location_label": "Konawe Abuki High Inland Mountain Ridge - Sulawesi Tenggara greenfield nickel laterite",
        "lithology": "mafic_volcanic_simulated",
        "slope_deg": 15.9,
        "distance_to_river_m": 1870,
        "distance_to_road_m": 6014,
        "distance_to_settlement_m": 8964,
        "legal_status": "conditional",
        "distance_to_smelter_km": 46.5,
        "area_ha": 1.23,
        "region_id": "NE",
        "fe_oxide_index": 1.216,
        "clay_index": 1.006,
        "ndvi_stress_index": 0.683,
        "tmi_structural_nT": 44631.9,
        "tmi_anomaly_nT": -368.1,
        "elevation_mdpl": 457.2,
        "geochem_assay_ratio": 3.96
      },
      "geometry": {
        "type": "Polygon",
        "coordinates": [
          [
            [
              121.985,
              -3.655
            ],
            [
              121.995,
              -3.655
            ],
            [
              121.995,
              -3.645
            ],
            [
              121.985,
              -3.645
            ],
            [
              121.985,
              -3.655
            ]
          ]
        ]
      }
    },
    {
      "type": "Feature",
      "properties": {
        "grid_id": "KON315",
        "site": "konawe",
        "location_label": "Konawe Abuki High Inland Mountain Ridge - Sulawesi Tenggara greenfield nickel laterite",
        "lithology": "peridotite_simulated",
        "slope_deg": 8.8,
        "distance_to_river_m": 1315,
        "distance_to_road_m": 5861,
        "distance_to_settlement_m": 8902,
        "legal_status": "conditional",
        "distance_to_smelter_km": 49.1,
        "area_ha": 1.23,
        "region_id": "NE",
        "fe_oxide_index": 2.532,
        "clay_index": 1.951,
        "ndvi_stress_index": 0.358,
        "tmi_structural_nT": 45138.0,
        "tmi_anomaly_nT": 138.0,
        "elevation_mdpl": 421.6,
        "geochem_assay_ratio": 1.71
      },
      "geometry": {
        "type": "Polygon",
        "coordinates": [
          [
            [
              121.995,
              -3.655
            ],
            [
              122.005,
              -3.655
            ],
            [
              122.005,
              -3.645
            ],
            [
              121.995,
              -3.645
            ],
            [
              121.995,
              -3.655
            ]
          ]
        ]
      }
    },
    {
      "type": "Feature",
      "properties": {
        "grid_id": "KON316",
        "site": "konawe",
        "location_label": "Konawe Abuki High Inland Mountain Ridge - Sulawesi Tenggara greenfield nickel laterite",
        "lithology": "serpentinite_simulated",
        "slope_deg": 17.6,
        "distance_to_river_m": 437,
        "distance_to_road_m": 5200,
        "distance_to_settlement_m": 8442,
        "legal_status": "conditional",
        "distance_to_smelter_km": 52.0,
        "area_ha": 1.23,
        "region_id": "NE",
        "fe_oxide_index": 2.026,
        "clay_index": 1.852,
        "ndvi_stress_index": 0.223,
        "tmi_structural_nT": 45439.8,
        "tmi_anomaly_nT": 439.8,
        "elevation_mdpl": 451.7,
        "geochem_assay_ratio": 2.58
      },
      "geometry": {
        "type": "Polygon",
        "coordinates": [
          [
            [
              122.005,
              -3.655
            ],
            [
              122.015,
              -3.655
            ],
            [
              122.015,
              -3.645
            ],
            [
              122.005,
              -3.645
            ],
            [
              122.005,
              -3.655
            ]
          ]
        ]
      }
    },
    {
      "type": "Feature",
      "properties": {
        "grid_id": "KON317",
        "site": "konawe",
        "location_label": "Konawe Abuki High Inland Mountain Ridge - Sulawesi Tenggara greenfield nickel laterite",
        "lithology": "ultramafic_simulated",
        "slope_deg": 12.1,
        "distance_to_river_m": 2636,
        "distance_to_road_m": 5091,
        "distance_to_settlement_m": 8287,
        "legal_status": "conditional",
        "distance_to_smelter_km": 55.3,
        "area_ha": 1.23,
        "region_id": "NE",
        "fe_oxide_index": 2.364,
        "clay_index": 2.26,
        "ndvi_stress_index": 0.29,
        "tmi_structural_nT": 45165.3,
        "tmi_anomaly_nT": 165.3,
        "elevation_mdpl": 424.7,
        "geochem_assay_ratio": 3.14
      },
      "geometry": {
        "type": "Polygon",
        "coordinates": [
          [
            [
              122.015,
              -3.655
            ],
            [
              122.025,
              -3.655
            ],
            [
              122.025,
              -3.645
            ],
            [
              122.015,
              -3.645
            ],
            [
              122.015,
              -3.655
            ]
          ]
        ]
      }
    },
    {
      "type": "Feature",
      "properties": {
        "grid_id": "KON318",
        "site": "konawe",
        "location_label": "Konawe Abuki High Inland Mountain Ridge - Sulawesi Tenggara greenfield nickel laterite",
        "lithology": "peridotite_simulated",
        "slope_deg": 11.8,
        "distance_to_river_m": 1899,
        "distance_to_road_m": 2592,
        "distance_to_settlement_m": 9175,
        "legal_status": "no-go",
        "distance_to_smelter_km": 58.7,
        "area_ha": 1.23,
        "region_id": "NE",
        "fe_oxide_index": 2.21,
        "clay_index": 2.036,
        "ndvi_stress_index": 0.346,
        "tmi_structural_nT": 45779.7,
        "tmi_anomaly_nT": 779.7,
        "elevation_mdpl": 463.0,
        "geochem_assay_ratio": 1.73
      },
      "geometry": {
        "type": "Polygon",
        "coordinates": [
          [
            [
              122.025,
              -3.655
            ],
            [
              122.035,
              -3.655
            ],
            [
              122.035,
              -3.645
            ],
            [
              122.025,
              -3.645
            ],
            [
              122.025,
              -3.655
            ]
          ]
        ]
      }
    },
    {
      "type": "Feature",
      "properties": {
        "grid_id": "KON319",
        "site": "konawe",
        "location_label": "Konawe Abuki High Inland Mountain Ridge - Sulawesi Tenggara greenfield nickel laterite",
        "lithology": "serpentinite_simulated",
        "slope_deg": 13.7,
        "distance_to_river_m": 1007,
        "distance_to_road_m": 5507,
        "distance_to_settlement_m": 6554,
        "legal_status": "no-go",
        "distance_to_smelter_km": 62.3,
        "area_ha": 1.23,
        "region_id": "NE",
        "fe_oxide_index": 2.586,
        "clay_index": 2.143,
        "ndvi_stress_index": 0.286,
        "tmi_structural_nT": 45418.4,
        "tmi_anomaly_nT": 418.4,
        "elevation_mdpl": 427.8,
        "geochem_assay_ratio": 2.3
      },
      "geometry": {
        "type": "Polygon",
        "coordinates": [
          [
            [
              122.035,
              -3.655
            ],
            [
              122.045,
              -3.655
            ],
            [
              122.045,
              -3.645
            ],
            [
              122.035,
              -3.645
            ],
            [
              122.035,
              -3.655
            ]
          ]
        ]
      }
    },
    {
      "type": "Feature",
      "properties": {
        "grid_id": "KON320",
        "site": "konawe",
        "location_label": "Konawe Abuki High Inland Mountain Ridge - Sulawesi Tenggara greenfield nickel laterite",
        "lithology": "mafic_volcanic_simulated",
        "slope_deg": 16.8,
        "distance_to_river_m": 3131,
        "distance_to_road_m": 2685,
        "distance_to_settlement_m": 13365,
        "legal_status": "no-go",
        "distance_to_smelter_km": 66.0,
        "area_ha": 1.23,
        "region_id": "NE",
        "fe_oxide_index": 1.294,
        "clay_index": 1.445,
        "ndvi_stress_index": 0.605,
        "tmi_structural_nT": 44542.4,
        "tmi_anomaly_nT": -457.6,
        "elevation_mdpl": 382.8,
        "geochem_assay_ratio": 4.07
      },
      "geometry": {
        "type": "Polygon",
        "coordinates": [
          [
            [
              122.045,
              -3.655
            ],
            [
              122.055,
              -3.655
            ],
            [
              122.055,
              -3.645
            ],
            [
              122.045,
              -3.645
            ],
            [
              122.045,
              -3.655
            ]
          ]
        ]
      }
    },
    {
      "type": "Feature",
      "properties": {
        "grid_id": "KON321",
        "site": "konawe",
        "location_label": "Konawe Abuki High Inland Mountain Ridge - Sulawesi Tenggara greenfield nickel laterite",
        "lithology": "peridotite_simulated",
        "slope_deg": 13.0,
        "distance_to_river_m": 2556,
        "distance_to_road_m": 3361,
        "distance_to_settlement_m": 9355,
        "legal_status": "conditional",
        "distance_to_smelter_km": 68.4,
        "area_ha": 1.23,
        "region_id": "NW",
        "fe_oxide_index": 2.844,
        "clay_index": 2.094,
        "ndvi_stress_index": 0.336,
        "tmi_structural_nT": 46015.8,
        "tmi_anomaly_nT": 1015.8,
        "elevation_mdpl": 476.1,
        "geochem_assay_ratio": 2.87
      },
      "geometry": {
        "type": "Polygon",
        "coordinates": [
          [
            [
              121.855,
              -3.645
            ],
            [
              121.865,
              -3.645
            ],
            [
              121.865,
              -3.635
            ],
            [
              121.855,
              -3.635
            ],
            [
              121.855,
              -3.645
            ]
          ]
        ]
      }
    },
    {
      "type": "Feature",
      "properties": {
        "grid_id": "KON322",
        "site": "konawe",
        "location_label": "Konawe Abuki High Inland Mountain Ridge - Sulawesi Tenggara greenfield nickel laterite",
        "lithology": "serpentinite_simulated",
        "slope_deg": 16.4,
        "distance_to_river_m": 2581,
        "distance_to_road_m": 4988,
        "distance_to_settlement_m": 6285,
        "legal_status": "conditional",
        "distance_to_smelter_km": 64.8,
        "area_ha": 1.23,
        "region_id": "NW",
        "fe_oxide_index": 2.216,
        "clay_index": 1.763,
        "ndvi_stress_index": 0.262,
        "tmi_structural_nT": 45168.3,
        "tmi_anomaly_nT": 168.3,
        "elevation_mdpl": 385.8,
        "geochem_assay_ratio": 1.77
      },
      "geometry": {
        "type": "Polygon",
        "coordinates": [
          [
            [
              121.865,
              -3.645
            ],
            [
              121.875,
              -3.645
            ],
            [
              121.875,
              -3.635
            ],
            [
              121.865,
              -3.635
            ],
            [
              121.865,
              -3.645
            ]
          ]
        ]
      }
    },
    {
      "type": "Feature",
      "properties": {
        "grid_id": "KON323",
        "site": "konawe",
        "location_label": "Konawe Abuki High Inland Mountain Ridge - Sulawesi Tenggara greenfield nickel laterite",
        "lithology": "serpentinite_simulated",
        "slope_deg": 9.5,
        "distance_to_river_m": 3113,
        "distance_to_road_m": 6066,
        "distance_to_settlement_m": 8990,
        "legal_status": "conditional",
        "distance_to_smelter_km": 61.4,
        "area_ha": 1.23,
        "region_id": "NW",
        "fe_oxide_index": 2.774,
        "clay_index": 2.283,
        "ndvi_stress_index": 0.245,
        "tmi_structural_nT": 45411.8,
        "tmi_anomaly_nT": 411.8,
        "elevation_mdpl": 380.3,
        "geochem_assay_ratio": 1.71
      },
      "geometry": {
        "type": "Polygon",
        "coordinates": [
          [
            [
              121.875,
              -3.645
            ],
            [
              121.885,
              -3.645
            ],
            [
              121.885,
              -3.635
            ],
            [
              121.875,
              -3.635
            ],
            [
              121.875,
              -3.645
            ]
          ]
        ]
      }
    },
    {
      "type": "Feature",
      "properties": {
        "grid_id": "KON324",
        "site": "konawe",
        "location_label": "Konawe Abuki High Inland Mountain Ridge - Sulawesi Tenggara greenfield nickel laterite",
        "lithology": "mafic_volcanic_simulated",
        "slope_deg": 12.2,
        "distance_to_river_m": 1912,
        "distance_to_road_m": 2546,
        "distance_to_settlement_m": 13572,
        "legal_status": "conditional",
        "distance_to_smelter_km": 58.2,
        "area_ha": 1.23,
        "region_id": "NW",
        "fe_oxide_index": 1.672,
        "clay_index": 1.425,
        "ndvi_stress_index": 0.778,
        "tmi_structural_nT": 44724.1,
        "tmi_anomaly_nT": -275.9,
        "elevation_mdpl": 449.7,
        "geochem_assay_ratio": 3.89
      },
      "geometry": {
        "type": "Polygon",
        "coordinates": [
          [
            [
              121.885,
              -3.645
            ],
            [
              121.895,
              -3.645
            ],
            [
              121.895,
              -3.635
            ],
            [
              121.885,
              -3.635
            ],
            [
              121.885,
              -3.645
            ]
          ]
        ]
      }
    },
    {
      "type": "Feature",
      "properties": {
        "grid_id": "KON325",
        "site": "konawe",
        "location_label": "Konawe Abuki High Inland Mountain Ridge - Sulawesi Tenggara greenfield nickel laterite",
        "lithology": "mafic_volcanic_simulated",
        "slope_deg": 12.9,
        "distance_to_river_m": 3130,
        "distance_to_road_m": 3759,
        "distance_to_settlement_m": 14834,
        "legal_status": "conditional",
        "distance_to_smelter_km": 55.3,
        "area_ha": 1.23,
        "region_id": "NW",
        "fe_oxide_index": 1.529,
        "clay_index": 1.494,
        "ndvi_stress_index": 0.607,
        "tmi_structural_nT": 44947.6,
        "tmi_anomaly_nT": -52.4,
        "elevation_mdpl": 411.5,
        "geochem_assay_ratio": 3.88
      },
      "geometry": {
        "type": "Polygon",
        "coordinates": [
          [
            [
              121.895,
              -3.645
            ],
            [
              121.905,
              -3.645
            ],
            [
              121.905,
              -3.635
            ],
            [
              121.895,
              -3.635
            ],
            [
              121.895,
              -3.645
            ]
          ]
        ]
      }
    },
    {
      "type": "Feature",
      "properties": {
        "grid_id": "KON326",
        "site": "konawe",
        "location_label": "Konawe Abuki High Inland Mountain Ridge - Sulawesi Tenggara greenfield nickel laterite",
        "lithology": "serpentinite_simulated",
        "slope_deg": 10.5,
        "distance_to_river_m": 2570,
        "distance_to_road_m": 1777,
        "distance_to_settlement_m": 4559,
        "legal_status": "conditional",
        "distance_to_smelter_km": 52.6,
        "area_ha": 1.23,
        "region_id": "NW",
        "fe_oxide_index": 1.997,
        "clay_index": 2.272,
        "ndvi_stress_index": 0.259,
        "tmi_structural_nT": 45698.9,
        "tmi_anomaly_nT": 698.9,
        "elevation_mdpl": 454.8,
        "geochem_assay_ratio": 1.52
      },
      "geometry": {
        "type": "Polygon",
        "coordinates": [
          [
            [
              121.905,
              -3.645
            ],
            [
              121.915,
              -3.645
            ],
            [
              121.915,
              -3.635
            ],
            [
              121.905,
              -3.635
            ],
            [
              121.905,
              -3.645
            ]
          ]
        ]
      }
    },
    {
      "type": "Feature",
      "properties": {
        "grid_id": "KON327",
        "site": "konawe",
        "location_label": "Konawe Abuki High Inland Mountain Ridge - Sulawesi Tenggara greenfield nickel laterite",
        "lithology": "peridotite_simulated",
        "slope_deg": 13.9,
        "distance_to_river_m": 2188,
        "distance_to_road_m": 4371,
        "distance_to_settlement_m": 11960,
        "legal_status": "conditional",
        "distance_to_smelter_km": 50.3,
        "area_ha": 1.23,
        "region_id": "NW",
        "fe_oxide_index": 2.723,
        "clay_index": 1.78,
        "ndvi_stress_index": 0.259,
        "tmi_structural_nT": 46079.7,
        "tmi_anomaly_nT": 1079.7,
        "elevation_mdpl": 445.2,
        "geochem_assay_ratio": 1.92
      },
      "geometry": {
        "type": "Polygon",
        "coordinates": [
          [
            [
              121.915,
              -3.645
            ],
            [
              121.925,
              -3.645
            ],
            [
              121.925,
              -3.635
            ],
            [
              121.915,
              -3.635
            ],
            [
              121.915,
              -3.645
            ]
          ]
        ]
      }
    },
    {
      "type": "Feature",
      "properties": {
        "grid_id": "KON328",
        "site": "konawe",
        "location_label": "Konawe Abuki High Inland Mountain Ridge - Sulawesi Tenggara greenfield nickel laterite",
        "lithology": "mafic_volcanic_simulated",
        "slope_deg": 11.4,
        "distance_to_river_m": 1921,
        "distance_to_road_m": 5212,
        "distance_to_settlement_m": 9842,
        "legal_status": "conditional",
        "distance_to_smelter_km": 48.5,
        "area_ha": 1.23,
        "region_id": "NW",
        "fe_oxide_index": 1.374,
        "clay_index": 1.198,
        "ndvi_stress_index": 0.519,
        "tmi_structural_nT": 45392.3,
        "tmi_anomaly_nT": 392.3,
        "elevation_mdpl": 405.5,
        "geochem_assay_ratio": 5.78
      },
      "geometry": {
        "type": "Polygon",
        "coordinates": [
          [
            [
              121.925,
              -3.645
            ],
            [
              121.935,
              -3.645
            ],
            [
              121.935,
              -3.635
            ],
            [
              121.925,
              -3.635
            ],
            [
              121.925,
              -3.645
            ]
          ]
        ]
      }
    },
    {
      "type": "Feature",
      "properties": {
        "grid_id": "KON329",
        "site": "konawe",
        "location_label": "Konawe Abuki High Inland Mountain Ridge - Sulawesi Tenggara greenfield nickel laterite",
        "lithology": "serpentinite_simulated",
        "slope_deg": 17.8,
        "distance_to_river_m": 2351,
        "distance_to_road_m": 5419,
        "distance_to_settlement_m": 7603,
        "legal_status": "no-go",
        "distance_to_smelter_km": 47.2,
        "area_ha": 1.23,
        "region_id": "NW",
        "fe_oxide_index": 2.257,
        "clay_index": 2.002,
        "ndvi_stress_index": 0.336,
        "tmi_structural_nT": 45754.2,
        "tmi_anomaly_nT": 754.2,
        "elevation_mdpl": 424.9,
        "geochem_assay_ratio": 3.15
      },
      "geometry": {
        "type": "Polygon",
        "coordinates": [
          [
            [
              121.935,
              -3.645
            ],
            [
              121.945,
              -3.645
            ],
            [
              121.945,
              -3.635
            ],
            [
              121.935,
              -3.635
            ],
            [
              121.935,
              -3.645
            ]
          ]
        ]
      }
    },
    {
      "type": "Feature",
      "properties": {
        "grid_id": "KON330",
        "site": "konawe",
        "location_label": "Konawe Abuki High Inland Mountain Ridge - Sulawesi Tenggara greenfield nickel laterite",
        "lithology": "ultramafic_simulated",
        "slope_deg": 12.7,
        "distance_to_river_m": 2731,
        "distance_to_road_m": 4779,
        "distance_to_settlement_m": 4412,
        "legal_status": "no-go",
        "distance_to_smelter_km": 46.5,
        "area_ha": 1.23,
        "region_id": "NW",
        "fe_oxide_index": 2.753,
        "clay_index": 1.762,
        "ndvi_stress_index": 0.397,
        "tmi_structural_nT": 45198.1,
        "tmi_anomaly_nT": 198.1,
        "elevation_mdpl": 399.7,
        "geochem_assay_ratio": 2.7
      },
      "geometry": {
        "type": "Polygon",
        "coordinates": [
          [
            [
              121.945,
              -3.645
            ],
            [
              121.955,
              -3.645
            ],
            [
              121.955,
              -3.635
            ],
            [
              121.945,
              -3.635
            ],
            [
              121.945,
              -3.645
            ]
          ]
        ]
      }
    },
    {
      "type": "Feature",
      "properties": {
        "grid_id": "KON331",
        "site": "konawe",
        "location_label": "Konawe Abuki High Inland Mountain Ridge - Sulawesi Tenggara greenfield nickel laterite",
        "lithology": "serpentinite_simulated",
        "slope_deg": 12.4,
        "distance_to_river_m": 951,
        "distance_to_road_m": 5543,
        "distance_to_settlement_m": 10919,
        "legal_status": "no-go",
        "distance_to_smelter_km": 46.5,
        "area_ha": 1.23,
        "region_id": "NE",
        "fe_oxide_index": 2.519,
        "clay_index": 2.378,
        "ndvi_stress_index": 0.345,
        "tmi_structural_nT": 45887.1,
        "tmi_anomaly_nT": 887.1,
        "elevation_mdpl": 476.5,
        "geochem_assay_ratio": 2.81
      },
      "geometry": {
        "type": "Polygon",
        "coordinates": [
          [
            [
              121.955,
              -3.645
            ],
            [
              121.965,
              -3.645
            ],
            [
              121.965,
              -3.635
            ],
            [
              121.955,
              -3.635
            ],
            [
              121.955,
              -3.645
            ]
          ]
        ]
      }
    },
    {
      "type": "Feature",
      "properties": {
        "grid_id": "KON332",
        "site": "konawe",
        "location_label": "Konawe Abuki High Inland Mountain Ridge - Sulawesi Tenggara greenfield nickel laterite",
        "lithology": "serpentinite_simulated",
        "slope_deg": 13.8,
        "distance_to_river_m": 2172,
        "distance_to_road_m": 3735,
        "distance_to_settlement_m": 13558,
        "legal_status": "no-go",
        "distance_to_smelter_km": 47.2,
        "area_ha": 1.23,
        "region_id": "NE",
        "fe_oxide_index": 2.04,
        "clay_index": 2.352,
        "ndvi_stress_index": 0.227,
        "tmi_structural_nT": 45245.4,
        "tmi_anomaly_nT": 245.4,
        "elevation_mdpl": 406.7,
        "geochem_assay_ratio": 2.79
      },
      "geometry": {
        "type": "Polygon",
        "coordinates": [
          [
            [
              121.965,
              -3.645
            ],
            [
              121.975,
              -3.645
            ],
            [
              121.975,
              -3.635
            ],
            [
              121.965,
              -3.635
            ],
            [
              121.965,
              -3.645
            ]
          ]
        ]
      }
    },
    {
      "type": "Feature",
      "properties": {
        "grid_id": "KON333",
        "site": "konawe",
        "location_label": "Konawe Abuki High Inland Mountain Ridge - Sulawesi Tenggara greenfield nickel laterite",
        "lithology": "serpentinite_simulated",
        "slope_deg": 10.5,
        "distance_to_river_m": 1952,
        "distance_to_road_m": 3370,
        "distance_to_settlement_m": 6489,
        "legal_status": "conditional",
        "distance_to_smelter_km": 48.5,
        "area_ha": 1.23,
        "region_id": "NE",
        "fe_oxide_index": 2.678,
        "clay_index": 2.236,
        "ndvi_stress_index": 0.242,
        "tmi_structural_nT": 45974.6,
        "tmi_anomaly_nT": 974.6,
        "elevation_mdpl": 479.7,
        "geochem_assay_ratio": 3.12
      },
      "geometry": {
        "type": "Polygon",
        "coordinates": [
          [
            [
              121.975,
              -3.645
            ],
            [
              121.985,
              -3.645
            ],
            [
              121.985,
              -3.635
            ],
            [
              121.975,
              -3.635
            ],
            [
              121.975,
              -3.645
            ]
          ]
        ]
      }
    },
    {
      "type": "Feature",
      "properties": {
        "grid_id": "KON334",
        "site": "konawe",
        "location_label": "Konawe Abuki High Inland Mountain Ridge - Sulawesi Tenggara greenfield nickel laterite",
        "lithology": "ultramafic_simulated",
        "slope_deg": 17.8,
        "distance_to_river_m": 2415,
        "distance_to_road_m": 5536,
        "distance_to_settlement_m": 8327,
        "legal_status": "conditional",
        "distance_to_smelter_km": 50.3,
        "area_ha": 1.23,
        "region_id": "NE",
        "fe_oxide_index": 2.421,
        "clay_index": 2.003,
        "ndvi_stress_index": 0.263,
        "tmi_structural_nT": 45935.5,
        "tmi_anomaly_nT": 935.5,
        "elevation_mdpl": 384.4,
        "geochem_assay_ratio": 2.55
      },
      "geometry": {
        "type": "Polygon",
        "coordinates": [
          [
            [
              121.985,
              -3.645
            ],
            [
              121.995,
              -3.645
            ],
            [
              121.995,
              -3.635
            ],
            [
              121.985,
              -3.635
            ],
            [
              121.985,
              -3.645
            ]
          ]
        ]
      }
    },
    {
      "type": "Feature",
      "properties": {
        "grid_id": "KON335",
        "site": "konawe",
        "location_label": "Konawe Abuki High Inland Mountain Ridge - Sulawesi Tenggara greenfield nickel laterite",
        "lithology": "ultramafic_simulated",
        "slope_deg": 18.6,
        "distance_to_river_m": 1854,
        "distance_to_road_m": 5484,
        "distance_to_settlement_m": 11454,
        "legal_status": "conditional",
        "distance_to_smelter_km": 52.6,
        "area_ha": 1.23,
        "region_id": "NE",
        "fe_oxide_index": 2.292,
        "clay_index": 2.397,
        "ndvi_stress_index": 0.282,
        "tmi_structural_nT": 45888.0,
        "tmi_anomaly_nT": 888.0,
        "elevation_mdpl": 404.9,
        "geochem_assay_ratio": 1.49
      },
      "geometry": {
        "type": "Polygon",
        "coordinates": [
          [
            [
              121.995,
              -3.645
            ],
            [
              122.005,
              -3.645
            ],
            [
              122.005,
              -3.635
            ],
            [
              121.995,
              -3.635
            ],
            [
              121.995,
              -3.645
            ]
          ]
        ]
      }
    },
    {
      "type": "Feature",
      "properties": {
        "grid_id": "KON336",
        "site": "konawe",
        "location_label": "Konawe Abuki High Inland Mountain Ridge - Sulawesi Tenggara greenfield nickel laterite",
        "lithology": "peridotite_simulated",
        "slope_deg": 16.9,
        "distance_to_river_m": 2835,
        "distance_to_road_m": 3209,
        "distance_to_settlement_m": 12519,
        "legal_status": "conditional",
        "distance_to_smelter_km": 55.3,
        "area_ha": 1.23,
        "region_id": "NE",
        "fe_oxide_index": 2.567,
        "clay_index": 2.356,
        "ndvi_stress_index": 0.418,
        "tmi_structural_nT": 45404.7,
        "tmi_anomaly_nT": 404.7,
        "elevation_mdpl": 437.3,
        "geochem_assay_ratio": 1.73
      },
      "geometry": {
        "type": "Polygon",
        "coordinates": [
          [
            [
              122.005,
              -3.645
            ],
            [
              122.015,
              -3.645
            ],
            [
              122.015,
              -3.635
            ],
            [
              122.005,
              -3.635
            ],
            [
              122.005,
              -3.645
            ]
          ]
        ]
      }
    },
    {
      "type": "Feature",
      "properties": {
        "grid_id": "KON337",
        "site": "konawe",
        "location_label": "Konawe Abuki High Inland Mountain Ridge - Sulawesi Tenggara greenfield nickel laterite",
        "lithology": "serpentinite_simulated",
        "slope_deg": 16.9,
        "distance_to_river_m": 1618,
        "distance_to_road_m": 4793,
        "distance_to_settlement_m": 7966,
        "legal_status": "conditional",
        "distance_to_smelter_km": 58.2,
        "area_ha": 1.23,
        "region_id": "NE",
        "fe_oxide_index": 2.031,
        "clay_index": 1.83,
        "ndvi_stress_index": 0.358,
        "tmi_structural_nT": 45484.4,
        "tmi_anomaly_nT": 484.4,
        "elevation_mdpl": 438.9,
        "geochem_assay_ratio": 2.12
      },
      "geometry": {
        "type": "Polygon",
        "coordinates": [
          [
            [
              122.015,
              -3.645
            ],
            [
              122.025,
              -3.645
            ],
            [
              122.025,
              -3.635
            ],
            [
              122.015,
              -3.635
            ],
            [
              122.015,
              -3.645
            ]
          ]
        ]
      }
    },
    {
      "type": "Feature",
      "properties": {
        "grid_id": "KON338",
        "site": "konawe",
        "location_label": "Konawe Abuki High Inland Mountain Ridge - Sulawesi Tenggara greenfield nickel laterite",
        "lithology": "serpentinite_simulated",
        "slope_deg": 8.9,
        "distance_to_river_m": 2265,
        "distance_to_road_m": 2657,
        "distance_to_settlement_m": 13663,
        "legal_status": "no-go",
        "distance_to_smelter_km": 61.4,
        "area_ha": 1.23,
        "region_id": "NE",
        "fe_oxide_index": 1.922,
        "clay_index": 2.137,
        "ndvi_stress_index": 0.317,
        "tmi_structural_nT": 45263.1,
        "tmi_anomaly_nT": 263.1,
        "elevation_mdpl": 412.5,
        "geochem_assay_ratio": 2.8
      },
      "geometry": {
        "type": "Polygon",
        "coordinates": [
          [
            [
              122.025,
              -3.645
            ],
            [
              122.035,
              -3.645
            ],
            [
              122.035,
              -3.635
            ],
            [
              122.025,
              -3.635
            ],
            [
              122.025,
              -3.645
            ]
          ]
        ]
      }
    },
    {
      "type": "Feature",
      "properties": {
        "grid_id": "KON339",
        "site": "konawe",
        "location_label": "Konawe Abuki High Inland Mountain Ridge - Sulawesi Tenggara greenfield nickel laterite",
        "lithology": "serpentinite_simulated",
        "slope_deg": 15.3,
        "distance_to_river_m": 3198,
        "distance_to_road_m": 5596,
        "distance_to_settlement_m": 10557,
        "legal_status": "no-go",
        "distance_to_smelter_km": 64.8,
        "area_ha": 1.23,
        "region_id": "NE",
        "fe_oxide_index": 2.048,
        "clay_index": 1.855,
        "ndvi_stress_index": 0.321,
        "tmi_structural_nT": 45972.4,
        "tmi_anomaly_nT": 972.4,
        "elevation_mdpl": 416.2,
        "geochem_assay_ratio": 2.94
      },
      "geometry": {
        "type": "Polygon",
        "coordinates": [
          [
            [
              122.035,
              -3.645
            ],
            [
              122.045,
              -3.645
            ],
            [
              122.045,
              -3.635
            ],
            [
              122.035,
              -3.635
            ],
            [
              122.035,
              -3.645
            ]
          ]
        ]
      }
    },
    {
      "type": "Feature",
      "properties": {
        "grid_id": "KON340",
        "site": "konawe",
        "location_label": "Konawe Abuki High Inland Mountain Ridge - Sulawesi Tenggara greenfield nickel laterite",
        "lithology": "serpentinite_simulated",
        "slope_deg": 14.0,
        "distance_to_river_m": 323,
        "distance_to_road_m": 3657,
        "distance_to_settlement_m": 8357,
        "legal_status": "no-go",
        "distance_to_smelter_km": 68.4,
        "area_ha": 1.23,
        "region_id": "NE",
        "fe_oxide_index": 2.033,
        "clay_index": 2.34,
        "ndvi_stress_index": 0.396,
        "tmi_structural_nT": 45667.8,
        "tmi_anomaly_nT": 667.8,
        "elevation_mdpl": 448.1,
        "geochem_assay_ratio": 2.11
      },
      "geometry": {
        "type": "Polygon",
        "coordinates": [
          [
            [
              122.045,
              -3.645
            ],
            [
              122.055,
              -3.645
            ],
            [
              122.055,
              -3.635
            ],
            [
              122.045,
              -3.635
            ],
            [
              122.045,
              -3.645
            ]
          ]
        ]
      }
    },
    {
      "type": "Feature",
      "properties": {
        "grid_id": "KON341",
        "site": "konawe",
        "location_label": "Konawe Abuki High Inland Mountain Ridge - Sulawesi Tenggara greenfield nickel laterite",
        "lithology": "serpentinite_simulated",
        "slope_deg": 11.7,
        "distance_to_river_m": 670,
        "distance_to_road_m": 5115,
        "distance_to_settlement_m": 9222,
        "legal_status": "conditional",
        "distance_to_smelter_km": 71.0,
        "area_ha": 1.23,
        "region_id": "NW",
        "fe_oxide_index": 1.992,
        "clay_index": 2.353,
        "ndvi_stress_index": 0.365,
        "tmi_structural_nT": 45679.3,
        "tmi_anomaly_nT": 679.3,
        "elevation_mdpl": 411.4,
        "geochem_assay_ratio": 2.83
      },
      "geometry": {
        "type": "Polygon",
        "coordinates": [
          [
            [
              121.855,
              -3.635
            ],
            [
              121.865,
              -3.635
            ],
            [
              121.865,
              -3.625
            ],
            [
              121.855,
              -3.625
            ],
            [
              121.855,
              -3.635
            ]
          ]
        ]
      }
    },
    {
      "type": "Feature",
      "properties": {
        "grid_id": "KON342",
        "site": "konawe",
        "location_label": "Konawe Abuki High Inland Mountain Ridge - Sulawesi Tenggara greenfield nickel laterite",
        "lithology": "ultramafic_simulated",
        "slope_deg": 11.8,
        "distance_to_river_m": 2343,
        "distance_to_road_m": 1783,
        "distance_to_settlement_m": 14996,
        "legal_status": "conditional",
        "distance_to_smelter_km": 67.6,
        "area_ha": 1.23,
        "region_id": "NW",
        "fe_oxide_index": 2.654,
        "clay_index": 2.242,
        "ndvi_stress_index": 0.365,
        "tmi_structural_nT": 45974.0,
        "tmi_anomaly_nT": 974.0,
        "elevation_mdpl": 400.7,
        "geochem_assay_ratio": 3.03
      },
      "geometry": {
        "type": "Polygon",
        "coordinates": [
          [
            [
              121.865,
              -3.635
            ],
            [
              121.875,
              -3.635
            ],
            [
              121.875,
              -3.625
            ],
            [
              121.865,
              -3.625
            ],
            [
              121.865,
              -3.635
            ]
          ]
        ]
      }
    },
    {
      "type": "Feature",
      "properties": {
        "grid_id": "KON343",
        "site": "konawe",
        "location_label": "Konawe Abuki High Inland Mountain Ridge - Sulawesi Tenggara greenfield nickel laterite",
        "lithology": "peridotite_simulated",
        "slope_deg": 13.0,
        "distance_to_river_m": 492,
        "distance_to_road_m": 4612,
        "distance_to_settlement_m": 4710,
        "legal_status": "conditional",
        "distance_to_smelter_km": 64.4,
        "area_ha": 1.23,
        "region_id": "NW",
        "fe_oxide_index": 1.992,
        "clay_index": 1.783,
        "ndvi_stress_index": 0.325,
        "tmi_structural_nT": 45478.2,
        "tmi_anomaly_nT": 478.2,
        "elevation_mdpl": 416.1,
        "geochem_assay_ratio": 3.01
      },
      "geometry": {
        "type": "Polygon",
        "coordinates": [
          [
            [
              121.875,
              -3.635
            ],
            [
              121.885,
              -3.635
            ],
            [
              121.885,
              -3.625
            ],
            [
              121.875,
              -3.625
            ],
            [
              121.875,
              -3.635
            ]
          ]
        ]
      }
    },
    {
      "type": "Feature",
      "properties": {
        "grid_id": "KON344",
        "site": "konawe",
        "location_label": "Konawe Abuki High Inland Mountain Ridge - Sulawesi Tenggara greenfield nickel laterite",
        "lithology": "ultramafic_simulated",
        "slope_deg": 15.0,
        "distance_to_river_m": 2544,
        "distance_to_road_m": 3408,
        "distance_to_settlement_m": 5245,
        "legal_status": "no-go",
        "distance_to_smelter_km": 61.4,
        "area_ha": 1.23,
        "region_id": "NW",
        "fe_oxide_index": 2.636,
        "clay_index": 1.869,
        "ndvi_stress_index": 0.198,
        "tmi_structural_nT": 46085.6,
        "tmi_anomaly_nT": 1085.6,
        "elevation_mdpl": 412.4,
        "geochem_assay_ratio": 2.71
      },
      "geometry": {
        "type": "Polygon",
        "coordinates": [
          [
            [
              121.885,
              -3.635
            ],
            [
              121.895,
              -3.635
            ],
            [
              121.895,
              -3.625
            ],
            [
              121.885,
              -3.625
            ],
            [
              121.885,
              -3.635
            ]
          ]
        ]
      }
    },
    {
      "type": "Feature",
      "properties": {
        "grid_id": "KON345",
        "site": "konawe",
        "location_label": "Konawe Abuki High Inland Mountain Ridge - Sulawesi Tenggara greenfield nickel laterite",
        "lithology": "mafic_volcanic_simulated",
        "slope_deg": 18.9,
        "distance_to_river_m": 1624,
        "distance_to_road_m": 3855,
        "distance_to_settlement_m": 13452,
        "legal_status": "conditional",
        "distance_to_smelter_km": 58.7,
        "area_ha": 1.23,
        "region_id": "NW",
        "fe_oxide_index": 1.104,
        "clay_index": 1.239,
        "ndvi_stress_index": 0.647,
        "tmi_structural_nT": 44520.1,
        "tmi_anomaly_nT": -479.9,
        "elevation_mdpl": 437.9,
        "geochem_assay_ratio": 4.02
      },
      "geometry": {
        "type": "Polygon",
        "coordinates": [
          [
            [
              121.895,
              -3.635
            ],
            [
              121.905,
              -3.635
            ],
            [
              121.905,
              -3.625
            ],
            [
              121.895,
              -3.625
            ],
            [
              121.895,
              -3.635
            ]
          ]
        ]
      }
    },
    {
      "type": "Feature",
      "properties": {
        "grid_id": "KON346",
        "site": "konawe",
        "location_label": "Konawe Abuki High Inland Mountain Ridge - Sulawesi Tenggara greenfield nickel laterite",
        "lithology": "peridotite_simulated",
        "slope_deg": 15.4,
        "distance_to_river_m": 1853,
        "distance_to_road_m": 5480,
        "distance_to_settlement_m": 8852,
        "legal_status": "conditional",
        "distance_to_smelter_km": 56.3,
        "area_ha": 1.23,
        "region_id": "NW",
        "fe_oxide_index": 2.839,
        "clay_index": 1.913,
        "ndvi_stress_index": 0.405,
        "tmi_structural_nT": 45784.6,
        "tmi_anomaly_nT": 784.6,
        "elevation_mdpl": 457.8,
        "geochem_assay_ratio": 2.84
      },
      "geometry": {
        "type": "Polygon",
        "coordinates": [
          [
            [
              121.905,
              -3.635
            ],
            [
              121.915,
              -3.635
            ],
            [
              121.915,
              -3.625
            ],
            [
              121.905,
              -3.625
            ],
            [
              121.905,
              -3.635
            ]
          ]
        ]
      }
    },
    {
      "type": "Feature",
      "properties": {
        "grid_id": "KON347",
        "site": "konawe",
        "location_label": "Konawe Abuki High Inland Mountain Ridge - Sulawesi Tenggara greenfield nickel laterite",
        "lithology": "serpentinite_simulated",
        "slope_deg": 12.0,
        "distance_to_river_m": 764,
        "distance_to_road_m": 2100,
        "distance_to_settlement_m": 10909,
        "legal_status": "conditional",
        "distance_to_smelter_km": 54.2,
        "area_ha": 1.23,
        "region_id": "NW",
        "fe_oxide_index": 1.996,
        "clay_index": 2.257,
        "ndvi_stress_index": 0.319,
        "tmi_structural_nT": 45808.9,
        "tmi_anomaly_nT": 808.9,
        "elevation_mdpl": 436.9,
        "geochem_assay_ratio": 1.93
      },
      "geometry": {
        "type": "Polygon",
        "coordinates": [
          [
            [
              121.915,
              -3.635
            ],
            [
              121.925,
              -3.635
            ],
            [
              121.925,
              -3.625
            ],
            [
              121.915,
              -3.625
            ],
            [
              121.915,
              -3.635
            ]
          ]
        ]
      }
    },
    {
      "type": "Feature",
      "properties": {
        "grid_id": "KON348",
        "site": "konawe",
        "location_label": "Konawe Abuki High Inland Mountain Ridge - Sulawesi Tenggara greenfield nickel laterite",
        "lithology": "serpentinite_simulated",
        "slope_deg": 16.4,
        "distance_to_river_m": 2704,
        "distance_to_road_m": 5561,
        "distance_to_settlement_m": 13030,
        "legal_status": "no-go",
        "distance_to_smelter_km": 52.6,
        "area_ha": 1.23,
        "region_id": "NW",
        "fe_oxide_index": 2.21,
        "clay_index": 1.818,
        "ndvi_stress_index": 0.384,
        "tmi_structural_nT": 45730.5,
        "tmi_anomaly_nT": 730.5,
        "elevation_mdpl": 437.8,
        "geochem_assay_ratio": 1.6
      },
      "geometry": {
        "type": "Polygon",
        "coordinates": [
          [
            [
              121.925,
              -3.635
            ],
            [
              121.935,
              -3.635
            ],
            [
              121.935,
              -3.625
            ],
            [
              121.925,
              -3.625
            ],
            [
              121.925,
              -3.635
            ]
          ]
        ]
      }
    },
    {
      "type": "Feature",
      "properties": {
        "grid_id": "KON349",
        "site": "konawe",
        "location_label": "Konawe Abuki High Inland Mountain Ridge - Sulawesi Tenggara greenfield nickel laterite",
        "lithology": "serpentinite_simulated",
        "slope_deg": 13.8,
        "distance_to_river_m": 1604,
        "distance_to_road_m": 2471,
        "distance_to_settlement_m": 4102,
        "legal_status": "no-go",
        "distance_to_smelter_km": 51.5,
        "area_ha": 1.23,
        "region_id": "NW",
        "fe_oxide_index": 2.433,
        "clay_index": 2.326,
        "ndvi_stress_index": 0.229,
        "tmi_structural_nT": 45903.3,
        "tmi_anomaly_nT": 903.3,
        "elevation_mdpl": 423.1,
        "geochem_assay_ratio": 1.98
      },
      "geometry": {
        "type": "Polygon",
        "coordinates": [
          [
            [
              121.935,
              -3.635
            ],
            [
              121.945,
              -3.635
            ],
            [
              121.945,
              -3.625
            ],
            [
              121.935,
              -3.625
            ],
            [
              121.935,
              -3.635
            ]
          ]
        ]
      }
    },
    {
      "type": "Feature",
      "properties": {
        "grid_id": "KON350",
        "site": "konawe",
        "location_label": "Konawe Abuki High Inland Mountain Ridge - Sulawesi Tenggara greenfield nickel laterite",
        "lithology": "serpentinite_simulated",
        "slope_deg": 18.3,
        "distance_to_river_m": 344,
        "distance_to_road_m": 4014,
        "distance_to_settlement_m": 5429,
        "legal_status": "no-go",
        "distance_to_smelter_km": 50.9,
        "area_ha": 1.23,
        "region_id": "NW",
        "fe_oxide_index": 2.466,
        "clay_index": 2.184,
        "ndvi_stress_index": 0.204,
        "tmi_structural_nT": 45182.5,
        "tmi_anomaly_nT": 182.5,
        "elevation_mdpl": 439.2,
        "geochem_assay_ratio": 2.62
      },
      "geometry": {
        "type": "Polygon",
        "coordinates": [
          [
            [
              121.945,
              -3.635
            ],
            [
              121.955,
              -3.635
            ],
            [
              121.955,
              -3.625
            ],
            [
              121.945,
              -3.625
            ],
            [
              121.945,
              -3.635
            ]
          ]
        ]
      }
    },
    {
      "type": "Feature",
      "properties": {
        "grid_id": "KON351",
        "site": "konawe",
        "location_label": "Konawe Abuki High Inland Mountain Ridge - Sulawesi Tenggara greenfield nickel laterite",
        "lithology": "serpentinite_simulated",
        "slope_deg": 14.2,
        "distance_to_river_m": 2880,
        "distance_to_road_m": 2524,
        "distance_to_settlement_m": 12640,
        "legal_status": "no-go",
        "distance_to_smelter_km": 50.9,
        "area_ha": 1.23,
        "region_id": "NE",
        "fe_oxide_index": 1.821,
        "clay_index": 1.633,
        "ndvi_stress_index": 0.363,
        "tmi_structural_nT": 45893.8,
        "tmi_anomaly_nT": 893.8,
        "elevation_mdpl": 456.6,
        "geochem_assay_ratio": 2.67
      },
      "geometry": {
        "type": "Polygon",
        "coordinates": [
          [
            [
              121.955,
              -3.635
            ],
            [
              121.965,
              -3.635
            ],
            [
              121.965,
              -3.625
            ],
            [
              121.955,
              -3.625
            ],
            [
              121.955,
              -3.635
            ]
          ]
        ]
      }
    },
    {
      "type": "Feature",
      "properties": {
        "grid_id": "KON352",
        "site": "konawe",
        "location_label": "Konawe Abuki High Inland Mountain Ridge - Sulawesi Tenggara greenfield nickel laterite",
        "lithology": "serpentinite_simulated",
        "slope_deg": 17.5,
        "distance_to_river_m": 1484,
        "distance_to_road_m": 2333,
        "distance_to_settlement_m": 9452,
        "legal_status": "no-go",
        "distance_to_smelter_km": 51.5,
        "area_ha": 1.23,
        "region_id": "NE",
        "fe_oxide_index": 1.974,
        "clay_index": 1.641,
        "ndvi_stress_index": 0.297,
        "tmi_structural_nT": 45344.7,
        "tmi_anomaly_nT": 344.7,
        "elevation_mdpl": 392.7,
        "geochem_assay_ratio": 3.14
      },
      "geometry": {
        "type": "Polygon",
        "coordinates": [
          [
            [
              121.965,
              -3.635
            ],
            [
              121.975,
              -3.635
            ],
            [
              121.975,
              -3.625
            ],
            [
              121.965,
              -3.625
            ],
            [
              121.965,
              -3.635
            ]
          ]
        ]
      }
    },
    {
      "type": "Feature",
      "properties": {
        "grid_id": "KON353",
        "site": "konawe",
        "location_label": "Konawe Abuki High Inland Mountain Ridge - Sulawesi Tenggara greenfield nickel laterite",
        "lithology": "serpentinite_simulated",
        "slope_deg": 15.2,
        "distance_to_river_m": 3134,
        "distance_to_road_m": 2215,
        "distance_to_settlement_m": 14781,
        "legal_status": "no-go",
        "distance_to_smelter_km": 52.6,
        "area_ha": 1.23,
        "region_id": "NE",
        "fe_oxide_index": 2.208,
        "clay_index": 1.89,
        "ndvi_stress_index": 0.24,
        "tmi_structural_nT": 45465.2,
        "tmi_anomaly_nT": 465.2,
        "elevation_mdpl": 450.8,
        "geochem_assay_ratio": 2.72
      },
      "geometry": {
        "type": "Polygon",
        "coordinates": [
          [
            [
              121.975,
              -3.635
            ],
            [
              121.985,
              -3.635
            ],
            [
              121.985,
              -3.625
            ],
            [
              121.975,
              -3.625
            ],
            [
              121.975,
              -3.635
            ]
          ]
        ]
      }
    },
    {
      "type": "Feature",
      "properties": {
        "grid_id": "KON354",
        "site": "konawe",
        "location_label": "Konawe Abuki High Inland Mountain Ridge - Sulawesi Tenggara greenfield nickel laterite",
        "lithology": "serpentinite_simulated",
        "slope_deg": 17.8,
        "distance_to_river_m": 2701,
        "distance_to_road_m": 3123,
        "distance_to_settlement_m": 8989,
        "legal_status": "no-go",
        "distance_to_smelter_km": 54.2,
        "area_ha": 1.23,
        "region_id": "NE",
        "fe_oxide_index": 2.449,
        "clay_index": 2.337,
        "ndvi_stress_index": 0.363,
        "tmi_structural_nT": 45391.0,
        "tmi_anomaly_nT": 391.0,
        "elevation_mdpl": 404.2,
        "geochem_assay_ratio": 1.81
      },
      "geometry": {
        "type": "Polygon",
        "coordinates": [
          [
            [
              121.985,
              -3.635
            ],
            [
              121.995,
              -3.635
            ],
            [
              121.995,
              -3.625
            ],
            [
              121.985,
              -3.625
            ],
            [
              121.985,
              -3.635
            ]
          ]
        ]
      }
    },
    {
      "type": "Feature",
      "properties": {
        "grid_id": "KON355",
        "site": "konawe",
        "location_label": "Konawe Abuki High Inland Mountain Ridge - Sulawesi Tenggara greenfield nickel laterite",
        "lithology": "serpentinite_simulated",
        "slope_deg": 11.2,
        "distance_to_river_m": 971,
        "distance_to_road_m": 1952,
        "distance_to_settlement_m": 10243,
        "legal_status": "no-go",
        "distance_to_smelter_km": 56.3,
        "area_ha": 1.23,
        "region_id": "NE",
        "fe_oxide_index": 2.47,
        "clay_index": 2.274,
        "ndvi_stress_index": 0.333,
        "tmi_structural_nT": 46054.6,
        "tmi_anomaly_nT": 1054.6,
        "elevation_mdpl": 399.9,
        "geochem_assay_ratio": 1.59
      },
      "geometry": {
        "type": "Polygon",
        "coordinates": [
          [
            [
              121.995,
              -3.635
            ],
            [
              122.005,
              -3.635
            ],
            [
              122.005,
              -3.625
            ],
            [
              121.995,
              -3.625
            ],
            [
              121.995,
              -3.635
            ]
          ]
        ]
      }
    },
    {
      "type": "Feature",
      "properties": {
        "grid_id": "KON356",
        "site": "konawe",
        "location_label": "Konawe Abuki High Inland Mountain Ridge - Sulawesi Tenggara greenfield nickel laterite",
        "lithology": "serpentinite_simulated",
        "slope_deg": 11.0,
        "distance_to_river_m": 685,
        "distance_to_road_m": 4311,
        "distance_to_settlement_m": 6372,
        "legal_status": "conditional",
        "distance_to_smelter_km": 58.7,
        "area_ha": 1.23,
        "region_id": "NE",
        "fe_oxide_index": 1.827,
        "clay_index": 2.45,
        "ndvi_stress_index": 0.318,
        "tmi_structural_nT": 46024.9,
        "tmi_anomaly_nT": 1024.9,
        "elevation_mdpl": 448.1,
        "geochem_assay_ratio": 2.6
      },
      "geometry": {
        "type": "Polygon",
        "coordinates": [
          [
            [
              122.005,
              -3.635
            ],
            [
              122.015,
              -3.635
            ],
            [
              122.015,
              -3.625
            ],
            [
              122.005,
              -3.625
            ],
            [
              122.005,
              -3.635
            ]
          ]
        ]
      }
    },
    {
      "type": "Feature",
      "properties": {
        "grid_id": "KON357",
        "site": "konawe",
        "location_label": "Konawe Abuki High Inland Mountain Ridge - Sulawesi Tenggara greenfield nickel laterite",
        "lithology": "serpentinite_simulated",
        "slope_deg": 10.4,
        "distance_to_river_m": 1366,
        "distance_to_road_m": 3536,
        "distance_to_settlement_m": 10252,
        "legal_status": "conditional",
        "distance_to_smelter_km": 61.4,
        "area_ha": 1.23,
        "region_id": "NE",
        "fe_oxide_index": 2.507,
        "clay_index": 1.96,
        "ndvi_stress_index": 0.314,
        "tmi_structural_nT": 45868.3,
        "tmi_anomaly_nT": 868.3,
        "elevation_mdpl": 392.4,
        "geochem_assay_ratio": 1.9
      },
      "geometry": {
        "type": "Polygon",
        "coordinates": [
          [
            [
              122.015,
              -3.635
            ],
            [
              122.025,
              -3.635
            ],
            [
              122.025,
              -3.625
            ],
            [
              122.015,
              -3.625
            ],
            [
              122.015,
              -3.635
            ]
          ]
        ]
      }
    },
    {
      "type": "Feature",
      "properties": {
        "grid_id": "KON358",
        "site": "konawe",
        "location_label": "Konawe Abuki High Inland Mountain Ridge - Sulawesi Tenggara greenfield nickel laterite",
        "lithology": "peridotite_simulated",
        "slope_deg": 18.5,
        "distance_to_river_m": 2376,
        "distance_to_road_m": 3053,
        "distance_to_settlement_m": 8171,
        "legal_status": "no-go",
        "distance_to_smelter_km": 64.4,
        "area_ha": 1.23,
        "region_id": "NE",
        "fe_oxide_index": 2.445,
        "clay_index": 2.214,
        "ndvi_stress_index": 0.325,
        "tmi_structural_nT": 45174.7,
        "tmi_anomaly_nT": 174.7,
        "elevation_mdpl": 411.2,
        "geochem_assay_ratio": 2.07
      },
      "geometry": {
        "type": "Polygon",
        "coordinates": [
          [
            [
              122.025,
              -3.635
            ],
            [
              122.035,
              -3.635
            ],
            [
              122.035,
              -3.625
            ],
            [
              122.025,
              -3.625
            ],
            [
              122.025,
              -3.635
            ]
          ]
        ]
      }
    },
    {
      "type": "Feature",
      "properties": {
        "grid_id": "KON359",
        "site": "konawe",
        "location_label": "Konawe Abuki High Inland Mountain Ridge - Sulawesi Tenggara greenfield nickel laterite",
        "lithology": "alluvium",
        "slope_deg": 9.3,
        "distance_to_river_m": 2673,
        "distance_to_road_m": 5691,
        "distance_to_settlement_m": 7524,
        "legal_status": "no-go",
        "distance_to_smelter_km": 67.6,
        "area_ha": 1.23,
        "region_id": "NE",
        "fe_oxide_index": 1.464,
        "clay_index": 1.185,
        "ndvi_stress_index": 0.757,
        "tmi_structural_nT": 44921.2,
        "tmi_anomaly_nT": -78.8,
        "elevation_mdpl": 443.9,
        "geochem_assay_ratio": 5.01
      },
      "geometry": {
        "type": "Polygon",
        "coordinates": [
          [
            [
              122.035,
              -3.635
            ],
            [
              122.045,
              -3.635
            ],
            [
              122.045,
              -3.625
            ],
            [
              122.035,
              -3.625
            ],
            [
              122.035,
              -3.635
            ]
          ]
        ]
      }
    },
    {
      "type": "Feature",
      "properties": {
        "grid_id": "KON360",
        "site": "konawe",
        "location_label": "Konawe Abuki High Inland Mountain Ridge - Sulawesi Tenggara greenfield nickel laterite",
        "lithology": "ultramafic_simulated",
        "slope_deg": 17.7,
        "distance_to_river_m": 503,
        "distance_to_road_m": 5758,
        "distance_to_settlement_m": 9291,
        "legal_status": "no-go",
        "distance_to_smelter_km": 71.0,
        "area_ha": 1.23,
        "region_id": "NE",
        "fe_oxide_index": 1.813,
        "clay_index": 2.193,
        "ndvi_stress_index": 0.365,
        "tmi_structural_nT": 45174.9,
        "tmi_anomaly_nT": 174.9,
        "elevation_mdpl": 436.0,
        "geochem_assay_ratio": 2.8
      },
      "geometry": {
        "type": "Polygon",
        "coordinates": [
          [
            [
              122.045,
              -3.635
            ],
            [
              122.055,
              -3.635
            ],
            [
              122.055,
              -3.625
            ],
            [
              122.045,
              -3.625
            ],
            [
              122.045,
              -3.635
            ]
          ]
        ]
      }
    },
    {
      "type": "Feature",
      "properties": {
        "grid_id": "KON361",
        "site": "konawe",
        "location_label": "Konawe Abuki High Inland Mountain Ridge - Sulawesi Tenggara greenfield nickel laterite",
        "lithology": "ultramafic_simulated",
        "slope_deg": 8.1,
        "distance_to_river_m": 2019,
        "distance_to_road_m": 4792,
        "distance_to_settlement_m": 9460,
        "legal_status": "conditional",
        "distance_to_smelter_km": 73.8,
        "area_ha": 1.23,
        "region_id": "NW",
        "fe_oxide_index": 1.908,
        "clay_index": 1.788,
        "ndvi_stress_index": 0.256,
        "tmi_structural_nT": 45827.5,
        "tmi_anomaly_nT": 827.5,
        "elevation_mdpl": 453.4,
        "geochem_assay_ratio": 2.37
      },
      "geometry": {
        "type": "Polygon",
        "coordinates": [
          [
            [
              121.855,
              -3.625
            ],
            [
              121.865,
              -3.625
            ],
            [
              121.865,
              -3.615
            ],
            [
              121.855,
              -3.615
            ],
            [
              121.855,
              -3.625
            ]
          ]
        ]
      }
    },
    {
      "type": "Feature",
      "properties": {
        "grid_id": "KON362",
        "site": "konawe",
        "location_label": "Konawe Abuki High Inland Mountain Ridge - Sulawesi Tenggara greenfield nickel laterite",
        "lithology": "serpentinite_simulated",
        "slope_deg": 17.0,
        "distance_to_river_m": 361,
        "distance_to_road_m": 6489,
        "distance_to_settlement_m": 7748,
        "legal_status": "conditional",
        "distance_to_smelter_km": 70.6,
        "area_ha": 1.23,
        "region_id": "NW",
        "fe_oxide_index": 1.979,
        "clay_index": 1.93,
        "ndvi_stress_index": 0.219,
        "tmi_structural_nT": 45507.2,
        "tmi_anomaly_nT": 507.2,
        "elevation_mdpl": 411.3,
        "geochem_assay_ratio": 2.92
      },
      "geometry": {
        "type": "Polygon",
        "coordinates": [
          [
            [
              121.865,
              -3.625
            ],
            [
              121.875,
              -3.625
            ],
            [
              121.875,
              -3.615
            ],
            [
              121.865,
              -3.615
            ],
            [
              121.865,
              -3.625
            ]
          ]
        ]
      }
    },
    {
      "type": "Feature",
      "properties": {
        "grid_id": "KON363",
        "site": "konawe",
        "location_label": "Konawe Abuki High Inland Mountain Ridge - Sulawesi Tenggara greenfield nickel laterite",
        "lithology": "alluvium",
        "slope_deg": 15.1,
        "distance_to_river_m": 2598,
        "distance_to_road_m": 5632,
        "distance_to_settlement_m": 11615,
        "legal_status": "no-go",
        "distance_to_smelter_km": 67.6,
        "area_ha": 1.23,
        "region_id": "NW",
        "fe_oxide_index": 1.238,
        "clay_index": 1.478,
        "ndvi_stress_index": 0.565,
        "tmi_structural_nT": 45088.8,
        "tmi_anomaly_nT": 88.8,
        "elevation_mdpl": 383.4,
        "geochem_assay_ratio": 3.7
      },
      "geometry": {
        "type": "Polygon",
        "coordinates": [
          [
            [
              121.875,
              -3.625
            ],
            [
              121.885,
              -3.625
            ],
            [
              121.885,
              -3.615
            ],
            [
              121.875,
              -3.615
            ],
            [
              121.875,
              -3.625
            ]
          ]
        ]
      }
    },
    {
      "type": "Feature",
      "properties": {
        "grid_id": "KON364",
        "site": "konawe",
        "location_label": "Konawe Abuki High Inland Mountain Ridge - Sulawesi Tenggara greenfield nickel laterite",
        "lithology": "alluvium",
        "slope_deg": 14.7,
        "distance_to_river_m": 3124,
        "distance_to_road_m": 6022,
        "distance_to_settlement_m": 8395,
        "legal_status": "no-go",
        "distance_to_smelter_km": 64.8,
        "area_ha": 1.23,
        "region_id": "NW",
        "fe_oxide_index": 1.275,
        "clay_index": 1.252,
        "ndvi_stress_index": 0.622,
        "tmi_structural_nT": 45338.4,
        "tmi_anomaly_nT": 338.4,
        "elevation_mdpl": 415.8,
        "geochem_assay_ratio": 3.93
      },
      "geometry": {
        "type": "Polygon",
        "coordinates": [
          [
            [
              121.885,
              -3.625
            ],
            [
              121.895,
              -3.625
            ],
            [
              121.895,
              -3.615
            ],
            [
              121.885,
              -3.615
            ],
            [
              121.885,
              -3.625
            ]
          ]
        ]
      }
    },
    {
      "type": "Feature",
      "properties": {
        "grid_id": "KON365",
        "site": "konawe",
        "location_label": "Konawe Abuki High Inland Mountain Ridge - Sulawesi Tenggara greenfield nickel laterite",
        "lithology": "serpentinite_simulated",
        "slope_deg": 14.4,
        "distance_to_river_m": 1061,
        "distance_to_road_m": 4881,
        "distance_to_settlement_m": 11609,
        "legal_status": "conditional",
        "distance_to_smelter_km": 62.3,
        "area_ha": 1.23,
        "region_id": "NW",
        "fe_oxide_index": 2.434,
        "clay_index": 1.945,
        "ndvi_stress_index": 0.347,
        "tmi_structural_nT": 45953.6,
        "tmi_anomaly_nT": 953.6,
        "elevation_mdpl": 445.7,
        "geochem_assay_ratio": 1.87
      },
      "geometry": {
        "type": "Polygon",
        "coordinates": [
          [
            [
              121.895,
              -3.625
            ],
            [
              121.905,
              -3.625
            ],
            [
              121.905,
              -3.615
            ],
            [
              121.895,
              -3.615
            ],
            [
              121.895,
              -3.625
            ]
          ]
        ]
      }
    },
    {
      "type": "Feature",
      "properties": {
        "grid_id": "KON366",
        "site": "konawe",
        "location_label": "Konawe Abuki High Inland Mountain Ridge - Sulawesi Tenggara greenfield nickel laterite",
        "lithology": "ultramafic_simulated",
        "slope_deg": 15.2,
        "distance_to_river_m": 1360,
        "distance_to_road_m": 6412,
        "distance_to_settlement_m": 4415,
        "legal_status": "conditional",
        "distance_to_smelter_km": 60.1,
        "area_ha": 1.23,
        "region_id": "NW",
        "fe_oxide_index": 2.678,
        "clay_index": 2.421,
        "ndvi_stress_index": 0.226,
        "tmi_structural_nT": 45171.1,
        "tmi_anomaly_nT": 171.1,
        "elevation_mdpl": 440.0,
        "geochem_assay_ratio": 2.38
      },
      "geometry": {
        "type": "Polygon",
        "coordinates": [
          [
            [
              121.905,
              -3.625
            ],
            [
              121.915,
              -3.625
            ],
            [
              121.915,
              -3.615
            ],
            [
              121.905,
              -3.615
            ],
            [
              121.905,
              -3.625
            ]
          ]
        ]
      }
    },
    {
      "type": "Feature",
      "properties": {
        "grid_id": "KON367",
        "site": "konawe",
        "location_label": "Konawe Abuki High Inland Mountain Ridge - Sulawesi Tenggara greenfield nickel laterite",
        "lithology": "mafic_volcanic_simulated",
        "slope_deg": 16.2,
        "distance_to_river_m": 1461,
        "distance_to_road_m": 4548,
        "distance_to_settlement_m": 7064,
        "legal_status": "conditional",
        "distance_to_smelter_km": 58.2,
        "area_ha": 1.23,
        "region_id": "NW",
        "fe_oxide_index": 1.522,
        "clay_index": 1.022,
        "ndvi_stress_index": 0.588,
        "tmi_structural_nT": 45394.2,
        "tmi_anomaly_nT": 394.2,
        "elevation_mdpl": 423.3,
        "geochem_assay_ratio": 3.8
      },
      "geometry": {
        "type": "Polygon",
        "coordinates": [
          [
            [
              121.915,
              -3.625
            ],
            [
              121.925,
              -3.625
            ],
            [
              121.925,
              -3.615
            ],
            [
              121.915,
              -3.615
            ],
            [
              121.915,
              -3.625
            ]
          ]
        ]
      }
    },
    {
      "type": "Feature",
      "properties": {
        "grid_id": "KON368",
        "site": "konawe",
        "location_label": "Konawe Abuki High Inland Mountain Ridge - Sulawesi Tenggara greenfield nickel laterite",
        "lithology": "alluvium",
        "slope_deg": 11.4,
        "distance_to_river_m": 1617,
        "distance_to_road_m": 1749,
        "distance_to_settlement_m": 9169,
        "legal_status": "no-go",
        "distance_to_smelter_km": 56.8,
        "area_ha": 1.23,
        "region_id": "NW",
        "fe_oxide_index": 1.578,
        "clay_index": 1.097,
        "ndvi_stress_index": 0.645,
        "tmi_structural_nT": 44942.5,
        "tmi_anomaly_nT": -57.5,
        "elevation_mdpl": 474.4,
        "geochem_assay_ratio": 5.12
      },
      "geometry": {
        "type": "Polygon",
        "coordinates": [
          [
            [
              121.925,
              -3.625
            ],
            [
              121.935,
              -3.625
            ],
            [
              121.935,
              -3.615
            ],
            [
              121.925,
              -3.615
            ],
            [
              121.925,
              -3.625
            ]
          ]
        ]
      }
    },
    {
      "type": "Feature",
      "properties": {
        "grid_id": "KON369",
        "site": "konawe",
        "location_label": "Konawe Abuki High Inland Mountain Ridge - Sulawesi Tenggara greenfield nickel laterite",
        "lithology": "peridotite_simulated",
        "slope_deg": 10.4,
        "distance_to_river_m": 344,
        "distance_to_road_m": 6059,
        "distance_to_settlement_m": 14630,
        "legal_status": "no-go",
        "distance_to_smelter_km": 55.8,
        "area_ha": 1.23,
        "region_id": "NW",
        "fe_oxide_index": 1.982,
        "clay_index": 2.01,
        "ndvi_stress_index": 0.211,
        "tmi_structural_nT": 45181.6,
        "tmi_anomaly_nT": 181.6,
        "elevation_mdpl": 462.6,
        "geochem_assay_ratio": 1.92
      },
      "geometry": {
        "type": "Polygon",
        "coordinates": [
          [
            [
              121.935,
              -3.625
            ],
            [
              121.945,
              -3.625
            ],
            [
              121.945,
              -3.615
            ],
            [
              121.935,
              -3.615
            ],
            [
              121.935,
              -3.625
            ]
          ]
        ]
      }
    },
    {
      "type": "Feature",
      "properties": {
        "grid_id": "KON370",
        "site": "konawe",
        "location_label": "Konawe Abuki High Inland Mountain Ridge - Sulawesi Tenggara greenfield nickel laterite",
        "lithology": "peridotite_simulated",
        "slope_deg": 15.8,
        "distance_to_river_m": 3055,
        "distance_to_road_m": 5966,
        "distance_to_settlement_m": 10666,
        "legal_status": "no-go",
        "distance_to_smelter_km": 55.3,
        "area_ha": 1.23,
        "region_id": "NW",
        "fe_oxide_index": 2.805,
        "clay_index": 2.434,
        "ndvi_stress_index": 0.274,
        "tmi_structural_nT": 45514.6,
        "tmi_anomaly_nT": 514.6,
        "elevation_mdpl": 453.1,
        "geochem_assay_ratio": 2.56
      },
      "geometry": {
        "type": "Polygon",
        "coordinates": [
          [
            [
              121.945,
              -3.625
            ],
            [
              121.955,
              -3.625
            ],
            [
              121.955,
              -3.615
            ],
            [
              121.945,
              -3.615
            ],
            [
              121.945,
              -3.625
            ]
          ]
        ]
      }
    },
    {
      "type": "Feature",
      "properties": {
        "grid_id": "KON371",
        "site": "konawe",
        "location_label": "Konawe Abuki High Inland Mountain Ridge - Sulawesi Tenggara greenfield nickel laterite",
        "lithology": "peridotite_simulated",
        "slope_deg": 16.5,
        "distance_to_river_m": 1769,
        "distance_to_road_m": 5882,
        "distance_to_settlement_m": 13036,
        "legal_status": "no-go",
        "distance_to_smelter_km": 55.3,
        "area_ha": 1.23,
        "region_id": "NE",
        "fe_oxide_index": 2.33,
        "clay_index": 2.22,
        "ndvi_stress_index": 0.222,
        "tmi_structural_nT": 45211.3,
        "tmi_anomaly_nT": 211.3,
        "elevation_mdpl": 467.6,
        "geochem_assay_ratio": 1.63
      },
      "geometry": {
        "type": "Polygon",
        "coordinates": [
          [
            [
              121.955,
              -3.625
            ],
            [
              121.965,
              -3.625
            ],
            [
              121.965,
              -3.615
            ],
            [
              121.955,
              -3.615
            ],
            [
              121.955,
              -3.625
            ]
          ]
        ]
      }
    },
    {
      "type": "Feature",
      "properties": {
        "grid_id": "KON372",
        "site": "konawe",
        "location_label": "Konawe Abuki High Inland Mountain Ridge - Sulawesi Tenggara greenfield nickel laterite",
        "lithology": "ultramafic_simulated",
        "slope_deg": 18.0,
        "distance_to_river_m": 298,
        "distance_to_road_m": 4994,
        "distance_to_settlement_m": 13837,
        "legal_status": "no-go",
        "distance_to_smelter_km": 55.8,
        "area_ha": 1.23,
        "region_id": "NE",
        "fe_oxide_index": 2.515,
        "clay_index": 2.251,
        "ndvi_stress_index": 0.19,
        "tmi_structural_nT": 45376.1,
        "tmi_anomaly_nT": 376.1,
        "elevation_mdpl": 421.8,
        "geochem_assay_ratio": 2.97
      },
      "geometry": {
        "type": "Polygon",
        "coordinates": [
          [
            [
              121.965,
              -3.625
            ],
            [
              121.975,
              -3.625
            ],
            [
              121.975,
              -3.615
            ],
            [
              121.965,
              -3.615
            ],
            [
              121.965,
              -3.625
            ]
          ]
        ]
      }
    },
    {
      "type": "Feature",
      "properties": {
        "grid_id": "KON373",
        "site": "konawe",
        "location_label": "Konawe Abuki High Inland Mountain Ridge - Sulawesi Tenggara greenfield nickel laterite",
        "lithology": "peridotite_simulated",
        "slope_deg": 12.5,
        "distance_to_river_m": 508,
        "distance_to_road_m": 2791,
        "distance_to_settlement_m": 12899,
        "legal_status": "no-go",
        "distance_to_smelter_km": 56.8,
        "area_ha": 1.23,
        "region_id": "NE",
        "fe_oxide_index": 2.013,
        "clay_index": 2.105,
        "ndvi_stress_index": 0.307,
        "tmi_structural_nT": 45839.1,
        "tmi_anomaly_nT": 839.1,
        "elevation_mdpl": 472.1,
        "geochem_assay_ratio": 1.82
      },
      "geometry": {
        "type": "Polygon",
        "coordinates": [
          [
            [
              121.975,
              -3.625
            ],
            [
              121.985,
              -3.625
            ],
            [
              121.985,
              -3.615
            ],
            [
              121.975,
              -3.615
            ],
            [
              121.975,
              -3.625
            ]
          ]
        ]
      }
    },
    {
      "type": "Feature",
      "properties": {
        "grid_id": "KON374",
        "site": "konawe",
        "location_label": "Konawe Abuki High Inland Mountain Ridge - Sulawesi Tenggara greenfield nickel laterite",
        "lithology": "mafic_volcanic_simulated",
        "slope_deg": 15.4,
        "distance_to_river_m": 1688,
        "distance_to_road_m": 4623,
        "distance_to_settlement_m": 8443,
        "legal_status": "no-go",
        "distance_to_smelter_km": 58.2,
        "area_ha": 1.23,
        "region_id": "NE",
        "fe_oxide_index": 1.294,
        "clay_index": 1.321,
        "ndvi_stress_index": 0.57,
        "tmi_structural_nT": 44452.1,
        "tmi_anomaly_nT": -547.9,
        "elevation_mdpl": 447.0,
        "geochem_assay_ratio": 5.64
      },
      "geometry": {
        "type": "Polygon",
        "coordinates": [
          [
            [
              121.985,
              -3.625
            ],
            [
              121.995,
              -3.625
            ],
            [
              121.995,
              -3.615
            ],
            [
              121.985,
              -3.615
            ],
            [
              121.985,
              -3.625
            ]
          ]
        ]
      }
    },
    {
      "type": "Feature",
      "properties": {
        "grid_id": "KON375",
        "site": "konawe",
        "location_label": "Konawe Abuki High Inland Mountain Ridge - Sulawesi Tenggara greenfield nickel laterite",
        "lithology": "peridotite_simulated",
        "slope_deg": 18.6,
        "distance_to_river_m": 690,
        "distance_to_road_m": 4691,
        "distance_to_settlement_m": 11498,
        "legal_status": "no-go",
        "distance_to_smelter_km": 60.1,
        "area_ha": 1.23,
        "region_id": "NE",
        "fe_oxide_index": 2.465,
        "clay_index": 2.176,
        "ndvi_stress_index": 0.305,
        "tmi_structural_nT": 45705.3,
        "tmi_anomaly_nT": 705.3,
        "elevation_mdpl": 457.4,
        "geochem_assay_ratio": 1.48
      },
      "geometry": {
        "type": "Polygon",
        "coordinates": [
          [
            [
              121.995,
              -3.625
            ],
            [
              122.005,
              -3.625
            ],
            [
              122.005,
              -3.615
            ],
            [
              121.995,
              -3.615
            ],
            [
              121.995,
              -3.625
            ]
          ]
        ]
      }
    },
    {
      "type": "Feature",
      "properties": {
        "grid_id": "KON376",
        "site": "konawe",
        "location_label": "Konawe Abuki High Inland Mountain Ridge - Sulawesi Tenggara greenfield nickel laterite",
        "lithology": "mafic_volcanic_simulated",
        "slope_deg": 12.0,
        "distance_to_river_m": 2874,
        "distance_to_road_m": 5619,
        "distance_to_settlement_m": 6659,
        "legal_status": "no-go",
        "distance_to_smelter_km": 62.3,
        "area_ha": 1.23,
        "region_id": "NE",
        "fe_oxide_index": 1.302,
        "clay_index": 1.16,
        "ndvi_stress_index": 0.601,
        "tmi_structural_nT": 44423.6,
        "tmi_anomaly_nT": -576.4,
        "elevation_mdpl": 463.8,
        "geochem_assay_ratio": 5.56
      },
      "geometry": {
        "type": "Polygon",
        "coordinates": [
          [
            [
              122.005,
              -3.625
            ],
            [
              122.015,
              -3.625
            ],
            [
              122.015,
              -3.615
            ],
            [
              122.005,
              -3.615
            ],
            [
              122.005,
              -3.625
            ]
          ]
        ]
      }
    },
    {
      "type": "Feature",
      "properties": {
        "grid_id": "KON377",
        "site": "konawe",
        "location_label": "Konawe Abuki High Inland Mountain Ridge - Sulawesi Tenggara greenfield nickel laterite",
        "lithology": "peridotite_simulated",
        "slope_deg": 13.3,
        "distance_to_river_m": 1901,
        "distance_to_road_m": 2861,
        "distance_to_settlement_m": 13818,
        "legal_status": "conditional",
        "distance_to_smelter_km": 64.8,
        "area_ha": 1.23,
        "region_id": "NE",
        "fe_oxide_index": 2.41,
        "clay_index": 1.727,
        "ndvi_stress_index": 0.367,
        "tmi_structural_nT": 45378.1,
        "tmi_anomaly_nT": 378.1,
        "elevation_mdpl": 417.2,
        "geochem_assay_ratio": 2.36
      },
      "geometry": {
        "type": "Polygon",
        "coordinates": [
          [
            [
              122.015,
              -3.625
            ],
            [
              122.025,
              -3.625
            ],
            [
              122.025,
              -3.615
            ],
            [
              122.015,
              -3.615
            ],
            [
              122.015,
              -3.625
            ]
          ]
        ]
      }
    },
    {
      "type": "Feature",
      "properties": {
        "grid_id": "KON378",
        "site": "konawe",
        "location_label": "Konawe Abuki High Inland Mountain Ridge - Sulawesi Tenggara greenfield nickel laterite",
        "lithology": "serpentinite_simulated",
        "slope_deg": 8.4,
        "distance_to_river_m": 2076,
        "distance_to_road_m": 3277,
        "distance_to_settlement_m": 13836,
        "legal_status": "conditional",
        "distance_to_smelter_km": 67.6,
        "area_ha": 1.23,
        "region_id": "NE",
        "fe_oxide_index": 2.082,
        "clay_index": 1.803,
        "ndvi_stress_index": 0.369,
        "tmi_structural_nT": 45535.8,
        "tmi_anomaly_nT": 535.8,
        "elevation_mdpl": 395.7,
        "geochem_assay_ratio": 2.28
      },
      "geometry": {
        "type": "Polygon",
        "coordinates": [
          [
            [
              122.025,
              -3.625
            ],
            [
              122.035,
              -3.625
            ],
            [
              122.035,
              -3.615
            ],
            [
              122.025,
              -3.615
            ],
            [
              122.025,
              -3.625
            ]
          ]
        ]
      }
    },
    {
      "type": "Feature",
      "properties": {
        "grid_id": "KON379",
        "site": "konawe",
        "location_label": "Konawe Abuki High Inland Mountain Ridge - Sulawesi Tenggara greenfield nickel laterite",
        "lithology": "serpentinite_simulated",
        "slope_deg": 16.1,
        "distance_to_river_m": 697,
        "distance_to_road_m": 2419,
        "distance_to_settlement_m": 14694,
        "legal_status": "conditional",
        "distance_to_smelter_km": 70.6,
        "area_ha": 1.23,
        "region_id": "NE",
        "fe_oxide_index": 2.355,
        "clay_index": 2.266,
        "ndvi_stress_index": 0.249,
        "tmi_structural_nT": 45871.4,
        "tmi_anomaly_nT": 871.4,
        "elevation_mdpl": 438.4,
        "geochem_assay_ratio": 1.99
      },
      "geometry": {
        "type": "Polygon",
        "coordinates": [
          [
            [
              122.035,
              -3.625
            ],
            [
              122.045,
              -3.625
            ],
            [
              122.045,
              -3.615
            ],
            [
              122.035,
              -3.615
            ],
            [
              122.035,
              -3.625
            ]
          ]
        ]
      }
    },
    {
      "type": "Feature",
      "properties": {
        "grid_id": "KON380",
        "site": "konawe",
        "location_label": "Konawe Abuki High Inland Mountain Ridge - Sulawesi Tenggara greenfield nickel laterite",
        "lithology": "mafic_volcanic_simulated",
        "slope_deg": 9.8,
        "distance_to_river_m": 399,
        "distance_to_road_m": 4055,
        "distance_to_settlement_m": 10990,
        "legal_status": "conditional",
        "distance_to_smelter_km": 73.8,
        "area_ha": 1.23,
        "region_id": "NE",
        "fe_oxide_index": 1.458,
        "clay_index": 1.022,
        "ndvi_stress_index": 0.691,
        "tmi_structural_nT": 44959.8,
        "tmi_anomaly_nT": -40.2,
        "elevation_mdpl": 426.5,
        "geochem_assay_ratio": 5.01
      },
      "geometry": {
        "type": "Polygon",
        "coordinates": [
          [
            [
              122.045,
              -3.625
            ],
            [
              122.055,
              -3.625
            ],
            [
              122.055,
              -3.615
            ],
            [
              122.045,
              -3.615
            ],
            [
              122.045,
              -3.625
            ]
          ]
        ]
      }
    },
    {
      "type": "Feature",
      "properties": {
        "grid_id": "KON381",
        "site": "konawe",
        "location_label": "Konawe Abuki High Inland Mountain Ridge - Sulawesi Tenggara greenfield nickel laterite",
        "lithology": "serpentinite_simulated",
        "slope_deg": 9.8,
        "distance_to_river_m": 2555,
        "distance_to_road_m": 4880,
        "distance_to_settlement_m": 6646,
        "legal_status": "no-go",
        "distance_to_smelter_km": 76.8,
        "area_ha": 1.23,
        "region_id": "NW",
        "fe_oxide_index": 2.535,
        "clay_index": 1.795,
        "ndvi_stress_index": 0.201,
        "tmi_structural_nT": 45172.9,
        "tmi_anomaly_nT": 172.9,
        "elevation_mdpl": 466.1,
        "geochem_assay_ratio": 2.42
      },
      "geometry": {
        "type": "Polygon",
        "coordinates": [
          [
            [
              121.855,
              -3.615
            ],
            [
              121.865,
              -3.615
            ],
            [
              121.865,
              -3.605
            ],
            [
              121.855,
              -3.605
            ],
            [
              121.855,
              -3.615
            ]
          ]
        ]
      }
    },
    {
      "type": "Feature",
      "properties": {
        "grid_id": "KON382",
        "site": "konawe",
        "location_label": "Konawe Abuki High Inland Mountain Ridge - Sulawesi Tenggara greenfield nickel laterite",
        "lithology": "serpentinite_simulated",
        "slope_deg": 11.2,
        "distance_to_river_m": 649,
        "distance_to_road_m": 6113,
        "distance_to_settlement_m": 4620,
        "legal_status": "no-go",
        "distance_to_smelter_km": 73.8,
        "area_ha": 1.23,
        "region_id": "NW",
        "fe_oxide_index": 2.562,
        "clay_index": 2.101,
        "ndvi_stress_index": 0.267,
        "tmi_structural_nT": 45565.2,
        "tmi_anomaly_nT": 565.2,
        "elevation_mdpl": 431.4,
        "geochem_assay_ratio": 2.39
      },
      "geometry": {
        "type": "Polygon",
        "coordinates": [
          [
            [
              121.865,
              -3.615
            ],
            [
              121.875,
              -3.615
            ],
            [
              121.875,
              -3.605
            ],
            [
              121.865,
              -3.605
            ],
            [
              121.865,
              -3.615
            ]
          ]
        ]
      }
    },
    {
      "type": "Feature",
      "properties": {
        "grid_id": "KON383",
        "site": "konawe",
        "location_label": "Konawe Abuki High Inland Mountain Ridge - Sulawesi Tenggara greenfield nickel laterite",
        "lithology": "ultramafic_simulated",
        "slope_deg": 14.2,
        "distance_to_river_m": 1748,
        "distance_to_road_m": 4580,
        "distance_to_settlement_m": 9323,
        "legal_status": "no-go",
        "distance_to_smelter_km": 71.0,
        "area_ha": 1.23,
        "region_id": "NW",
        "fe_oxide_index": 1.884,
        "clay_index": 1.93,
        "ndvi_stress_index": 0.218,
        "tmi_structural_nT": 45276.2,
        "tmi_anomaly_nT": 276.2,
        "elevation_mdpl": 424.2,
        "geochem_assay_ratio": 1.93
      },
      "geometry": {
        "type": "Polygon",
        "coordinates": [
          [
            [
              121.875,
              -3.615
            ],
            [
              121.885,
              -3.615
            ],
            [
              121.885,
              -3.605
            ],
            [
              121.875,
              -3.605
            ],
            [
              121.875,
              -3.615
            ]
          ]
        ]
      }
    },
    {
      "type": "Feature",
      "properties": {
        "grid_id": "KON384",
        "site": "konawe",
        "location_label": "Konawe Abuki High Inland Mountain Ridge - Sulawesi Tenggara greenfield nickel laterite",
        "lithology": "alluvium",
        "slope_deg": 11.2,
        "distance_to_river_m": 1303,
        "distance_to_road_m": 5275,
        "distance_to_settlement_m": 13444,
        "legal_status": "no-go",
        "distance_to_smelter_km": 68.4,
        "area_ha": 1.23,
        "region_id": "NW",
        "fe_oxide_index": 1.546,
        "clay_index": 1.465,
        "ndvi_stress_index": 0.516,
        "tmi_structural_nT": 44676.8,
        "tmi_anomaly_nT": -323.2,
        "elevation_mdpl": 434.1,
        "geochem_assay_ratio": 5.73
      },
      "geometry": {
        "type": "Polygon",
        "coordinates": [
          [
            [
              121.885,
              -3.615
            ],
            [
              121.895,
              -3.615
            ],
            [
              121.895,
              -3.605
            ],
            [
              121.885,
              -3.605
            ],
            [
              121.885,
              -3.615
            ]
          ]
        ]
      }
    },
    {
      "type": "Feature",
      "properties": {
        "grid_id": "KON385",
        "site": "konawe",
        "location_label": "Konawe Abuki High Inland Mountain Ridge - Sulawesi Tenggara greenfield nickel laterite",
        "lithology": "peridotite_simulated",
        "slope_deg": 12.2,
        "distance_to_river_m": 2148,
        "distance_to_road_m": 5458,
        "distance_to_settlement_m": 14721,
        "legal_status": "no-go",
        "distance_to_smelter_km": 66.0,
        "area_ha": 1.23,
        "region_id": "NW",
        "fe_oxide_index": 2.254,
        "clay_index": 2.222,
        "ndvi_stress_index": 0.376,
        "tmi_structural_nT": 45399.1,
        "tmi_anomaly_nT": 399.1,
        "elevation_mdpl": 414.4,
        "geochem_assay_ratio": 3.15
      },
      "geometry": {
        "type": "Polygon",
        "coordinates": [
          [
            [
              121.895,
              -3.615
            ],
            [
              121.905,
              -3.615
            ],
            [
              121.905,
              -3.605
            ],
            [
              121.895,
              -3.605
            ],
            [
              121.895,
              -3.615
            ]
          ]
        ]
      }
    },
    {
      "type": "Feature",
      "properties": {
        "grid_id": "KON386",
        "site": "konawe",
        "location_label": "Konawe Abuki High Inland Mountain Ridge - Sulawesi Tenggara greenfield nickel laterite",
        "lithology": "serpentinite_simulated",
        "slope_deg": 18.5,
        "distance_to_river_m": 944,
        "distance_to_road_m": 5641,
        "distance_to_settlement_m": 10043,
        "legal_status": "conditional",
        "distance_to_smelter_km": 64.0,
        "area_ha": 1.23,
        "region_id": "NW",
        "fe_oxide_index": 2.252,
        "clay_index": 2.229,
        "ndvi_stress_index": 0.372,
        "tmi_structural_nT": 45650.2,
        "tmi_anomaly_nT": 650.2,
        "elevation_mdpl": 407.5,
        "geochem_assay_ratio": 2.67
      },
      "geometry": {
        "type": "Polygon",
        "coordinates": [
          [
            [
              121.905,
              -3.615
            ],
            [
              121.915,
              -3.615
            ],
            [
              121.915,
              -3.605
            ],
            [
              121.905,
              -3.605
            ],
            [
              121.905,
              -3.615
            ]
          ]
        ]
      }
    },
    {
      "type": "Feature",
      "properties": {
        "grid_id": "KON387",
        "site": "konawe",
        "location_label": "Konawe Abuki High Inland Mountain Ridge - Sulawesi Tenggara greenfield nickel laterite",
        "lithology": "ultramafic_simulated",
        "slope_deg": 17.1,
        "distance_to_river_m": 457,
        "distance_to_road_m": 3785,
        "distance_to_settlement_m": 10169,
        "legal_status": "no-go",
        "distance_to_smelter_km": 62.3,
        "area_ha": 1.23,
        "region_id": "NW",
        "fe_oxide_index": 1.943,
        "clay_index": 2.054,
        "ndvi_stress_index": 0.365,
        "tmi_structural_nT": 45922.6,
        "tmi_anomaly_nT": 922.6,
        "elevation_mdpl": 422.0,
        "geochem_assay_ratio": 1.6
      },
      "geometry": {
        "type": "Polygon",
        "coordinates": [
          [
            [
              121.915,
              -3.615
            ],
            [
              121.925,
              -3.615
            ],
            [
              121.925,
              -3.605
            ],
            [
              121.915,
              -3.605
            ],
            [
              121.915,
              -3.615
            ]
          ]
        ]
      }
    },
    {
      "type": "Feature",
      "properties": {
        "grid_id": "KON388",
        "site": "konawe",
        "location_label": "Konawe Abuki High Inland Mountain Ridge - Sulawesi Tenggara greenfield nickel laterite",
        "lithology": "ultramafic_simulated",
        "slope_deg": 12.5,
        "distance_to_river_m": 2012,
        "distance_to_road_m": 3111,
        "distance_to_settlement_m": 13767,
        "legal_status": "no-go",
        "distance_to_smelter_km": 61.0,
        "area_ha": 1.23,
        "region_id": "NW",
        "fe_oxide_index": 2.783,
        "clay_index": 1.974,
        "ndvi_stress_index": 0.302,
        "tmi_structural_nT": 45292.6,
        "tmi_anomaly_nT": 292.6,
        "elevation_mdpl": 392.8,
        "geochem_assay_ratio": 1.67
      },
      "geometry": {
        "type": "Polygon",
        "coordinates": [
          [
            [
              121.925,
              -3.615
            ],
            [
              121.935,
              -3.615
            ],
            [
              121.935,
              -3.605
            ],
            [
              121.925,
              -3.605
            ],
            [
              121.925,
              -3.615
            ]
          ]
        ]
      }
    },
    {
      "type": "Feature",
      "properties": {
        "grid_id": "KON389",
        "site": "konawe",
        "location_label": "Konawe Abuki High Inland Mountain Ridge - Sulawesi Tenggara greenfield nickel laterite",
        "lithology": "serpentinite_simulated",
        "slope_deg": 11.4,
        "distance_to_river_m": 2438,
        "distance_to_road_m": 2206,
        "distance_to_settlement_m": 7208,
        "legal_status": "no-go",
        "distance_to_smelter_km": 60.1,
        "area_ha": 1.23,
        "region_id": "NW",
        "fe_oxide_index": 2.146,
        "clay_index": 2.434,
        "ndvi_stress_index": 0.416,
        "tmi_structural_nT": 45503.5,
        "tmi_anomaly_nT": 503.5,
        "elevation_mdpl": 443.1,
        "geochem_assay_ratio": 2.1
      },
      "geometry": {
        "type": "Polygon",
        "coordinates": [
          [
            [
              121.935,
              -3.615
            ],
            [
              121.945,
              -3.615
            ],
            [
              121.945,
              -3.605
            ],
            [
              121.935,
              -3.605
            ],
            [
              121.935,
              -3.615
            ]
          ]
        ]
      }
    },
    {
      "type": "Feature",
      "properties": {
        "grid_id": "KON390",
        "site": "konawe",
        "location_label": "Konawe Abuki High Inland Mountain Ridge - Sulawesi Tenggara greenfield nickel laterite",
        "lithology": "peridotite_simulated",
        "slope_deg": 18.7,
        "distance_to_river_m": 2479,
        "distance_to_road_m": 5240,
        "distance_to_settlement_m": 9872,
        "legal_status": "no-go",
        "distance_to_smelter_km": 59.6,
        "area_ha": 1.23,
        "region_id": "NW",
        "fe_oxide_index": 2.263,
        "clay_index": 1.63,
        "ndvi_stress_index": 0.332,
        "tmi_structural_nT": 45369.8,
        "tmi_anomaly_nT": 369.8,
        "elevation_mdpl": 404.4,
        "geochem_assay_ratio": 3.06
      },
      "geometry": {
        "type": "Polygon",
        "coordinates": [
          [
            [
              121.945,
              -3.615
            ],
            [
              121.955,
              -3.615
            ],
            [
              121.955,
              -3.605
            ],
            [
              121.945,
              -3.605
            ],
            [
              121.945,
              -3.615
            ]
          ]
        ]
      }
    },
    {
      "type": "Feature",
      "properties": {
        "grid_id": "KON391",
        "site": "konawe",
        "location_label": "Konawe Abuki High Inland Mountain Ridge - Sulawesi Tenggara greenfield nickel laterite",
        "lithology": "serpentinite_simulated",
        "slope_deg": 13.6,
        "distance_to_river_m": 2790,
        "distance_to_road_m": 2149,
        "distance_to_settlement_m": 4433,
        "legal_status": "no-go",
        "distance_to_smelter_km": 59.6,
        "area_ha": 1.23,
        "region_id": "NE",
        "fe_oxide_index": 2.171,
        "clay_index": 1.936,
        "ndvi_stress_index": 0.202,
        "tmi_structural_nT": 45538.0,
        "tmi_anomaly_nT": 538.0,
        "elevation_mdpl": 450.3,
        "geochem_assay_ratio": 2.06
      },
      "geometry": {
        "type": "Polygon",
        "coordinates": [
          [
            [
              121.955,
              -3.615
            ],
            [
              121.965,
              -3.615
            ],
            [
              121.965,
              -3.605
            ],
            [
              121.955,
              -3.605
            ],
            [
              121.955,
              -3.615
            ]
          ]
        ]
      }
    },
    {
      "type": "Feature",
      "properties": {
        "grid_id": "KON392",
        "site": "konawe",
        "location_label": "Konawe Abuki High Inland Mountain Ridge - Sulawesi Tenggara greenfield nickel laterite",
        "lithology": "ultramafic_simulated",
        "slope_deg": 10.7,
        "distance_to_river_m": 1086,
        "distance_to_road_m": 2601,
        "distance_to_settlement_m": 8753,
        "legal_status": "no-go",
        "distance_to_smelter_km": 60.1,
        "area_ha": 1.23,
        "region_id": "NE",
        "fe_oxide_index": 2.442,
        "clay_index": 1.637,
        "ndvi_stress_index": 0.391,
        "tmi_structural_nT": 45565.5,
        "tmi_anomaly_nT": 565.5,
        "elevation_mdpl": 451.6,
        "geochem_assay_ratio": 1.77
      },
      "geometry": {
        "type": "Polygon",
        "coordinates": [
          [
            [
              121.965,
              -3.615
            ],
            [
              121.975,
              -3.615
            ],
            [
              121.975,
              -3.605
            ],
            [
              121.965,
              -3.605
            ],
            [
              121.965,
              -3.615
            ]
          ]
        ]
      }
    },
    {
      "type": "Feature",
      "properties": {
        "grid_id": "KON393",
        "site": "konawe",
        "location_label": "Konawe Abuki High Inland Mountain Ridge - Sulawesi Tenggara greenfield nickel laterite",
        "lithology": "serpentinite_simulated",
        "slope_deg": 9.6,
        "distance_to_river_m": 1088,
        "distance_to_road_m": 5403,
        "distance_to_settlement_m": 8318,
        "legal_status": "no-go",
        "distance_to_smelter_km": 61.0,
        "area_ha": 1.23,
        "region_id": "NE",
        "fe_oxide_index": 2.545,
        "clay_index": 1.973,
        "ndvi_stress_index": 0.351,
        "tmi_structural_nT": 45415.4,
        "tmi_anomaly_nT": 415.4,
        "elevation_mdpl": 412.9,
        "geochem_assay_ratio": 1.51
      },
      "geometry": {
        "type": "Polygon",
        "coordinates": [
          [
            [
              121.975,
              -3.615
            ],
            [
              121.985,
              -3.615
            ],
            [
              121.985,
              -3.605
            ],
            [
              121.975,
              -3.605
            ],
            [
              121.975,
              -3.615
            ]
          ]
        ]
      }
    },
    {
      "type": "Feature",
      "properties": {
        "grid_id": "KON394",
        "site": "konawe",
        "location_label": "Konawe Abuki High Inland Mountain Ridge - Sulawesi Tenggara greenfield nickel laterite",
        "lithology": "peridotite_simulated",
        "slope_deg": 13.1,
        "distance_to_river_m": 3197,
        "distance_to_road_m": 4912,
        "distance_to_settlement_m": 11622,
        "legal_status": "no-go",
        "distance_to_smelter_km": 62.3,
        "area_ha": 1.23,
        "region_id": "NE",
        "fe_oxide_index": 2.268,
        "clay_index": 2.396,
        "ndvi_stress_index": 0.199,
        "tmi_structural_nT": 45283.0,
        "tmi_anomaly_nT": 283.0,
        "elevation_mdpl": 412.2,
        "geochem_assay_ratio": 2.12
      },
      "geometry": {
        "type": "Polygon",
        "coordinates": [
          [
            [
              121.985,
              -3.615
            ],
            [
              121.995,
              -3.615
            ],
            [
              121.995,
              -3.605
            ],
            [
              121.985,
              -3.605
            ],
            [
              121.985,
              -3.615
            ]
          ]
        ]
      }
    },
    {
      "type": "Feature",
      "properties": {
        "grid_id": "KON395",
        "site": "konawe",
        "location_label": "Konawe Abuki High Inland Mountain Ridge - Sulawesi Tenggara greenfield nickel laterite",
        "lithology": "peridotite_simulated",
        "slope_deg": 18.8,
        "distance_to_river_m": 2597,
        "distance_to_road_m": 5137,
        "distance_to_settlement_m": 11187,
        "legal_status": "no-go",
        "distance_to_smelter_km": 64.0,
        "area_ha": 1.23,
        "region_id": "NE",
        "fe_oxide_index": 2.612,
        "clay_index": 2.176,
        "ndvi_stress_index": 0.367,
        "tmi_structural_nT": 45585.0,
        "tmi_anomaly_nT": 585.0,
        "elevation_mdpl": 424.6,
        "geochem_assay_ratio": 1.83
      },
      "geometry": {
        "type": "Polygon",
        "coordinates": [
          [
            [
              121.995,
              -3.615
            ],
            [
              122.005,
              -3.615
            ],
            [
              122.005,
              -3.605
            ],
            [
              121.995,
              -3.605
            ],
            [
              121.995,
              -3.615
            ]
          ]
        ]
      }
    },
    {
      "type": "Feature",
      "properties": {
        "grid_id": "KON396",
        "site": "konawe",
        "location_label": "Konawe Abuki High Inland Mountain Ridge - Sulawesi Tenggara greenfield nickel laterite",
        "lithology": "serpentinite_simulated",
        "slope_deg": 12.1,
        "distance_to_river_m": 824,
        "distance_to_road_m": 5728,
        "distance_to_settlement_m": 14026,
        "legal_status": "no-go",
        "distance_to_smelter_km": 66.0,
        "area_ha": 1.23,
        "region_id": "NE",
        "fe_oxide_index": 2.408,
        "clay_index": 2.374,
        "ndvi_stress_index": 0.398,
        "tmi_structural_nT": 45462.5,
        "tmi_anomaly_nT": 462.5,
        "elevation_mdpl": 470.8,
        "geochem_assay_ratio": 2.55
      },
      "geometry": {
        "type": "Polygon",
        "coordinates": [
          [
            [
              122.005,
              -3.615
            ],
            [
              122.015,
              -3.615
            ],
            [
              122.015,
              -3.605
            ],
            [
              122.005,
              -3.605
            ],
            [
              122.005,
              -3.615
            ]
          ]
        ]
      }
    },
    {
      "type": "Feature",
      "properties": {
        "grid_id": "KON397",
        "site": "konawe",
        "location_label": "Konawe Abuki High Inland Mountain Ridge - Sulawesi Tenggara greenfield nickel laterite",
        "lithology": "ultramafic_simulated",
        "slope_deg": 15.8,
        "distance_to_river_m": 1451,
        "distance_to_road_m": 5325,
        "distance_to_settlement_m": 5957,
        "legal_status": "no-go",
        "distance_to_smelter_km": 68.4,
        "area_ha": 1.23,
        "region_id": "NE",
        "fe_oxide_index": 2.5,
        "clay_index": 2.365,
        "ndvi_stress_index": 0.392,
        "tmi_structural_nT": 45466.4,
        "tmi_anomaly_nT": 466.4,
        "elevation_mdpl": 441.7,
        "geochem_assay_ratio": 2.4
      },
      "geometry": {
        "type": "Polygon",
        "coordinates": [
          [
            [
              122.015,
              -3.615
            ],
            [
              122.025,
              -3.615
            ],
            [
              122.025,
              -3.605
            ],
            [
              122.015,
              -3.605
            ],
            [
              122.015,
              -3.615
            ]
          ]
        ]
      }
    },
    {
      "type": "Feature",
      "properties": {
        "grid_id": "KON398",
        "site": "konawe",
        "location_label": "Konawe Abuki High Inland Mountain Ridge - Sulawesi Tenggara greenfield nickel laterite",
        "lithology": "ultramafic_simulated",
        "slope_deg": 13.6,
        "distance_to_river_m": 2632,
        "distance_to_road_m": 5005,
        "distance_to_settlement_m": 6885,
        "legal_status": "conditional",
        "distance_to_smelter_km": 71.0,
        "area_ha": 1.23,
        "region_id": "NE",
        "fe_oxide_index": 2.526,
        "clay_index": 1.837,
        "ndvi_stress_index": 0.266,
        "tmi_structural_nT": 45596.4,
        "tmi_anomaly_nT": 596.4,
        "elevation_mdpl": 444.9,
        "geochem_assay_ratio": 2.96
      },
      "geometry": {
        "type": "Polygon",
        "coordinates": [
          [
            [
              122.025,
              -3.615
            ],
            [
              122.035,
              -3.615
            ],
            [
              122.035,
              -3.605
            ],
            [
              122.025,
              -3.605
            ],
            [
              122.025,
              -3.615
            ]
          ]
        ]
      }
    },
    {
      "type": "Feature",
      "properties": {
        "grid_id": "KON399",
        "site": "konawe",
        "location_label": "Konawe Abuki High Inland Mountain Ridge - Sulawesi Tenggara greenfield nickel laterite",
        "lithology": "peridotite_simulated",
        "slope_deg": 11.9,
        "distance_to_river_m": 1251,
        "distance_to_road_m": 5755,
        "distance_to_settlement_m": 12893,
        "legal_status": "conditional",
        "distance_to_smelter_km": 73.8,
        "area_ha": 1.23,
        "region_id": "NE",
        "fe_oxide_index": 2.492,
        "clay_index": 2.033,
        "ndvi_stress_index": 0.181,
        "tmi_structural_nT": 45422.3,
        "tmi_anomaly_nT": 422.3,
        "elevation_mdpl": 461.8,
        "geochem_assay_ratio": 2.4
      },
      "geometry": {
        "type": "Polygon",
        "coordinates": [
          [
            [
              122.035,
              -3.615
            ],
            [
              122.045,
              -3.615
            ],
            [
              122.045,
              -3.605
            ],
            [
              122.035,
              -3.605
            ],
            [
              122.035,
              -3.615
            ]
          ]
        ]
      }
    },
    {
      "type": "Feature",
      "properties": {
        "grid_id": "KON400",
        "site": "konawe",
        "location_label": "Konawe Abuki High Inland Mountain Ridge - Sulawesi Tenggara greenfield nickel laterite",
        "lithology": "peridotite_simulated",
        "slope_deg": 17.9,
        "distance_to_river_m": 2583,
        "distance_to_road_m": 2845,
        "distance_to_settlement_m": 13908,
        "legal_status": "no-go",
        "distance_to_smelter_km": 76.8,
        "area_ha": 1.23,
        "region_id": "NE",
        "fe_oxide_index": 2.364,
        "clay_index": 1.649,
        "ndvi_stress_index": 0.412,
        "tmi_structural_nT": 45769.7,
        "tmi_anomaly_nT": 769.7,
        "elevation_mdpl": 459.4,
        "geochem_assay_ratio": 1.86
      },
      "geometry": {
        "type": "Polygon",
        "coordinates": [
          [
            [
              122.045,
              -3.615
            ],
            [
              122.055,
              -3.615
            ],
            [
              122.055,
              -3.605
            ],
            [
              122.045,
              -3.605
            ],
            [
              122.045,
              -3.615
            ]
          ]
        ]
      }
    }
  ]
}