{
  "type": "FeatureCollection",
  "name": "study_grid_sorowako",
  "features": [
    {
      "type": "Feature",
      "properties": {
        "grid_id": "SOR001",
        "site": "sorowako",
        "location_label": "Sorowako Nuha North Inland Mountain Ridge - Sulawesi Selatan greenfield nickel laterite",
        "lithology": "peridotite_simulated",
        "slope_deg": 12.3,
        "distance_to_river_m": 1083,
        "distance_to_road_m": 2616,
        "distance_to_settlement_m": 12101,
        "legal_status": "no-go",
        "distance_to_smelter_km": 76.8,
        "area_ha": 1.77,
        "region_id": "SW",
        "fe_oxide_index": 1.891,
        "clay_index": 1.959,
        "ndvi_stress_index": 0.187,
        "tmi_structural_nT": 45318.6,
        "tmi_anomaly_nT": 318.6,
        "elevation_mdpl": 670.5,
        "geochem_assay_ratio": 1.45
      },
      "geometry": {
        "type": "Polygon",
        "coordinates": [
          [
            [
              121.385,
              -2.635
            ],
            [
              121.397,
              -2.635
            ],
            [
              121.397,
              -2.623
            ],
            [
              121.385,
              -2.623
            ],
            [
              121.385,
              -2.635
            ]
          ]
        ]
      }
    },
    {
      "type": "Feature",
      "properties": {
        "grid_id": "SOR002",
        "site": "sorowako",
        "location_label": "Sorowako Nuha North Inland Mountain Ridge - Sulawesi Selatan greenfield nickel laterite",
        "lithology": "serpentinite_simulated",
        "slope_deg": 18.1,
        "distance_to_river_m": 2702,
        "distance_to_road_m": 4593,
        "distance_to_settlement_m": 13479,
        "legal_status": "no-go",
        "distance_to_smelter_km": 73.8,
        "area_ha": 1.77,
        "region_id": "SW",
        "fe_oxide_index": 1.848,
        "clay_index": 1.794,
        "ndvi_stress_index": 0.249,
        "tmi_structural_nT": 45179.8,
        "tmi_anomaly_nT": 179.8,
        "elevation_mdpl": 643.3,
        "geochem_assay_ratio": 1.58
      },
      "geometry": {
        "type": "Polygon",
        "coordinates": [
          [
            [
              121.397,
              -2.635
            ],
            [
              121.409,
              -2.635
            ],
            [
              121.409,
              -2.623
            ],
            [
              121.397,
              -2.623
            ],
            [
              121.397,
              -2.635
            ]
          ]
        ]
      }
    },
    {
      "type": "Feature",
      "properties": {
        "grid_id": "SOR003",
        "site": "sorowako",
        "location_label": "Sorowako Nuha North Inland Mountain Ridge - Sulawesi Selatan greenfield nickel laterite",
        "lithology": "serpentinite_simulated",
        "slope_deg": 14.9,
        "distance_to_river_m": 896,
        "distance_to_road_m": 6215,
        "distance_to_settlement_m": 13640,
        "legal_status": "allowed",
        "distance_to_smelter_km": 71.0,
        "area_ha": 1.77,
        "region_id": "SW",
        "fe_oxide_index": 2.215,
        "clay_index": 2.377,
        "ndvi_stress_index": 0.29,
        "tmi_structural_nT": 45364.9,
        "tmi_anomaly_nT": 364.9,
        "elevation_mdpl": 644.7,
        "geochem_assay_ratio": 2.41
      },
      "geometry": {
        "type": "Polygon",
        "coordinates": [
          [
            [
              121.409,
              -2.635
            ],
            [
              121.421,
              -2.635
            ],
            [
              121.421,
              -2.623
            ],
            [
              121.409,
              -2.623
            ],
            [
              121.409,
              -2.635
            ]
          ]
        ]
      }
    },
    {
      "type": "Feature",
      "properties": {
        "grid_id": "SOR004",
        "site": "sorowako",
        "location_label": "Sorowako Nuha North Inland Mountain Ridge - Sulawesi Selatan greenfield nickel laterite",
        "lithology": "ultramafic_simulated",
        "slope_deg": 17.9,
        "distance_to_river_m": 1059,
        "distance_to_road_m": 4705,
        "distance_to_settlement_m": 5227,
        "legal_status": "allowed",
        "distance_to_smelter_km": 68.4,
        "area_ha": 1.77,
        "region_id": "SW",
        "fe_oxide_index": 2.802,
        "clay_index": 2.344,
        "ndvi_stress_index": 0.243,
        "tmi_structural_nT": 45600.6,
        "tmi_anomaly_nT": 600.6,
        "elevation_mdpl": 637.9,
        "geochem_assay_ratio": 3.04
      },
      "geometry": {
        "type": "Polygon",
        "coordinates": [
          [
            [
              121.421,
              -2.635
            ],
            [
              121.433,
              -2.635
            ],
            [
              121.433,
              -2.623
            ],
            [
              121.421,
              -2.623
            ],
            [
              121.421,
              -2.635
            ]
          ]
        ]
      }
    },
    {
      "type": "Feature",
      "properties": {
        "grid_id": "SOR005",
        "site": "sorowako",
        "location_label": "Sorowako Nuha North Inland Mountain Ridge - Sulawesi Selatan greenfield nickel laterite",
        "lithology": "serpentinite_simulated",
        "slope_deg": 20.4,
        "distance_to_river_m": 2516,
        "distance_to_road_m": 2142,
        "distance_to_settlement_m": 9228,
        "legal_status": "no-go",
        "distance_to_smelter_km": 66.0,
        "area_ha": 1.77,
        "region_id": "SW",
        "fe_oxide_index": 2.716,
        "clay_index": 1.96,
        "ndvi_stress_index": 0.231,
        "tmi_structural_nT": 45639.3,
        "tmi_anomaly_nT": 639.3,
        "elevation_mdpl": 693.0,
        "geochem_assay_ratio": 1.76
      },
      "geometry": {
        "type": "Polygon",
        "coordinates": [
          [
            [
              121.433,
              -2.635
            ],
            [
              121.445,
              -2.635
            ],
            [
              121.445,
              -2.623
            ],
            [
              121.433,
              -2.623
            ],
            [
              121.433,
              -2.635
            ]
          ]
        ]
      }
    },
    {
      "type": "Feature",
      "properties": {
        "grid_id": "SOR006",
        "site": "sorowako",
        "location_label": "Sorowako Nuha North Inland Mountain Ridge - Sulawesi Selatan greenfield nickel laterite",
        "lithology": "mafic_volcanic_simulated",
        "slope_deg": 18.3,
        "distance_to_river_m": 1660,
        "distance_to_road_m": 5423,
        "distance_to_settlement_m": 12882,
        "legal_status": "no-go",
        "distance_to_smelter_km": 64.0,
        "area_ha": 1.77,
        "region_id": "SW",
        "fe_oxide_index": 1.359,
        "clay_index": 1.212,
        "ndvi_stress_index": 0.631,
        "tmi_structural_nT": 45129.1,
        "tmi_anomaly_nT": 129.1,
        "elevation_mdpl": 687.3,
        "geochem_assay_ratio": 5.96
      },
      "geometry": {
        "type": "Polygon",
        "coordinates": [
          [
            [
              121.445,
              -2.635
            ],
            [
              121.457,
              -2.635
            ],
            [
              121.457,
              -2.623
            ],
            [
              121.445,
              -2.623
            ],
            [
              121.445,
              -2.635
            ]
          ]
        ]
      }
    },
    {
      "type": "Feature",
      "properties": {
        "grid_id": "SOR007",
        "site": "sorowako",
        "location_label": "Sorowako Nuha North Inland Mountain Ridge - Sulawesi Selatan greenfield nickel laterite",
        "lithology": "mafic_volcanic_simulated",
        "slope_deg": 21.3,
        "distance_to_river_m": 766,
        "distance_to_road_m": 3928,
        "distance_to_settlement_m": 6351,
        "legal_status": "no-go",
        "distance_to_smelter_km": 62.3,
        "area_ha": 1.77,
        "region_id": "SW",
        "fe_oxide_index": 1.327,
        "clay_index": 1.493,
        "ndvi_stress_index": 0.574,
        "tmi_structural_nT": 45184.1,
        "tmi_anomaly_nT": 184.1,
        "elevation_mdpl": 665.5,
        "geochem_assay_ratio": 4.56
      },
      "geometry": {
        "type": "Polygon",
        "coordinates": [
          [
            [
              121.457,
              -2.635
            ],
            [
              121.469,
              -2.635
            ],
            [
              121.469,
              -2.623
            ],
            [
              121.457,
              -2.623
            ],
            [
              121.457,
              -2.635
            ]
          ]
        ]
      }
    },
    {
      "type": "Feature",
      "properties": {
        "grid_id": "SOR008",
        "site": "sorowako",
        "location_label": "Sorowako Nuha North Inland Mountain Ridge - Sulawesi Selatan greenfield nickel laterite",
        "lithology": "peridotite_simulated",
        "slope_deg": 19.4,
        "distance_to_river_m": 967,
        "distance_to_road_m": 2099,
        "distance_to_settlement_m": 13793,
        "legal_status": "no-go",
        "distance_to_smelter_km": 61.0,
        "area_ha": 1.77,
        "region_id": "SW",
        "fe_oxide_index": 2.45,
        "clay_index": 1.956,
        "ndvi_stress_index": 0.32,
        "tmi_structural_nT": 45622.8,
        "tmi_anomaly_nT": 622.8,
        "elevation_mdpl": 713.5,
        "geochem_assay_ratio": 1.77
      },
      "geometry": {
        "type": "Polygon",
        "coordinates": [
          [
            [
              121.469,
              -2.635
            ],
            [
              121.481,
              -2.635
            ],
            [
              121.481,
              -2.623
            ],
            [
              121.469,
              -2.623
            ],
            [
              121.469,
              -2.635
            ]
          ]
        ]
      }
    },
    {
      "type": "Feature",
      "properties": {
        "grid_id": "SOR009",
        "site": "sorowako",
        "location_label": "Sorowako Nuha North Inland Mountain Ridge - Sulawesi Selatan greenfield nickel laterite",
        "lithology": "peridotite_simulated",
        "slope_deg": 22.9,
        "distance_to_river_m": 2190,
        "distance_to_road_m": 1539,
        "distance_to_settlement_m": 12988,
        "legal_status": "no-go",
        "distance_to_smelter_km": 60.1,
        "area_ha": 1.77,
        "region_id": "SW",
        "fe_oxide_index": 2.786,
        "clay_index": 1.714,
        "ndvi_stress_index": 0.208,
        "tmi_structural_nT": 45207.0,
        "tmi_anomaly_nT": 207.0,
        "elevation_mdpl": 675.3,
        "geochem_assay_ratio": 1.89
      },
      "geometry": {
        "type": "Polygon",
        "coordinates": [
          [
            [
              121.481,
              -2.635
            ],
            [
              121.493,
              -2.635
            ],
            [
              121.493,
              -2.623
            ],
            [
              121.481,
              -2.623
            ],
            [
              121.481,
              -2.635
            ]
          ]
        ]
      }
    },
    {
      "type": "Feature",
      "properties": {
        "grid_id": "SOR010",
        "site": "sorowako",
        "location_label": "Sorowako Nuha North Inland Mountain Ridge - Sulawesi Selatan greenfield nickel laterite",
        "lithology": "mafic_volcanic_simulated",
        "slope_deg": 18.0,
        "distance_to_river_m": 2717,
        "distance_to_road_m": 4413,
        "distance_to_settlement_m": 5629,
        "legal_status": "no-go",
        "distance_to_smelter_km": 59.6,
        "area_ha": 1.77,
        "region_id": "SW",
        "fe_oxide_index": 1.639,
        "clay_index": 1.398,
        "ndvi_stress_index": 0.741,
        "tmi_structural_nT": 45298.9,
        "tmi_anomaly_nT": 298.9,
        "elevation_mdpl": 641.0,
        "geochem_assay_ratio": 4.12
      },
      "geometry": {
        "type": "Polygon",
        "coordinates": [
          [
            [
              121.493,
              -2.635
            ],
            [
              121.505,
              -2.635
            ],
            [
              121.505,
              -2.623
            ],
            [
              121.493,
              -2.623
            ],
            [
              121.493,
              -2.635
            ]
          ]
        ]
      }
    },
    {
      "type": "Feature",
      "properties": {
        "grid_id": "SOR011",
        "site": "sorowako",
        "location_label": "Sorowako Nuha North Inland Mountain Ridge - Sulawesi Selatan greenfield nickel laterite",
        "lithology": "serpentinite_simulated",
        "slope_deg": 20.7,
        "distance_to_river_m": 596,
        "distance_to_road_m": 5861,
        "distance_to_settlement_m": 13445,
        "legal_status": "no-go",
        "distance_to_smelter_km": 59.6,
        "area_ha": 1.77,
        "region_id": "SE",
        "fe_oxide_index": 2.283,
        "clay_index": 1.859,
        "ndvi_stress_index": 0.371,
        "tmi_structural_nT": 45327.6,
        "tmi_anomaly_nT": 327.6,
        "elevation_mdpl": 622.4,
        "geochem_assay_ratio": 1.75
      },
      "geometry": {
        "type": "Polygon",
        "coordinates": [
          [
            [
              121.505,
              -2.635
            ],
            [
              121.517,
              -2.635
            ],
            [
              121.517,
              -2.623
            ],
            [
              121.505,
              -2.623
            ],
            [
              121.505,
              -2.635
            ]
          ]
        ]
      }
    },
    {
      "type": "Feature",
      "properties": {
        "grid_id": "SOR012",
        "site": "sorowako",
        "location_label": "Sorowako Nuha North Inland Mountain Ridge - Sulawesi Selatan greenfield nickel laterite",
        "lithology": "peridotite_simulated",
        "slope_deg": 14.8,
        "distance_to_river_m": 2350,
        "distance_to_road_m": 1508,
        "distance_to_settlement_m": 14181,
        "legal_status": "no-go",
        "distance_to_smelter_km": 60.1,
        "area_ha": 1.77,
        "region_id": "SE",
        "fe_oxide_index": 2.579,
        "clay_index": 2.17,
        "ndvi_stress_index": 0.267,
        "tmi_structural_nT": 45170.0,
        "tmi_anomaly_nT": 170.0,
        "elevation_mdpl": 686.4,
        "geochem_assay_ratio": 1.99
      },
      "geometry": {
        "type": "Polygon",
        "coordinates": [
          [
            [
              121.517,
              -2.635
            ],
            [
              121.529,
              -2.635
            ],
            [
              121.529,
              -2.623
            ],
            [
              121.517,
              -2.623
            ],
            [
              121.517,
              -2.635
            ]
          ]
        ]
      }
    },
    {
      "type": "Feature",
      "properties": {
        "grid_id": "SOR013",
        "site": "sorowako",
        "location_label": "Sorowako Nuha North Inland Mountain Ridge - Sulawesi Selatan greenfield nickel laterite",
        "lithology": "peridotite_simulated",
        "slope_deg": 16.9,
        "distance_to_river_m": 904,
        "distance_to_road_m": 3866,
        "distance_to_settlement_m": 13913,
        "legal_status": "no-go",
        "distance_to_smelter_km": 61.0,
        "area_ha": 1.77,
        "region_id": "SE",
        "fe_oxide_index": 1.889,
        "clay_index": 2.038,
        "ndvi_stress_index": 0.332,
        "tmi_structural_nT": 45435.2,
        "tmi_anomaly_nT": 435.2,
        "elevation_mdpl": 701.8,
        "geochem_assay_ratio": 2.75
      },
      "geometry": {
        "type": "Polygon",
        "coordinates": [
          [
            [
              121.529,
              -2.635
            ],
            [
              121.541,
              -2.635
            ],
            [
              121.541,
              -2.623
            ],
            [
              121.529,
              -2.623
            ],
            [
              121.529,
              -2.635
            ]
          ]
        ]
      }
    },
    {
      "type": "Feature",
      "properties": {
        "grid_id": "SOR014",
        "site": "sorowako",
        "location_label": "Sorowako Nuha North Inland Mountain Ridge - Sulawesi Selatan greenfield nickel laterite",
        "lithology": "alluvium",
        "slope_deg": 17.7,
        "distance_to_river_m": 427,
        "distance_to_road_m": 2746,
        "distance_to_settlement_m": 13332,
        "legal_status": "no-go",
        "distance_to_smelter_km": 62.3,
        "area_ha": 1.77,
        "region_id": "SE",
        "fe_oxide_index": 1.501,
        "clay_index": 1.494,
        "ndvi_stress_index": 0.667,
        "tmi_structural_nT": 45350.0,
        "tmi_anomaly_nT": 350.0,
        "elevation_mdpl": 709.1,
        "geochem_assay_ratio": 5.03
      },
      "geometry": {
        "type": "Polygon",
        "coordinates": [
          [
            [
              121.541,
              -2.635
            ],
            [
              121.553,
              -2.635
            ],
            [
              121.553,
              -2.623
            ],
            [
              121.541,
              -2.623
            ],
            [
              121.541,
              -2.635
            ]
          ]
        ]
      }
    },
    {
      "type": "Feature",
      "properties": {
        "grid_id": "SOR015",
        "site": "sorowako",
        "location_label": "Sorowako Nuha North Inland Mountain Ridge - Sulawesi Selatan greenfield nickel laterite",
        "lithology": "peridotite_simulated",
        "slope_deg": 13.5,
        "distance_to_river_m": 955,
        "distance_to_road_m": 4970,
        "distance_to_settlement_m": 11771,
        "legal_status": "no-go",
        "distance_to_smelter_km": 64.0,
        "area_ha": 1.77,
        "region_id": "SE",
        "fe_oxide_index": 2.37,
        "clay_index": 1.953,
        "ndvi_stress_index": 0.23,
        "tmi_structural_nT": 45520.1,
        "tmi_anomaly_nT": 520.1,
        "elevation_mdpl": 710.5,
        "geochem_assay_ratio": 2.45
      },
      "geometry": {
        "type": "Polygon",
        "coordinates": [
          [
            [
              121.553,
              -2.635
            ],
            [
              121.565,
              -2.635
            ],
            [
              121.565,
              -2.623
            ],
            [
              121.553,
              -2.623
            ],
            [
              121.553,
              -2.635
            ]
          ]
        ]
      }
    },
    {
      "type": "Feature",
      "properties": {
        "grid_id": "SOR016",
        "site": "sorowako",
        "location_label": "Sorowako Nuha North Inland Mountain Ridge - Sulawesi Selatan greenfield nickel laterite",
        "lithology": "peridotite_simulated",
        "slope_deg": 13.4,
        "distance_to_river_m": 2097,
        "distance_to_road_m": 1635,
        "distance_to_settlement_m": 8334,
        "legal_status": "no-go",
        "distance_to_smelter_km": 66.0,
        "area_ha": 1.77,
        "region_id": "SE",
        "fe_oxide_index": 2.475,
        "clay_index": 1.715,
        "ndvi_stress_index": 0.291,
        "tmi_structural_nT": 45150.3,
        "tmi_anomaly_nT": 150.3,
        "elevation_mdpl": 657.9,
        "geochem_assay_ratio": 1.78
      },
      "geometry": {
        "type": "Polygon",
        "coordinates": [
          [
            [
              121.565,
              -2.635
            ],
            [
              121.577,
              -2.635
            ],
            [
              121.577,
              -2.623
            ],
            [
              121.565,
              -2.623
            ],
            [
              121.565,
              -2.635
            ]
          ]
        ]
      }
    },
    {
      "type": "Feature",
      "properties": {
        "grid_id": "SOR017",
        "site": "sorowako",
        "location_label": "Sorowako Nuha North Inland Mountain Ridge - Sulawesi Selatan greenfield nickel laterite",
        "lithology": "peridotite_simulated",
        "slope_deg": 14.4,
        "distance_to_river_m": 2322,
        "distance_to_road_m": 5334,
        "distance_to_settlement_m": 5846,
        "legal_status": "no-go",
        "distance_to_smelter_km": 68.4,
        "area_ha": 1.77,
        "region_id": "SE",
        "fe_oxide_index": 1.92,
        "clay_index": 2.296,
        "ndvi_stress_index": 0.412,
        "tmi_structural_nT": 45208.1,
        "tmi_anomaly_nT": 208.1,
        "elevation_mdpl": 622.6,
        "geochem_assay_ratio": 1.96
      },
      "geometry": {
        "type": "Polygon",
        "coordinates": [
          [
            [
              121.577,
              -2.635
            ],
            [
              121.589,
              -2.635
            ],
            [
              121.589,
              -2.623
            ],
            [
              121.577,
              -2.623
            ],
            [
              121.577,
              -2.635
            ]
          ]
        ]
      }
    },
    {
      "type": "Feature",
      "properties": {
        "grid_id": "SOR018",
        "site": "sorowako",
        "location_label": "Sorowako Nuha North Inland Mountain Ridge - Sulawesi Selatan greenfield nickel laterite",
        "lithology": "serpentinite_simulated",
        "slope_deg": 22.6,
        "distance_to_river_m": 2136,
        "distance_to_road_m": 5644,
        "distance_to_settlement_m": 11780,
        "legal_status": "no-go",
        "distance_to_smelter_km": 71.0,
        "area_ha": 1.77,
        "region_id": "SE",
        "fe_oxide_index": 2.814,
        "clay_index": 1.83,
        "ndvi_stress_index": 0.374,
        "tmi_structural_nT": 45638.2,
        "tmi_anomaly_nT": 638.2,
        "elevation_mdpl": 668.3,
        "geochem_assay_ratio": 2.18
      },
      "geometry": {
        "type": "Polygon",
        "coordinates": [
          [
            [
              121.589,
              -2.635
            ],
            [
              121.601,
              -2.635
            ],
            [
              121.601,
              -2.623
            ],
            [
              121.589,
              -2.623
            ],
            [
              121.589,
              -2.635
            ]
          ]
        ]
      }
    },
    {
      "type": "Feature",
      "properties": {
        "grid_id": "SOR019",
        "site": "sorowako",
        "location_label": "Sorowako Nuha North Inland Mountain Ridge - Sulawesi Selatan greenfield nickel laterite",
        "lithology": "serpentinite_simulated",
        "slope_deg": 19.9,
        "distance_to_river_m": 1707,
        "distance_to_road_m": 5291,
        "distance_to_settlement_m": 11597,
        "legal_status": "no-go",
        "distance_to_smelter_km": 73.8,
        "area_ha": 1.77,
        "region_id": "SE",
        "fe_oxide_index": 2.633,
        "clay_index": 1.679,
        "ndvi_stress_index": 0.233,
        "tmi_structural_nT": 45791.8,
        "tmi_anomaly_nT": 791.8,
        "elevation_mdpl": 650.6,
        "geochem_assay_ratio": 2.45
      },
      "geometry": {
        "type": "Polygon",
        "coordinates": [
          [
            [
              121.601,
              -2.635
            ],
            [
              121.613,
              -2.635
            ],
            [
              121.613,
              -2.623
            ],
            [
              121.601,
              -2.623
            ],
            [
              121.601,
              -2.635
            ]
          ]
        ]
      }
    },
    {
      "type": "Feature",
      "properties": {
        "grid_id": "SOR020",
        "site": "sorowako",
        "location_label": "Sorowako Nuha North Inland Mountain Ridge - Sulawesi Selatan greenfield nickel laterite",
        "lithology": "serpentinite_simulated",
        "slope_deg": 14.5,
        "distance_to_river_m": 804,
        "distance_to_road_m": 1571,
        "distance_to_settlement_m": 9875,
        "legal_status": "no-go",
        "distance_to_smelter_km": 76.8,
        "area_ha": 1.77,
        "region_id": "SE",
        "fe_oxide_index": 1.933,
        "clay_index": 2.338,
        "ndvi_stress_index": 0.298,
        "tmi_structural_nT": 45972.7,
        "tmi_anomaly_nT": 972.7,
        "elevation_mdpl": 677.4,
        "geochem_assay_ratio": 2.24
      },
      "geometry": {
        "type": "Polygon",
        "coordinates": [
          [
            [
              121.613,
              -2.635
            ],
            [
              121.625,
              -2.635
            ],
            [
              121.625,
              -2.623
            ],
            [
              121.613,
              -2.623
            ],
            [
              121.613,
              -2.635
            ]
          ]
        ]
      }
    },
    {
      "type": "Feature",
      "properties": {
        "grid_id": "SOR021",
        "site": "sorowako",
        "location_label": "Sorowako Nuha North Inland Mountain Ridge - Sulawesi Selatan greenfield nickel laterite",
        "lithology": "peridotite_simulated",
        "slope_deg": 21.5,
        "distance_to_river_m": 3171,
        "distance_to_road_m": 3027,
        "distance_to_settlement_m": 10831,
        "legal_status": "no-go",
        "distance_to_smelter_km": 73.8,
        "area_ha": 1.77,
        "region_id": "SW",
        "fe_oxide_index": 2.795,
        "clay_index": 1.777,
        "ndvi_stress_index": 0.231,
        "tmi_structural_nT": 45760.4,
        "tmi_anomaly_nT": 760.4,
        "elevation_mdpl": 635.7,
        "geochem_assay_ratio": 1.71
      },
      "geometry": {
        "type": "Polygon",
        "coordinates": [
          [
            [
              121.385,
              -2.623
            ],
            [
              121.397,
              -2.623
            ],
            [
              121.397,
              -2.611
            ],
            [
              121.385,
              -2.611
            ],
            [
              121.385,
              -2.623
            ]
          ]
        ]
      }
    },
    {
      "type": "Feature",
      "properties": {
        "grid_id": "SOR022",
        "site": "sorowako",
        "location_label": "Sorowako Nuha North Inland Mountain Ridge - Sulawesi Selatan greenfield nickel laterite",
        "lithology": "serpentinite_simulated",
        "slope_deg": 15.4,
        "distance_to_river_m": 2467,
        "distance_to_road_m": 4346,
        "distance_to_settlement_m": 7175,
        "legal_status": "allowed",
        "distance_to_smelter_km": 70.6,
        "area_ha": 1.77,
        "region_id": "SW",
        "fe_oxide_index": 2.535,
        "clay_index": 2.401,
        "ndvi_stress_index": 0.3,
        "tmi_structural_nT": 45593.8,
        "tmi_anomaly_nT": 593.8,
        "elevation_mdpl": 628.0,
        "geochem_assay_ratio": 1.47
      },
      "geometry": {
        "type": "Polygon",
        "coordinates": [
          [
            [
              121.397,
              -2.623
            ],
            [
              121.409,
              -2.623
            ],
            [
              121.409,
              -2.611
            ],
            [
              121.397,
              -2.611
            ],
            [
              121.397,
              -2.623
            ]
          ]
        ]
      }
    },
    {
      "type": "Feature",
      "properties": {
        "grid_id": "SOR023",
        "site": "sorowako",
        "location_label": "Sorowako Nuha North Inland Mountain Ridge - Sulawesi Selatan greenfield nickel laterite",
        "lithology": "serpentinite_simulated",
        "slope_deg": 15.7,
        "distance_to_river_m": 2237,
        "distance_to_road_m": 5789,
        "distance_to_settlement_m": 7628,
        "legal_status": "allowed",
        "distance_to_smelter_km": 67.6,
        "area_ha": 1.77,
        "region_id": "SW",
        "fe_oxide_index": 2.792,
        "clay_index": 2.292,
        "ndvi_stress_index": 0.312,
        "tmi_structural_nT": 45554.8,
        "tmi_anomaly_nT": 554.8,
        "elevation_mdpl": 651.5,
        "geochem_assay_ratio": 1.98
      },
      "geometry": {
        "type": "Polygon",
        "coordinates": [
          [
            [
              121.409,
              -2.623
            ],
            [
              121.421,
              -2.623
            ],
            [
              121.421,
              -2.611
            ],
            [
              121.409,
              -2.611
            ],
            [
              121.409,
              -2.623
            ]
          ]
        ]
      }
    },
    {
      "type": "Feature",
      "properties": {
        "grid_id": "SOR024",
        "site": "sorowako",
        "location_label": "Sorowako Nuha North Inland Mountain Ridge - Sulawesi Selatan greenfield nickel laterite",
        "lithology": "serpentinite_simulated",
        "slope_deg": 18.1,
        "distance_to_river_m": 1893,
        "distance_to_road_m": 1966,
        "distance_to_settlement_m": 14915,
        "legal_status": "no-go",
        "distance_to_smelter_km": 64.8,
        "area_ha": 1.77,
        "region_id": "SW",
        "fe_oxide_index": 1.923,
        "clay_index": 2.307,
        "ndvi_stress_index": 0.3,
        "tmi_structural_nT": 45816.6,
        "tmi_anomaly_nT": 816.6,
        "elevation_mdpl": 670.9,
        "geochem_assay_ratio": 1.89
      },
      "geometry": {
        "type": "Polygon",
        "coordinates": [
          [
            [
              121.421,
              -2.623
            ],
            [
              121.433,
              -2.623
            ],
            [
              121.433,
              -2.611
            ],
            [
              121.421,
              -2.611
            ],
            [
              121.421,
              -2.623
            ]
          ]
        ]
      }
    },
    {
      "type": "Feature",
      "properties": {
        "grid_id": "SOR025",
        "site": "sorowako",
        "location_label": "Sorowako Nuha North Inland Mountain Ridge - Sulawesi Selatan greenfield nickel laterite",
        "lithology": "peridotite_simulated",
        "slope_deg": 15.8,
        "distance_to_river_m": 1892,
        "distance_to_road_m": 4217,
        "distance_to_settlement_m": 9009,
        "legal_status": "no-go",
        "distance_to_smelter_km": 62.3,
        "area_ha": 1.77,
        "region_id": "SW",
        "fe_oxide_index": 2.532,
        "clay_index": 2.086,
        "ndvi_stress_index": 0.236,
        "tmi_structural_nT": 45875.5,
        "tmi_anomaly_nT": 875.5,
        "elevation_mdpl": 624.4,
        "geochem_assay_ratio": 2.74
      },
      "geometry": {
        "type": "Polygon",
        "coordinates": [
          [
            [
              121.433,
              -2.623
            ],
            [
              121.445,
              -2.623
            ],
            [
              121.445,
              -2.611
            ],
            [
              121.433,
              -2.611
            ],
            [
              121.433,
              -2.623
            ]
          ]
        ]
      }
    },
    {
      "type": "Feature",
      "properties": {
        "grid_id": "SOR026",
        "site": "sorowako",
        "location_label": "Sorowako Nuha North Inland Mountain Ridge - Sulawesi Selatan greenfield nickel laterite",
        "lithology": "serpentinite_simulated",
        "slope_deg": 19.6,
        "distance_to_river_m": 2178,
        "distance_to_road_m": 5759,
        "distance_to_settlement_m": 13376,
        "legal_status": "no-go",
        "distance_to_smelter_km": 60.1,
        "area_ha": 1.77,
        "region_id": "SW",
        "fe_oxide_index": 2.132,
        "clay_index": 2.211,
        "ndvi_stress_index": 0.362,
        "tmi_structural_nT": 45972.4,
        "tmi_anomaly_nT": 972.4,
        "elevation_mdpl": 623.6,
        "geochem_assay_ratio": 1.52
      },
      "geometry": {
        "type": "Polygon",
        "coordinates": [
          [
            [
              121.445,
              -2.623
            ],
            [
              121.457,
              -2.623
            ],
            [
              121.457,
              -2.611
            ],
            [
              121.445,
              -2.611
            ],
            [
              121.445,
              -2.623
            ]
          ]
        ]
      }
    },
    {
      "type": "Feature",
      "properties": {
        "grid_id": "SOR027",
        "site": "sorowako",
        "location_label": "Sorowako Nuha North Inland Mountain Ridge - Sulawesi Selatan greenfield nickel laterite",
        "lithology": "mafic_volcanic_simulated",
        "slope_deg": 18.8,
        "distance_to_river_m": 983,
        "distance_to_road_m": 6064,
        "distance_to_settlement_m": 5574,
        "legal_status": "no-go",
        "distance_to_smelter_km": 58.2,
        "area_ha": 1.77,
        "region_id": "SW",
        "fe_oxide_index": 1.253,
        "clay_index": 1.005,
        "ndvi_stress_index": 0.725,
        "tmi_structural_nT": 45301.2,
        "tmi_anomaly_nT": 301.2,
        "elevation_mdpl": 687.8,
        "geochem_assay_ratio": 3.89
      },
      "geometry": {
        "type": "Polygon",
        "coordinates": [
          [
            [
              121.457,
              -2.623
            ],
            [
              121.469,
              -2.623
            ],
            [
              121.469,
              -2.611
            ],
            [
              121.457,
              -2.611
            ],
            [
              121.457,
              -2.623
            ]
          ]
        ]
      }
    },
    {
      "type": "Feature",
      "properties": {
        "grid_id": "SOR028",
        "site": "sorowako",
        "location_label": "Sorowako Nuha North Inland Mountain Ridge - Sulawesi Selatan greenfield nickel laterite",
        "lithology": "peridotite_simulated",
        "slope_deg": 19.5,
        "distance_to_river_m": 2454,
        "distance_to_road_m": 1745,
        "distance_to_settlement_m": 10670,
        "legal_status": "no-go",
        "distance_to_smelter_km": 56.8,
        "area_ha": 1.77,
        "region_id": "SW",
        "fe_oxide_index": 2.101,
        "clay_index": 2.279,
        "ndvi_stress_index": 0.326,
        "tmi_structural_nT": 45452.3,
        "tmi_anomaly_nT": 452.3,
        "elevation_mdpl": 683.7,
        "geochem_assay_ratio": 2.52
      },
      "geometry": {
        "type": "Polygon",
        "coordinates": [
          [
            [
              121.469,
              -2.623
            ],
            [
              121.481,
              -2.623
            ],
            [
              121.481,
              -2.611
            ],
            [
              121.469,
              -2.611
            ],
            [
              121.469,
              -2.623
            ]
          ]
        ]
      }
    },
    {
      "type": "Feature",
      "properties": {
        "grid_id": "SOR029",
        "site": "sorowako",
        "location_label": "Sorowako Nuha North Inland Mountain Ridge - Sulawesi Selatan greenfield nickel laterite",
        "lithology": "serpentinite_simulated",
        "slope_deg": 21.1,
        "distance_to_river_m": 1687,
        "distance_to_road_m": 5532,
        "distance_to_settlement_m": 12212,
        "legal_status": "no-go",
        "distance_to_smelter_km": 55.8,
        "area_ha": 1.77,
        "region_id": "SW",
        "fe_oxide_index": 2.811,
        "clay_index": 1.72,
        "ndvi_stress_index": 0.412,
        "tmi_structural_nT": 45960.1,
        "tmi_anomaly_nT": 960.1,
        "elevation_mdpl": 692.4,
        "geochem_assay_ratio": 3.16
      },
      "geometry": {
        "type": "Polygon",
        "coordinates": [
          [
            [
              121.481,
              -2.623
            ],
            [
              121.493,
              -2.623
            ],
            [
              121.493,
              -2.611
            ],
            [
              121.481,
              -2.611
            ],
            [
              121.481,
              -2.623
            ]
          ]
        ]
      }
    },
    {
      "type": "Feature",
      "properties": {
        "grid_id": "SOR030",
        "site": "sorowako",
        "location_label": "Sorowako Nuha North Inland Mountain Ridge - Sulawesi Selatan greenfield nickel laterite",
        "lithology": "mafic_volcanic_simulated",
        "slope_deg": 15.3,
        "distance_to_river_m": 1472,
        "distance_to_road_m": 2199,
        "distance_to_settlement_m": 14409,
        "legal_status": "no-go",
        "distance_to_smelter_km": 55.3,
        "area_ha": 1.77,
        "region_id": "SW",
        "fe_oxide_index": 1.158,
        "clay_index": 1.444,
        "ndvi_stress_index": 0.538,
        "tmi_structural_nT": 44853.6,
        "tmi_anomaly_nT": -146.4,
        "elevation_mdpl": 687.0,
        "geochem_assay_ratio": 5.36
      },
      "geometry": {
        "type": "Polygon",
        "coordinates": [
          [
            [
              121.493,
              -2.623
            ],
            [
              121.505,
              -2.623
            ],
            [
              121.505,
              -2.611
            ],
            [
              121.493,
              -2.611
            ],
            [
              121.493,
              -2.623
            ]
          ]
        ]
      }
    },
    {
      "type": "Feature",
      "properties": {
        "grid_id": "SOR031",
        "site": "sorowako",
        "location_label": "Sorowako Nuha North Inland Mountain Ridge - Sulawesi Selatan greenfield nickel laterite",
        "lithology": "serpentinite_simulated",
        "slope_deg": 16.4,
        "distance_to_river_m": 834,
        "distance_to_road_m": 2111,
        "distance_to_settlement_m": 13328,
        "legal_status": "no-go",
        "distance_to_smelter_km": 55.3,
        "area_ha": 1.77,
        "region_id": "SE",
        "fe_oxide_index": 2.474,
        "clay_index": 2.108,
        "ndvi_stress_index": 0.185,
        "tmi_structural_nT": 45886.8,
        "tmi_anomaly_nT": 886.8,
        "elevation_mdpl": 644.4,
        "geochem_assay_ratio": 1.63
      },
      "geometry": {
        "type": "Polygon",
        "coordinates": [
          [
            [
              121.505,
              -2.623
            ],
            [
              121.517,
              -2.623
            ],
            [
              121.517,
              -2.611
            ],
            [
              121.505,
              -2.611
            ],
            [
              121.505,
              -2.623
            ]
          ]
        ]
      }
    },
    {
      "type": "Feature",
      "properties": {
        "grid_id": "SOR032",
        "site": "sorowako",
        "location_label": "Sorowako Nuha North Inland Mountain Ridge - Sulawesi Selatan greenfield nickel laterite",
        "lithology": "serpentinite_simulated",
        "slope_deg": 12.6,
        "distance_to_river_m": 2446,
        "distance_to_road_m": 4130,
        "distance_to_settlement_m": 12202,
        "legal_status": "no-go",
        "distance_to_smelter_km": 55.8,
        "area_ha": 1.77,
        "region_id": "SE",
        "fe_oxide_index": 2.339,
        "clay_index": 1.693,
        "ndvi_stress_index": 0.301,
        "tmi_structural_nT": 46045.4,
        "tmi_anomaly_nT": 1045.4,
        "elevation_mdpl": 624.3,
        "geochem_assay_ratio": 2.81
      },
      "geometry": {
        "type": "Polygon",
        "coordinates": [
          [
            [
              121.517,
              -2.623
            ],
            [
              121.529,
              -2.623
            ],
            [
              121.529,
              -2.611
            ],
            [
              121.517,
              -2.611
            ],
            [
              121.517,
              -2.623
            ]
          ]
        ]
      }
    },
    {
      "type": "Feature",
      "properties": {
        "grid_id": "SOR033",
        "site": "sorowako",
        "location_label": "Sorowako Nuha North Inland Mountain Ridge - Sulawesi Selatan greenfield nickel laterite",
        "lithology": "peridotite_simulated",
        "slope_deg": 13.1,
        "distance_to_river_m": 2329,
        "distance_to_road_m": 5764,
        "distance_to_settlement_m": 11160,
        "legal_status": "no-go",
        "distance_to_smelter_km": 56.8,
        "area_ha": 1.77,
        "region_id": "SE",
        "fe_oxide_index": 2.026,
        "clay_index": 1.984,
        "ndvi_stress_index": 0.235,
        "tmi_structural_nT": 45438.9,
        "tmi_anomaly_nT": 438.9,
        "elevation_mdpl": 665.3,
        "geochem_assay_ratio": 2.15
      },
      "geometry": {
        "type": "Polygon",
        "coordinates": [
          [
            [
              121.529,
              -2.623
            ],
            [
              121.541,
              -2.623
            ],
            [
              121.541,
              -2.611
            ],
            [
              121.529,
              -2.611
            ],
            [
              121.529,
              -2.623
            ]
          ]
        ]
      }
    },
    {
      "type": "Feature",
      "properties": {
        "grid_id": "SOR034",
        "site": "sorowako",
        "location_label": "Sorowako Nuha North Inland Mountain Ridge - Sulawesi Selatan greenfield nickel laterite",
        "lithology": "ultramafic_simulated",
        "slope_deg": 22.7,
        "distance_to_river_m": 2033,
        "distance_to_road_m": 3258,
        "distance_to_settlement_m": 10357,
        "legal_status": "no-go",
        "distance_to_smelter_km": 58.2,
        "area_ha": 1.77,
        "region_id": "SE",
        "fe_oxide_index": 2.035,
        "clay_index": 1.692,
        "ndvi_stress_index": 0.383,
        "tmi_structural_nT": 45467.6,
        "tmi_anomaly_nT": 467.6,
        "elevation_mdpl": 696.3,
        "geochem_assay_ratio": 2.43
      },
      "geometry": {
        "type": "Polygon",
        "coordinates": [
          [
            [
              121.541,
              -2.623
            ],
            [
              121.553,
              -2.623
            ],
            [
              121.553,
              -2.611
            ],
            [
              121.541,
              -2.611
            ],
            [
              121.541,
              -2.623
            ]
          ]
        ]
      }
    },
    {
      "type": "Feature",
      "properties": {
        "grid_id": "SOR035",
        "site": "sorowako",
        "location_label": "Sorowako Nuha North Inland Mountain Ridge - Sulawesi Selatan greenfield nickel laterite",
        "lithology": "ultramafic_simulated",
        "slope_deg": 14.4,
        "distance_to_river_m": 1506,
        "distance_to_road_m": 3204,
        "distance_to_settlement_m": 8071,
        "legal_status": "no-go",
        "distance_to_smelter_km": 60.1,
        "area_ha": 1.77,
        "region_id": "SE",
        "fe_oxide_index": 2.396,
        "clay_index": 1.672,
        "ndvi_stress_index": 0.193,
        "tmi_structural_nT": 45257.4,
        "tmi_anomaly_nT": 257.4,
        "elevation_mdpl": 681.8,
        "geochem_assay_ratio": 2.61
      },
      "geometry": {
        "type": "Polygon",
        "coordinates": [
          [
            [
              121.553,
              -2.623
            ],
            [
              121.565,
              -2.623
            ],
            [
              121.565,
              -2.611
            ],
            [
              121.553,
              -2.611
            ],
            [
              121.553,
              -2.623
            ]
          ]
        ]
      }
    },
    {
      "type": "Feature",
      "properties": {
        "grid_id": "SOR036",
        "site": "sorowako",
        "location_label": "Sorowako Nuha North Inland Mountain Ridge - Sulawesi Selatan greenfield nickel laterite",
        "lithology": "serpentinite_simulated",
        "slope_deg": 20.2,
        "distance_to_river_m": 793,
        "distance_to_road_m": 3401,
        "distance_to_settlement_m": 11740,
        "legal_status": "no-go",
        "distance_to_smelter_km": 62.3,
        "area_ha": 1.77,
        "region_id": "SE",
        "fe_oxide_index": 2.647,
        "clay_index": 1.661,
        "ndvi_stress_index": 0.387,
        "tmi_structural_nT": 45142.3,
        "tmi_anomaly_nT": 142.3,
        "elevation_mdpl": 621.9,
        "geochem_assay_ratio": 3.06
      },
      "geometry": {
        "type": "Polygon",
        "coordinates": [
          [
            [
              121.565,
              -2.623
            ],
            [
              121.577,
              -2.623
            ],
            [
              121.577,
              -2.611
            ],
            [
              121.565,
              -2.611
            ],
            [
              121.565,
              -2.623
            ]
          ]
        ]
      }
    },
    {
      "type": "Feature",
      "properties": {
        "grid_id": "SOR037",
        "site": "sorowako",
        "location_label": "Sorowako Nuha North Inland Mountain Ridge - Sulawesi Selatan greenfield nickel laterite",
        "lithology": "serpentinite_simulated",
        "slope_deg": 17.6,
        "distance_to_river_m": 613,
        "distance_to_road_m": 4050,
        "distance_to_settlement_m": 13965,
        "legal_status": "no-go",
        "distance_to_smelter_km": 64.8,
        "area_ha": 1.77,
        "region_id": "SE",
        "fe_oxide_index": 2.66,
        "clay_index": 2.293,
        "ndvi_stress_index": 0.237,
        "tmi_structural_nT": 45246.4,
        "tmi_anomaly_nT": 246.4,
        "elevation_mdpl": 639.7,
        "geochem_assay_ratio": 2.48
      },
      "geometry": {
        "type": "Polygon",
        "coordinates": [
          [
            [
              121.577,
              -2.623
            ],
            [
              121.589,
              -2.623
            ],
            [
              121.589,
              -2.611
            ],
            [
              121.577,
              -2.611
            ],
            [
              121.577,
              -2.623
            ]
          ]
        ]
      }
    },
    {
      "type": "Feature",
      "properties": {
        "grid_id": "SOR038",
        "site": "sorowako",
        "location_label": "Sorowako Nuha North Inland Mountain Ridge - Sulawesi Selatan greenfield nickel laterite",
        "lithology": "serpentinite_simulated",
        "slope_deg": 17.0,
        "distance_to_river_m": 446,
        "distance_to_road_m": 5658,
        "distance_to_settlement_m": 4844,
        "legal_status": "no-go",
        "distance_to_smelter_km": 67.6,
        "area_ha": 1.77,
        "region_id": "SE",
        "fe_oxide_index": 2.286,
        "clay_index": 2.071,
        "ndvi_stress_index": 0.37,
        "tmi_structural_nT": 45995.9,
        "tmi_anomaly_nT": 995.9,
        "elevation_mdpl": 665.0,
        "geochem_assay_ratio": 2.86
      },
      "geometry": {
        "type": "Polygon",
        "coordinates": [
          [
            [
              121.589,
              -2.623
            ],
            [
              121.601,
              -2.623
            ],
            [
              121.601,
              -2.611
            ],
            [
              121.589,
              -2.611
            ],
            [
              121.589,
              -2.623
            ]
          ]
        ]
      }
    },
    {
      "type": "Feature",
      "properties": {
        "grid_id": "SOR039",
        "site": "sorowako",
        "location_label": "Sorowako Nuha North Inland Mountain Ridge - Sulawesi Selatan greenfield nickel laterite",
        "lithology": "ultramafic_simulated",
        "slope_deg": 19.1,
        "distance_to_river_m": 472,
        "distance_to_road_m": 1973,
        "distance_to_settlement_m": 11462,
        "legal_status": "no-go",
        "distance_to_smelter_km": 70.6,
        "area_ha": 1.77,
        "region_id": "SE",
        "fe_oxide_index": 2.489,
        "clay_index": 2.37,
        "ndvi_stress_index": 0.39,
        "tmi_structural_nT": 45433.4,
        "tmi_anomaly_nT": 433.4,
        "elevation_mdpl": 678.3,
        "geochem_assay_ratio": 1.65
      },
      "geometry": {
        "type": "Polygon",
        "coordinates": [
          [
            [
              121.601,
              -2.623
            ],
            [
              121.613,
              -2.623
            ],
            [
              121.613,
              -2.611
            ],
            [
              121.601,
              -2.611
            ],
            [
              121.601,
              -2.623
            ]
          ]
        ]
      }
    },
    {
      "type": "Feature",
      "properties": {
        "grid_id": "SOR040",
        "site": "sorowako",
        "location_label": "Sorowako Nuha North Inland Mountain Ridge - Sulawesi Selatan greenfield nickel laterite",
        "lithology": "mafic_volcanic_simulated",
        "slope_deg": 17.3,
        "distance_to_river_m": 942,
        "distance_to_road_m": 2188,
        "distance_to_settlement_m": 4849,
        "legal_status": "no-go",
        "distance_to_smelter_km": 73.8,
        "area_ha": 1.77,
        "region_id": "SE",
        "fe_oxide_index": 1.179,
        "clay_index": 1.188,
        "ndvi_stress_index": 0.545,
        "tmi_structural_nT": 45231.3,
        "tmi_anomaly_nT": 231.3,
        "elevation_mdpl": 697.1,
        "geochem_assay_ratio": 5.52
      },
      "geometry": {
        "type": "Polygon",
        "coordinates": [
          [
            [
              121.613,
              -2.623
            ],
            [
              121.625,
              -2.623
            ],
            [
              121.625,
              -2.611
            ],
            [
              121.613,
              -2.611
            ],
            [
              121.613,
              -2.623
            ]
          ]
        ]
      }
    },
    {
      "type": "Feature",
      "properties": {
        "grid_id": "SOR041",
        "site": "sorowako",
        "location_label": "Sorowako Nuha North Inland Mountain Ridge - Sulawesi Selatan greenfield nickel laterite",
        "lithology": "serpentinite_simulated",
        "slope_deg": 16.2,
        "distance_to_river_m": 1820,
        "distance_to_road_m": 6331,
        "distance_to_settlement_m": 12986,
        "legal_status": "no-go",
        "distance_to_smelter_km": 71.0,
        "area_ha": 1.77,
        "region_id": "SW",
        "fe_oxide_index": 2.063,
        "clay_index": 2.145,
        "ndvi_stress_index": 0.39,
        "tmi_structural_nT": 45654.5,
        "tmi_anomaly_nT": 654.5,
        "elevation_mdpl": 630.3,
        "geochem_assay_ratio": 2.92
      },
      "geometry": {
        "type": "Polygon",
        "coordinates": [
          [
            [
              121.385,
              -2.611
            ],
            [
              121.397,
              -2.611
            ],
            [
              121.397,
              -2.599
            ],
            [
              121.385,
              -2.599
            ],
            [
              121.385,
              -2.611
            ]
          ]
        ]
      }
    },
    {
      "type": "Feature",
      "properties": {
        "grid_id": "SOR042",
        "site": "sorowako",
        "location_label": "Sorowako Nuha North Inland Mountain Ridge - Sulawesi Selatan greenfield nickel laterite",
        "lithology": "ultramafic_simulated",
        "slope_deg": 13.5,
        "distance_to_river_m": 1118,
        "distance_to_road_m": 5649,
        "distance_to_settlement_m": 11657,
        "legal_status": "no-go",
        "distance_to_smelter_km": 67.6,
        "area_ha": 1.77,
        "region_id": "SW",
        "fe_oxide_index": 2.271,
        "clay_index": 1.604,
        "ndvi_stress_index": 0.199,
        "tmi_structural_nT": 45355.9,
        "tmi_anomaly_nT": 355.9,
        "elevation_mdpl": 703.5,
        "geochem_assay_ratio": 2.39
      },
      "geometry": {
        "type": "Polygon",
        "coordinates": [
          [
            [
              121.397,
              -2.611
            ],
            [
              121.409,
              -2.611
            ],
            [
              121.409,
              -2.599
            ],
            [
              121.397,
              -2.599
            ],
            [
              121.397,
              -2.611
            ]
          ]
        ]
      }
    },
    {
      "type": "Feature",
      "properties": {
        "grid_id": "SOR043",
        "site": "sorowako",
        "location_label": "Sorowako Nuha North Inland Mountain Ridge - Sulawesi Selatan greenfield nickel laterite",
        "lithology": "serpentinite_simulated",
        "slope_deg": 22.7,
        "distance_to_river_m": 478,
        "distance_to_road_m": 4130,
        "distance_to_settlement_m": 9581,
        "legal_status": "no-go",
        "distance_to_smelter_km": 64.4,
        "area_ha": 1.77,
        "region_id": "SW",
        "fe_oxide_index": 2.467,
        "clay_index": 2.434,
        "ndvi_stress_index": 0.241,
        "tmi_structural_nT": 45116.2,
        "tmi_anomaly_nT": 116.2,
        "elevation_mdpl": 698.9,
        "geochem_assay_ratio": 2.02
      },
      "geometry": {
        "type": "Polygon",
        "coordinates": [
          [
            [
              121.409,
              -2.611
            ],
            [
              121.421,
              -2.611
            ],
            [
              121.421,
              -2.599
            ],
            [
              121.409,
              -2.599
            ],
            [
              121.409,
              -2.611
            ]
          ]
        ]
      }
    },
    {
      "type": "Feature",
      "properties": {
        "grid_id": "SOR044",
        "site": "sorowako",
        "location_label": "Sorowako Nuha North Inland Mountain Ridge - Sulawesi Selatan greenfield nickel laterite",
        "lithology": "mafic_volcanic_simulated",
        "slope_deg": 17.7,
        "distance_to_river_m": 3168,
        "distance_to_road_m": 4215,
        "distance_to_settlement_m": 6786,
        "legal_status": "no-go",
        "distance_to_smelter_km": 61.4,
        "area_ha": 1.77,
        "region_id": "SW",
        "fe_oxide_index": 1.314,
        "clay_index": 1.39,
        "ndvi_stress_index": 0.742,
        "tmi_structural_nT": 44731.9,
        "tmi_anomaly_nT": -268.1,
        "elevation_mdpl": 632.4,
        "geochem_assay_ratio": 4.42
      },
      "geometry": {
        "type": "Polygon",
        "coordinates": [
          [
            [
              121.421,
              -2.611
            ],
            [
              121.433,
              -2.611
            ],
            [
              121.433,
              -2.599
            ],
            [
              121.421,
              -2.599
            ],
            [
              121.421,
              -2.611
            ]
          ]
        ]
      }
    },
    {
      "type": "Feature",
      "properties": {
        "grid_id": "SOR045",
        "site": "sorowako",
        "location_label": "Sorowako Nuha North Inland Mountain Ridge - Sulawesi Selatan greenfield nickel laterite",
        "lithology": "serpentinite_simulated",
        "slope_deg": 18.6,
        "distance_to_river_m": 1524,
        "distance_to_road_m": 4949,
        "distance_to_settlement_m": 7867,
        "legal_status": "no-go",
        "distance_to_smelter_km": 58.7,
        "area_ha": 1.77,
        "region_id": "SW",
        "fe_oxide_index": 2.641,
        "clay_index": 2.177,
        "ndvi_stress_index": 0.409,
        "tmi_structural_nT": 45242.8,
        "tmi_anomaly_nT": 242.8,
        "elevation_mdpl": 680.8,
        "geochem_assay_ratio": 2.81
      },
      "geometry": {
        "type": "Polygon",
        "coordinates": [
          [
            [
              121.433,
              -2.611
            ],
            [
              121.445,
              -2.611
            ],
            [
              121.445,
              -2.599
            ],
            [
              121.433,
              -2.599
            ],
            [
              121.433,
              -2.611
            ]
          ]
        ]
      }
    },
    {
      "type": "Feature",
      "properties": {
        "grid_id": "SOR046",
        "site": "sorowako",
        "location_label": "Sorowako Nuha North Inland Mountain Ridge - Sulawesi Selatan greenfield nickel laterite",
        "lithology": "serpentinite_simulated",
        "slope_deg": 14.9,
        "distance_to_river_m": 1583,
        "distance_to_road_m": 6482,
        "distance_to_settlement_m": 7141,
        "legal_status": "no-go",
        "distance_to_smelter_km": 56.3,
        "area_ha": 1.77,
        "region_id": "SW",
        "fe_oxide_index": 1.929,
        "clay_index": 2.325,
        "ndvi_stress_index": 0.288,
        "tmi_structural_nT": 45998.7,
        "tmi_anomaly_nT": 998.7,
        "elevation_mdpl": 664.5,
        "geochem_assay_ratio": 1.56
      },
      "geometry": {
        "type": "Polygon",
        "coordinates": [
          [
            [
              121.445,
              -2.611
            ],
            [
              121.457,
              -2.611
            ],
            [
              121.457,
              -2.599
            ],
            [
              121.445,
              -2.599
            ],
            [
              121.445,
              -2.611
            ]
          ]
        ]
      }
    },
    {
      "type": "Feature",
      "properties": {
        "grid_id": "SOR047",
        "site": "sorowako",
        "location_label": "Sorowako Nuha North Inland Mountain Ridge - Sulawesi Selatan greenfield nickel laterite",
        "lithology": "peridotite_simulated",
        "slope_deg": 18.7,
        "distance_to_river_m": 532,
        "distance_to_road_m": 3046,
        "distance_to_settlement_m": 14996,
        "legal_status": "no-go",
        "distance_to_smelter_km": 54.2,
        "area_ha": 1.77,
        "region_id": "SW",
        "fe_oxide_index": 2.608,
        "clay_index": 2.3,
        "ndvi_stress_index": 0.198,
        "tmi_structural_nT": 46072.4,
        "tmi_anomaly_nT": 1072.4,
        "elevation_mdpl": 684.2,
        "geochem_assay_ratio": 2.21
      },
      "geometry": {
        "type": "Polygon",
        "coordinates": [
          [
            [
              121.457,
              -2.611
            ],
            [
              121.469,
              -2.611
            ],
            [
              121.469,
              -2.599
            ],
            [
              121.457,
              -2.599
            ],
            [
              121.457,
              -2.611
            ]
          ]
        ]
      }
    },
    {
      "type": "Feature",
      "properties": {
        "grid_id": "SOR048",
        "site": "sorowako",
        "location_label": "Sorowako Nuha North Inland Mountain Ridge - Sulawesi Selatan greenfield nickel laterite",
        "lithology": "peridotite_simulated",
        "slope_deg": 13.4,
        "distance_to_river_m": 1164,
        "distance_to_road_m": 4167,
        "distance_to_settlement_m": 9528,
        "legal_status": "no-go",
        "distance_to_smelter_km": 52.6,
        "area_ha": 1.77,
        "region_id": "SW",
        "fe_oxide_index": 2.557,
        "clay_index": 2.114,
        "ndvi_stress_index": 0.382,
        "tmi_structural_nT": 45663.6,
        "tmi_anomaly_nT": 663.6,
        "elevation_mdpl": 702.5,
        "geochem_assay_ratio": 1.45
      },
      "geometry": {
        "type": "Polygon",
        "coordinates": [
          [
            [
              121.469,
              -2.611
            ],
            [
              121.481,
              -2.611
            ],
            [
              121.481,
              -2.599
            ],
            [
              121.469,
              -2.599
            ],
            [
              121.469,
              -2.611
            ]
          ]
        ]
      }
    },
    {
      "type": "Feature",
      "properties": {
        "grid_id": "SOR049",
        "site": "sorowako",
        "location_label": "Sorowako Nuha North Inland Mountain Ridge - Sulawesi Selatan greenfield nickel laterite",
        "lithology": "serpentinite_simulated",
        "slope_deg": 19.9,
        "distance_to_river_m": 2424,
        "distance_to_road_m": 5804,
        "distance_to_settlement_m": 14729,
        "legal_status": "no-go",
        "distance_to_smelter_km": 51.5,
        "area_ha": 1.77,
        "region_id": "SW",
        "fe_oxide_index": 2.39,
        "clay_index": 1.871,
        "ndvi_stress_index": 0.292,
        "tmi_structural_nT": 45367.5,
        "tmi_anomaly_nT": 367.5,
        "elevation_mdpl": 644.8,
        "geochem_assay_ratio": 1.57
      },
      "geometry": {
        "type": "Polygon",
        "coordinates": [
          [
            [
              121.481,
              -2.611
            ],
            [
              121.493,
              -2.611
            ],
            [
              121.493,
              -2.599
            ],
            [
              121.481,
              -2.599
            ],
            [
              121.481,
              -2.611
            ]
          ]
        ]
      }
    },
    {
      "type": "Feature",
      "properties": {
        "grid_id": "SOR050",
        "site": "sorowako",
        "location_label": "Sorowako Nuha North Inland Mountain Ridge - Sulawesi Selatan greenfield nickel laterite",
        "lithology": "peridotite_simulated",
        "slope_deg": 21.7,
        "distance_to_river_m": 2190,
        "distance_to_road_m": 3853,
        "distance_to_settlement_m": 9904,
        "legal_status": "no-go",
        "distance_to_smelter_km": 50.9,
        "area_ha": 1.77,
        "region_id": "SW",
        "fe_oxide_index": 2.727,
        "clay_index": 2.218,
        "ndvi_stress_index": 0.363,
        "tmi_structural_nT": 45465.9,
        "tmi_anomaly_nT": 465.9,
        "elevation_mdpl": 660.1,
        "geochem_assay_ratio": 2.43
      },
      "geometry": {
        "type": "Polygon",
        "coordinates": [
          [
            [
              121.493,
              -2.611
            ],
            [
              121.505,
              -2.611
            ],
            [
              121.505,
              -2.599
            ],
            [
              121.493,
              -2.599
            ],
            [
              121.493,
              -2.611
            ]
          ]
        ]
      }
    },
    {
      "type": "Feature",
      "properties": {
        "grid_id": "SOR051",
        "site": "sorowako",
        "location_label": "Sorowako Nuha North Inland Mountain Ridge - Sulawesi Selatan greenfield nickel laterite",
        "lithology": "peridotite_simulated",
        "slope_deg": 17.0,
        "distance_to_river_m": 2050,
        "distance_to_road_m": 4078,
        "distance_to_settlement_m": 7608,
        "legal_status": "no-go",
        "distance_to_smelter_km": 50.9,
        "area_ha": 1.77,
        "region_id": "SE",
        "fe_oxide_index": 2.84,
        "clay_index": 2.228,
        "ndvi_stress_index": 0.252,
        "tmi_structural_nT": 45436.4,
        "tmi_anomaly_nT": 436.4,
        "elevation_mdpl": 702.8,
        "geochem_assay_ratio": 2.36
      },
      "geometry": {
        "type": "Polygon",
        "coordinates": [
          [
            [
              121.505,
              -2.611
            ],
            [
              121.517,
              -2.611
            ],
            [
              121.517,
              -2.599
            ],
            [
              121.505,
              -2.599
            ],
            [
              121.505,
              -2.611
            ]
          ]
        ]
      }
    },
    {
      "type": "Feature",
      "properties": {
        "grid_id": "SOR052",
        "site": "sorowako",
        "location_label": "Sorowako Nuha North Inland Mountain Ridge - Sulawesi Selatan greenfield nickel laterite",
        "lithology": "ultramafic_simulated",
        "slope_deg": 13.6,
        "distance_to_river_m": 2268,
        "distance_to_road_m": 1658,
        "distance_to_settlement_m": 14430,
        "legal_status": "no-go",
        "distance_to_smelter_km": 51.5,
        "area_ha": 1.77,
        "region_id": "SE",
        "fe_oxide_index": 2.525,
        "clay_index": 1.949,
        "ndvi_stress_index": 0.366,
        "tmi_structural_nT": 46020.5,
        "tmi_anomaly_nT": 1020.5,
        "elevation_mdpl": 707.3,
        "geochem_assay_ratio": 2.72
      },
      "geometry": {
        "type": "Polygon",
        "coordinates": [
          [
            [
              121.517,
              -2.611
            ],
            [
              121.529,
              -2.611
            ],
            [
              121.529,
              -2.599
            ],
            [
              121.517,
              -2.599
            ],
            [
              121.517,
              -2.611
            ]
          ]
        ]
      }
    },
    {
      "type": "Feature",
      "properties": {
        "grid_id": "SOR053",
        "site": "sorowako",
        "location_label": "Sorowako Nuha North Inland Mountain Ridge - Sulawesi Selatan greenfield nickel laterite",
        "lithology": "serpentinite_simulated",
        "slope_deg": 15.2,
        "distance_to_river_m": 885,
        "distance_to_road_m": 5025,
        "distance_to_settlement_m": 7487,
        "legal_status": "no-go",
        "distance_to_smelter_km": 52.6,
        "area_ha": 1.77,
        "region_id": "SE",
        "fe_oxide_index": 1.928,
        "clay_index": 2.175,
        "ndvi_stress_index": 0.271,
        "tmi_structural_nT": 46080.2,
        "tmi_anomaly_nT": 1080.2,
        "elevation_mdpl": 701.8,
        "geochem_assay_ratio": 3.12
      },
      "geometry": {
        "type": "Polygon",
        "coordinates": [
          [
            [
              121.529,
              -2.611
            ],
            [
              121.541,
              -2.611
            ],
            [
              121.541,
              -2.599
            ],
            [
              121.529,
              -2.599
            ],
            [
              121.529,
              -2.611
            ]
          ]
        ]
      }
    },
    {
      "type": "Feature",
      "properties": {
        "grid_id": "SOR054",
        "site": "sorowako",
        "location_label": "Sorowako Nuha North Inland Mountain Ridge - Sulawesi Selatan greenfield nickel laterite",
        "lithology": "ultramafic_simulated",
        "slope_deg": 13.1,
        "distance_to_river_m": 2531,
        "distance_to_road_m": 1526,
        "distance_to_settlement_m": 10054,
        "legal_status": "no-go",
        "distance_to_smelter_km": 54.2,
        "area_ha": 1.77,
        "region_id": "SE",
        "fe_oxide_index": 2.782,
        "clay_index": 2.347,
        "ndvi_stress_index": 0.295,
        "tmi_structural_nT": 45299.5,
        "tmi_anomaly_nT": 299.5,
        "elevation_mdpl": 716.4,
        "geochem_assay_ratio": 1.98
      },
      "geometry": {
        "type": "Polygon",
        "coordinates": [
          [
            [
              121.541,
              -2.611
            ],
            [
              121.553,
              -2.611
            ],
            [
              121.553,
              -2.599
            ],
            [
              121.541,
              -2.599
            ],
            [
              121.541,
              -2.611
            ]
          ]
        ]
      }
    },
    {
      "type": "Feature",
      "properties": {
        "grid_id": "SOR055",
        "site": "sorowako",
        "location_label": "Sorowako Nuha North Inland Mountain Ridge - Sulawesi Selatan greenfield nickel laterite",
        "lithology": "serpentinite_simulated",
        "slope_deg": 22.8,
        "distance_to_river_m": 1111,
        "distance_to_road_m": 6445,
        "distance_to_settlement_m": 9976,
        "legal_status": "no-go",
        "distance_to_smelter_km": 56.3,
        "area_ha": 1.77,
        "region_id": "SE",
        "fe_oxide_index": 2.694,
        "clay_index": 1.998,
        "ndvi_stress_index": 0.226,
        "tmi_structural_nT": 45212.6,
        "tmi_anomaly_nT": 212.6,
        "elevation_mdpl": 636.2,
        "geochem_assay_ratio": 2.23
      },
      "geometry": {
        "type": "Polygon",
        "coordinates": [
          [
            [
              121.553,
              -2.611
            ],
            [
              121.565,
              -2.611
            ],
            [
              121.565,
              -2.599
            ],
            [
              121.553,
              -2.599
            ],
            [
              121.553,
              -2.611
            ]
          ]
        ]
      }
    },
    {
      "type": "Feature",
      "properties": {
        "grid_id": "SOR056",
        "site": "sorowako",
        "location_label": "Sorowako Nuha North Inland Mountain Ridge - Sulawesi Selatan greenfield nickel laterite",
        "lithology": "serpentinite_simulated",
        "slope_deg": 20.0,
        "distance_to_river_m": 313,
        "distance_to_road_m": 4768,
        "distance_to_settlement_m": 11620,
        "legal_status": "no-go",
        "distance_to_smelter_km": 58.7,
        "area_ha": 1.77,
        "region_id": "SE",
        "fe_oxide_index": 2.328,
        "clay_index": 2.361,
        "ndvi_stress_index": 0.349,
        "tmi_structural_nT": 45411.0,
        "tmi_anomaly_nT": 411.0,
        "elevation_mdpl": 631.7,
        "geochem_assay_ratio": 3.05
      },
      "geometry": {
        "type": "Polygon",
        "coordinates": [
          [
            [
              121.565,
              -2.611
            ],
            [
              121.577,
              -2.611
            ],
            [
              121.577,
              -2.599
            ],
            [
              121.565,
              -2.599
            ],
            [
              121.565,
              -2.611
            ]
          ]
        ]
      }
    },
    {
      "type": "Feature",
      "properties": {
        "grid_id": "SOR057",
        "site": "sorowako",
        "location_label": "Sorowako Nuha North Inland Mountain Ridge - Sulawesi Selatan greenfield nickel laterite",
        "lithology": "serpentinite_simulated",
        "slope_deg": 18.0,
        "distance_to_river_m": 1756,
        "distance_to_road_m": 4364,
        "distance_to_settlement_m": 5648,
        "legal_status": "no-go",
        "distance_to_smelter_km": 61.4,
        "area_ha": 1.77,
        "region_id": "SE",
        "fe_oxide_index": 1.922,
        "clay_index": 1.775,
        "ndvi_stress_index": 0.32,
        "tmi_structural_nT": 45190.9,
        "tmi_anomaly_nT": 190.9,
        "elevation_mdpl": 671.0,
        "geochem_assay_ratio": 2.86
      },
      "geometry": {
        "type": "Polygon",
        "coordinates": [
          [
            [
              121.577,
              -2.611
            ],
            [
              121.589,
              -2.611
            ],
            [
              121.589,
              -2.599
            ],
            [
              121.577,
              -2.599
            ],
            [
              121.577,
              -2.611
            ]
          ]
        ]
      }
    },
    {
      "type": "Feature",
      "properties": {
        "grid_id": "SOR058",
        "site": "sorowako",
        "location_label": "Sorowako Nuha North Inland Mountain Ridge - Sulawesi Selatan greenfield nickel laterite",
        "lithology": "ultramafic_simulated",
        "slope_deg": 22.8,
        "distance_to_river_m": 2166,
        "distance_to_road_m": 3602,
        "distance_to_settlement_m": 14921,
        "legal_status": "no-go",
        "distance_to_smelter_km": 64.4,
        "area_ha": 1.77,
        "region_id": "SE",
        "fe_oxide_index": 2.752,
        "clay_index": 1.919,
        "ndvi_stress_index": 0.344,
        "tmi_structural_nT": 45761.8,
        "tmi_anomaly_nT": 761.8,
        "elevation_mdpl": 673.9,
        "geochem_assay_ratio": 2.58
      },
      "geometry": {
        "type": "Polygon",
        "coordinates": [
          [
            [
              121.589,
              -2.611
            ],
            [
              121.601,
              -2.611
            ],
            [
              121.601,
              -2.599
            ],
            [
              121.589,
              -2.599
            ],
            [
              121.589,
              -2.611
            ]
          ]
        ]
      }
    },
    {
      "type": "Feature",
      "properties": {
        "grid_id": "SOR059",
        "site": "sorowako",
        "location_label": "Sorowako Nuha North Inland Mountain Ridge - Sulawesi Selatan greenfield nickel laterite",
        "lithology": "ultramafic_simulated",
        "slope_deg": 21.7,
        "distance_to_river_m": 326,
        "distance_to_road_m": 2530,
        "distance_to_settlement_m": 5110,
        "legal_status": "no-go",
        "distance_to_smelter_km": 67.6,
        "area_ha": 1.77,
        "region_id": "SE",
        "fe_oxide_index": 2.578,
        "clay_index": 1.942,
        "ndvi_stress_index": 0.236,
        "tmi_structural_nT": 45317.3,
        "tmi_anomaly_nT": 317.3,
        "elevation_mdpl": 706.4,
        "geochem_assay_ratio": 1.5
      },
      "geometry": {
        "type": "Polygon",
        "coordinates": [
          [
            [
              121.601,
              -2.611
            ],
            [
              121.613,
              -2.611
            ],
            [
              121.613,
              -2.599
            ],
            [
              121.601,
              -2.599
            ],
            [
              121.601,
              -2.611
            ]
          ]
        ]
      }
    },
    {
      "type": "Feature",
      "properties": {
        "grid_id": "SOR060",
        "site": "sorowako",
        "location_label": "Sorowako Nuha North Inland Mountain Ridge - Sulawesi Selatan greenfield nickel laterite",
        "lithology": "mafic_volcanic_simulated",
        "slope_deg": 19.4,
        "distance_to_river_m": 2575,
        "distance_to_road_m": 3094,
        "distance_to_settlement_m": 8580,
        "legal_status": "no-go",
        "distance_to_smelter_km": 71.0,
        "area_ha": 1.77,
        "region_id": "SE",
        "fe_oxide_index": 1.553,
        "clay_index": 1.237,
        "ndvi_stress_index": 0.738,
        "tmi_structural_nT": 44700.7,
        "tmi_anomaly_nT": -299.3,
        "elevation_mdpl": 690.8,
        "geochem_assay_ratio": 5.51
      },
      "geometry": {
        "type": "Polygon",
        "coordinates": [
          [
            [
              121.613,
              -2.611
            ],
            [
              121.625,
              -2.611
            ],
            [
              121.625,
              -2.599
            ],
            [
              121.613,
              -2.599
            ],
            [
              121.613,
              -2.611
            ]
          ]
        ]
      }
    },
    {
      "type": "Feature",
      "properties": {
        "grid_id": "SOR061",
        "site": "sorowako",
        "location_label": "Sorowako Nuha North Inland Mountain Ridge - Sulawesi Selatan greenfield nickel laterite",
        "lithology": "ultramafic_simulated",
        "slope_deg": 20.0,
        "distance_to_river_m": 1912,
        "distance_to_road_m": 3897,
        "distance_to_settlement_m": 13564,
        "legal_status": "allowed",
        "distance_to_smelter_km": 68.4,
        "area_ha": 1.77,
        "region_id": "SW",
        "fe_oxide_index": 2.015,
        "clay_index": 2.378,
        "ndvi_stress_index": 0.312,
        "tmi_structural_nT": 45875.5,
        "tmi_anomaly_nT": 875.5,
        "elevation_mdpl": 658.1,
        "geochem_assay_ratio": 2.36
      },
      "geometry": {
        "type": "Polygon",
        "coordinates": [
          [
            [
              121.385,
              -2.599
            ],
            [
              121.397,
              -2.599
            ],
            [
              121.397,
              -2.587
            ],
            [
              121.385,
              -2.587
            ],
            [
              121.385,
              -2.599
            ]
          ]
        ]
      }
    },
    {
      "type": "Feature",
      "properties": {
        "grid_id": "SOR062",
        "site": "sorowako",
        "location_label": "Sorowako Nuha North Inland Mountain Ridge - Sulawesi Selatan greenfield nickel laterite",
        "lithology": "ultramafic_simulated",
        "slope_deg": 17.5,
        "distance_to_river_m": 2191,
        "distance_to_road_m": 4924,
        "distance_to_settlement_m": 6831,
        "legal_status": "allowed",
        "distance_to_smelter_km": 64.8,
        "area_ha": 1.77,
        "region_id": "SW",
        "fe_oxide_index": 1.977,
        "clay_index": 2.276,
        "ndvi_stress_index": 0.221,
        "tmi_structural_nT": 45820.3,
        "tmi_anomaly_nT": 820.3,
        "elevation_mdpl": 668.8,
        "geochem_assay_ratio": 3.05
      },
      "geometry": {
        "type": "Polygon",
        "coordinates": [
          [
            [
              121.397,
              -2.599
            ],
            [
              121.409,
              -2.599
            ],
            [
              121.409,
              -2.587
            ],
            [
              121.397,
              -2.587
            ],
            [
              121.397,
              -2.599
            ]
          ]
        ]
      }
    },
    {
      "type": "Feature",
      "properties": {
        "grid_id": "SOR063",
        "site": "sorowako",
        "location_label": "Sorowako Nuha North Inland Mountain Ridge - Sulawesi Selatan greenfield nickel laterite",
        "lithology": "peridotite_simulated",
        "slope_deg": 12.1,
        "distance_to_river_m": 1826,
        "distance_to_road_m": 2874,
        "distance_to_settlement_m": 14752,
        "legal_status": "allowed",
        "distance_to_smelter_km": 61.4,
        "area_ha": 1.77,
        "region_id": "SW",
        "fe_oxide_index": 2.755,
        "clay_index": 1.691,
        "ndvi_stress_index": 0.203,
        "tmi_structural_nT": 45248.9,
        "tmi_anomaly_nT": 248.9,
        "elevation_mdpl": 639.2,
        "geochem_assay_ratio": 2.35
      },
      "geometry": {
        "type": "Polygon",
        "coordinates": [
          [
            [
              121.409,
              -2.599
            ],
            [
              121.421,
              -2.599
            ],
            [
              121.421,
              -2.587
            ],
            [
              121.409,
              -2.587
            ],
            [
              121.409,
              -2.599
            ]
          ]
        ]
      }
    },
    {
      "type": "Feature",
      "properties": {
        "grid_id": "SOR064",
        "site": "sorowako",
        "location_label": "Sorowako Nuha North Inland Mountain Ridge - Sulawesi Selatan greenfield nickel laterite",
        "lithology": "ultramafic_simulated",
        "slope_deg": 18.2,
        "distance_to_river_m": 2785,
        "distance_to_road_m": 1977,
        "distance_to_settlement_m": 9810,
        "legal_status": "allowed",
        "distance_to_smelter_km": 58.2,
        "area_ha": 1.77,
        "region_id": "SW",
        "fe_oxide_index": 1.878,
        "clay_index": 2.387,
        "ndvi_stress_index": 0.396,
        "tmi_structural_nT": 45663.5,
        "tmi_anomaly_nT": 663.5,
        "elevation_mdpl": 623.3,
        "geochem_assay_ratio": 3.07
      },
      "geometry": {
        "type": "Polygon",
        "coordinates": [
          [
            [
              121.421,
              -2.599
            ],
            [
              121.433,
              -2.599
            ],
            [
              121.433,
              -2.587
            ],
            [
              121.421,
              -2.587
            ],
            [
              121.421,
              -2.599
            ]
          ]
        ]
      }
    },
    {
      "type": "Feature",
      "properties": {
        "grid_id": "SOR065",
        "site": "sorowako",
        "location_label": "Sorowako Nuha North Inland Mountain Ridge - Sulawesi Selatan greenfield nickel laterite",
        "lithology": "ultramafic_simulated",
        "slope_deg": 15.7,
        "distance_to_river_m": 2525,
        "distance_to_road_m": 6274,
        "distance_to_settlement_m": 8364,
        "legal_status": "no-go",
        "distance_to_smelter_km": 55.3,
        "area_ha": 1.77,
        "region_id": "SW",
        "fe_oxide_index": 2.788,
        "clay_index": 1.967,
        "ndvi_stress_index": 0.343,
        "tmi_structural_nT": 45760.7,
        "tmi_anomaly_nT": 760.7,
        "elevation_mdpl": 628.6,
        "geochem_assay_ratio": 2.51
      },
      "geometry": {
        "type": "Polygon",
        "coordinates": [
          [
            [
              121.433,
              -2.599
            ],
            [
              121.445,
              -2.599
            ],
            [
              121.445,
              -2.587
            ],
            [
              121.433,
              -2.587
            ],
            [
              121.433,
              -2.599
            ]
          ]
        ]
      }
    },
    {
      "type": "Feature",
      "properties": {
        "grid_id": "SOR066",
        "site": "sorowako",
        "location_label": "Sorowako Nuha North Inland Mountain Ridge - Sulawesi Selatan greenfield nickel laterite",
        "lithology": "peridotite_simulated",
        "slope_deg": 15.6,
        "distance_to_river_m": 1405,
        "distance_to_road_m": 2959,
        "distance_to_settlement_m": 8266,
        "legal_status": "no-go",
        "distance_to_smelter_km": 52.6,
        "area_ha": 1.77,
        "region_id": "SW",
        "fe_oxide_index": 2.2,
        "clay_index": 1.718,
        "ndvi_stress_index": 0.252,
        "tmi_structural_nT": 45593.1,
        "tmi_anomaly_nT": 593.1,
        "elevation_mdpl": 626.3,
        "geochem_assay_ratio": 2.18
      },
      "geometry": {
        "type": "Polygon",
        "coordinates": [
          [
            [
              121.445,
              -2.599
            ],
            [
              121.457,
              -2.599
            ],
            [
              121.457,
              -2.587
            ],
            [
              121.445,
              -2.587
            ],
            [
              121.445,
              -2.599
            ]
          ]
        ]
      }
    },
    {
      "type": "Feature",
      "properties": {
        "grid_id": "SOR067",
        "site": "sorowako",
        "location_label": "Sorowako Nuha North Inland Mountain Ridge - Sulawesi Selatan greenfield nickel laterite",
        "lithology": "mafic_volcanic_simulated",
        "slope_deg": 14.2,
        "distance_to_river_m": 1197,
        "distance_to_road_m": 6323,
        "distance_to_settlement_m": 14656,
        "legal_status": "no-go",
        "distance_to_smelter_km": 50.3,
        "area_ha": 1.77,
        "region_id": "SW",
        "fe_oxide_index": 1.395,
        "clay_index": 1.288,
        "ndvi_stress_index": 0.568,
        "tmi_structural_nT": 44776.1,
        "tmi_anomaly_nT": -223.9,
        "elevation_mdpl": 701.6,
        "geochem_assay_ratio": 4.48
      },
      "geometry": {
        "type": "Polygon",
        "coordinates": [
          [
            [
              121.457,
              -2.599
            ],
            [
              121.469,
              -2.599
            ],
            [
              121.469,
              -2.587
            ],
            [
              121.457,
              -2.587
            ],
            [
              121.457,
              -2.599
            ]
          ]
        ]
      }
    },
    {
      "type": "Feature",
      "properties": {
        "grid_id": "SOR068",
        "site": "sorowako",
        "location_label": "Sorowako Nuha North Inland Mountain Ridge - Sulawesi Selatan greenfield nickel laterite",
        "lithology": "ultramafic_simulated",
        "slope_deg": 19.9,
        "distance_to_river_m": 2584,
        "distance_to_road_m": 1870,
        "distance_to_settlement_m": 14898,
        "legal_status": "no-go",
        "distance_to_smelter_km": 48.5,
        "area_ha": 1.77,
        "region_id": "SW",
        "fe_oxide_index": 2.332,
        "clay_index": 2.382,
        "ndvi_stress_index": 0.346,
        "tmi_structural_nT": 45643.6,
        "tmi_anomaly_nT": 643.6,
        "elevation_mdpl": 699.1,
        "geochem_assay_ratio": 2.05
      },
      "geometry": {
        "type": "Polygon",
        "coordinates": [
          [
            [
              121.469,
              -2.599
            ],
            [
              121.481,
              -2.599
            ],
            [
              121.481,
              -2.587
            ],
            [
              121.469,
              -2.587
            ],
            [
              121.469,
              -2.599
            ]
          ]
        ]
      }
    },
    {
      "type": "Feature",
      "properties": {
        "grid_id": "SOR069",
        "site": "sorowako",
        "location_label": "Sorowako Nuha North Inland Mountain Ridge - Sulawesi Selatan greenfield nickel laterite",
        "lithology": "peridotite_simulated",
        "slope_deg": 16.3,
        "distance_to_river_m": 2535,
        "distance_to_road_m": 4443,
        "distance_to_settlement_m": 9505,
        "legal_status": "no-go",
        "distance_to_smelter_km": 47.2,
        "area_ha": 1.77,
        "region_id": "SW",
        "fe_oxide_index": 1.91,
        "clay_index": 1.954,
        "ndvi_stress_index": 0.411,
        "tmi_structural_nT": 45216.1,
        "tmi_anomaly_nT": 216.1,
        "elevation_mdpl": 714.1,
        "geochem_assay_ratio": 1.66
      },
      "geometry": {
        "type": "Polygon",
        "coordinates": [
          [
            [
              121.481,
              -2.599
            ],
            [
              121.493,
              -2.599
            ],
            [
              121.493,
              -2.587
            ],
            [
              121.481,
              -2.587
            ],
            [
              121.481,
              -2.599
            ]
          ]
        ]
      }
    },
    {
      "type": "Feature",
      "properties": {
        "grid_id": "SOR070",
        "site": "sorowako",
        "location_label": "Sorowako Nuha North Inland Mountain Ridge - Sulawesi Selatan greenfield nickel laterite",
        "lithology": "serpentinite_simulated",
        "slope_deg": 16.5,
        "distance_to_river_m": 819,
        "distance_to_road_m": 4702,
        "distance_to_settlement_m": 8753,
        "legal_status": "no-go",
        "distance_to_smelter_km": 46.5,
        "area_ha": 1.77,
        "region_id": "SW",
        "fe_oxide_index": 2.208,
        "clay_index": 2.199,
        "ndvi_stress_index": 0.229,
        "tmi_structural_nT": 45852.3,
        "tmi_anomaly_nT": 852.3,
        "elevation_mdpl": 700.9,
        "geochem_assay_ratio": 1.51
      },
      "geometry": {
        "type": "Polygon",
        "coordinates": [
          [
            [
              121.493,
              -2.599
            ],
            [
              121.505,
              -2.599
            ],
            [
              121.505,
              -2.587
            ],
            [
              121.493,
              -2.587
            ],
            [
              121.493,
              -2.599
            ]
          ]
        ]
      }
    },
    {
      "type": "Feature",
      "properties": {
        "grid_id": "SOR071",
        "site": "sorowako",
        "location_label": "Sorowako Nuha North Inland Mountain Ridge - Sulawesi Selatan greenfield nickel laterite",
        "lithology": "serpentinite_simulated",
        "slope_deg": 15.4,
        "distance_to_river_m": 814,
        "distance_to_road_m": 4967,
        "distance_to_settlement_m": 9619,
        "legal_status": "no-go",
        "distance_to_smelter_km": 46.5,
        "area_ha": 1.77,
        "region_id": "SE",
        "fe_oxide_index": 2.203,
        "clay_index": 1.758,
        "ndvi_stress_index": 0.333,
        "tmi_structural_nT": 45793.4,
        "tmi_anomaly_nT": 793.4,
        "elevation_mdpl": 684.5,
        "geochem_assay_ratio": 3.2
      },
      "geometry": {
        "type": "Polygon",
        "coordinates": [
          [
            [
              121.505,
              -2.599
            ],
            [
              121.517,
              -2.599
            ],
            [
              121.517,
              -2.587
            ],
            [
              121.505,
              -2.587
            ],
            [
              121.505,
              -2.599
            ]
          ]
        ]
      }
    },
    {
      "type": "Feature",
      "properties": {
        "grid_id": "SOR072",
        "site": "sorowako",
        "location_label": "Sorowako Nuha North Inland Mountain Ridge - Sulawesi Selatan greenfield nickel laterite",
        "lithology": "serpentinite_simulated",
        "slope_deg": 17.9,
        "distance_to_river_m": 771,
        "distance_to_road_m": 3787,
        "distance_to_settlement_m": 12168,
        "legal_status": "no-go",
        "distance_to_smelter_km": 47.2,
        "area_ha": 1.77,
        "region_id": "SE",
        "fe_oxide_index": 1.919,
        "clay_index": 1.697,
        "ndvi_stress_index": 0.366,
        "tmi_structural_nT": 45923.3,
        "tmi_anomaly_nT": 923.3,
        "elevation_mdpl": 656.7,
        "geochem_assay_ratio": 2.88
      },
      "geometry": {
        "type": "Polygon",
        "coordinates": [
          [
            [
              121.517,
              -2.599
            ],
            [
              121.529,
              -2.599
            ],
            [
              121.529,
              -2.587
            ],
            [
              121.517,
              -2.587
            ],
            [
              121.517,
              -2.599
            ]
          ]
        ]
      }
    },
    {
      "type": "Feature",
      "properties": {
        "grid_id": "SOR073",
        "site": "sorowako",
        "location_label": "Sorowako Nuha North Inland Mountain Ridge - Sulawesi Selatan greenfield nickel laterite",
        "lithology": "serpentinite_simulated",
        "slope_deg": 13.5,
        "distance_to_river_m": 883,
        "distance_to_road_m": 2535,
        "distance_to_settlement_m": 4653,
        "legal_status": "no-go",
        "distance_to_smelter_km": 48.5,
        "area_ha": 1.77,
        "region_id": "SE",
        "fe_oxide_index": 2.366,
        "clay_index": 1.875,
        "ndvi_stress_index": 0.349,
        "tmi_structural_nT": 45389.3,
        "tmi_anomaly_nT": 389.3,
        "elevation_mdpl": 646.7,
        "geochem_assay_ratio": 2.94
      },
      "geometry": {
        "type": "Polygon",
        "coordinates": [
          [
            [
              121.529,
              -2.599
            ],
            [
              121.541,
              -2.599
            ],
            [
              121.541,
              -2.587
            ],
            [
              121.529,
              -2.587
            ],
            [
              121.529,
              -2.599
            ]
          ]
        ]
      }
    },
    {
      "type": "Feature",
      "properties": {
        "grid_id": "SOR074",
        "site": "sorowako",
        "location_label": "Sorowako Nuha North Inland Mountain Ridge - Sulawesi Selatan greenfield nickel laterite",
        "lithology": "mafic_volcanic_simulated",
        "slope_deg": 13.0,
        "distance_to_river_m": 1786,
        "distance_to_road_m": 2891,
        "distance_to_settlement_m": 14300,
        "legal_status": "no-go",
        "distance_to_smelter_km": 50.3,
        "area_ha": 1.77,
        "region_id": "SE",
        "fe_oxide_index": 1.539,
        "clay_index": 1.229,
        "ndvi_stress_index": 0.686,
        "tmi_structural_nT": 44758.2,
        "tmi_anomaly_nT": -241.8,
        "elevation_mdpl": 626.3,
        "geochem_assay_ratio": 4.84
      },
      "geometry": {
        "type": "Polygon",
        "coordinates": [
          [
            [
              121.541,
              -2.599
            ],
            [
              121.553,
              -2.599
            ],
            [
              121.553,
              -2.587
            ],
            [
              121.541,
              -2.587
            ],
            [
              121.541,
              -2.599
            ]
          ]
        ]
      }
    },
    {
      "type": "Feature",
      "properties": {
        "grid_id": "SOR075",
        "site": "sorowako",
        "location_label": "Sorowako Nuha North Inland Mountain Ridge - Sulawesi Selatan greenfield nickel laterite",
        "lithology": "serpentinite_simulated",
        "slope_deg": 22.5,
        "distance_to_river_m": 871,
        "distance_to_road_m": 4943,
        "distance_to_settlement_m": 5451,
        "legal_status": "no-go",
        "distance_to_smelter_km": 52.6,
        "area_ha": 1.77,
        "region_id": "SE",
        "fe_oxide_index": 2.779,
        "clay_index": 1.833,
        "ndvi_stress_index": 0.337,
        "tmi_structural_nT": 45350.4,
        "tmi_anomaly_nT": 350.4,
        "elevation_mdpl": 657.2,
        "geochem_assay_ratio": 3.03
      },
      "geometry": {
        "type": "Polygon",
        "coordinates": [
          [
            [
              121.553,
              -2.599
            ],
            [
              121.565,
              -2.599
            ],
            [
              121.565,
              -2.587
            ],
            [
              121.553,
              -2.587
            ],
            [
              121.553,
              -2.599
            ]
          ]
        ]
      }
    },
    {
      "type": "Feature",
      "properties": {
        "grid_id": "SOR076",
        "site": "sorowako",
        "location_label": "Sorowako Nuha North Inland Mountain Ridge - Sulawesi Selatan greenfield nickel laterite",
        "lithology": "serpentinite_simulated",
        "slope_deg": 15.4,
        "distance_to_river_m": 2852,
        "distance_to_road_m": 2186,
        "distance_to_settlement_m": 12508,
        "legal_status": "no-go",
        "distance_to_smelter_km": 55.3,
        "area_ha": 1.77,
        "region_id": "SE",
        "fe_oxide_index": 2.843,
        "clay_index": 1.721,
        "ndvi_stress_index": 0.307,
        "tmi_structural_nT": 45108.5,
        "tmi_anomaly_nT": 108.5,
        "elevation_mdpl": 685.0,
        "geochem_assay_ratio": 2.19
      },
      "geometry": {
        "type": "Polygon",
        "coordinates": [
          [
            [
              121.565,
              -2.599
            ],
            [
              121.577,
              -2.599
            ],
            [
              121.577,
              -2.587
            ],
            [
              121.565,
              -2.587
            ],
            [
              121.565,
              -2.599
            ]
          ]
        ]
      }
    },
    {
      "type": "Feature",
      "properties": {
        "grid_id": "SOR077",
        "site": "sorowako",
        "location_label": "Sorowako Nuha North Inland Mountain Ridge - Sulawesi Selatan greenfield nickel laterite",
        "lithology": "ultramafic_simulated",
        "slope_deg": 19.2,
        "distance_to_river_m": 1161,
        "distance_to_road_m": 4089,
        "distance_to_settlement_m": 9605,
        "legal_status": "no-go",
        "distance_to_smelter_km": 58.2,
        "area_ha": 1.77,
        "region_id": "SE",
        "fe_oxide_index": 1.857,
        "clay_index": 2.363,
        "ndvi_stress_index": 0.409,
        "tmi_structural_nT": 45594.9,
        "tmi_anomaly_nT": 594.9,
        "elevation_mdpl": 631.3,
        "geochem_assay_ratio": 2.3
      },
      "geometry": {
        "type": "Polygon",
        "coordinates": [
          [
            [
              121.577,
              -2.599
            ],
            [
              121.589,
              -2.599
            ],
            [
              121.589,
              -2.587
            ],
            [
              121.577,
              -2.587
            ],
            [
              121.577,
              -2.599
            ]
          ]
        ]
      }
    },
    {
      "type": "Feature",
      "properties": {
        "grid_id": "SOR078",
        "site": "sorowako",
        "location_label": "Sorowako Nuha North Inland Mountain Ridge - Sulawesi Selatan greenfield nickel laterite",
        "lithology": "peridotite_simulated",
        "slope_deg": 16.6,
        "distance_to_river_m": 2329,
        "distance_to_road_m": 1912,
        "distance_to_settlement_m": 9902,
        "legal_status": "no-go",
        "distance_to_smelter_km": 61.4,
        "area_ha": 1.77,
        "region_id": "SE",
        "fe_oxide_index": 2.125,
        "clay_index": 2.035,
        "ndvi_stress_index": 0.229,
        "tmi_structural_nT": 45908.1,
        "tmi_anomaly_nT": 908.1,
        "elevation_mdpl": 673.6,
        "geochem_assay_ratio": 2.1
      },
      "geometry": {
        "type": "Polygon",
        "coordinates": [
          [
            [
              121.589,
              -2.599
            ],
            [
              121.601,
              -2.599
            ],
            [
              121.601,
              -2.587
            ],
            [
              121.589,
              -2.587
            ],
            [
              121.589,
              -2.599
            ]
          ]
        ]
      }
    },
    {
      "type": "Feature",
      "properties": {
        "grid_id": "SOR079",
        "site": "sorowako",
        "location_label": "Sorowako Nuha North Inland Mountain Ridge - Sulawesi Selatan greenfield nickel laterite",
        "lithology": "ultramafic_simulated",
        "slope_deg": 19.9,
        "distance_to_river_m": 768,
        "distance_to_road_m": 2135,
        "distance_to_settlement_m": 12592,
        "legal_status": "no-go",
        "distance_to_smelter_km": 64.8,
        "area_ha": 1.77,
        "region_id": "SE",
        "fe_oxide_index": 1.867,
        "clay_index": 2.205,
        "ndvi_stress_index": 0.318,
        "tmi_structural_nT": 45177.1,
        "tmi_anomaly_nT": 177.1,
        "elevation_mdpl": 665.5,
        "geochem_assay_ratio": 2.05
      },
      "geometry": {
        "type": "Polygon",
        "coordinates": [
          [
            [
              121.601,
              -2.599
            ],
            [
              121.613,
              -2.599
            ],
            [
              121.613,
              -2.587
            ],
            [
              121.601,
              -2.587
            ],
            [
              121.601,
              -2.599
            ]
          ]
        ]
      }
    },
    {
      "type": "Feature",
      "properties": {
        "grid_id": "SOR080",
        "site": "sorowako",
        "location_label": "Sorowako Nuha North Inland Mountain Ridge - Sulawesi Selatan greenfield nickel laterite",
        "lithology": "serpentinite_simulated",
        "slope_deg": 16.6,
        "distance_to_river_m": 2383,
        "distance_to_road_m": 2856,
        "distance_to_settlement_m": 4857,
        "legal_status": "no-go",
        "distance_to_smelter_km": 68.4,
        "area_ha": 1.77,
        "region_id": "SE",
        "fe_oxide_index": 2.747,
        "clay_index": 1.752,
        "ndvi_stress_index": 0.373,
        "tmi_structural_nT": 46081.4,
        "tmi_anomaly_nT": 1081.4,
        "elevation_mdpl": 715.4,
        "geochem_assay_ratio": 1.52
      },
      "geometry": {
        "type": "Polygon",
        "coordinates": [
          [
            [
              121.613,
              -2.599
            ],
            [
              121.625,
              -2.599
            ],
            [
              121.625,
              -2.587
            ],
            [
              121.613,
              -2.587
            ],
            [
              121.613,
              -2.599
            ]
          ]
        ]
      }
    },
    {
      "type": "Feature",
      "properties": {
        "grid_id": "SOR081",
        "site": "sorowako",
        "location_label": "Sorowako Nuha North Inland Mountain Ridge - Sulawesi Selatan greenfield nickel laterite",
        "lithology": "serpentinite_simulated",
        "slope_deg": 21.2,
        "distance_to_river_m": 2841,
        "distance_to_road_m": 6255,
        "distance_to_settlement_m": 4016,
        "legal_status": "allowed",
        "distance_to_smelter_km": 66.0,
        "area_ha": 1.77,
        "region_id": "SW",
        "fe_oxide_index": 2.564,
        "clay_index": 1.688,
        "ndvi_stress_index": 0.307,
        "tmi_structural_nT": 45338.2,
        "tmi_anomaly_nT": 338.2,
        "elevation_mdpl": 669.2,
        "geochem_assay_ratio": 1.51
      },
      "geometry": {
        "type": "Polygon",
        "coordinates": [
          [
            [
              121.385,
              -2.587
            ],
            [
              121.397,
              -2.587
            ],
            [
              121.397,
              -2.575
            ],
            [
              121.385,
              -2.575
            ],
            [
              121.385,
              -2.587
            ]
          ]
        ]
      }
    },
    {
      "type": "Feature",
      "properties": {
        "grid_id": "SOR082",
        "site": "sorowako",
        "location_label": "Sorowako Nuha North Inland Mountain Ridge - Sulawesi Selatan greenfield nickel laterite",
        "lithology": "ultramafic_simulated",
        "slope_deg": 20.1,
        "distance_to_river_m": 1209,
        "distance_to_road_m": 2860,
        "distance_to_settlement_m": 4822,
        "legal_status": "allowed",
        "distance_to_smelter_km": 62.3,
        "area_ha": 1.77,
        "region_id": "SW",
        "fe_oxide_index": 2.414,
        "clay_index": 1.732,
        "ndvi_stress_index": 0.219,
        "tmi_structural_nT": 45566.1,
        "tmi_anomaly_nT": 566.1,
        "elevation_mdpl": 660.7,
        "geochem_assay_ratio": 2.36
      },
      "geometry": {
        "type": "Polygon",
        "coordinates": [
          [
            [
              121.397,
              -2.587
            ],
            [
              121.409,
              -2.587
            ],
            [
              121.409,
              -2.575
            ],
            [
              121.397,
              -2.575
            ],
            [
              121.397,
              -2.587
            ]
          ]
        ]
      }
    },
    {
      "type": "Feature",
      "properties": {
        "grid_id": "SOR083",
        "site": "sorowako",
        "location_label": "Sorowako Nuha North Inland Mountain Ridge - Sulawesi Selatan greenfield nickel laterite",
        "lithology": "peridotite_simulated",
        "slope_deg": 20.2,
        "distance_to_river_m": 1010,
        "distance_to_road_m": 3810,
        "distance_to_settlement_m": 12843,
        "legal_status": "allowed",
        "distance_to_smelter_km": 58.7,
        "area_ha": 1.77,
        "region_id": "SW",
        "fe_oxide_index": 2.477,
        "clay_index": 2.095,
        "ndvi_stress_index": 0.242,
        "tmi_structural_nT": 45912.7,
        "tmi_anomaly_nT": 912.7,
        "elevation_mdpl": 622.2,
        "geochem_assay_ratio": 1.52
      },
      "geometry": {
        "type": "Polygon",
        "coordinates": [
          [
            [
              121.409,
              -2.587
            ],
            [
              121.421,
              -2.587
            ],
            [
              121.421,
              -2.575
            ],
            [
              121.409,
              -2.575
            ],
            [
              121.409,
              -2.587
            ]
          ]
        ]
      }
    },
    {
      "type": "Feature",
      "properties": {
        "grid_id": "SOR084",
        "site": "sorowako",
        "location_label": "Sorowako Nuha North Inland Mountain Ridge - Sulawesi Selatan greenfield nickel laterite",
        "lithology": "serpentinite_simulated",
        "slope_deg": 15.2,
        "distance_to_river_m": 1483,
        "distance_to_road_m": 4253,
        "distance_to_settlement_m": 4671,
        "legal_status": "allowed",
        "distance_to_smelter_km": 55.3,
        "area_ha": 1.77,
        "region_id": "SW",
        "fe_oxide_index": 2.009,
        "clay_index": 2.352,
        "ndvi_stress_index": 0.306,
        "tmi_structural_nT": 45730.8,
        "tmi_anomaly_nT": 730.8,
        "elevation_mdpl": 700.2,
        "geochem_assay_ratio": 2.83
      },
      "geometry": {
        "type": "Polygon",
        "coordinates": [
          [
            [
              121.421,
              -2.587
            ],
            [
              121.433,
              -2.587
            ],
            [
              121.433,
              -2.575
            ],
            [
              121.421,
              -2.575
            ],
            [
              121.421,
              -2.587
            ]
          ]
        ]
      }
    },
    {
      "type": "Feature",
      "properties": {
        "grid_id": "SOR085",
        "site": "sorowako",
        "location_label": "Sorowako Nuha North Inland Mountain Ridge - Sulawesi Selatan greenfield nickel laterite",
        "lithology": "serpentinite_simulated",
        "slope_deg": 21.0,
        "distance_to_river_m": 2958,
        "distance_to_road_m": 1780,
        "distance_to_settlement_m": 14960,
        "legal_status": "no-go",
        "distance_to_smelter_km": 52.0,
        "area_ha": 1.77,
        "region_id": "SW",
        "fe_oxide_index": 2.681,
        "clay_index": 2.318,
        "ndvi_stress_index": 0.222,
        "tmi_structural_nT": 45692.5,
        "tmi_anomaly_nT": 692.5,
        "elevation_mdpl": 700.6,
        "geochem_assay_ratio": 2.66
      },
      "geometry": {
        "type": "Polygon",
        "coordinates": [
          [
            [
              121.433,
              -2.587
            ],
            [
              121.445,
              -2.587
            ],
            [
              121.445,
              -2.575
            ],
            [
              121.433,
              -2.575
            ],
            [
              121.433,
              -2.587
            ]
          ]
        ]
      }
    },
    {
      "type": "Feature",
      "properties": {
        "grid_id": "SOR086",
        "site": "sorowako",
        "location_label": "Sorowako Nuha North Inland Mountain Ridge - Sulawesi Selatan greenfield nickel laterite",
        "lithology": "mafic_volcanic_simulated",
        "slope_deg": 21.3,
        "distance_to_river_m": 1225,
        "distance_to_road_m": 1610,
        "distance_to_settlement_m": 10453,
        "legal_status": "no-go",
        "distance_to_smelter_km": 49.1,
        "area_ha": 1.77,
        "region_id": "SW",
        "fe_oxide_index": 1.665,
        "clay_index": 1.198,
        "ndvi_stress_index": 0.528,
        "tmi_structural_nT": 44701.8,
        "tmi_anomaly_nT": -298.2,
        "elevation_mdpl": 633.6,
        "geochem_assay_ratio": 3.89
      },
      "geometry": {
        "type": "Polygon",
        "coordinates": [
          [
            [
              121.445,
              -2.587
            ],
            [
              121.457,
              -2.587
            ],
            [
              121.457,
              -2.575
            ],
            [
              121.445,
              -2.575
            ],
            [
              121.445,
              -2.587
            ]
          ]
        ]
      }
    },
    {
      "type": "Feature",
      "properties": {
        "grid_id": "SOR087",
        "site": "sorowako",
        "location_label": "Sorowako Nuha North Inland Mountain Ridge - Sulawesi Selatan greenfield nickel laterite",
        "lithology": "peridotite_simulated",
        "slope_deg": 22.9,
        "distance_to_river_m": 3098,
        "distance_to_road_m": 1662,
        "distance_to_settlement_m": 10626,
        "legal_status": "no-go",
        "distance_to_smelter_km": 46.5,
        "area_ha": 1.77,
        "region_id": "SW",
        "fe_oxide_index": 2.784,
        "clay_index": 1.72,
        "ndvi_stress_index": 0.359,
        "tmi_structural_nT": 45338.0,
        "tmi_anomaly_nT": 338.0,
        "elevation_mdpl": 718.2,
        "geochem_assay_ratio": 1.7
      },
      "geometry": {
        "type": "Polygon",
        "coordinates": [
          [
            [
              121.457,
              -2.587
            ],
            [
              121.469,
              -2.587
            ],
            [
              121.469,
              -2.575
            ],
            [
              121.457,
              -2.575
            ],
            [
              121.457,
              -2.587
            ]
          ]
        ]
      }
    },
    {
      "type": "Feature",
      "properties": {
        "grid_id": "SOR088",
        "site": "sorowako",
        "location_label": "Sorowako Nuha North Inland Mountain Ridge - Sulawesi Selatan greenfield nickel laterite",
        "lithology": "mafic_volcanic_simulated",
        "slope_deg": 19.2,
        "distance_to_river_m": 2287,
        "distance_to_road_m": 2313,
        "distance_to_settlement_m": 4811,
        "legal_status": "no-go",
        "distance_to_smelter_km": 44.4,
        "area_ha": 1.77,
        "region_id": "SW",
        "fe_oxide_index": 1.291,
        "clay_index": 1.476,
        "ndvi_stress_index": 0.521,
        "tmi_structural_nT": 44570.1,
        "tmi_anomaly_nT": -429.9,
        "elevation_mdpl": 657.5,
        "geochem_assay_ratio": 5.33
      },
      "geometry": {
        "type": "Polygon",
        "coordinates": [
          [
            [
              121.469,
              -2.587
            ],
            [
              121.481,
              -2.587
            ],
            [
              121.481,
              -2.575
            ],
            [
              121.469,
              -2.575
            ],
            [
              121.469,
              -2.587
            ]
          ]
        ]
      }
    },
    {
      "type": "Feature",
      "properties": {
        "grid_id": "SOR089",
        "site": "sorowako",
        "location_label": "Sorowako Nuha North Inland Mountain Ridge - Sulawesi Selatan greenfield nickel laterite",
        "lithology": "serpentinite_simulated",
        "slope_deg": 14.6,
        "distance_to_river_m": 425,
        "distance_to_road_m": 4359,
        "distance_to_settlement_m": 13238,
        "legal_status": "no-go",
        "distance_to_smelter_km": 42.9,
        "area_ha": 1.77,
        "region_id": "SW",
        "fe_oxide_index": 2.249,
        "clay_index": 1.85,
        "ndvi_stress_index": 0.339,
        "tmi_structural_nT": 45700.2,
        "tmi_anomaly_nT": 700.2,
        "elevation_mdpl": 640.0,
        "geochem_assay_ratio": 1.45
      },
      "geometry": {
        "type": "Polygon",
        "coordinates": [
          [
            [
              121.481,
              -2.587
            ],
            [
              121.493,
              -2.587
            ],
            [
              121.493,
              -2.575
            ],
            [
              121.481,
              -2.575
            ],
            [
              121.481,
              -2.587
            ]
          ]
        ]
      }
    },
    {
      "type": "Feature",
      "properties": {
        "grid_id": "SOR090",
        "site": "sorowako",
        "location_label": "Sorowako Nuha North Inland Mountain Ridge - Sulawesi Selatan greenfield nickel laterite",
        "lithology": "serpentinite_simulated",
        "slope_deg": 15.8,
        "distance_to_river_m": 1861,
        "distance_to_road_m": 6354,
        "distance_to_settlement_m": 10487,
        "legal_status": "no-go",
        "distance_to_smelter_km": 42.2,
        "area_ha": 1.77,
        "region_id": "SW",
        "fe_oxide_index": 2.659,
        "clay_index": 1.956,
        "ndvi_stress_index": 0.309,
        "tmi_structural_nT": 45966.9,
        "tmi_anomaly_nT": 966.9,
        "elevation_mdpl": 667.5,
        "geochem_assay_ratio": 2.99
      },
      "geometry": {
        "type": "Polygon",
        "coordinates": [
          [
            [
              121.493,
              -2.587
            ],
            [
              121.505,
              -2.587
            ],
            [
              121.505,
              -2.575
            ],
            [
              121.493,
              -2.575
            ],
            [
              121.493,
              -2.587
            ]
          ]
        ]
      }
    },
    {
      "type": "Feature",
      "properties": {
        "grid_id": "SOR091",
        "site": "sorowako",
        "location_label": "Sorowako Nuha North Inland Mountain Ridge - Sulawesi Selatan greenfield nickel laterite",
        "lithology": "ultramafic_simulated",
        "slope_deg": 14.8,
        "distance_to_river_m": 2940,
        "distance_to_road_m": 6071,
        "distance_to_settlement_m": 4737,
        "legal_status": "no-go",
        "distance_to_smelter_km": 42.2,
        "area_ha": 1.77,
        "region_id": "SE",
        "fe_oxide_index": 2.142,
        "clay_index": 1.835,
        "ndvi_stress_index": 0.29,
        "tmi_structural_nT": 45973.5,
        "tmi_anomaly_nT": 973.5,
        "elevation_mdpl": 698.7,
        "geochem_assay_ratio": 2.52
      },
      "geometry": {
        "type": "Polygon",
        "coordinates": [
          [
            [
              121.505,
              -2.587
            ],
            [
              121.517,
              -2.587
            ],
            [
              121.517,
              -2.575
            ],
            [
              121.505,
              -2.575
            ],
            [
              121.505,
              -2.587
            ]
          ]
        ]
      }
    },
    {
      "type": "Feature",
      "properties": {
        "grid_id": "SOR092",
        "site": "sorowako",
        "location_label": "Sorowako Nuha North Inland Mountain Ridge - Sulawesi Selatan greenfield nickel laterite",
        "lithology": "ultramafic_simulated",
        "slope_deg": 12.4,
        "distance_to_river_m": 2878,
        "distance_to_road_m": 3157,
        "distance_to_settlement_m": 6613,
        "legal_status": "no-go",
        "distance_to_smelter_km": 42.9,
        "area_ha": 1.77,
        "region_id": "SE",
        "fe_oxide_index": 2.094,
        "clay_index": 2.018,
        "ndvi_stress_index": 0.347,
        "tmi_structural_nT": 45198.2,
        "tmi_anomaly_nT": 198.2,
        "elevation_mdpl": 706.9,
        "geochem_assay_ratio": 1.64
      },
      "geometry": {
        "type": "Polygon",
        "coordinates": [
          [
            [
              121.517,
              -2.587
            ],
            [
              121.529,
              -2.587
            ],
            [
              121.529,
              -2.575
            ],
            [
              121.517,
              -2.575
            ],
            [
              121.517,
              -2.587
            ]
          ]
        ]
      }
    },
    {
      "type": "Feature",
      "properties": {
        "grid_id": "SOR093",
        "site": "sorowako",
        "location_label": "Sorowako Nuha North Inland Mountain Ridge - Sulawesi Selatan greenfield nickel laterite",
        "lithology": "serpentinite_simulated",
        "slope_deg": 21.2,
        "distance_to_river_m": 2724,
        "distance_to_road_m": 2747,
        "distance_to_settlement_m": 9021,
        "legal_status": "no-go",
        "distance_to_smelter_km": 44.4,
        "area_ha": 1.77,
        "region_id": "SE",
        "fe_oxide_index": 2.33,
        "clay_index": 2.14,
        "ndvi_stress_index": 0.21,
        "tmi_structural_nT": 45130.6,
        "tmi_anomaly_nT": 130.6,
        "elevation_mdpl": 657.2,
        "geochem_assay_ratio": 2.47
      },
      "geometry": {
        "type": "Polygon",
        "coordinates": [
          [
            [
              121.529,
              -2.587
            ],
            [
              121.541,
              -2.587
            ],
            [
              121.541,
              -2.575
            ],
            [
              121.529,
              -2.575
            ],
            [
              121.529,
              -2.587
            ]
          ]
        ]
      }
    },
    {
      "type": "Feature",
      "properties": {
        "grid_id": "SOR094",
        "site": "sorowako",
        "location_label": "Sorowako Nuha North Inland Mountain Ridge - Sulawesi Selatan greenfield nickel laterite",
        "lithology": "serpentinite_simulated",
        "slope_deg": 22.0,
        "distance_to_river_m": 2170,
        "distance_to_road_m": 4506,
        "distance_to_settlement_m": 4093,
        "legal_status": "no-go",
        "distance_to_smelter_km": 46.5,
        "area_ha": 1.77,
        "region_id": "SE",
        "fe_oxide_index": 2.121,
        "clay_index": 2.422,
        "ndvi_stress_index": 0.334,
        "tmi_structural_nT": 45523.8,
        "tmi_anomaly_nT": 523.8,
        "elevation_mdpl": 657.6,
        "geochem_assay_ratio": 2.03
      },
      "geometry": {
        "type": "Polygon",
        "coordinates": [
          [
            [
              121.541,
              -2.587
            ],
            [
              121.553,
              -2.587
            ],
            [
              121.553,
              -2.575
            ],
            [
              121.541,
              -2.575
            ],
            [
              121.541,
              -2.587
            ]
          ]
        ]
      }
    },
    {
      "type": "Feature",
      "properties": {
        "grid_id": "SOR095",
        "site": "sorowako",
        "location_label": "Sorowako Nuha North Inland Mountain Ridge - Sulawesi Selatan greenfield nickel laterite",
        "lithology": "serpentinite_simulated",
        "slope_deg": 13.6,
        "distance_to_river_m": 2515,
        "distance_to_road_m": 5998,
        "distance_to_settlement_m": 12860,
        "legal_status": "no-go",
        "distance_to_smelter_km": 49.1,
        "area_ha": 1.77,
        "region_id": "SE",
        "fe_oxide_index": 2.494,
        "clay_index": 2.179,
        "ndvi_stress_index": 0.353,
        "tmi_structural_nT": 45755.4,
        "tmi_anomaly_nT": 755.4,
        "elevation_mdpl": 719.7,
        "geochem_assay_ratio": 1.87
      },
      "geometry": {
        "type": "Polygon",
        "coordinates": [
          [
            [
              121.553,
              -2.587
            ],
            [
              121.565,
              -2.587
            ],
            [
              121.565,
              -2.575
            ],
            [
              121.553,
              -2.575
            ],
            [
              121.553,
              -2.587
            ]
          ]
        ]
      }
    },
    {
      "type": "Feature",
      "properties": {
        "grid_id": "SOR096",
        "site": "sorowako",
        "location_label": "Sorowako Nuha North Inland Mountain Ridge - Sulawesi Selatan greenfield nickel laterite",
        "lithology": "ultramafic_simulated",
        "slope_deg": 14.0,
        "distance_to_river_m": 2265,
        "distance_to_road_m": 3178,
        "distance_to_settlement_m": 4982,
        "legal_status": "no-go",
        "distance_to_smelter_km": 52.0,
        "area_ha": 1.77,
        "region_id": "SE",
        "fe_oxide_index": 2.122,
        "clay_index": 2.27,
        "ndvi_stress_index": 0.26,
        "tmi_structural_nT": 45360.6,
        "tmi_anomaly_nT": 360.6,
        "elevation_mdpl": 649.4,
        "geochem_assay_ratio": 2.93
      },
      "geometry": {
        "type": "Polygon",
        "coordinates": [
          [
            [
              121.565,
              -2.587
            ],
            [
              121.577,
              -2.587
            ],
            [
              121.577,
              -2.575
            ],
            [
              121.565,
              -2.575
            ],
            [
              121.565,
              -2.587
            ]
          ]
        ]
      }
    },
    {
      "type": "Feature",
      "properties": {
        "grid_id": "SOR097",
        "site": "sorowako",
        "location_label": "Sorowako Nuha North Inland Mountain Ridge - Sulawesi Selatan greenfield nickel laterite",
        "lithology": "peridotite_simulated",
        "slope_deg": 18.9,
        "distance_to_river_m": 796,
        "distance_to_road_m": 4672,
        "distance_to_settlement_m": 4052,
        "legal_status": "no-go",
        "distance_to_smelter_km": 55.3,
        "area_ha": 1.77,
        "region_id": "SE",
        "fe_oxide_index": 1.977,
        "clay_index": 2.25,
        "ndvi_stress_index": 0.297,
        "tmi_structural_nT": 45863.6,
        "tmi_anomaly_nT": 863.6,
        "elevation_mdpl": 628.8,
        "geochem_assay_ratio": 2.51
      },
      "geometry": {
        "type": "Polygon",
        "coordinates": [
          [
            [
              121.577,
              -2.587
            ],
            [
              121.589,
              -2.587
            ],
            [
              121.589,
              -2.575
            ],
            [
              121.577,
              -2.575
            ],
            [
              121.577,
              -2.587
            ]
          ]
        ]
      }
    },
    {
      "type": "Feature",
      "properties": {
        "grid_id": "SOR098",
        "site": "sorowako",
        "location_label": "Sorowako Nuha North Inland Mountain Ridge - Sulawesi Selatan greenfield nickel laterite",
        "lithology": "serpentinite_simulated",
        "slope_deg": 15.2,
        "distance_to_river_m": 2405,
        "distance_to_road_m": 4482,
        "distance_to_settlement_m": 7716,
        "legal_status": "no-go",
        "distance_to_smelter_km": 58.7,
        "area_ha": 1.77,
        "region_id": "SE",
        "fe_oxide_index": 2.177,
        "clay_index": 1.76,
        "ndvi_stress_index": 0.408,
        "tmi_structural_nT": 46018.2,
        "tmi_anomaly_nT": 1018.2,
        "elevation_mdpl": 660.3,
        "geochem_assay_ratio": 1.81
      },
      "geometry": {
        "type": "Polygon",
        "coordinates": [
          [
            [
              121.589,
              -2.587
            ],
            [
              121.601,
              -2.587
            ],
            [
              121.601,
              -2.575
            ],
            [
              121.589,
              -2.575
            ],
            [
              121.589,
              -2.587
            ]
          ]
        ]
      }
    },
    {
      "type": "Feature",
      "properties": {
        "grid_id": "SOR099",
        "site": "sorowako",
        "location_label": "Sorowako Nuha North Inland Mountain Ridge - Sulawesi Selatan greenfield nickel laterite",
        "lithology": "serpentinite_simulated",
        "slope_deg": 19.6,
        "distance_to_river_m": 2121,
        "distance_to_road_m": 3006,
        "distance_to_settlement_m": 11278,
        "legal_status": "no-go",
        "distance_to_smelter_km": 62.3,
        "area_ha": 1.77,
        "region_id": "SE",
        "fe_oxide_index": 2.436,
        "clay_index": 1.717,
        "ndvi_stress_index": 0.379,
        "tmi_structural_nT": 45204.9,
        "tmi_anomaly_nT": 204.9,
        "elevation_mdpl": 691.9,
        "geochem_assay_ratio": 1.61
      },
      "geometry": {
        "type": "Polygon",
        "coordinates": [
          [
            [
              121.601,
              -2.587
            ],
            [
              121.613,
              -2.587
            ],
            [
              121.613,
              -2.575
            ],
            [
              121.601,
              -2.575
            ],
            [
              121.601,
              -2.587
            ]
          ]
        ]
      }
    },
    {
      "type": "Feature",
      "properties": {
        "grid_id": "SOR100",
        "site": "sorowako",
        "location_label": "Sorowako Nuha North Inland Mountain Ridge - Sulawesi Selatan greenfield nickel laterite",
        "lithology": "peridotite_simulated",
        "slope_deg": 20.0,
        "distance_to_river_m": 576,
        "distance_to_road_m": 2779,
        "distance_to_settlement_m": 6543,
        "legal_status": "no-go",
        "distance_to_smelter_km": 66.0,
        "area_ha": 1.77,
        "region_id": "SE",
        "fe_oxide_index": 1.983,
        "clay_index": 1.634,
        "ndvi_stress_index": 0.25,
        "tmi_structural_nT": 45901.6,
        "tmi_anomaly_nT": 901.6,
        "elevation_mdpl": 651.3,
        "geochem_assay_ratio": 2.73
      },
      "geometry": {
        "type": "Polygon",
        "coordinates": [
          [
            [
              121.613,
              -2.587
            ],
            [
              121.625,
              -2.587
            ],
            [
              121.625,
              -2.575
            ],
            [
              121.613,
              -2.575
            ],
            [
              121.613,
              -2.587
            ]
          ]
        ]
      }
    },
    {
      "type": "Feature",
      "properties": {
        "grid_id": "SOR101",
        "site": "sorowako",
        "location_label": "Sorowako Nuha North Inland Mountain Ridge - Sulawesi Selatan greenfield nickel laterite",
        "lithology": "serpentinite_simulated",
        "slope_deg": 19.7,
        "distance_to_river_m": 451,
        "distance_to_road_m": 6212,
        "distance_to_settlement_m": 5753,
        "legal_status": "allowed",
        "distance_to_smelter_km": 64.0,
        "area_ha": 1.77,
        "region_id": "SW",
        "fe_oxide_index": 2.642,
        "clay_index": 2.177,
        "ndvi_stress_index": 0.224,
        "tmi_structural_nT": 45479.8,
        "tmi_anomaly_nT": 479.8,
        "elevation_mdpl": 655.9,
        "geochem_assay_ratio": 1.45
      },
      "geometry": {
        "type": "Polygon",
        "coordinates": [
          [
            [
              121.385,
              -2.575
            ],
            [
              121.397,
              -2.575
            ],
            [
              121.397,
              -2.563
            ],
            [
              121.385,
              -2.563
            ],
            [
              121.385,
              -2.575
            ]
          ]
        ]
      }
    },
    {
      "type": "Feature",
      "properties": {
        "grid_id": "SOR102",
        "site": "sorowako",
        "location_label": "Sorowako Nuha North Inland Mountain Ridge - Sulawesi Selatan greenfield nickel laterite",
        "lithology": "ultramafic_simulated",
        "slope_deg": 14.7,
        "distance_to_river_m": 1290,
        "distance_to_road_m": 4881,
        "distance_to_settlement_m": 8234,
        "legal_status": "allowed",
        "distance_to_smelter_km": 60.1,
        "area_ha": 1.77,
        "region_id": "SW",
        "fe_oxide_index": 2.837,
        "clay_index": 1.646,
        "ndvi_stress_index": 0.334,
        "tmi_structural_nT": 45256.9,
        "tmi_anomaly_nT": 256.9,
        "elevation_mdpl": 704.9,
        "geochem_assay_ratio": 2.93
      },
      "geometry": {
        "type": "Polygon",
        "coordinates": [
          [
            [
              121.397,
              -2.575
            ],
            [
              121.409,
              -2.575
            ],
            [
              121.409,
              -2.563
            ],
            [
              121.397,
              -2.563
            ],
            [
              121.397,
              -2.575
            ]
          ]
        ]
      }
    },
    {
      "type": "Feature",
      "properties": {
        "grid_id": "SOR103",
        "site": "sorowako",
        "location_label": "Sorowako Nuha North Inland Mountain Ridge - Sulawesi Selatan greenfield nickel laterite",
        "lithology": "serpentinite_simulated",
        "slope_deg": 13.0,
        "distance_to_river_m": 2044,
        "distance_to_road_m": 4595,
        "distance_to_settlement_m": 7351,
        "legal_status": "allowed",
        "distance_to_smelter_km": 56.3,
        "area_ha": 1.77,
        "region_id": "SW",
        "fe_oxide_index": 2.505,
        "clay_index": 2.408,
        "ndvi_stress_index": 0.267,
        "tmi_structural_nT": 45154.3,
        "tmi_anomaly_nT": 154.3,
        "elevation_mdpl": 642.3,
        "geochem_assay_ratio": 2.22
      },
      "geometry": {
        "type": "Polygon",
        "coordinates": [
          [
            [
              121.409,
              -2.575
            ],
            [
              121.421,
              -2.575
            ],
            [
              121.421,
              -2.563
            ],
            [
              121.409,
              -2.563
            ],
            [
              121.409,
              -2.575
            ]
          ]
        ]
      }
    },
    {
      "type": "Feature",
      "properties": {
        "grid_id": "SOR104",
        "site": "sorowako",
        "location_label": "Sorowako Nuha North Inland Mountain Ridge - Sulawesi Selatan greenfield nickel laterite",
        "lithology": "serpentinite_simulated",
        "slope_deg": 22.2,
        "distance_to_river_m": 1427,
        "distance_to_road_m": 3785,
        "distance_to_settlement_m": 12596,
        "legal_status": "allowed",
        "distance_to_smelter_km": 52.6,
        "area_ha": 1.77,
        "region_id": "SW",
        "fe_oxide_index": 2.235,
        "clay_index": 2.388,
        "ndvi_stress_index": 0.381,
        "tmi_structural_nT": 45688.8,
        "tmi_anomaly_nT": 688.8,
        "elevation_mdpl": 697.2,
        "geochem_assay_ratio": 2.21
      },
      "geometry": {
        "type": "Polygon",
        "coordinates": [
          [
            [
              121.421,
              -2.575
            ],
            [
              121.433,
              -2.575
            ],
            [
              121.433,
              -2.563
            ],
            [
              121.421,
              -2.563
            ],
            [
              121.421,
              -2.575
            ]
          ]
        ]
      }
    },
    {
      "type": "Feature",
      "properties": {
        "grid_id": "SOR105",
        "site": "sorowako",
        "location_label": "Sorowako Nuha North Inland Mountain Ridge - Sulawesi Selatan greenfield nickel laterite",
        "lithology": "mafic_volcanic_simulated",
        "slope_deg": 20.4,
        "distance_to_river_m": 1079,
        "distance_to_road_m": 6318,
        "distance_to_settlement_m": 14675,
        "legal_status": "no-go",
        "distance_to_smelter_km": 49.1,
        "area_ha": 1.77,
        "region_id": "SW",
        "fe_oxide_index": 1.348,
        "clay_index": 1.35,
        "ndvi_stress_index": 0.71,
        "tmi_structural_nT": 44698.9,
        "tmi_anomaly_nT": -301.1,
        "elevation_mdpl": 690.1,
        "geochem_assay_ratio": 5.65
      },
      "geometry": {
        "type": "Polygon",
        "coordinates": [
          [
            [
              121.433,
              -2.575
            ],
            [
              121.445,
              -2.575
            ],
            [
              121.445,
              -2.563
            ],
            [
              121.433,
              -2.563
            ],
            [
              121.433,
              -2.575
            ]
          ]
        ]
      }
    },
    {
      "type": "Feature",
      "properties": {
        "grid_id": "SOR106",
        "site": "sorowako",
        "location_label": "Sorowako Nuha North Inland Mountain Ridge - Sulawesi Selatan greenfield nickel laterite",
        "lithology": "ultramafic_simulated",
        "slope_deg": 16.6,
        "distance_to_river_m": 2464,
        "distance_to_road_m": 5707,
        "distance_to_settlement_m": 7145,
        "legal_status": "no-go",
        "distance_to_smelter_km": 45.8,
        "area_ha": 1.77,
        "region_id": "SW",
        "fe_oxide_index": 1.953,
        "clay_index": 2.17,
        "ndvi_stress_index": 0.228,
        "tmi_structural_nT": 45850.2,
        "tmi_anomaly_nT": 850.2,
        "elevation_mdpl": 636.1,
        "geochem_assay_ratio": 1.92
      },
      "geometry": {
        "type": "Polygon",
        "coordinates": [
          [
            [
              121.445,
              -2.575
            ],
            [
              121.457,
              -2.575
            ],
            [
              121.457,
              -2.563
            ],
            [
              121.445,
              -2.563
            ],
            [
              121.445,
              -2.575
            ]
          ]
        ]
      }
    },
    {
      "type": "Feature",
      "properties": {
        "grid_id": "SOR107",
        "site": "sorowako",
        "location_label": "Sorowako Nuha North Inland Mountain Ridge - Sulawesi Selatan greenfield nickel laterite",
        "lithology": "alluvium",
        "slope_deg": 15.4,
        "distance_to_river_m": 1892,
        "distance_to_road_m": 1565,
        "distance_to_settlement_m": 6765,
        "legal_status": "no-go",
        "distance_to_smelter_km": 42.9,
        "area_ha": 1.77,
        "region_id": "SW",
        "fe_oxide_index": 1.622,
        "clay_index": 1.415,
        "ndvi_stress_index": 0.755,
        "tmi_structural_nT": 45104.6,
        "tmi_anomaly_nT": 104.6,
        "elevation_mdpl": 684.8,
        "geochem_assay_ratio": 5.39
      },
      "geometry": {
        "type": "Polygon",
        "coordinates": [
          [
            [
              121.457,
              -2.575
            ],
            [
              121.469,
              -2.575
            ],
            [
              121.469,
              -2.563
            ],
            [
              121.457,
              -2.563
            ],
            [
              121.457,
              -2.575
            ]
          ]
        ]
      }
    },
    {
      "type": "Feature",
      "properties": {
        "grid_id": "SOR108",
        "site": "sorowako",
        "location_label": "Sorowako Nuha North Inland Mountain Ridge - Sulawesi Selatan greenfield nickel laterite",
        "lithology": "serpentinite_simulated",
        "slope_deg": 13.7,
        "distance_to_river_m": 1222,
        "distance_to_road_m": 1754,
        "distance_to_settlement_m": 14256,
        "legal_status": "no-go",
        "distance_to_smelter_km": 40.5,
        "area_ha": 1.77,
        "region_id": "SW",
        "fe_oxide_index": 2.315,
        "clay_index": 2.087,
        "ndvi_stress_index": 0.266,
        "tmi_structural_nT": 45884.0,
        "tmi_anomaly_nT": 884.0,
        "elevation_mdpl": 651.8,
        "geochem_assay_ratio": 1.8
      },
      "geometry": {
        "type": "Polygon",
        "coordinates": [
          [
            [
              121.469,
              -2.575
            ],
            [
              121.481,
              -2.575
            ],
            [
              121.481,
              -2.563
            ],
            [
              121.469,
              -2.563
            ],
            [
              121.469,
              -2.575
            ]
          ]
        ]
      }
    },
    {
      "type": "Feature",
      "properties": {
        "grid_id": "SOR109",
        "site": "sorowako",
        "location_label": "Sorowako Nuha North Inland Mountain Ridge - Sulawesi Selatan greenfield nickel laterite",
        "lithology": "peridotite_simulated",
        "slope_deg": 22.5,
        "distance_to_river_m": 2273,
        "distance_to_road_m": 3105,
        "distance_to_settlement_m": 14075,
        "legal_status": "no-go",
        "distance_to_smelter_km": 38.8,
        "area_ha": 1.77,
        "region_id": "SW",
        "fe_oxide_index": 2.367,
        "clay_index": 1.84,
        "ndvi_stress_index": 0.399,
        "tmi_structural_nT": 45922.1,
        "tmi_anomaly_nT": 922.1,
        "elevation_mdpl": 657.5,
        "geochem_assay_ratio": 2.85
      },
      "geometry": {
        "type": "Polygon",
        "coordinates": [
          [
            [
              121.481,
              -2.575
            ],
            [
              121.493,
              -2.575
            ],
            [
              121.493,
              -2.563
            ],
            [
              121.481,
              -2.563
            ],
            [
              121.481,
              -2.575
            ]
          ]
        ]
      }
    },
    {
      "type": "Feature",
      "properties": {
        "grid_id": "SOR110",
        "site": "sorowako",
        "location_label": "Sorowako Nuha North Inland Mountain Ridge - Sulawesi Selatan greenfield nickel laterite",
        "lithology": "mafic_volcanic_simulated",
        "slope_deg": 20.2,
        "distance_to_river_m": 729,
        "distance_to_road_m": 3796,
        "distance_to_settlement_m": 7649,
        "legal_status": "no-go",
        "distance_to_smelter_km": 37.8,
        "area_ha": 1.77,
        "region_id": "SW",
        "fe_oxide_index": 1.445,
        "clay_index": 1.114,
        "ndvi_stress_index": 0.572,
        "tmi_structural_nT": 44788.0,
        "tmi_anomaly_nT": -212.0,
        "elevation_mdpl": 683.0,
        "geochem_assay_ratio": 4.58
      },
      "geometry": {
        "type": "Polygon",
        "coordinates": [
          [
            [
              121.493,
              -2.575
            ],
            [
              121.505,
              -2.575
            ],
            [
              121.505,
              -2.563
            ],
            [
              121.493,
              -2.563
            ],
            [
              121.493,
              -2.575
            ]
          ]
        ]
      }
    },
    {
      "type": "Feature",
      "properties": {
        "grid_id": "SOR111",
        "site": "sorowako",
        "location_label": "Sorowako Nuha North Inland Mountain Ridge - Sulawesi Selatan greenfield nickel laterite",
        "lithology": "peridotite_simulated",
        "slope_deg": 17.9,
        "distance_to_river_m": 678,
        "distance_to_road_m": 3455,
        "distance_to_settlement_m": 12772,
        "legal_status": "no-go",
        "distance_to_smelter_km": 37.8,
        "area_ha": 1.77,
        "region_id": "SE",
        "fe_oxide_index": 1.951,
        "clay_index": 2.176,
        "ndvi_stress_index": 0.399,
        "tmi_structural_nT": 45895.0,
        "tmi_anomaly_nT": 895.0,
        "elevation_mdpl": 692.9,
        "geochem_assay_ratio": 2.07
      },
      "geometry": {
        "type": "Polygon",
        "coordinates": [
          [
            [
              121.505,
              -2.575
            ],
            [
              121.517,
              -2.575
            ],
            [
              121.517,
              -2.563
            ],
            [
              121.505,
              -2.563
            ],
            [
              121.505,
              -2.575
            ]
          ]
        ]
      }
    },
    {
      "type": "Feature",
      "properties": {
        "grid_id": "SOR112",
        "site": "sorowako",
        "location_label": "Sorowako Nuha North Inland Mountain Ridge - Sulawesi Selatan greenfield nickel laterite",
        "lithology": "mafic_volcanic_simulated",
        "slope_deg": 21.4,
        "distance_to_river_m": 3003,
        "distance_to_road_m": 6472,
        "distance_to_settlement_m": 9074,
        "legal_status": "no-go",
        "distance_to_smelter_km": 38.8,
        "area_ha": 1.77,
        "region_id": "SE",
        "fe_oxide_index": 1.14,
        "clay_index": 1.049,
        "ndvi_stress_index": 0.703,
        "tmi_structural_nT": 44887.2,
        "tmi_anomaly_nT": -112.8,
        "elevation_mdpl": 653.1,
        "geochem_assay_ratio": 3.82
      },
      "geometry": {
        "type": "Polygon",
        "coordinates": [
          [
            [
              121.517,
              -2.575
            ],
            [
              121.529,
              -2.575
            ],
            [
              121.529,
              -2.563
            ],
            [
              121.517,
              -2.563
            ],
            [
              121.517,
              -2.575
            ]
          ]
        ]
      }
    },
    {
      "type": "Feature",
      "properties": {
        "grid_id": "SOR113",
        "site": "sorowako",
        "location_label": "Sorowako Nuha North Inland Mountain Ridge - Sulawesi Selatan greenfield nickel laterite",
        "lithology": "ultramafic_simulated",
        "slope_deg": 13.5,
        "distance_to_river_m": 2420,
        "distance_to_road_m": 5889,
        "distance_to_settlement_m": 9091,
        "legal_status": "no-go",
        "distance_to_smelter_km": 40.5,
        "area_ha": 1.77,
        "region_id": "SE",
        "fe_oxide_index": 2.379,
        "clay_index": 1.749,
        "ndvi_stress_index": 0.326,
        "tmi_structural_nT": 45941.8,
        "tmi_anomaly_nT": 941.8,
        "elevation_mdpl": 705.9,
        "geochem_assay_ratio": 1.65
      },
      "geometry": {
        "type": "Polygon",
        "coordinates": [
          [
            [
              121.529,
              -2.575
            ],
            [
              121.541,
              -2.575
            ],
            [
              121.541,
              -2.563
            ],
            [
              121.529,
              -2.563
            ],
            [
              121.529,
              -2.575
            ]
          ]
        ]
      }
    },
    {
      "type": "Feature",
      "properties": {
        "grid_id": "SOR114",
        "site": "sorowako",
        "location_label": "Sorowako Nuha North Inland Mountain Ridge - Sulawesi Selatan greenfield nickel laterite",
        "lithology": "serpentinite_simulated",
        "slope_deg": 17.1,
        "distance_to_river_m": 1770,
        "distance_to_road_m": 3484,
        "distance_to_settlement_m": 9524,
        "legal_status": "no-go",
        "distance_to_smelter_km": 42.9,
        "area_ha": 1.77,
        "region_id": "SE",
        "fe_oxide_index": 2.647,
        "clay_index": 2.122,
        "ndvi_stress_index": 0.22,
        "tmi_structural_nT": 45614.1,
        "tmi_anomaly_nT": 614.1,
        "elevation_mdpl": 664.6,
        "geochem_assay_ratio": 1.72
      },
      "geometry": {
        "type": "Polygon",
        "coordinates": [
          [
            [
              121.541,
              -2.575
            ],
            [
              121.553,
              -2.575
            ],
            [
              121.553,
              -2.563
            ],
            [
              121.541,
              -2.563
            ],
            [
              121.541,
              -2.575
            ]
          ]
        ]
      }
    },
    {
      "type": "Feature",
      "properties": {
        "grid_id": "SOR115",
        "site": "sorowako",
        "location_label": "Sorowako Nuha North Inland Mountain Ridge - Sulawesi Selatan greenfield nickel laterite",
        "lithology": "ultramafic_simulated",
        "slope_deg": 21.2,
        "distance_to_river_m": 1049,
        "distance_to_road_m": 4222,
        "distance_to_settlement_m": 5912,
        "legal_status": "no-go",
        "distance_to_smelter_km": 45.8,
        "area_ha": 1.77,
        "region_id": "SE",
        "fe_oxide_index": 2.486,
        "clay_index": 2.31,
        "ndvi_stress_index": 0.304,
        "tmi_structural_nT": 45476.3,
        "tmi_anomaly_nT": 476.3,
        "elevation_mdpl": 710.7,
        "geochem_assay_ratio": 2.33
      },
      "geometry": {
        "type": "Polygon",
        "coordinates": [
          [
            [
              121.553,
              -2.575
            ],
            [
              121.565,
              -2.575
            ],
            [
              121.565,
              -2.563
            ],
            [
              121.553,
              -2.563
            ],
            [
              121.553,
              -2.575
            ]
          ]
        ]
      }
    },
    {
      "type": "Feature",
      "properties": {
        "grid_id": "SOR116",
        "site": "sorowako",
        "location_label": "Sorowako Nuha North Inland Mountain Ridge - Sulawesi Selatan greenfield nickel laterite",
        "lithology": "serpentinite_simulated",
        "slope_deg": 21.2,
        "distance_to_river_m": 346,
        "distance_to_road_m": 1716,
        "distance_to_settlement_m": 10308,
        "legal_status": "no-go",
        "distance_to_smelter_km": 49.1,
        "area_ha": 1.77,
        "region_id": "SE",
        "fe_oxide_index": 1.841,
        "clay_index": 2.086,
        "ndvi_stress_index": 0.193,
        "tmi_structural_nT": 45358.3,
        "tmi_anomaly_nT": 358.3,
        "elevation_mdpl": 638.0,
        "geochem_assay_ratio": 3.12
      },
      "geometry": {
        "type": "Polygon",
        "coordinates": [
          [
            [
              121.565,
              -2.575
            ],
            [
              121.577,
              -2.575
            ],
            [
              121.577,
              -2.563
            ],
            [
              121.565,
              -2.563
            ],
            [
              121.565,
              -2.575
            ]
          ]
        ]
      }
    },
    {
      "type": "Feature",
      "properties": {
        "grid_id": "SOR117",
        "site": "sorowako",
        "location_label": "Sorowako Nuha North Inland Mountain Ridge - Sulawesi Selatan greenfield nickel laterite",
        "lithology": "peridotite_simulated",
        "slope_deg": 14.5,
        "distance_to_river_m": 1406,
        "distance_to_road_m": 2043,
        "distance_to_settlement_m": 6226,
        "legal_status": "no-go",
        "distance_to_smelter_km": 52.6,
        "area_ha": 1.77,
        "region_id": "SE",
        "fe_oxide_index": 2.241,
        "clay_index": 1.727,
        "ndvi_stress_index": 0.203,
        "tmi_structural_nT": 45575.9,
        "tmi_anomaly_nT": 575.9,
        "elevation_mdpl": 681.5,
        "geochem_assay_ratio": 1.47
      },
      "geometry": {
        "type": "Polygon",
        "coordinates": [
          [
            [
              121.577,
              -2.575
            ],
            [
              121.589,
              -2.575
            ],
            [
              121.589,
              -2.563
            ],
            [
              121.577,
              -2.563
            ],
            [
              121.577,
              -2.575
            ]
          ]
        ]
      }
    },
    {
      "type": "Feature",
      "properties": {
        "grid_id": "SOR118",
        "site": "sorowako",
        "location_label": "Sorowako Nuha North Inland Mountain Ridge - Sulawesi Selatan greenfield nickel laterite",
        "lithology": "ultramafic_simulated",
        "slope_deg": 13.1,
        "distance_to_river_m": 671,
        "distance_to_road_m": 3886,
        "distance_to_settlement_m": 6558,
        "legal_status": "no-go",
        "distance_to_smelter_km": 56.3,
        "area_ha": 1.77,
        "region_id": "SE",
        "fe_oxide_index": 2.721,
        "clay_index": 1.947,
        "ndvi_stress_index": 0.225,
        "tmi_structural_nT": 45809.1,
        "tmi_anomaly_nT": 809.1,
        "elevation_mdpl": 698.9,
        "geochem_assay_ratio": 2.44
      },
      "geometry": {
        "type": "Polygon",
        "coordinates": [
          [
            [
              121.589,
              -2.575
            ],
            [
              121.601,
              -2.575
            ],
            [
              121.601,
              -2.563
            ],
            [
              121.589,
              -2.563
            ],
            [
              121.589,
              -2.575
            ]
          ]
        ]
      }
    },
    {
      "type": "Feature",
      "properties": {
        "grid_id": "SOR119",
        "site": "sorowako",
        "location_label": "Sorowako Nuha North Inland Mountain Ridge - Sulawesi Selatan greenfield nickel laterite",
        "lithology": "serpentinite_simulated",
        "slope_deg": 15.8,
        "distance_to_river_m": 2340,
        "distance_to_road_m": 5179,
        "distance_to_settlement_m": 13405,
        "legal_status": "no-go",
        "distance_to_smelter_km": 60.1,
        "area_ha": 1.77,
        "region_id": "SE",
        "fe_oxide_index": 2.269,
        "clay_index": 2.194,
        "ndvi_stress_index": 0.219,
        "tmi_structural_nT": 45314.5,
        "tmi_anomaly_nT": 314.5,
        "elevation_mdpl": 660.1,
        "geochem_assay_ratio": 2.01
      },
      "geometry": {
        "type": "Polygon",
        "coordinates": [
          [
            [
              121.601,
              -2.575
            ],
            [
              121.613,
              -2.575
            ],
            [
              121.613,
              -2.563
            ],
            [
              121.601,
              -2.563
            ],
            [
              121.601,
              -2.575
            ]
          ]
        ]
      }
    },
    {
      "type": "Feature",
      "properties": {
        "grid_id": "SOR120",
        "site": "sorowako",
        "location_label": "Sorowako Nuha North Inland Mountain Ridge - Sulawesi Selatan greenfield nickel laterite",
        "lithology": "ultramafic_simulated",
        "slope_deg": 19.0,
        "distance_to_river_m": 1562,
        "distance_to_road_m": 2509,
        "distance_to_settlement_m": 11226,
        "legal_status": "no-go",
        "distance_to_smelter_km": 64.0,
        "area_ha": 1.77,
        "region_id": "SE",
        "fe_oxide_index": 1.835,
        "clay_index": 2.11,
        "ndvi_stress_index": 0.304,
        "tmi_structural_nT": 45331.7,
        "tmi_anomaly_nT": 331.7,
        "elevation_mdpl": 636.9,
        "geochem_assay_ratio": 1.46
      },
      "geometry": {
        "type": "Polygon",
        "coordinates": [
          [
            [
              121.613,
              -2.575
            ],
            [
              121.625,
              -2.575
            ],
            [
              121.625,
              -2.563
            ],
            [
              121.613,
              -2.563
            ],
            [
              121.613,
              -2.575
            ]
          ]
        ]
      }
    },
    {
      "type": "Feature",
      "properties": {
        "grid_id": "SOR121",
        "site": "sorowako",
        "location_label": "Sorowako Nuha North Inland Mountain Ridge - Sulawesi Selatan greenfield nickel laterite",
        "lithology": "peridotite_simulated",
        "slope_deg": 14.9,
        "distance_to_river_m": 1469,
        "distance_to_road_m": 2032,
        "distance_to_settlement_m": 4796,
        "legal_status": "allowed",
        "distance_to_smelter_km": 62.3,
        "area_ha": 1.77,
        "region_id": "SW",
        "fe_oxide_index": 2.814,
        "clay_index": 2.079,
        "ndvi_stress_index": 0.365,
        "tmi_structural_nT": 45857.5,
        "tmi_anomaly_nT": 857.5,
        "elevation_mdpl": 716.1,
        "geochem_assay_ratio": 2.23
      },
      "geometry": {
        "type": "Polygon",
        "coordinates": [
          [
            [
              121.385,
              -2.563
            ],
            [
              121.397,
              -2.563
            ],
            [
              121.397,
              -2.551
            ],
            [
              121.385,
              -2.551
            ],
            [
              121.385,
              -2.563
            ]
          ]
        ]
      }
    },
    {
      "type": "Feature",
      "properties": {
        "grid_id": "SOR122",
        "site": "sorowako",
        "location_label": "Sorowako Nuha North Inland Mountain Ridge - Sulawesi Selatan greenfield nickel laterite",
        "lithology": "serpentinite_simulated",
        "slope_deg": 21.8,
        "distance_to_river_m": 1066,
        "distance_to_road_m": 6236,
        "distance_to_settlement_m": 11514,
        "legal_status": "allowed",
        "distance_to_smelter_km": 58.2,
        "area_ha": 1.77,
        "region_id": "SW",
        "fe_oxide_index": 2.01,
        "clay_index": 2.225,
        "ndvi_stress_index": 0.389,
        "tmi_structural_nT": 45306.8,
        "tmi_anomaly_nT": 306.8,
        "elevation_mdpl": 640.3,
        "geochem_assay_ratio": 1.85
      },
      "geometry": {
        "type": "Polygon",
        "coordinates": [
          [
            [
              121.397,
              -2.563
            ],
            [
              121.409,
              -2.563
            ],
            [
              121.409,
              -2.551
            ],
            [
              121.397,
              -2.551
            ],
            [
              121.397,
              -2.563
            ]
          ]
        ]
      }
    },
    {
      "type": "Feature",
      "properties": {
        "grid_id": "SOR123",
        "site": "sorowako",
        "location_label": "Sorowako Nuha North Inland Mountain Ridge - Sulawesi Selatan greenfield nickel laterite",
        "lithology": "peridotite_simulated",
        "slope_deg": 12.6,
        "distance_to_river_m": 2614,
        "distance_to_road_m": 3892,
        "distance_to_settlement_m": 9948,
        "legal_status": "allowed",
        "distance_to_smelter_km": 54.2,
        "area_ha": 1.77,
        "region_id": "SW",
        "fe_oxide_index": 2.521,
        "clay_index": 1.749,
        "ndvi_stress_index": 0.414,
        "tmi_structural_nT": 45798.2,
        "tmi_anomaly_nT": 798.2,
        "elevation_mdpl": 666.0,
        "geochem_assay_ratio": 2.64
      },
      "geometry": {
        "type": "Polygon",
        "coordinates": [
          [
            [
              121.409,
              -2.563
            ],
            [
              121.421,
              -2.563
            ],
            [
              121.421,
              -2.551
            ],
            [
              121.409,
              -2.551
            ],
            [
              121.409,
              -2.563
            ]
          ]
        ]
      }
    },
    {
      "type": "Feature",
      "properties": {
        "grid_id": "SOR124",
        "site": "sorowako",
        "location_label": "Sorowako Nuha North Inland Mountain Ridge - Sulawesi Selatan greenfield nickel laterite",
        "lithology": "serpentinite_simulated",
        "slope_deg": 15.0,
        "distance_to_river_m": 969,
        "distance_to_road_m": 3661,
        "distance_to_settlement_m": 8190,
        "legal_status": "no-go",
        "distance_to_smelter_km": 50.3,
        "area_ha": 1.77,
        "region_id": "SW",
        "fe_oxide_index": 2.845,
        "clay_index": 2.322,
        "ndvi_stress_index": 0.304,
        "tmi_structural_nT": 45820.6,
        "tmi_anomaly_nT": 820.6,
        "elevation_mdpl": 698.5,
        "geochem_assay_ratio": 1.94
      },
      "geometry": {
        "type": "Polygon",
        "coordinates": [
          [
            [
              121.421,
              -2.563
            ],
            [
              121.433,
              -2.563
            ],
            [
              121.433,
              -2.551
            ],
            [
              121.421,
              -2.551
            ],
            [
              121.421,
              -2.563
            ]
          ]
        ]
      }
    },
    {
      "type": "Feature",
      "properties": {
        "grid_id": "SOR125",
        "site": "sorowako",
        "location_label": "Sorowako Nuha North Inland Mountain Ridge - Sulawesi Selatan greenfield nickel laterite",
        "lithology": "serpentinite_simulated",
        "slope_deg": 20.6,
        "distance_to_river_m": 1317,
        "distance_to_road_m": 4866,
        "distance_to_settlement_m": 9362,
        "legal_status": "no-go",
        "distance_to_smelter_km": 46.5,
        "area_ha": 1.77,
        "region_id": "SW",
        "fe_oxide_index": 2.463,
        "clay_index": 1.723,
        "ndvi_stress_index": 0.22,
        "tmi_structural_nT": 45907.7,
        "tmi_anomaly_nT": 907.7,
        "elevation_mdpl": 653.7,
        "geochem_assay_ratio": 2.54
      },
      "geometry": {
        "type": "Polygon",
        "coordinates": [
          [
            [
              121.433,
              -2.563
            ],
            [
              121.445,
              -2.563
            ],
            [
              121.445,
              -2.551
            ],
            [
              121.433,
              -2.551
            ],
            [
              121.433,
              -2.563
            ]
          ]
        ]
      }
    },
    {
      "type": "Feature",
      "properties": {
        "grid_id": "SOR126",
        "site": "sorowako",
        "location_label": "Sorowako Nuha North Inland Mountain Ridge - Sulawesi Selatan greenfield nickel laterite",
        "lithology": "ultramafic_simulated",
        "slope_deg": 12.9,
        "distance_to_river_m": 767,
        "distance_to_road_m": 2015,
        "distance_to_settlement_m": 4702,
        "legal_status": "no-go",
        "distance_to_smelter_km": 42.9,
        "area_ha": 1.77,
        "region_id": "SW",
        "fe_oxide_index": 1.828,
        "clay_index": 1.937,
        "ndvi_stress_index": 0.364,
        "tmi_structural_nT": 45183.3,
        "tmi_anomaly_nT": 183.3,
        "elevation_mdpl": 646.2,
        "geochem_assay_ratio": 1.68
      },
      "geometry": {
        "type": "Polygon",
        "coordinates": [
          [
            [
              121.445,
              -2.563
            ],
            [
              121.457,
              -2.563
            ],
            [
              121.457,
              -2.551
            ],
            [
              121.445,
              -2.551
            ],
            [
              121.445,
              -2.563
            ]
          ]
        ]
      }
    },
    {
      "type": "Feature",
      "properties": {
        "grid_id": "SOR127",
        "site": "sorowako",
        "location_label": "Sorowako Nuha North Inland Mountain Ridge - Sulawesi Selatan greenfield nickel laterite",
        "lithology": "peridotite_simulated",
        "slope_deg": 19.0,
        "distance_to_river_m": 1927,
        "distance_to_road_m": 4117,
        "distance_to_settlement_m": 11035,
        "legal_status": "no-go",
        "distance_to_smelter_km": 39.7,
        "area_ha": 1.77,
        "region_id": "SW",
        "fe_oxide_index": 2.367,
        "clay_index": 2.284,
        "ndvi_stress_index": 0.286,
        "tmi_structural_nT": 45465.8,
        "tmi_anomaly_nT": 465.8,
        "elevation_mdpl": 646.0,
        "geochem_assay_ratio": 1.95
      },
      "geometry": {
        "type": "Polygon",
        "coordinates": [
          [
            [
              121.457,
              -2.563
            ],
            [
              121.469,
              -2.563
            ],
            [
              121.469,
              -2.551
            ],
            [
              121.457,
              -2.551
            ],
            [
              121.457,
              -2.563
            ]
          ]
        ]
      }
    },
    {
      "type": "Feature",
      "properties": {
        "grid_id": "SOR128",
        "site": "sorowako",
        "location_label": "Sorowako Nuha North Inland Mountain Ridge - Sulawesi Selatan greenfield nickel laterite",
        "lithology": "serpentinite_simulated",
        "slope_deg": 14.9,
        "distance_to_river_m": 1513,
        "distance_to_road_m": 2698,
        "distance_to_settlement_m": 12410,
        "legal_status": "no-go",
        "distance_to_smelter_km": 36.8,
        "area_ha": 1.77,
        "region_id": "SW",
        "fe_oxide_index": 2.58,
        "clay_index": 2.287,
        "ndvi_stress_index": 0.279,
        "tmi_structural_nT": 45953.5,
        "tmi_anomaly_nT": 953.5,
        "elevation_mdpl": 638.2,
        "geochem_assay_ratio": 1.92
      },
      "geometry": {
        "type": "Polygon",
        "coordinates": [
          [
            [
              121.469,
              -2.563
            ],
            [
              121.481,
              -2.563
            ],
            [
              121.481,
              -2.551
            ],
            [
              121.469,
              -2.551
            ],
            [
              121.469,
              -2.563
            ]
          ]
        ]
      }
    },
    {
      "type": "Feature",
      "properties": {
        "grid_id": "SOR129",
        "site": "sorowako",
        "location_label": "Sorowako Nuha North Inland Mountain Ridge - Sulawesi Selatan greenfield nickel laterite",
        "lithology": "ultramafic_simulated",
        "slope_deg": 15.6,
        "distance_to_river_m": 2743,
        "distance_to_road_m": 6258,
        "distance_to_settlement_m": 4616,
        "legal_status": "no-go",
        "distance_to_smelter_km": 34.7,
        "area_ha": 1.77,
        "region_id": "SW",
        "fe_oxide_index": 2.294,
        "clay_index": 1.763,
        "ndvi_stress_index": 0.382,
        "tmi_structural_nT": 45917.3,
        "tmi_anomaly_nT": 917.3,
        "elevation_mdpl": 702.8,
        "geochem_assay_ratio": 1.62
      },
      "geometry": {
        "type": "Polygon",
        "coordinates": [
          [
            [
              121.481,
              -2.563
            ],
            [
              121.493,
              -2.563
            ],
            [
              121.493,
              -2.551
            ],
            [
              121.481,
              -2.551
            ],
            [
              121.481,
              -2.563
            ]
          ]
        ]
      }
    },
    {
      "type": "Feature",
      "properties": {
        "grid_id": "SOR130",
        "site": "sorowako",
        "location_label": "Sorowako Nuha North Inland Mountain Ridge - Sulawesi Selatan greenfield nickel laterite",
        "lithology": "mafic_volcanic_simulated",
        "slope_deg": 21.5,
        "distance_to_river_m": 916,
        "distance_to_road_m": 2065,
        "distance_to_settlement_m": 10962,
        "legal_status": "no-go",
        "distance_to_smelter_km": 33.5,
        "area_ha": 1.77,
        "region_id": "SW",
        "fe_oxide_index": 1.266,
        "clay_index": 1.06,
        "ndvi_stress_index": 0.721,
        "tmi_structural_nT": 44408.9,
        "tmi_anomaly_nT": -591.1,
        "elevation_mdpl": 624.2,
        "geochem_assay_ratio": 5.46
      },
      "geometry": {
        "type": "Polygon",
        "coordinates": [
          [
            [
              121.493,
              -2.563
            ],
            [
              121.505,
              -2.563
            ],
            [
              121.505,
              -2.551
            ],
            [
              121.493,
              -2.551
            ],
            [
              121.493,
              -2.563
            ]
          ]
        ]
      }
    },
    {
      "type": "Feature",
      "properties": {
        "grid_id": "SOR131",
        "site": "sorowako",
        "location_label": "Sorowako Nuha North Inland Mountain Ridge - Sulawesi Selatan greenfield nickel laterite",
        "lithology": "ultramafic_simulated",
        "slope_deg": 20.9,
        "distance_to_river_m": 1561,
        "distance_to_road_m": 2465,
        "distance_to_settlement_m": 11582,
        "legal_status": "no-go",
        "distance_to_smelter_km": 33.5,
        "area_ha": 1.77,
        "region_id": "SE",
        "fe_oxide_index": 2.744,
        "clay_index": 2.013,
        "ndvi_stress_index": 0.285,
        "tmi_structural_nT": 45394.7,
        "tmi_anomaly_nT": 394.7,
        "elevation_mdpl": 689.7,
        "geochem_assay_ratio": 1.74
      },
      "geometry": {
        "type": "Polygon",
        "coordinates": [
          [
            [
              121.505,
              -2.563
            ],
            [
              121.517,
              -2.563
            ],
            [
              121.517,
              -2.551
            ],
            [
              121.505,
              -2.551
            ],
            [
              121.505,
              -2.563
            ]
          ]
        ]
      }
    },
    {
      "type": "Feature",
      "properties": {
        "grid_id": "SOR132",
        "site": "sorowako",
        "location_label": "Sorowako Nuha North Inland Mountain Ridge - Sulawesi Selatan greenfield nickel laterite",
        "lithology": "ultramafic_simulated",
        "slope_deg": 17.9,
        "distance_to_river_m": 1411,
        "distance_to_road_m": 4120,
        "distance_to_settlement_m": 9473,
        "legal_status": "no-go",
        "distance_to_smelter_km": 34.7,
        "area_ha": 1.77,
        "region_id": "SE",
        "fe_oxide_index": 2.139,
        "clay_index": 2.145,
        "ndvi_stress_index": 0.207,
        "tmi_structural_nT": 45623.2,
        "tmi_anomaly_nT": 623.2,
        "elevation_mdpl": 626.7,
        "geochem_assay_ratio": 2.9
      },
      "geometry": {
        "type": "Polygon",
        "coordinates": [
          [
            [
              121.517,
              -2.563
            ],
            [
              121.529,
              -2.563
            ],
            [
              121.529,
              -2.551
            ],
            [
              121.517,
              -2.551
            ],
            [
              121.517,
              -2.563
            ]
          ]
        ]
      }
    },
    {
      "type": "Feature",
      "properties": {
        "grid_id": "SOR133",
        "site": "sorowako",
        "location_label": "Sorowako Nuha North Inland Mountain Ridge - Sulawesi Selatan greenfield nickel laterite",
        "lithology": "peridotite_simulated",
        "slope_deg": 22.3,
        "distance_to_river_m": 1495,
        "distance_to_road_m": 3345,
        "distance_to_settlement_m": 11793,
        "legal_status": "no-go",
        "distance_to_smelter_km": 36.8,
        "area_ha": 1.77,
        "region_id": "SE",
        "fe_oxide_index": 1.843,
        "clay_index": 1.66,
        "ndvi_stress_index": 0.253,
        "tmi_structural_nT": 46044.6,
        "tmi_anomaly_nT": 1044.6,
        "elevation_mdpl": 716.1,
        "geochem_assay_ratio": 1.57
      },
      "geometry": {
        "type": "Polygon",
        "coordinates": [
          [
            [
              121.529,
              -2.563
            ],
            [
              121.541,
              -2.563
            ],
            [
              121.541,
              -2.551
            ],
            [
              121.529,
              -2.551
            ],
            [
              121.529,
              -2.563
            ]
          ]
        ]
      }
    },
    {
      "type": "Feature",
      "properties": {
        "grid_id": "SOR134",
        "site": "sorowako",
        "location_label": "Sorowako Nuha North Inland Mountain Ridge - Sulawesi Selatan greenfield nickel laterite",
        "lithology": "peridotite_simulated",
        "slope_deg": 15.9,
        "distance_to_river_m": 1200,
        "distance_to_road_m": 6457,
        "distance_to_settlement_m": 7571,
        "legal_status": "no-go",
        "distance_to_smelter_km": 39.7,
        "area_ha": 1.77,
        "region_id": "SE",
        "fe_oxide_index": 2.252,
        "clay_index": 2.217,
        "ndvi_stress_index": 0.326,
        "tmi_structural_nT": 45663.1,
        "tmi_anomaly_nT": 663.1,
        "elevation_mdpl": 641.4,
        "geochem_assay_ratio": 2.78
      },
      "geometry": {
        "type": "Polygon",
        "coordinates": [
          [
            [
              121.541,
              -2.563
            ],
            [
              121.553,
              -2.563
            ],
            [
              121.553,
              -2.551
            ],
            [
              121.541,
              -2.551
            ],
            [
              121.541,
              -2.563
            ]
          ]
        ]
      }
    },
    {
      "type": "Feature",
      "properties": {
        "grid_id": "SOR135",
        "site": "sorowako",
        "location_label": "Sorowako Nuha North Inland Mountain Ridge - Sulawesi Selatan greenfield nickel laterite",
        "lithology": "serpentinite_simulated",
        "slope_deg": 12.4,
        "distance_to_river_m": 1319,
        "distance_to_road_m": 2192,
        "distance_to_settlement_m": 8038,
        "legal_status": "no-go",
        "distance_to_smelter_km": 42.9,
        "area_ha": 1.77,
        "region_id": "SE",
        "fe_oxide_index": 2.652,
        "clay_index": 1.678,
        "ndvi_stress_index": 0.276,
        "tmi_structural_nT": 46017.9,
        "tmi_anomaly_nT": 1017.9,
        "elevation_mdpl": 693.4,
        "geochem_assay_ratio": 2.7
      },
      "geometry": {
        "type": "Polygon",
        "coordinates": [
          [
            [
              121.553,
              -2.563
            ],
            [
              121.565,
              -2.563
            ],
            [
              121.565,
              -2.551
            ],
            [
              121.553,
              -2.551
            ],
            [
              121.553,
              -2.563
            ]
          ]
        ]
      }
    },
    {
      "type": "Feature",
      "properties": {
        "grid_id": "SOR136",
        "site": "sorowako",
        "location_label": "Sorowako Nuha North Inland Mountain Ridge - Sulawesi Selatan greenfield nickel laterite",
        "lithology": "serpentinite_simulated",
        "slope_deg": 20.6,
        "distance_to_river_m": 1397,
        "distance_to_road_m": 3024,
        "distance_to_settlement_m": 4453,
        "legal_status": "no-go",
        "distance_to_smelter_km": 46.5,
        "area_ha": 1.77,
        "region_id": "SE",
        "fe_oxide_index": 2.328,
        "clay_index": 1.788,
        "ndvi_stress_index": 0.192,
        "tmi_structural_nT": 45831.6,
        "tmi_anomaly_nT": 831.6,
        "elevation_mdpl": 659.3,
        "geochem_assay_ratio": 2.2
      },
      "geometry": {
        "type": "Polygon",
        "coordinates": [
          [
            [
              121.565,
              -2.563
            ],
            [
              121.577,
              -2.563
            ],
            [
              121.577,
              -2.551
            ],
            [
              121.565,
              -2.551
            ],
            [
              121.565,
              -2.563
            ]
          ]
        ]
      }
    },
    {
      "type": "Feature",
      "properties": {
        "grid_id": "SOR137",
        "site": "sorowako",
        "location_label": "Sorowako Nuha North Inland Mountain Ridge - Sulawesi Selatan greenfield nickel laterite",
        "lithology": "serpentinite_simulated",
        "slope_deg": 12.8,
        "distance_to_river_m": 2548,
        "distance_to_road_m": 3117,
        "distance_to_settlement_m": 14166,
        "legal_status": "no-go",
        "distance_to_smelter_km": 50.3,
        "area_ha": 1.77,
        "region_id": "SE",
        "fe_oxide_index": 2.137,
        "clay_index": 2.105,
        "ndvi_stress_index": 0.186,
        "tmi_structural_nT": 45404.8,
        "tmi_anomaly_nT": 404.8,
        "elevation_mdpl": 718.8,
        "geochem_assay_ratio": 2.51
      },
      "geometry": {
        "type": "Polygon",
        "coordinates": [
          [
            [
              121.577,
              -2.563
            ],
            [
              121.589,
              -2.563
            ],
            [
              121.589,
              -2.551
            ],
            [
              121.577,
              -2.551
            ],
            [
              121.577,
              -2.563
            ]
          ]
        ]
      }
    },
    {
      "type": "Feature",
      "properties": {
        "grid_id": "SOR138",
        "site": "sorowako",
        "location_label": "Sorowako Nuha North Inland Mountain Ridge - Sulawesi Selatan greenfield nickel laterite",
        "lithology": "peridotite_simulated",
        "slope_deg": 14.2,
        "distance_to_river_m": 1808,
        "distance_to_road_m": 2793,
        "distance_to_settlement_m": 9313,
        "legal_status": "no-go",
        "distance_to_smelter_km": 54.2,
        "area_ha": 1.77,
        "region_id": "SE",
        "fe_oxide_index": 2.534,
        "clay_index": 1.616,
        "ndvi_stress_index": 0.32,
        "tmi_structural_nT": 45763.5,
        "tmi_anomaly_nT": 763.5,
        "elevation_mdpl": 624.3,
        "geochem_assay_ratio": 1.71
      },
      "geometry": {
        "type": "Polygon",
        "coordinates": [
          [
            [
              121.589,
              -2.563
            ],
            [
              121.601,
              -2.563
            ],
            [
              121.601,
              -2.551
            ],
            [
              121.589,
              -2.551
            ],
            [
              121.589,
              -2.563
            ]
          ]
        ]
      }
    },
    {
      "type": "Feature",
      "properties": {
        "grid_id": "SOR139",
        "site": "sorowako",
        "location_label": "Sorowako Nuha North Inland Mountain Ridge - Sulawesi Selatan greenfield nickel laterite",
        "lithology": "serpentinite_simulated",
        "slope_deg": 17.5,
        "distance_to_river_m": 1617,
        "distance_to_road_m": 6132,
        "distance_to_settlement_m": 4236,
        "legal_status": "no-go",
        "distance_to_smelter_km": 58.2,
        "area_ha": 1.77,
        "region_id": "SE",
        "fe_oxide_index": 2.15,
        "clay_index": 1.934,
        "ndvi_stress_index": 0.218,
        "tmi_structural_nT": 45446.8,
        "tmi_anomaly_nT": 446.8,
        "elevation_mdpl": 655.2,
        "geochem_assay_ratio": 2.53
      },
      "geometry": {
        "type": "Polygon",
        "coordinates": [
          [
            [
              121.601,
              -2.563
            ],
            [
              121.613,
              -2.563
            ],
            [
              121.613,
              -2.551
            ],
            [
              121.601,
              -2.551
            ],
            [
              121.601,
              -2.563
            ]
          ]
        ]
      }
    },
    {
      "type": "Feature",
      "properties": {
        "grid_id": "SOR140",
        "site": "sorowako",
        "location_label": "Sorowako Nuha North Inland Mountain Ridge - Sulawesi Selatan greenfield nickel laterite",
        "lithology": "serpentinite_simulated",
        "slope_deg": 22.7,
        "distance_to_river_m": 2936,
        "distance_to_road_m": 3146,
        "distance_to_settlement_m": 9965,
        "legal_status": "no-go",
        "distance_to_smelter_km": 62.3,
        "area_ha": 1.77,
        "region_id": "SE",
        "fe_oxide_index": 2.368,
        "clay_index": 2.28,
        "ndvi_stress_index": 0.387,
        "tmi_structural_nT": 45409.0,
        "tmi_anomaly_nT": 409.0,
        "elevation_mdpl": 690.5,
        "geochem_assay_ratio": 2.34
      },
      "geometry": {
        "type": "Polygon",
        "coordinates": [
          [
            [
              121.613,
              -2.563
            ],
            [
              121.625,
              -2.563
            ],
            [
              121.625,
              -2.551
            ],
            [
              121.613,
              -2.551
            ],
            [
              121.613,
              -2.563
            ]
          ]
        ]
      }
    },
    {
      "type": "Feature",
      "properties": {
        "grid_id": "SOR141",
        "site": "sorowako",
        "location_label": "Sorowako Nuha North Inland Mountain Ridge - Sulawesi Selatan greenfield nickel laterite",
        "lithology": "serpentinite_simulated",
        "slope_deg": 20.6,
        "distance_to_river_m": 592,
        "distance_to_road_m": 2424,
        "distance_to_settlement_m": 12387,
        "legal_status": "allowed",
        "distance_to_smelter_km": 61.0,
        "area_ha": 1.77,
        "region_id": "SW",
        "fe_oxide_index": 2.395,
        "clay_index": 1.796,
        "ndvi_stress_index": 0.236,
        "tmi_structural_nT": 45787.4,
        "tmi_anomaly_nT": 787.4,
        "elevation_mdpl": 655.9,
        "geochem_assay_ratio": 2.64
      },
      "geometry": {
        "type": "Polygon",
        "coordinates": [
          [
            [
              121.385,
              -2.551
            ],
            [
              121.397,
              -2.551
            ],
            [
              121.397,
              -2.539
            ],
            [
              121.385,
              -2.539
            ],
            [
              121.385,
              -2.551
            ]
          ]
        ]
      }
    },
    {
      "type": "Feature",
      "properties": {
        "grid_id": "SOR142",
        "site": "sorowako",
        "location_label": "Sorowako Nuha North Inland Mountain Ridge - Sulawesi Selatan greenfield nickel laterite",
        "lithology": "peridotite_simulated",
        "slope_deg": 15.6,
        "distance_to_river_m": 1616,
        "distance_to_road_m": 2734,
        "distance_to_settlement_m": 8454,
        "legal_status": "allowed",
        "distance_to_smelter_km": 56.8,
        "area_ha": 1.77,
        "region_id": "SW",
        "fe_oxide_index": 2.442,
        "clay_index": 2.231,
        "ndvi_stress_index": 0.323,
        "tmi_structural_nT": 45625.2,
        "tmi_anomaly_nT": 625.2,
        "elevation_mdpl": 707.6,
        "geochem_assay_ratio": 2.82
      },
      "geometry": {
        "type": "Polygon",
        "coordinates": [
          [
            [
              121.397,
              -2.551
            ],
            [
              121.409,
              -2.551
            ],
            [
              121.409,
              -2.539
            ],
            [
              121.397,
              -2.539
            ],
            [
              121.397,
              -2.551
            ]
          ]
        ]
      }
    },
    {
      "type": "Feature",
      "properties": {
        "grid_id": "SOR143",
        "site": "sorowako",
        "location_label": "Sorowako Nuha North Inland Mountain Ridge - Sulawesi Selatan greenfield nickel laterite",
        "lithology": "serpentinite_simulated",
        "slope_deg": 21.1,
        "distance_to_river_m": 1599,
        "distance_to_road_m": 5113,
        "distance_to_settlement_m": 5245,
        "legal_status": "no-go",
        "distance_to_smelter_km": 52.6,
        "area_ha": 1.77,
        "region_id": "SW",
        "fe_oxide_index": 2.234,
        "clay_index": 1.983,
        "ndvi_stress_index": 0.223,
        "tmi_structural_nT": 45690.3,
        "tmi_anomaly_nT": 690.3,
        "elevation_mdpl": 691.3,
        "geochem_assay_ratio": 1.76
      },
      "geometry": {
        "type": "Polygon",
        "coordinates": [
          [
            [
              121.409,
              -2.551
            ],
            [
              121.421,
              -2.551
            ],
            [
              121.421,
              -2.539
            ],
            [
              121.409,
              -2.539
            ],
            [
              121.409,
              -2.551
            ]
          ]
        ]
      }
    },
    {
      "type": "Feature",
      "properties": {
        "grid_id": "SOR144",
        "site": "sorowako",
        "location_label": "Sorowako Nuha North Inland Mountain Ridge - Sulawesi Selatan greenfield nickel laterite",
        "lithology": "serpentinite_simulated",
        "slope_deg": 21.6,
        "distance_to_river_m": 802,
        "distance_to_road_m": 5060,
        "distance_to_settlement_m": 8615,
        "legal_status": "no-go",
        "distance_to_smelter_km": 48.5,
        "area_ha": 1.77,
        "region_id": "SW",
        "fe_oxide_index": 2.269,
        "clay_index": 2.132,
        "ndvi_stress_index": 0.208,
        "tmi_structural_nT": 45231.6,
        "tmi_anomaly_nT": 231.6,
        "elevation_mdpl": 640.3,
        "geochem_assay_ratio": 2.52
      },
      "geometry": {
        "type": "Polygon",
        "coordinates": [
          [
            [
              121.421,
              -2.551
            ],
            [
              121.433,
              -2.551
            ],
            [
              121.433,
              -2.539
            ],
            [
              121.421,
              -2.539
            ],
            [
              121.421,
              -2.551
            ]
          ]
        ]
      }
    },
    {
      "type": "Feature",
      "properties": {
        "grid_id": "SOR145",
        "site": "sorowako",
        "location_label": "Sorowako Nuha North Inland Mountain Ridge - Sulawesi Selatan greenfield nickel laterite",
        "lithology": "mafic_volcanic_simulated",
        "slope_deg": 19.3,
        "distance_to_river_m": 2727,
        "distance_to_road_m": 2992,
        "distance_to_settlement_m": 14124,
        "legal_status": "no-go",
        "distance_to_smelter_km": 44.4,
        "area_ha": 1.77,
        "region_id": "SW",
        "fe_oxide_index": 1.207,
        "clay_index": 1.336,
        "ndvi_stress_index": 0.671,
        "tmi_structural_nT": 45091.5,
        "tmi_anomaly_nT": 91.5,
        "elevation_mdpl": 679.5,
        "geochem_assay_ratio": 5.47
      },
      "geometry": {
        "type": "Polygon",
        "coordinates": [
          [
            [
              121.433,
              -2.551
            ],
            [
              121.445,
              -2.551
            ],
            [
              121.445,
              -2.539
            ],
            [
              121.433,
              -2.539
            ],
            [
              121.433,
              -2.551
            ]
          ]
        ]
      }
    },
    {
      "type": "Feature",
      "properties": {
        "grid_id": "SOR146",
        "site": "sorowako",
        "location_label": "Sorowako Nuha North Inland Mountain Ridge - Sulawesi Selatan greenfield nickel laterite",
        "lithology": "peridotite_simulated",
        "slope_deg": 13.2,
        "distance_to_river_m": 2411,
        "distance_to_road_m": 4645,
        "distance_to_settlement_m": 14859,
        "legal_status": "no-go",
        "distance_to_smelter_km": 40.5,
        "area_ha": 1.77,
        "region_id": "SW",
        "fe_oxide_index": 2.781,
        "clay_index": 2.438,
        "ndvi_stress_index": 0.249,
        "tmi_structural_nT": 45708.8,
        "tmi_anomaly_nT": 708.8,
        "elevation_mdpl": 651.6,
        "geochem_assay_ratio": 2.35
      },
      "geometry": {
        "type": "Polygon",
        "coordinates": [
          [
            [
              121.445,
              -2.551
            ],
            [
              121.457,
              -2.551
            ],
            [
              121.457,
              -2.539
            ],
            [
              121.445,
              -2.539
            ],
            [
              121.445,
              -2.551
            ]
          ]
        ]
      }
    },
    {
      "type": "Feature",
      "properties": {
        "grid_id": "SOR147",
        "site": "sorowako",
        "location_label": "Sorowako Nuha North Inland Mountain Ridge - Sulawesi Selatan greenfield nickel laterite",
        "lithology": "peridotite_simulated",
        "slope_deg": 12.1,
        "distance_to_river_m": 867,
        "distance_to_road_m": 2908,
        "distance_to_settlement_m": 12692,
        "legal_status": "no-go",
        "distance_to_smelter_km": 36.8,
        "area_ha": 1.77,
        "region_id": "SW",
        "fe_oxide_index": 2.14,
        "clay_index": 1.605,
        "ndvi_stress_index": 0.345,
        "tmi_structural_nT": 45441.4,
        "tmi_anomaly_nT": 441.4,
        "elevation_mdpl": 692.4,
        "geochem_assay_ratio": 2.51
      },
      "geometry": {
        "type": "Polygon",
        "coordinates": [
          [
            [
              121.457,
              -2.551
            ],
            [
              121.469,
              -2.551
            ],
            [
              121.469,
              -2.539
            ],
            [
              121.457,
              -2.539
            ],
            [
              121.457,
              -2.551
            ]
          ]
        ]
      }
    },
    {
      "type": "Feature",
      "properties": {
        "grid_id": "SOR148",
        "site": "sorowako",
        "location_label": "Sorowako Nuha North Inland Mountain Ridge - Sulawesi Selatan greenfield nickel laterite",
        "lithology": "serpentinite_simulated",
        "slope_deg": 19.5,
        "distance_to_river_m": 2615,
        "distance_to_road_m": 5940,
        "distance_to_settlement_m": 7890,
        "legal_status": "no-go",
        "distance_to_smelter_km": 33.5,
        "area_ha": 1.77,
        "region_id": "SW",
        "fe_oxide_index": 1.833,
        "clay_index": 2.436,
        "ndvi_stress_index": 0.33,
        "tmi_structural_nT": 45942.4,
        "tmi_anomaly_nT": 942.4,
        "elevation_mdpl": 677.1,
        "geochem_assay_ratio": 2.1
      },
      "geometry": {
        "type": "Polygon",
        "coordinates": [
          [
            [
              121.469,
              -2.551
            ],
            [
              121.481,
              -2.551
            ],
            [
              121.481,
              -2.539
            ],
            [
              121.469,
              -2.539
            ],
            [
              121.469,
              -2.551
            ]
          ]
        ]
      }
    },
    {
      "type": "Feature",
      "properties": {
        "grid_id": "SOR149",
        "site": "sorowako",
        "location_label": "Sorowako Nuha North Inland Mountain Ridge - Sulawesi Selatan greenfield nickel laterite",
        "lithology": "serpentinite_simulated",
        "slope_deg": 22.2,
        "distance_to_river_m": 2419,
        "distance_to_road_m": 4118,
        "distance_to_settlement_m": 12531,
        "legal_status": "no-go",
        "distance_to_smelter_km": 30.8,
        "area_ha": 1.77,
        "region_id": "SW",
        "fe_oxide_index": 2.561,
        "clay_index": 1.99,
        "ndvi_stress_index": 0.351,
        "tmi_structural_nT": 45622.3,
        "tmi_anomaly_nT": 622.3,
        "elevation_mdpl": 620.4,
        "geochem_assay_ratio": 3.08
      },
      "geometry": {
        "type": "Polygon",
        "coordinates": [
          [
            [
              121.481,
              -2.551
            ],
            [
              121.493,
              -2.551
            ],
            [
              121.493,
              -2.539
            ],
            [
              121.481,
              -2.539
            ],
            [
              121.481,
              -2.551
            ]
          ]
        ]
      }
    },
    {
      "type": "Feature",
      "properties": {
        "grid_id": "SOR150",
        "site": "sorowako",
        "location_label": "Sorowako Nuha North Inland Mountain Ridge - Sulawesi Selatan greenfield nickel laterite",
        "lithology": "peridotite_simulated",
        "slope_deg": 14.3,
        "distance_to_river_m": 1303,
        "distance_to_road_m": 3092,
        "distance_to_settlement_m": 5557,
        "legal_status": "no-go",
        "distance_to_smelter_km": 29.2,
        "area_ha": 1.77,
        "region_id": "SW",
        "fe_oxide_index": 2.057,
        "clay_index": 1.661,
        "ndvi_stress_index": 0.327,
        "tmi_structural_nT": 45438.7,
        "tmi_anomaly_nT": 438.7,
        "elevation_mdpl": 664.4,
        "geochem_assay_ratio": 1.63
      },
      "geometry": {
        "type": "Polygon",
        "coordinates": [
          [
            [
              121.493,
              -2.551
            ],
            [
              121.505,
              -2.551
            ],
            [
              121.505,
              -2.539
            ],
            [
              121.493,
              -2.539
            ],
            [
              121.493,
              -2.551
            ]
          ]
        ]
      }
    },
    {
      "type": "Feature",
      "properties": {
        "grid_id": "SOR151",
        "site": "sorowako",
        "location_label": "Sorowako Nuha North Inland Mountain Ridge - Sulawesi Selatan greenfield nickel laterite",
        "lithology": "mafic_volcanic_simulated",
        "slope_deg": 17.2,
        "distance_to_river_m": 1610,
        "distance_to_road_m": 4922,
        "distance_to_settlement_m": 11812,
        "legal_status": "no-go",
        "distance_to_smelter_km": 29.2,
        "area_ha": 1.77,
        "region_id": "SE",
        "fe_oxide_index": 1.234,
        "clay_index": 1.431,
        "ndvi_stress_index": 0.673,
        "tmi_structural_nT": 45312.9,
        "tmi_anomaly_nT": 312.9,
        "elevation_mdpl": 659.2,
        "geochem_assay_ratio": 5.25
      },
      "geometry": {
        "type": "Polygon",
        "coordinates": [
          [
            [
              121.505,
              -2.551
            ],
            [
              121.517,
              -2.551
            ],
            [
              121.517,
              -2.539
            ],
            [
              121.505,
              -2.539
            ],
            [
              121.505,
              -2.551
            ]
          ]
        ]
      }
    },
    {
      "type": "Feature",
      "properties": {
        "grid_id": "SOR152",
        "site": "sorowako",
        "location_label": "Sorowako Nuha North Inland Mountain Ridge - Sulawesi Selatan greenfield nickel laterite",
        "lithology": "peridotite_simulated",
        "slope_deg": 16.4,
        "distance_to_river_m": 1487,
        "distance_to_road_m": 4604,
        "distance_to_settlement_m": 10027,
        "legal_status": "no-go",
        "distance_to_smelter_km": 30.8,
        "area_ha": 1.77,
        "region_id": "SE",
        "fe_oxide_index": 2.158,
        "clay_index": 2.292,
        "ndvi_stress_index": 0.322,
        "tmi_structural_nT": 45884.3,
        "tmi_anomaly_nT": 884.3,
        "elevation_mdpl": 663.5,
        "geochem_assay_ratio": 2.82
      },
      "geometry": {
        "type": "Polygon",
        "coordinates": [
          [
            [
              121.517,
              -2.551
            ],
            [
              121.529,
              -2.551
            ],
            [
              121.529,
              -2.539
            ],
            [
              121.517,
              -2.539
            ],
            [
              121.517,
              -2.551
            ]
          ]
        ]
      }
    },
    {
      "type": "Feature",
      "properties": {
        "grid_id": "SOR153",
        "site": "sorowako",
        "location_label": "Sorowako Nuha North Inland Mountain Ridge - Sulawesi Selatan greenfield nickel laterite",
        "lithology": "ultramafic_simulated",
        "slope_deg": 21.8,
        "distance_to_river_m": 2918,
        "distance_to_road_m": 4681,
        "distance_to_settlement_m": 4002,
        "legal_status": "no-go",
        "distance_to_smelter_km": 33.5,
        "area_ha": 1.77,
        "region_id": "SE",
        "fe_oxide_index": 2.358,
        "clay_index": 1.931,
        "ndvi_stress_index": 0.319,
        "tmi_structural_nT": 45295.7,
        "tmi_anomaly_nT": 295.7,
        "elevation_mdpl": 688.2,
        "geochem_assay_ratio": 1.97
      },
      "geometry": {
        "type": "Polygon",
        "coordinates": [
          [
            [
              121.529,
              -2.551
            ],
            [
              121.541,
              -2.551
            ],
            [
              121.541,
              -2.539
            ],
            [
              121.529,
              -2.539
            ],
            [
              121.529,
              -2.551
            ]
          ]
        ]
      }
    },
    {
      "type": "Feature",
      "properties": {
        "grid_id": "SOR154",
        "site": "sorowako",
        "location_label": "Sorowako Nuha North Inland Mountain Ridge - Sulawesi Selatan greenfield nickel laterite",
        "lithology": "serpentinite_simulated",
        "slope_deg": 19.7,
        "distance_to_river_m": 1431,
        "distance_to_road_m": 3091,
        "distance_to_settlement_m": 8211,
        "legal_status": "no-go",
        "distance_to_smelter_km": 36.8,
        "area_ha": 1.77,
        "region_id": "SE",
        "fe_oxide_index": 2.496,
        "clay_index": 2.004,
        "ndvi_stress_index": 0.225,
        "tmi_structural_nT": 45484.6,
        "tmi_anomaly_nT": 484.6,
        "elevation_mdpl": 712.4,
        "geochem_assay_ratio": 2.91
      },
      "geometry": {
        "type": "Polygon",
        "coordinates": [
          [
            [
              121.541,
              -2.551
            ],
            [
              121.553,
              -2.551
            ],
            [
              121.553,
              -2.539
            ],
            [
              121.541,
              -2.539
            ],
            [
              121.541,
              -2.551
            ]
          ]
        ]
      }
    },
    {
      "type": "Feature",
      "properties": {
        "grid_id": "SOR155",
        "site": "sorowako",
        "location_label": "Sorowako Nuha North Inland Mountain Ridge - Sulawesi Selatan greenfield nickel laterite",
        "lithology": "serpentinite_simulated",
        "slope_deg": 14.0,
        "distance_to_river_m": 2045,
        "distance_to_road_m": 4390,
        "distance_to_settlement_m": 13315,
        "legal_status": "no-go",
        "distance_to_smelter_km": 40.5,
        "area_ha": 1.77,
        "region_id": "SE",
        "fe_oxide_index": 2.231,
        "clay_index": 2.064,
        "ndvi_stress_index": 0.268,
        "tmi_structural_nT": 46078.2,
        "tmi_anomaly_nT": 1078.2,
        "elevation_mdpl": 676.8,
        "geochem_assay_ratio": 2.67
      },
      "geometry": {
        "type": "Polygon",
        "coordinates": [
          [
            [
              121.553,
              -2.551
            ],
            [
              121.565,
              -2.551
            ],
            [
              121.565,
              -2.539
            ],
            [
              121.553,
              -2.539
            ],
            [
              121.553,
              -2.551
            ]
          ]
        ]
      }
    },
    {
      "type": "Feature",
      "properties": {
        "grid_id": "SOR156",
        "site": "sorowako",
        "location_label": "Sorowako Nuha North Inland Mountain Ridge - Sulawesi Selatan greenfield nickel laterite",
        "lithology": "ultramafic_simulated",
        "slope_deg": 17.2,
        "distance_to_river_m": 1777,
        "distance_to_road_m": 3846,
        "distance_to_settlement_m": 12072,
        "legal_status": "no-go",
        "distance_to_smelter_km": 44.4,
        "area_ha": 1.77,
        "region_id": "SE",
        "fe_oxide_index": 2.638,
        "clay_index": 1.846,
        "ndvi_stress_index": 0.188,
        "tmi_structural_nT": 46022.9,
        "tmi_anomaly_nT": 1022.9,
        "elevation_mdpl": 694.9,
        "geochem_assay_ratio": 2.71
      },
      "geometry": {
        "type": "Polygon",
        "coordinates": [
          [
            [
              121.565,
              -2.551
            ],
            [
              121.577,
              -2.551
            ],
            [
              121.577,
              -2.539
            ],
            [
              121.565,
              -2.539
            ],
            [
              121.565,
              -2.551
            ]
          ]
        ]
      }
    },
    {
      "type": "Feature",
      "properties": {
        "grid_id": "SOR157",
        "site": "sorowako",
        "location_label": "Sorowako Nuha North Inland Mountain Ridge - Sulawesi Selatan greenfield nickel laterite",
        "lithology": "peridotite_simulated",
        "slope_deg": 20.9,
        "distance_to_river_m": 1043,
        "distance_to_road_m": 5004,
        "distance_to_settlement_m": 9334,
        "legal_status": "no-go",
        "distance_to_smelter_km": 48.5,
        "area_ha": 1.77,
        "region_id": "SE",
        "fe_oxide_index": 1.952,
        "clay_index": 2.394,
        "ndvi_stress_index": 0.217,
        "tmi_structural_nT": 45595.9,
        "tmi_anomaly_nT": 595.9,
        "elevation_mdpl": 719.4,
        "geochem_assay_ratio": 2.79
      },
      "geometry": {
        "type": "Polygon",
        "coordinates": [
          [
            [
              121.577,
              -2.551
            ],
            [
              121.589,
              -2.551
            ],
            [
              121.589,
              -2.539
            ],
            [
              121.577,
              -2.539
            ],
            [
              121.577,
              -2.551
            ]
          ]
        ]
      }
    },
    {
      "type": "Feature",
      "properties": {
        "grid_id": "SOR158",
        "site": "sorowako",
        "location_label": "Sorowako Nuha North Inland Mountain Ridge - Sulawesi Selatan greenfield nickel laterite",
        "lithology": "mafic_volcanic_simulated",
        "slope_deg": 16.9,
        "distance_to_river_m": 2261,
        "distance_to_road_m": 6309,
        "distance_to_settlement_m": 11512,
        "legal_status": "no-go",
        "distance_to_smelter_km": 52.6,
        "area_ha": 1.77,
        "region_id": "SE",
        "fe_oxide_index": 1.615,
        "clay_index": 1.167,
        "ndvi_stress_index": 0.575,
        "tmi_structural_nT": 44498.3,
        "tmi_anomaly_nT": -501.7,
        "elevation_mdpl": 685.4,
        "geochem_assay_ratio": 4.48
      },
      "geometry": {
        "type": "Polygon",
        "coordinates": [
          [
            [
              121.589,
              -2.551
            ],
            [
              121.601,
              -2.551
            ],
            [
              121.601,
              -2.539
            ],
            [
              121.589,
              -2.539
            ],
            [
              121.589,
              -2.551
            ]
          ]
        ]
      }
    },
    {
      "type": "Feature",
      "properties": {
        "grid_id": "SOR159",
        "site": "sorowako",
        "location_label": "Sorowako Nuha North Inland Mountain Ridge - Sulawesi Selatan greenfield nickel laterite",
        "lithology": "serpentinite_simulated",
        "slope_deg": 13.0,
        "distance_to_river_m": 3020,
        "distance_to_road_m": 4783,
        "distance_to_settlement_m": 13190,
        "legal_status": "no-go",
        "distance_to_smelter_km": 56.8,
        "area_ha": 1.77,
        "region_id": "SE",
        "fe_oxide_index": 2.699,
        "clay_index": 1.71,
        "ndvi_stress_index": 0.338,
        "tmi_structural_nT": 45999.9,
        "tmi_anomaly_nT": 999.9,
        "elevation_mdpl": 676.6,
        "geochem_assay_ratio": 3.14
      },
      "geometry": {
        "type": "Polygon",
        "coordinates": [
          [
            [
              121.601,
              -2.551
            ],
            [
              121.613,
              -2.551
            ],
            [
              121.613,
              -2.539
            ],
            [
              121.601,
              -2.539
            ],
            [
              121.601,
              -2.551
            ]
          ]
        ]
      }
    },
    {
      "type": "Feature",
      "properties": {
        "grid_id": "SOR160",
        "site": "sorowako",
        "location_label": "Sorowako Nuha North Inland Mountain Ridge - Sulawesi Selatan greenfield nickel laterite",
        "lithology": "peridotite_simulated",
        "slope_deg": 22.2,
        "distance_to_river_m": 2062,
        "distance_to_road_m": 2392,
        "distance_to_settlement_m": 9413,
        "legal_status": "no-go",
        "distance_to_smelter_km": 61.0,
        "area_ha": 1.77,
        "region_id": "SE",
        "fe_oxide_index": 2.758,
        "clay_index": 2.208,
        "ndvi_stress_index": 0.205,
        "tmi_structural_nT": 45172.9,
        "tmi_anomaly_nT": 172.9,
        "elevation_mdpl": 677.1,
        "geochem_assay_ratio": 1.85
      },
      "geometry": {
        "type": "Polygon",
        "coordinates": [
          [
            [
              121.613,
              -2.551
            ],
            [
              121.625,
              -2.551
            ],
            [
              121.625,
              -2.539
            ],
            [
              121.613,
              -2.539
            ],
            [
              121.613,
              -2.551
            ]
          ]
        ]
      }
    },
    {
      "type": "Feature",
      "properties": {
        "grid_id": "SOR161",
        "site": "sorowako",
        "location_label": "Sorowako Nuha North Inland Mountain Ridge - Sulawesi Selatan greenfield nickel laterite",
        "lithology": "peridotite_simulated",
        "slope_deg": 18.2,
        "distance_to_river_m": 3010,
        "distance_to_road_m": 3295,
        "distance_to_settlement_m": 11500,
        "legal_status": "allowed",
        "distance_to_smelter_km": 60.1,
        "area_ha": 1.77,
        "region_id": "SW",
        "fe_oxide_index": 2.807,
        "clay_index": 1.677,
        "ndvi_stress_index": 0.308,
        "tmi_structural_nT": 46060.9,
        "tmi_anomaly_nT": 1060.9,
        "elevation_mdpl": 628.0,
        "geochem_assay_ratio": 2.23
      },
      "geometry": {
        "type": "Polygon",
        "coordinates": [
          [
            [
              121.385,
              -2.539
            ],
            [
              121.397,
              -2.539
            ],
            [
              121.397,
              -2.527
            ],
            [
              121.385,
              -2.527
            ],
            [
              121.385,
              -2.539
            ]
          ]
        ]
      }
    },
    {
      "type": "Feature",
      "properties": {
        "grid_id": "SOR162",
        "site": "sorowako",
        "location_label": "Sorowako Nuha North Inland Mountain Ridge - Sulawesi Selatan greenfield nickel laterite",
        "lithology": "peridotite_simulated",
        "slope_deg": 21.2,
        "distance_to_river_m": 1592,
        "distance_to_road_m": 6479,
        "distance_to_settlement_m": 4407,
        "legal_status": "no-go",
        "distance_to_smelter_km": 55.8,
        "area_ha": 1.77,
        "region_id": "SW",
        "fe_oxide_index": 2.281,
        "clay_index": 2.176,
        "ndvi_stress_index": 0.39,
        "tmi_structural_nT": 45249.0,
        "tmi_anomaly_nT": 249.0,
        "elevation_mdpl": 677.9,
        "geochem_assay_ratio": 3.06
      },
      "geometry": {
        "type": "Polygon",
        "coordinates": [
          [
            [
              121.397,
              -2.539
            ],
            [
              121.409,
              -2.539
            ],
            [
              121.409,
              -2.527
            ],
            [
              121.397,
              -2.527
            ],
            [
              121.397,
              -2.539
            ]
          ]
        ]
      }
    },
    {
      "type": "Feature",
      "properties": {
        "grid_id": "SOR163",
        "site": "sorowako",
        "location_label": "Sorowako Nuha North Inland Mountain Ridge - Sulawesi Selatan greenfield nickel laterite",
        "lithology": "peridotite_simulated",
        "slope_deg": 20.9,
        "distance_to_river_m": 3148,
        "distance_to_road_m": 4892,
        "distance_to_settlement_m": 7567,
        "legal_status": "no-go",
        "distance_to_smelter_km": 51.5,
        "area_ha": 1.77,
        "region_id": "SW",
        "fe_oxide_index": 2.423,
        "clay_index": 1.885,
        "ndvi_stress_index": 0.209,
        "tmi_structural_nT": 45241.2,
        "tmi_anomaly_nT": 241.2,
        "elevation_mdpl": 661.5,
        "geochem_assay_ratio": 2.65
      },
      "geometry": {
        "type": "Polygon",
        "coordinates": [
          [
            [
              121.409,
              -2.539
            ],
            [
              121.421,
              -2.539
            ],
            [
              121.421,
              -2.527
            ],
            [
              121.409,
              -2.527
            ],
            [
              121.409,
              -2.539
            ]
          ]
        ]
      }
    },
    {
      "type": "Feature",
      "properties": {
        "grid_id": "SOR164",
        "site": "sorowako",
        "location_label": "Sorowako Nuha North Inland Mountain Ridge - Sulawesi Selatan greenfield nickel laterite",
        "lithology": "peridotite_simulated",
        "slope_deg": 16.5,
        "distance_to_river_m": 3019,
        "distance_to_road_m": 4553,
        "distance_to_settlement_m": 4414,
        "legal_status": "no-go",
        "distance_to_smelter_km": 47.2,
        "area_ha": 1.77,
        "region_id": "SW",
        "fe_oxide_index": 2.798,
        "clay_index": 2.133,
        "ndvi_stress_index": 0.368,
        "tmi_structural_nT": 45447.9,
        "tmi_anomaly_nT": 447.9,
        "elevation_mdpl": 620.5,
        "geochem_assay_ratio": 1.82
      },
      "geometry": {
        "type": "Polygon",
        "coordinates": [
          [
            [
              121.421,
              -2.539
            ],
            [
              121.433,
              -2.539
            ],
            [
              121.433,
              -2.527
            ],
            [
              121.421,
              -2.527
            ],
            [
              121.421,
              -2.539
            ]
          ]
        ]
      }
    },
    {
      "type": "Feature",
      "properties": {
        "grid_id": "SOR165",
        "site": "sorowako",
        "location_label": "Sorowako Nuha North Inland Mountain Ridge - Sulawesi Selatan greenfield nickel laterite",
        "lithology": "serpentinite_simulated",
        "slope_deg": 20.9,
        "distance_to_river_m": 2495,
        "distance_to_road_m": 1717,
        "distance_to_settlement_m": 12145,
        "legal_status": "no-go",
        "distance_to_smelter_km": 42.9,
        "area_ha": 1.77,
        "region_id": "SW",
        "fe_oxide_index": 1.922,
        "clay_index": 2.361,
        "ndvi_stress_index": 0.353,
        "tmi_structural_nT": 45692.7,
        "tmi_anomaly_nT": 692.7,
        "elevation_mdpl": 652.6,
        "geochem_assay_ratio": 1.76
      },
      "geometry": {
        "type": "Polygon",
        "coordinates": [
          [
            [
              121.433,
              -2.539
            ],
            [
              121.445,
              -2.539
            ],
            [
              121.445,
              -2.527
            ],
            [
              121.433,
              -2.527
            ],
            [
              121.433,
              -2.539
            ]
          ]
        ]
      }
    },
    {
      "type": "Feature",
      "properties": {
        "grid_id": "SOR166",
        "site": "sorowako",
        "location_label": "Sorowako Nuha North Inland Mountain Ridge - Sulawesi Selatan greenfield nickel laterite",
        "lithology": "serpentinite_simulated",
        "slope_deg": 19.6,
        "distance_to_river_m": 454,
        "distance_to_road_m": 2183,
        "distance_to_settlement_m": 13368,
        "legal_status": "no-go",
        "distance_to_smelter_km": 38.8,
        "area_ha": 1.77,
        "region_id": "SW",
        "fe_oxide_index": 2.161,
        "clay_index": 2.353,
        "ndvi_stress_index": 0.325,
        "tmi_structural_nT": 45889.5,
        "tmi_anomaly_nT": 889.5,
        "elevation_mdpl": 683.8,
        "geochem_assay_ratio": 2.5
      },
      "geometry": {
        "type": "Polygon",
        "coordinates": [
          [
            [
              121.445,
              -2.539
            ],
            [
              121.457,
              -2.539
            ],
            [
              121.457,
              -2.527
            ],
            [
              121.445,
              -2.527
            ],
            [
              121.445,
              -2.539
            ]
          ]
        ]
      }
    },
    {
      "type": "Feature",
      "properties": {
        "grid_id": "SOR167",
        "site": "sorowako",
        "location_label": "Sorowako Nuha North Inland Mountain Ridge - Sulawesi Selatan greenfield nickel laterite",
        "lithology": "serpentinite_simulated",
        "slope_deg": 17.2,
        "distance_to_river_m": 2524,
        "distance_to_road_m": 1668,
        "distance_to_settlement_m": 9842,
        "legal_status": "no-go",
        "distance_to_smelter_km": 34.7,
        "area_ha": 1.77,
        "region_id": "SW",
        "fe_oxide_index": 2.662,
        "clay_index": 1.985,
        "ndvi_stress_index": 0.238,
        "tmi_structural_nT": 45658.5,
        "tmi_anomaly_nT": 658.5,
        "elevation_mdpl": 621.2,
        "geochem_assay_ratio": 2.72
      },
      "geometry": {
        "type": "Polygon",
        "coordinates": [
          [
            [
              121.457,
              -2.539
            ],
            [
              121.469,
              -2.539
            ],
            [
              121.469,
              -2.527
            ],
            [
              121.457,
              -2.527
            ],
            [
              121.457,
              -2.539
            ]
          ]
        ]
      }
    },
    {
      "type": "Feature",
      "properties": {
        "grid_id": "SOR168",
        "site": "sorowako",
        "location_label": "Sorowako Nuha North Inland Mountain Ridge - Sulawesi Selatan greenfield nickel laterite",
        "lithology": "mafic_volcanic_simulated",
        "slope_deg": 15.7,
        "distance_to_river_m": 376,
        "distance_to_road_m": 3630,
        "distance_to_settlement_m": 6968,
        "legal_status": "no-go",
        "distance_to_smelter_km": 30.8,
        "area_ha": 1.77,
        "region_id": "SW",
        "fe_oxide_index": 1.577,
        "clay_index": 1.394,
        "ndvi_stress_index": 0.523,
        "tmi_structural_nT": 45280.8,
        "tmi_anomaly_nT": 280.8,
        "elevation_mdpl": 693.6,
        "geochem_assay_ratio": 3.64
      },
      "geometry": {
        "type": "Polygon",
        "coordinates": [
          [
            [
              121.469,
              -2.539
            ],
            [
              121.481,
              -2.539
            ],
            [
              121.481,
              -2.527
            ],
            [
              121.469,
              -2.527
            ],
            [
              121.469,
              -2.539
            ]
          ]
        ]
      }
    },
    {
      "type": "Feature",
      "properties": {
        "grid_id": "SOR169",
        "site": "sorowako",
        "location_label": "Sorowako Nuha North Inland Mountain Ridge - Sulawesi Selatan greenfield nickel laterite",
        "lithology": "alluvium",
        "slope_deg": 14.3,
        "distance_to_river_m": 2455,
        "distance_to_road_m": 2627,
        "distance_to_settlement_m": 7880,
        "legal_status": "no-go",
        "distance_to_smelter_km": 27.3,
        "area_ha": 1.77,
        "region_id": "SW",
        "fe_oxide_index": 1.266,
        "clay_index": 1.032,
        "ndvi_stress_index": 0.597,
        "tmi_structural_nT": 44886.2,
        "tmi_anomaly_nT": -113.8,
        "elevation_mdpl": 672.7,
        "geochem_assay_ratio": 3.81
      },
      "geometry": {
        "type": "Polygon",
        "coordinates": [
          [
            [
              121.481,
              -2.539
            ],
            [
              121.493,
              -2.539
            ],
            [
              121.493,
              -2.527
            ],
            [
              121.481,
              -2.527
            ],
            [
              121.481,
              -2.539
            ]
          ]
        ]
      }
    },
    {
      "type": "Feature",
      "properties": {
        "grid_id": "SOR170",
        "site": "sorowako",
        "location_label": "Sorowako Nuha North Inland Mountain Ridge - Sulawesi Selatan greenfield nickel laterite",
        "lithology": "ultramafic_simulated",
        "slope_deg": 17.5,
        "distance_to_river_m": 2835,
        "distance_to_road_m": 4103,
        "distance_to_settlement_m": 10900,
        "legal_status": "no-go",
        "distance_to_smelter_km": 24.9,
        "area_ha": 1.77,
        "region_id": "SW",
        "fe_oxide_index": 2.164,
        "clay_index": 1.977,
        "ndvi_stress_index": 0.335,
        "tmi_structural_nT": 45391.5,
        "tmi_anomaly_nT": 391.5,
        "elevation_mdpl": 626.3,
        "geochem_assay_ratio": 2.97
      },
      "geometry": {
        "type": "Polygon",
        "coordinates": [
          [
            [
              121.493,
              -2.539
            ],
            [
              121.505,
              -2.539
            ],
            [
              121.505,
              -2.527
            ],
            [
              121.493,
              -2.527
            ],
            [
              121.493,
              -2.539
            ]
          ]
        ]
      }
    },
    {
      "type": "Feature",
      "properties": {
        "grid_id": "SOR171",
        "site": "sorowako",
        "location_label": "Sorowako Nuha North Inland Mountain Ridge - Sulawesi Selatan greenfield nickel laterite",
        "lithology": "peridotite_simulated",
        "slope_deg": 13.8,
        "distance_to_river_m": 2978,
        "distance_to_road_m": 5059,
        "distance_to_settlement_m": 7138,
        "legal_status": "no-go",
        "distance_to_smelter_km": 24.9,
        "area_ha": 1.77,
        "region_id": "SE",
        "fe_oxide_index": 1.961,
        "clay_index": 1.802,
        "ndvi_stress_index": 0.19,
        "tmi_structural_nT": 45416.6,
        "tmi_anomaly_nT": 416.6,
        "elevation_mdpl": 632.6,
        "geochem_assay_ratio": 1.87
      },
      "geometry": {
        "type": "Polygon",
        "coordinates": [
          [
            [
              121.505,
              -2.539
            ],
            [
              121.517,
              -2.539
            ],
            [
              121.517,
              -2.527
            ],
            [
              121.505,
              -2.527
            ],
            [
              121.505,
              -2.539
            ]
          ]
        ]
      }
    },
    {
      "type": "Feature",
      "properties": {
        "grid_id": "SOR172",
        "site": "sorowako",
        "location_label": "Sorowako Nuha North Inland Mountain Ridge - Sulawesi Selatan greenfield nickel laterite",
        "lithology": "serpentinite_simulated",
        "slope_deg": 22.4,
        "distance_to_river_m": 3144,
        "distance_to_road_m": 4369,
        "distance_to_settlement_m": 5618,
        "legal_status": "no-go",
        "distance_to_smelter_km": 27.3,
        "area_ha": 1.77,
        "region_id": "SE",
        "fe_oxide_index": 2.264,
        "clay_index": 2.186,
        "ndvi_stress_index": 0.356,
        "tmi_structural_nT": 46000.2,
        "tmi_anomaly_nT": 1000.2,
        "elevation_mdpl": 633.9,
        "geochem_assay_ratio": 2.39
      },
      "geometry": {
        "type": "Polygon",
        "coordinates": [
          [
            [
              121.517,
              -2.539
            ],
            [
              121.529,
              -2.539
            ],
            [
              121.529,
              -2.527
            ],
            [
              121.517,
              -2.527
            ],
            [
              121.517,
              -2.539
            ]
          ]
        ]
      }
    },
    {
      "type": "Feature",
      "properties": {
        "grid_id": "SOR173",
        "site": "sorowako",
        "location_label": "Sorowako Nuha North Inland Mountain Ridge - Sulawesi Selatan greenfield nickel laterite",
        "lithology": "mafic_volcanic_simulated",
        "slope_deg": 16.0,
        "distance_to_river_m": 712,
        "distance_to_road_m": 5769,
        "distance_to_settlement_m": 8066,
        "legal_status": "no-go",
        "distance_to_smelter_km": 30.8,
        "area_ha": 1.77,
        "region_id": "SE",
        "fe_oxide_index": 1.311,
        "clay_index": 1.489,
        "ndvi_stress_index": 0.745,
        "tmi_structural_nT": 44487.6,
        "tmi_anomaly_nT": -512.4,
        "elevation_mdpl": 692.8,
        "geochem_assay_ratio": 4.61
      },
      "geometry": {
        "type": "Polygon",
        "coordinates": [
          [
            [
              121.529,
              -2.539
            ],
            [
              121.541,
              -2.539
            ],
            [
              121.541,
              -2.527
            ],
            [
              121.529,
              -2.527
            ],
            [
              121.529,
              -2.539
            ]
          ]
        ]
      }
    },
    {
      "type": "Feature",
      "properties": {
        "grid_id": "SOR174",
        "site": "sorowako",
        "location_label": "Sorowako Nuha North Inland Mountain Ridge - Sulawesi Selatan greenfield nickel laterite",
        "lithology": "peridotite_simulated",
        "slope_deg": 22.1,
        "distance_to_river_m": 1490,
        "distance_to_road_m": 4279,
        "distance_to_settlement_m": 11813,
        "legal_status": "no-go",
        "distance_to_smelter_km": 34.7,
        "area_ha": 1.77,
        "region_id": "SE",
        "fe_oxide_index": 1.995,
        "clay_index": 1.925,
        "ndvi_stress_index": 0.313,
        "tmi_structural_nT": 45142.2,
        "tmi_anomaly_nT": 142.2,
        "elevation_mdpl": 702.6,
        "geochem_assay_ratio": 2.9
      },
      "geometry": {
        "type": "Polygon",
        "coordinates": [
          [
            [
              121.541,
              -2.539
            ],
            [
              121.553,
              -2.539
            ],
            [
              121.553,
              -2.527
            ],
            [
              121.541,
              -2.527
            ],
            [
              121.541,
              -2.539
            ]
          ]
        ]
      }
    },
    {
      "type": "Feature",
      "properties": {
        "grid_id": "SOR175",
        "site": "sorowako",
        "location_label": "Sorowako Nuha North Inland Mountain Ridge - Sulawesi Selatan greenfield nickel laterite",
        "lithology": "peridotite_simulated",
        "slope_deg": 21.6,
        "distance_to_river_m": 2114,
        "distance_to_road_m": 3880,
        "distance_to_settlement_m": 11637,
        "legal_status": "no-go",
        "distance_to_smelter_km": 38.8,
        "area_ha": 1.77,
        "region_id": "SE",
        "fe_oxide_index": 2.404,
        "clay_index": 2.318,
        "ndvi_stress_index": 0.219,
        "tmi_structural_nT": 45158.5,
        "tmi_anomaly_nT": 158.5,
        "elevation_mdpl": 652.0,
        "geochem_assay_ratio": 2.98
      },
      "geometry": {
        "type": "Polygon",
        "coordinates": [
          [
            [
              121.553,
              -2.539
            ],
            [
              121.565,
              -2.539
            ],
            [
              121.565,
              -2.527
            ],
            [
              121.553,
              -2.527
            ],
            [
              121.553,
              -2.539
            ]
          ]
        ]
      }
    },
    {
      "type": "Feature",
      "properties": {
        "grid_id": "SOR176",
        "site": "sorowako",
        "location_label": "Sorowako Nuha North Inland Mountain Ridge - Sulawesi Selatan greenfield nickel laterite",
        "lithology": "serpentinite_simulated",
        "slope_deg": 18.4,
        "distance_to_river_m": 2684,
        "distance_to_road_m": 1564,
        "distance_to_settlement_m": 9700,
        "legal_status": "no-go",
        "distance_to_smelter_km": 42.9,
        "area_ha": 1.77,
        "region_id": "SE",
        "fe_oxide_index": 2.157,
        "clay_index": 2.374,
        "ndvi_stress_index": 0.205,
        "tmi_structural_nT": 45254.6,
        "tmi_anomaly_nT": 254.6,
        "elevation_mdpl": 642.1,
        "geochem_assay_ratio": 1.74
      },
      "geometry": {
        "type": "Polygon",
        "coordinates": [
          [
            [
              121.565,
              -2.539
            ],
            [
              121.577,
              -2.539
            ],
            [
              121.577,
              -2.527
            ],
            [
              121.565,
              -2.527
            ],
            [
              121.565,
              -2.539
            ]
          ]
        ]
      }
    },
    {
      "type": "Feature",
      "properties": {
        "grid_id": "SOR177",
        "site": "sorowako",
        "location_label": "Sorowako Nuha North Inland Mountain Ridge - Sulawesi Selatan greenfield nickel laterite",
        "lithology": "serpentinite_simulated",
        "slope_deg": 21.0,
        "distance_to_river_m": 929,
        "distance_to_road_m": 5784,
        "distance_to_settlement_m": 5566,
        "legal_status": "no-go",
        "distance_to_smelter_km": 47.2,
        "area_ha": 1.77,
        "region_id": "SE",
        "fe_oxide_index": 1.937,
        "clay_index": 1.667,
        "ndvi_stress_index": 0.346,
        "tmi_structural_nT": 45884.0,
        "tmi_anomaly_nT": 884.0,
        "elevation_mdpl": 627.8,
        "geochem_assay_ratio": 2.79
      },
      "geometry": {
        "type": "Polygon",
        "coordinates": [
          [
            [
              121.577,
              -2.539
            ],
            [
              121.589,
              -2.539
            ],
            [
              121.589,
              -2.527
            ],
            [
              121.577,
              -2.527
            ],
            [
              121.577,
              -2.539
            ]
          ]
        ]
      }
    },
    {
      "type": "Feature",
      "properties": {
        "grid_id": "SOR178",
        "site": "sorowako",
        "location_label": "Sorowako Nuha North Inland Mountain Ridge - Sulawesi Selatan greenfield nickel laterite",
        "lithology": "serpentinite_simulated",
        "slope_deg": 13.8,
        "distance_to_river_m": 1742,
        "distance_to_road_m": 5143,
        "distance_to_settlement_m": 6660,
        "legal_status": "no-go",
        "distance_to_smelter_km": 51.5,
        "area_ha": 1.77,
        "region_id": "SE",
        "fe_oxide_index": 2.407,
        "clay_index": 1.612,
        "ndvi_stress_index": 0.232,
        "tmi_structural_nT": 45291.5,
        "tmi_anomaly_nT": 291.5,
        "elevation_mdpl": 648.2,
        "geochem_assay_ratio": 3.02
      },
      "geometry": {
        "type": "Polygon",
        "coordinates": [
          [
            [
              121.589,
              -2.539
            ],
            [
              121.601,
              -2.539
            ],
            [
              121.601,
              -2.527
            ],
            [
              121.589,
              -2.527
            ],
            [
              121.589,
              -2.539
            ]
          ]
        ]
      }
    },
    {
      "type": "Feature",
      "properties": {
        "grid_id": "SOR179",
        "site": "sorowako",
        "location_label": "Sorowako Nuha North Inland Mountain Ridge - Sulawesi Selatan greenfield nickel laterite",
        "lithology": "ultramafic_simulated",
        "slope_deg": 18.1,
        "distance_to_river_m": 399,
        "distance_to_road_m": 3141,
        "distance_to_settlement_m": 5273,
        "legal_status": "no-go",
        "distance_to_smelter_km": 55.8,
        "area_ha": 1.77,
        "region_id": "SE",
        "fe_oxide_index": 2.128,
        "clay_index": 2.43,
        "ndvi_stress_index": 0.287,
        "tmi_structural_nT": 45653.9,
        "tmi_anomaly_nT": 653.9,
        "elevation_mdpl": 649.1,
        "geochem_assay_ratio": 2.94
      },
      "geometry": {
        "type": "Polygon",
        "coordinates": [
          [
            [
              121.601,
              -2.539
            ],
            [
              121.613,
              -2.539
            ],
            [
              121.613,
              -2.527
            ],
            [
              121.601,
              -2.527
            ],
            [
              121.601,
              -2.539
            ]
          ]
        ]
      }
    },
    {
      "type": "Feature",
      "properties": {
        "grid_id": "SOR180",
        "site": "sorowako",
        "location_label": "Sorowako Nuha North Inland Mountain Ridge - Sulawesi Selatan greenfield nickel laterite",
        "lithology": "peridotite_simulated",
        "slope_deg": 22.9,
        "distance_to_river_m": 638,
        "distance_to_road_m": 5691,
        "distance_to_settlement_m": 11977,
        "legal_status": "no-go",
        "distance_to_smelter_km": 60.1,
        "area_ha": 1.77,
        "region_id": "SE",
        "fe_oxide_index": 2.411,
        "clay_index": 1.832,
        "ndvi_stress_index": 0.369,
        "tmi_structural_nT": 45743.8,
        "tmi_anomaly_nT": 743.8,
        "elevation_mdpl": 660.0,
        "geochem_assay_ratio": 2.26
      },
      "geometry": {
        "type": "Polygon",
        "coordinates": [
          [
            [
              121.613,
              -2.539
            ],
            [
              121.625,
              -2.539
            ],
            [
              121.625,
              -2.527
            ],
            [
              121.613,
              -2.527
            ],
            [
              121.613,
              -2.539
            ]
          ]
        ]
      }
    },
    {
      "type": "Feature",
      "properties": {
        "grid_id": "SOR181",
        "site": "sorowako",
        "location_label": "Sorowako Nuha North Inland Mountain Ridge - Sulawesi Selatan greenfield nickel laterite",
        "lithology": "ultramafic_simulated",
        "slope_deg": 20.4,
        "distance_to_river_m": 2595,
        "distance_to_road_m": 2510,
        "distance_to_settlement_m": 11283,
        "legal_status": "no-go",
        "distance_to_smelter_km": 59.6,
        "area_ha": 1.77,
        "region_id": "SW",
        "fe_oxide_index": 2.161,
        "clay_index": 2.331,
        "ndvi_stress_index": 0.311,
        "tmi_structural_nT": 46052.6,
        "tmi_anomaly_nT": 1052.6,
        "elevation_mdpl": 623.2,
        "geochem_assay_ratio": 2.17
      },
      "geometry": {
        "type": "Polygon",
        "coordinates": [
          [
            [
              121.385,
              -2.527
            ],
            [
              121.397,
              -2.527
            ],
            [
              121.397,
              -2.515
            ],
            [
              121.385,
              -2.515
            ],
            [
              121.385,
              -2.527
            ]
          ]
        ]
      }
    },
    {
      "type": "Feature",
      "properties": {
        "grid_id": "SOR182",
        "site": "sorowako",
        "location_label": "Sorowako Nuha North Inland Mountain Ridge - Sulawesi Selatan greenfield nickel laterite",
        "lithology": "peridotite_simulated",
        "slope_deg": 16.3,
        "distance_to_river_m": 1724,
        "distance_to_road_m": 6354,
        "distance_to_settlement_m": 10786,
        "legal_status": "no-go",
        "distance_to_smelter_km": 55.3,
        "area_ha": 1.77,
        "region_id": "SW",
        "fe_oxide_index": 1.847,
        "clay_index": 2.311,
        "ndvi_stress_index": 0.264,
        "tmi_structural_nT": 45842.1,
        "tmi_anomaly_nT": 842.1,
        "elevation_mdpl": 622.7,
        "geochem_assay_ratio": 3.0
      },
      "geometry": {
        "type": "Polygon",
        "coordinates": [
          [
            [
              121.397,
              -2.527
            ],
            [
              121.409,
              -2.527
            ],
            [
              121.409,
              -2.515
            ],
            [
              121.397,
              -2.515
            ],
            [
              121.397,
              -2.527
            ]
          ]
        ]
      }
    },
    {
      "type": "Feature",
      "properties": {
        "grid_id": "SOR183",
        "site": "sorowako",
        "location_label": "Sorowako Nuha North Inland Mountain Ridge - Sulawesi Selatan greenfield nickel laterite",
        "lithology": "peridotite_simulated",
        "slope_deg": 22.8,
        "distance_to_river_m": 1383,
        "distance_to_road_m": 3452,
        "distance_to_settlement_m": 10298,
        "legal_status": "no-go",
        "distance_to_smelter_km": 50.9,
        "area_ha": 1.77,
        "region_id": "SW",
        "fe_oxide_index": 2.509,
        "clay_index": 1.886,
        "ndvi_stress_index": 0.301,
        "tmi_structural_nT": 45864.9,
        "tmi_anomaly_nT": 864.9,
        "elevation_mdpl": 654.0,
        "geochem_assay_ratio": 2.51
      },
      "geometry": {
        "type": "Polygon",
        "coordinates": [
          [
            [
              121.409,
              -2.527
            ],
            [
              121.421,
              -2.527
            ],
            [
              121.421,
              -2.515
            ],
            [
              121.409,
              -2.515
            ],
            [
              121.409,
              -2.527
            ]
          ]
        ]
      }
    },
    {
      "type": "Feature",
      "properties": {
        "grid_id": "SOR184",
        "site": "sorowako",
        "location_label": "Sorowako Nuha North Inland Mountain Ridge - Sulawesi Selatan greenfield nickel laterite",
        "lithology": "ultramafic_simulated",
        "slope_deg": 19.2,
        "distance_to_river_m": 1161,
        "distance_to_road_m": 5521,
        "distance_to_settlement_m": 8762,
        "legal_status": "no-go",
        "distance_to_smelter_km": 46.5,
        "area_ha": 1.77,
        "region_id": "SW",
        "fe_oxide_index": 2.222,
        "clay_index": 2.131,
        "ndvi_stress_index": 0.289,
        "tmi_structural_nT": 45863.4,
        "tmi_anomaly_nT": 863.4,
        "elevation_mdpl": 638.1,
        "geochem_assay_ratio": 1.43
      },
      "geometry": {
        "type": "Polygon",
        "coordinates": [
          [
            [
              121.421,
              -2.527
            ],
            [
              121.433,
              -2.527
            ],
            [
              121.433,
              -2.515
            ],
            [
              121.421,
              -2.515
            ],
            [
              121.421,
              -2.527
            ]
          ]
        ]
      }
    },
    {
      "type": "Feature",
      "properties": {
        "grid_id": "SOR185",
        "site": "sorowako",
        "location_label": "Sorowako Nuha North Inland Mountain Ridge - Sulawesi Selatan greenfield nickel laterite",
        "lithology": "serpentinite_simulated",
        "slope_deg": 21.1,
        "distance_to_river_m": 468,
        "distance_to_road_m": 2518,
        "distance_to_settlement_m": 8537,
        "legal_status": "no-go",
        "distance_to_smelter_km": 42.2,
        "area_ha": 1.77,
        "region_id": "SW",
        "fe_oxide_index": 2.069,
        "clay_index": 2.111,
        "ndvi_stress_index": 0.277,
        "tmi_structural_nT": 45213.6,
        "tmi_anomaly_nT": 213.6,
        "elevation_mdpl": 639.2,
        "geochem_assay_ratio": 1.84
      },
      "geometry": {
        "type": "Polygon",
        "coordinates": [
          [
            [
              121.433,
              -2.527
            ],
            [
              121.445,
              -2.527
            ],
            [
              121.445,
              -2.515
            ],
            [
              121.433,
              -2.515
            ],
            [
              121.433,
              -2.527
            ]
          ]
        ]
      }
    },
    {
      "type": "Feature",
      "properties": {
        "grid_id": "SOR186",
        "site": "sorowako",
        "location_label": "Sorowako Nuha North Inland Mountain Ridge - Sulawesi Selatan greenfield nickel laterite",
        "lithology": "peridotite_simulated",
        "slope_deg": 16.0,
        "distance_to_river_m": 2200,
        "distance_to_road_m": 1952,
        "distance_to_settlement_m": 14375,
        "legal_status": "no-go",
        "distance_to_smelter_km": 37.8,
        "area_ha": 1.77,
        "region_id": "SW",
        "fe_oxide_index": 1.918,
        "clay_index": 2.224,
        "ndvi_stress_index": 0.404,
        "tmi_structural_nT": 45622.0,
        "tmi_anomaly_nT": 622.0,
        "elevation_mdpl": 702.9,
        "geochem_assay_ratio": 3.11
      },
      "geometry": {
        "type": "Polygon",
        "coordinates": [
          [
            [
              121.445,
              -2.527
            ],
            [
              121.457,
              -2.527
            ],
            [
              121.457,
              -2.515
            ],
            [
              121.445,
              -2.515
            ],
            [
              121.445,
              -2.527
            ]
          ]
        ]
      }
    },
    {
      "type": "Feature",
      "properties": {
        "grid_id": "SOR187",
        "site": "sorowako",
        "location_label": "Sorowako Nuha North Inland Mountain Ridge - Sulawesi Selatan greenfield nickel laterite",
        "lithology": "serpentinite_simulated",
        "slope_deg": 16.7,
        "distance_to_river_m": 2274,
        "distance_to_road_m": 6317,
        "distance_to_settlement_m": 13674,
        "legal_status": "no-go",
        "distance_to_smelter_km": 33.5,
        "area_ha": 1.77,
        "region_id": "SW",
        "fe_oxide_index": 2.551,
        "clay_index": 2.298,
        "ndvi_stress_index": 0.185,
        "tmi_structural_nT": 46066.8,
        "tmi_anomaly_nT": 1066.8,
        "elevation_mdpl": 680.6,
        "geochem_assay_ratio": 2.91
      },
      "geometry": {
        "type": "Polygon",
        "coordinates": [
          [
            [
              121.457,
              -2.527
            ],
            [
              121.469,
              -2.527
            ],
            [
              121.469,
              -2.515
            ],
            [
              121.457,
              -2.515
            ],
            [
              121.457,
              -2.527
            ]
          ]
        ]
      }
    },
    {
      "type": "Feature",
      "properties": {
        "grid_id": "SOR188",
        "site": "sorowako",
        "location_label": "Sorowako Nuha North Inland Mountain Ridge - Sulawesi Selatan greenfield nickel laterite",
        "lithology": "serpentinite_simulated",
        "slope_deg": 21.8,
        "distance_to_river_m": 2954,
        "distance_to_road_m": 4657,
        "distance_to_settlement_m": 13674,
        "legal_status": "no-go",
        "distance_to_smelter_km": 29.2,
        "area_ha": 1.77,
        "region_id": "SW",
        "fe_oxide_index": 1.836,
        "clay_index": 2.336,
        "ndvi_stress_index": 0.378,
        "tmi_structural_nT": 46040.5,
        "tmi_anomaly_nT": 1040.5,
        "elevation_mdpl": 667.1,
        "geochem_assay_ratio": 2.14
      },
      "geometry": {
        "type": "Polygon",
        "coordinates": [
          [
            [
              121.469,
              -2.527
            ],
            [
              121.481,
              -2.527
            ],
            [
              121.481,
              -2.515
            ],
            [
              121.469,
              -2.515
            ],
            [
              121.469,
              -2.527
            ]
          ]
        ]
      }
    },
    {
      "type": "Feature",
      "properties": {
        "grid_id": "SOR189",
        "site": "sorowako",
        "location_label": "Sorowako Nuha North Inland Mountain Ridge - Sulawesi Selatan greenfield nickel laterite",
        "lithology": "serpentinite_simulated",
        "slope_deg": 13.7,
        "distance_to_river_m": 1788,
        "distance_to_road_m": 6348,
        "distance_to_settlement_m": 13137,
        "legal_status": "no-go",
        "distance_to_smelter_km": 24.9,
        "area_ha": 1.77,
        "region_id": "SW",
        "fe_oxide_index": 2.135,
        "clay_index": 2.007,
        "ndvi_stress_index": 0.356,
        "tmi_structural_nT": 45360.7,
        "tmi_anomaly_nT": 360.7,
        "elevation_mdpl": 688.7,
        "geochem_assay_ratio": 2.89
      },
      "geometry": {
        "type": "Polygon",
        "coordinates": [
          [
            [
              121.481,
              -2.527
            ],
            [
              121.493,
              -2.527
            ],
            [
              121.493,
              -2.515
            ],
            [
              121.481,
              -2.515
            ],
            [
              121.481,
              -2.527
            ]
          ]
        ]
      }
    },
    {
      "type": "Feature",
      "properties": {
        "grid_id": "SOR190",
        "site": "sorowako",
        "location_label": "Sorowako Nuha North Inland Mountain Ridge - Sulawesi Selatan greenfield nickel laterite",
        "lithology": "serpentinite_simulated",
        "slope_deg": 22.4,
        "distance_to_river_m": 623,
        "distance_to_road_m": 5093,
        "distance_to_settlement_m": 8787,
        "legal_status": "no-go",
        "distance_to_smelter_km": 21.1,
        "area_ha": 1.77,
        "region_id": "SW",
        "fe_oxide_index": 2.507,
        "clay_index": 1.701,
        "ndvi_stress_index": 0.351,
        "tmi_structural_nT": 45290.5,
        "tmi_anomaly_nT": 290.5,
        "elevation_mdpl": 706.2,
        "geochem_assay_ratio": 2.81
      },
      "geometry": {
        "type": "Polygon",
        "coordinates": [
          [
            [
              121.493,
              -2.527
            ],
            [
              121.505,
              -2.527
            ],
            [
              121.505,
              -2.515
            ],
            [
              121.493,
              -2.515
            ],
            [
              121.493,
              -2.527
            ]
          ]
        ]
      }
    },
    {
      "type": "Feature",
      "properties": {
        "grid_id": "SOR191",
        "site": "sorowako",
        "location_label": "Sorowako Nuha North Inland Mountain Ridge - Sulawesi Selatan greenfield nickel laterite",
        "lithology": "ultramafic_simulated",
        "slope_deg": 19.6,
        "distance_to_river_m": 2363,
        "distance_to_road_m": 5042,
        "distance_to_settlement_m": 12097,
        "legal_status": "no-go",
        "distance_to_smelter_km": 21.1,
        "area_ha": 1.77,
        "region_id": "SE",
        "fe_oxide_index": 1.862,
        "clay_index": 1.883,
        "ndvi_stress_index": 0.236,
        "tmi_structural_nT": 46008.2,
        "tmi_anomaly_nT": 1008.2,
        "elevation_mdpl": 719.7,
        "geochem_assay_ratio": 3.09
      },
      "geometry": {
        "type": "Polygon",
        "coordinates": [
          [
            [
              121.505,
              -2.527
            ],
            [
              121.517,
              -2.527
            ],
            [
              121.517,
              -2.515
            ],
            [
              121.505,
              -2.515
            ],
            [
              121.505,
              -2.527
            ]
          ]
        ]
      }
    },
    {
      "type": "Feature",
      "properties": {
        "grid_id": "SOR192",
        "site": "sorowako",
        "location_label": "Sorowako Nuha North Inland Mountain Ridge - Sulawesi Selatan greenfield nickel laterite",
        "lithology": "serpentinite_simulated",
        "slope_deg": 13.4,
        "distance_to_river_m": 2825,
        "distance_to_road_m": 5674,
        "distance_to_settlement_m": 12226,
        "legal_status": "no-go",
        "distance_to_smelter_km": 24.9,
        "area_ha": 1.77,
        "region_id": "SE",
        "fe_oxide_index": 2.721,
        "clay_index": 2.121,
        "ndvi_stress_index": 0.363,
        "tmi_structural_nT": 45363.8,
        "tmi_anomaly_nT": 363.8,
        "elevation_mdpl": 651.3,
        "geochem_assay_ratio": 3.01
      },
      "geometry": {
        "type": "Polygon",
        "coordinates": [
          [
            [
              121.517,
              -2.527
            ],
            [
              121.529,
              -2.527
            ],
            [
              121.529,
              -2.515
            ],
            [
              121.517,
              -2.515
            ],
            [
              121.517,
              -2.527
            ]
          ]
        ]
      }
    },
    {
      "type": "Feature",
      "properties": {
        "grid_id": "SOR193",
        "site": "sorowako",
        "location_label": "Sorowako Nuha North Inland Mountain Ridge - Sulawesi Selatan greenfield nickel laterite",
        "lithology": "ultramafic_simulated",
        "slope_deg": 21.5,
        "distance_to_river_m": 641,
        "distance_to_road_m": 1968,
        "distance_to_settlement_m": 13550,
        "legal_status": "no-go",
        "distance_to_smelter_km": 29.2,
        "area_ha": 1.77,
        "region_id": "SE",
        "fe_oxide_index": 2.334,
        "clay_index": 1.832,
        "ndvi_stress_index": 0.394,
        "tmi_structural_nT": 45685.7,
        "tmi_anomaly_nT": 685.7,
        "elevation_mdpl": 678.4,
        "geochem_assay_ratio": 3.15
      },
      "geometry": {
        "type": "Polygon",
        "coordinates": [
          [
            [
              121.529,
              -2.527
            ],
            [
              121.541,
              -2.527
            ],
            [
              121.541,
              -2.515
            ],
            [
              121.529,
              -2.515
            ],
            [
              121.529,
              -2.527
            ]
          ]
        ]
      }
    },
    {
      "type": "Feature",
      "properties": {
        "grid_id": "SOR194",
        "site": "sorowako",
        "location_label": "Sorowako Nuha North Inland Mountain Ridge - Sulawesi Selatan greenfield nickel laterite",
        "lithology": "serpentinite_simulated",
        "slope_deg": 22.7,
        "distance_to_river_m": 2196,
        "distance_to_road_m": 6254,
        "distance_to_settlement_m": 7574,
        "legal_status": "no-go",
        "distance_to_smelter_km": 33.5,
        "area_ha": 1.77,
        "region_id": "SE",
        "fe_oxide_index": 2.805,
        "clay_index": 2.084,
        "ndvi_stress_index": 0.231,
        "tmi_structural_nT": 45148.7,
        "tmi_anomaly_nT": 148.7,
        "elevation_mdpl": 684.4,
        "geochem_assay_ratio": 1.98
      },
      "geometry": {
        "type": "Polygon",
        "coordinates": [
          [
            [
              121.541,
              -2.527
            ],
            [
              121.553,
              -2.527
            ],
            [
              121.553,
              -2.515
            ],
            [
              121.541,
              -2.515
            ],
            [
              121.541,
              -2.527
            ]
          ]
        ]
      }
    },
    {
      "type": "Feature",
      "properties": {
        "grid_id": "SOR195",
        "site": "sorowako",
        "location_label": "Sorowako Nuha North Inland Mountain Ridge - Sulawesi Selatan greenfield nickel laterite",
        "lithology": "serpentinite_simulated",
        "slope_deg": 19.3,
        "distance_to_river_m": 2710,
        "distance_to_road_m": 4063,
        "distance_to_settlement_m": 9386,
        "legal_status": "no-go",
        "distance_to_smelter_km": 37.8,
        "area_ha": 1.77,
        "region_id": "SE",
        "fe_oxide_index": 2.391,
        "clay_index": 1.96,
        "ndvi_stress_index": 0.362,
        "tmi_structural_nT": 45911.0,
        "tmi_anomaly_nT": 911.0,
        "elevation_mdpl": 681.4,
        "geochem_assay_ratio": 2.18
      },
      "geometry": {
        "type": "Polygon",
        "coordinates": [
          [
            [
              121.553,
              -2.527
            ],
            [
              121.565,
              -2.527
            ],
            [
              121.565,
              -2.515
            ],
            [
              121.553,
              -2.515
            ],
            [
              121.553,
              -2.527
            ]
          ]
        ]
      }
    },
    {
      "type": "Feature",
      "properties": {
        "grid_id": "SOR196",
        "site": "sorowako",
        "location_label": "Sorowako Nuha North Inland Mountain Ridge - Sulawesi Selatan greenfield nickel laterite",
        "lithology": "serpentinite_simulated",
        "slope_deg": 12.5,
        "distance_to_river_m": 594,
        "distance_to_road_m": 3625,
        "distance_to_settlement_m": 5039,
        "legal_status": "no-go",
        "distance_to_smelter_km": 42.2,
        "area_ha": 1.77,
        "region_id": "SE",
        "fe_oxide_index": 2.066,
        "clay_index": 1.817,
        "ndvi_stress_index": 0.2,
        "tmi_structural_nT": 45603.4,
        "tmi_anomaly_nT": 603.4,
        "elevation_mdpl": 631.4,
        "geochem_assay_ratio": 2.59
      },
      "geometry": {
        "type": "Polygon",
        "coordinates": [
          [
            [
              121.565,
              -2.527
            ],
            [
              121.577,
              -2.527
            ],
            [
              121.577,
              -2.515
            ],
            [
              121.565,
              -2.515
            ],
            [
              121.565,
              -2.527
            ]
          ]
        ]
      }
    },
    {
      "type": "Feature",
      "properties": {
        "grid_id": "SOR197",
        "site": "sorowako",
        "location_label": "Sorowako Nuha North Inland Mountain Ridge - Sulawesi Selatan greenfield nickel laterite",
        "lithology": "serpentinite_simulated",
        "slope_deg": 13.9,
        "distance_to_river_m": 1673,
        "distance_to_road_m": 4959,
        "distance_to_settlement_m": 13557,
        "legal_status": "no-go",
        "distance_to_smelter_km": 46.5,
        "area_ha": 1.77,
        "region_id": "SE",
        "fe_oxide_index": 2.823,
        "clay_index": 1.907,
        "ndvi_stress_index": 0.342,
        "tmi_structural_nT": 45790.3,
        "tmi_anomaly_nT": 790.3,
        "elevation_mdpl": 659.5,
        "geochem_assay_ratio": 1.94
      },
      "geometry": {
        "type": "Polygon",
        "coordinates": [
          [
            [
              121.577,
              -2.527
            ],
            [
              121.589,
              -2.527
            ],
            [
              121.589,
              -2.515
            ],
            [
              121.577,
              -2.515
            ],
            [
              121.577,
              -2.527
            ]
          ]
        ]
      }
    },
    {
      "type": "Feature",
      "properties": {
        "grid_id": "SOR198",
        "site": "sorowako",
        "location_label": "Sorowako Nuha North Inland Mountain Ridge - Sulawesi Selatan greenfield nickel laterite",
        "lithology": "peridotite_simulated",
        "slope_deg": 21.5,
        "distance_to_river_m": 1989,
        "distance_to_road_m": 2507,
        "distance_to_settlement_m": 10264,
        "legal_status": "no-go",
        "distance_to_smelter_km": 50.9,
        "area_ha": 1.77,
        "region_id": "SE",
        "fe_oxide_index": 2.426,
        "clay_index": 2.071,
        "ndvi_stress_index": 0.25,
        "tmi_structural_nT": 45587.5,
        "tmi_anomaly_nT": 587.5,
        "elevation_mdpl": 668.6,
        "geochem_assay_ratio": 2.46
      },
      "geometry": {
        "type": "Polygon",
        "coordinates": [
          [
            [
              121.589,
              -2.527
            ],
            [
              121.601,
              -2.527
            ],
            [
              121.601,
              -2.515
            ],
            [
              121.589,
              -2.515
            ],
            [
              121.589,
              -2.527
            ]
          ]
        ]
      }
    },
    {
      "type": "Feature",
      "properties": {
        "grid_id": "SOR199",
        "site": "sorowako",
        "location_label": "Sorowako Nuha North Inland Mountain Ridge - Sulawesi Selatan greenfield nickel laterite",
        "lithology": "serpentinite_simulated",
        "slope_deg": 22.0,
        "distance_to_river_m": 1270,
        "distance_to_road_m": 4511,
        "distance_to_settlement_m": 13267,
        "legal_status": "no-go",
        "distance_to_smelter_km": 55.3,
        "area_ha": 1.77,
        "region_id": "SE",
        "fe_oxide_index": 2.108,
        "clay_index": 2.205,
        "ndvi_stress_index": 0.41,
        "tmi_structural_nT": 45933.1,
        "tmi_anomaly_nT": 933.1,
        "elevation_mdpl": 687.3,
        "geochem_assay_ratio": 2.72
      },
      "geometry": {
        "type": "Polygon",
        "coordinates": [
          [
            [
              121.601,
              -2.527
            ],
            [
              121.613,
              -2.527
            ],
            [
              121.613,
              -2.515
            ],
            [
              121.601,
              -2.515
            ],
            [
              121.601,
              -2.527
            ]
          ]
        ]
      }
    },
    {
      "type": "Feature",
      "properties": {
        "grid_id": "SOR200",
        "site": "sorowako",
        "location_label": "Sorowako Nuha North Inland Mountain Ridge - Sulawesi Selatan greenfield nickel laterite",
        "lithology": "mafic_volcanic_simulated",
        "slope_deg": 12.4,
        "distance_to_river_m": 466,
        "distance_to_road_m": 3653,
        "distance_to_settlement_m": 10793,
        "legal_status": "no-go",
        "distance_to_smelter_km": 59.6,
        "area_ha": 1.77,
        "region_id": "SE",
        "fe_oxide_index": 1.255,
        "clay_index": 1.17,
        "ndvi_stress_index": 0.599,
        "tmi_structural_nT": 44446.7,
        "tmi_anomaly_nT": -553.3,
        "elevation_mdpl": 707.8,
        "geochem_assay_ratio": 4.17
      },
      "geometry": {
        "type": "Polygon",
        "coordinates": [
          [
            [
              121.613,
              -2.527
            ],
            [
              121.625,
              -2.527
            ],
            [
              121.625,
              -2.515
            ],
            [
              121.613,
              -2.515
            ],
            [
              121.613,
              -2.527
            ]
          ]
        ]
      }
    },
    {
      "type": "Feature",
      "properties": {
        "grid_id": "SOR201",
        "site": "sorowako",
        "location_label": "Sorowako Nuha North Inland Mountain Ridge - Sulawesi Selatan greenfield nickel laterite",
        "lithology": "mafic_volcanic_simulated",
        "slope_deg": 22.0,
        "distance_to_river_m": 739,
        "distance_to_road_m": 2961,
        "distance_to_settlement_m": 8857,
        "legal_status": "no-go",
        "distance_to_smelter_km": 59.6,
        "area_ha": 1.77,
        "region_id": "NW",
        "fe_oxide_index": 1.16,
        "clay_index": 1.324,
        "ndvi_stress_index": 0.594,
        "tmi_structural_nT": 44537.8,
        "tmi_anomaly_nT": -462.2,
        "elevation_mdpl": 704.9,
        "geochem_assay_ratio": 4.6
      },
      "geometry": {
        "type": "Polygon",
        "coordinates": [
          [
            [
              121.385,
              -2.515
            ],
            [
              121.397,
              -2.515
            ],
            [
              121.397,
              -2.503
            ],
            [
              121.385,
              -2.503
            ],
            [
              121.385,
              -2.515
            ]
          ]
        ]
      }
    },
    {
      "type": "Feature",
      "properties": {
        "grid_id": "SOR202",
        "site": "sorowako",
        "location_label": "Sorowako Nuha North Inland Mountain Ridge - Sulawesi Selatan greenfield nickel laterite",
        "lithology": "peridotite_simulated",
        "slope_deg": 21.4,
        "distance_to_river_m": 2600,
        "distance_to_road_m": 3309,
        "distance_to_settlement_m": 4327,
        "legal_status": "no-go",
        "distance_to_smelter_km": 55.3,
        "area_ha": 1.77,
        "region_id": "NW",
        "fe_oxide_index": 2.831,
        "clay_index": 1.74,
        "ndvi_stress_index": 0.195,
        "tmi_structural_nT": 45859.2,
        "tmi_anomaly_nT": 859.2,
        "elevation_mdpl": 686.0,
        "geochem_assay_ratio": 2.55
      },
      "geometry": {
        "type": "Polygon",
        "coordinates": [
          [
            [
              121.397,
              -2.515
            ],
            [
              121.409,
              -2.515
            ],
            [
              121.409,
              -2.503
            ],
            [
              121.397,
              -2.503
            ],
            [
              121.397,
              -2.515
            ]
          ]
        ]
      }
    },
    {
      "type": "Feature",
      "properties": {
        "grid_id": "SOR203",
        "site": "sorowako",
        "location_label": "Sorowako Nuha North Inland Mountain Ridge - Sulawesi Selatan greenfield nickel laterite",
        "lithology": "ultramafic_simulated",
        "slope_deg": 19.2,
        "distance_to_river_m": 2317,
        "distance_to_road_m": 5938,
        "distance_to_settlement_m": 12597,
        "legal_status": "no-go",
        "distance_to_smelter_km": 50.9,
        "area_ha": 1.77,
        "region_id": "NW",
        "fe_oxide_index": 2.117,
        "clay_index": 1.631,
        "ndvi_stress_index": 0.26,
        "tmi_structural_nT": 45825.1,
        "tmi_anomaly_nT": 825.1,
        "elevation_mdpl": 694.0,
        "geochem_assay_ratio": 1.63
      },
      "geometry": {
        "type": "Polygon",
        "coordinates": [
          [
            [
              121.409,
              -2.515
            ],
            [
              121.421,
              -2.515
            ],
            [
              121.421,
              -2.503
            ],
            [
              121.409,
              -2.503
            ],
            [
              121.409,
              -2.515
            ]
          ]
        ]
      }
    },
    {
      "type": "Feature",
      "properties": {
        "grid_id": "SOR204",
        "site": "sorowako",
        "location_label": "Sorowako Nuha North Inland Mountain Ridge - Sulawesi Selatan greenfield nickel laterite",
        "lithology": "serpentinite_simulated",
        "slope_deg": 15.3,
        "distance_to_river_m": 2432,
        "distance_to_road_m": 3766,
        "distance_to_settlement_m": 14812,
        "legal_status": "no-go",
        "distance_to_smelter_km": 46.5,
        "area_ha": 1.77,
        "region_id": "NW",
        "fe_oxide_index": 2.459,
        "clay_index": 2.053,
        "ndvi_stress_index": 0.323,
        "tmi_structural_nT": 45450.3,
        "tmi_anomaly_nT": 450.3,
        "elevation_mdpl": 648.5,
        "geochem_assay_ratio": 2.81
      },
      "geometry": {
        "type": "Polygon",
        "coordinates": [
          [
            [
              121.421,
              -2.515
            ],
            [
              121.433,
              -2.515
            ],
            [
              121.433,
              -2.503
            ],
            [
              121.421,
              -2.503
            ],
            [
              121.421,
              -2.515
            ]
          ]
        ]
      }
    },
    {
      "type": "Feature",
      "properties": {
        "grid_id": "SOR205",
        "site": "sorowako",
        "location_label": "Sorowako Nuha North Inland Mountain Ridge - Sulawesi Selatan greenfield nickel laterite",
        "lithology": "peridotite_simulated",
        "slope_deg": 14.9,
        "distance_to_river_m": 1737,
        "distance_to_road_m": 3617,
        "distance_to_settlement_m": 8841,
        "legal_status": "no-go",
        "distance_to_smelter_km": 42.2,
        "area_ha": 1.77,
        "region_id": "NW",
        "fe_oxide_index": 2.822,
        "clay_index": 2.3,
        "ndvi_stress_index": 0.215,
        "tmi_structural_nT": 45227.1,
        "tmi_anomaly_nT": 227.1,
        "elevation_mdpl": 691.1,
        "geochem_assay_ratio": 1.63
      },
      "geometry": {
        "type": "Polygon",
        "coordinates": [
          [
            [
              121.433,
              -2.515
            ],
            [
              121.445,
              -2.515
            ],
            [
              121.445,
              -2.503
            ],
            [
              121.433,
              -2.503
            ],
            [
              121.433,
              -2.515
            ]
          ]
        ]
      }
    },
    {
      "type": "Feature",
      "properties": {
        "grid_id": "SOR206",
        "site": "sorowako",
        "location_label": "Sorowako Nuha North Inland Mountain Ridge - Sulawesi Selatan greenfield nickel laterite",
        "lithology": "peridotite_simulated",
        "slope_deg": 12.5,
        "distance_to_river_m": 2891,
        "distance_to_road_m": 5945,
        "distance_to_settlement_m": 6371,
        "legal_status": "no-go",
        "distance_to_smelter_km": 37.8,
        "area_ha": 1.77,
        "region_id": "NW",
        "fe_oxide_index": 1.928,
        "clay_index": 1.896,
        "ndvi_stress_index": 0.389,
        "tmi_structural_nT": 45517.6,
        "tmi_anomaly_nT": 517.6,
        "elevation_mdpl": 677.3,
        "geochem_assay_ratio": 2.42
      },
      "geometry": {
        "type": "Polygon",
        "coordinates": [
          [
            [
              121.445,
              -2.515
            ],
            [
              121.457,
              -2.515
            ],
            [
              121.457,
              -2.503
            ],
            [
              121.445,
              -2.503
            ],
            [
              121.445,
              -2.515
            ]
          ]
        ]
      }
    },
    {
      "type": "Feature",
      "properties": {
        "grid_id": "SOR207",
        "site": "sorowako",
        "location_label": "Sorowako Nuha North Inland Mountain Ridge - Sulawesi Selatan greenfield nickel laterite",
        "lithology": "peridotite_simulated",
        "slope_deg": 21.5,
        "distance_to_river_m": 2345,
        "distance_to_road_m": 4360,
        "distance_to_settlement_m": 12758,
        "legal_status": "no-go",
        "distance_to_smelter_km": 33.5,
        "area_ha": 1.77,
        "region_id": "NW",
        "fe_oxide_index": 1.93,
        "clay_index": 2.075,
        "ndvi_stress_index": 0.226,
        "tmi_structural_nT": 45718.7,
        "tmi_anomaly_nT": 718.7,
        "elevation_mdpl": 677.7,
        "geochem_assay_ratio": 1.5
      },
      "geometry": {
        "type": "Polygon",
        "coordinates": [
          [
            [
              121.457,
              -2.515
            ],
            [
              121.469,
              -2.515
            ],
            [
              121.469,
              -2.503
            ],
            [
              121.457,
              -2.503
            ],
            [
              121.457,
              -2.515
            ]
          ]
        ]
      }
    },
    {
      "type": "Feature",
      "properties": {
        "grid_id": "SOR208",
        "site": "sorowako",
        "location_label": "Sorowako Nuha North Inland Mountain Ridge - Sulawesi Selatan greenfield nickel laterite",
        "lithology": "mafic_volcanic_simulated",
        "slope_deg": 15.5,
        "distance_to_river_m": 1031,
        "distance_to_road_m": 2073,
        "distance_to_settlement_m": 5093,
        "legal_status": "no-go",
        "distance_to_smelter_km": 29.2,
        "area_ha": 1.77,
        "region_id": "NW",
        "fe_oxide_index": 1.253,
        "clay_index": 1.045,
        "ndvi_stress_index": 0.586,
        "tmi_structural_nT": 44807.3,
        "tmi_anomaly_nT": -192.7,
        "elevation_mdpl": 636.9,
        "geochem_assay_ratio": 5.04
      },
      "geometry": {
        "type": "Polygon",
        "coordinates": [
          [
            [
              121.469,
              -2.515
            ],
            [
              121.481,
              -2.515
            ],
            [
              121.481,
              -2.503
            ],
            [
              121.469,
              -2.503
            ],
            [
              121.469,
              -2.515
            ]
          ]
        ]
      }
    },
    {
      "type": "Feature",
      "properties": {
        "grid_id": "SOR209",
        "site": "sorowako",
        "location_label": "Sorowako Nuha North Inland Mountain Ridge - Sulawesi Selatan greenfield nickel laterite",
        "lithology": "peridotite_simulated",
        "slope_deg": 16.5,
        "distance_to_river_m": 1694,
        "distance_to_road_m": 3537,
        "distance_to_settlement_m": 6571,
        "legal_status": "no-go",
        "distance_to_smelter_km": 24.9,
        "area_ha": 1.77,
        "region_id": "NW",
        "fe_oxide_index": 2.812,
        "clay_index": 2.174,
        "ndvi_stress_index": 0.239,
        "tmi_structural_nT": 45654.7,
        "tmi_anomaly_nT": 654.7,
        "elevation_mdpl": 698.5,
        "geochem_assay_ratio": 1.95
      },
      "geometry": {
        "type": "Polygon",
        "coordinates": [
          [
            [
              121.481,
              -2.515
            ],
            [
              121.493,
              -2.515
            ],
            [
              121.493,
              -2.503
            ],
            [
              121.481,
              -2.503
            ],
            [
              121.481,
              -2.515
            ]
          ]
        ]
      }
    },
    {
      "type": "Feature",
      "properties": {
        "grid_id": "SOR210",
        "site": "sorowako",
        "location_label": "Sorowako Nuha North Inland Mountain Ridge - Sulawesi Selatan greenfield nickel laterite",
        "lithology": "ultramafic_simulated",
        "slope_deg": 16.2,
        "distance_to_river_m": 1306,
        "distance_to_road_m": 4661,
        "distance_to_settlement_m": 10437,
        "legal_status": "no-go",
        "distance_to_smelter_km": 21.1,
        "area_ha": 1.77,
        "region_id": "NW",
        "fe_oxide_index": 2.576,
        "clay_index": 2.079,
        "ndvi_stress_index": 0.252,
        "tmi_structural_nT": 45495.3,
        "tmi_anomaly_nT": 495.3,
        "elevation_mdpl": 632.3,
        "geochem_assay_ratio": 1.65
      },
      "geometry": {
        "type": "Polygon",
        "coordinates": [
          [
            [
              121.493,
              -2.515
            ],
            [
              121.505,
              -2.515
            ],
            [
              121.505,
              -2.503
            ],
            [
              121.493,
              -2.503
            ],
            [
              121.493,
              -2.515
            ]
          ]
        ]
      }
    },
    {
      "type": "Feature",
      "properties": {
        "grid_id": "SOR211",
        "site": "sorowako",
        "location_label": "Sorowako Nuha North Inland Mountain Ridge - Sulawesi Selatan greenfield nickel laterite",
        "lithology": "mafic_volcanic_simulated",
        "slope_deg": 19.4,
        "distance_to_river_m": 1486,
        "distance_to_road_m": 5976,
        "distance_to_settlement_m": 11736,
        "legal_status": "no-go",
        "distance_to_smelter_km": 21.1,
        "area_ha": 1.77,
        "region_id": "NE",
        "fe_oxide_index": 1.572,
        "clay_index": 1.325,
        "ndvi_stress_index": 0.522,
        "tmi_structural_nT": 44430.9,
        "tmi_anomaly_nT": -569.1,
        "elevation_mdpl": 703.2,
        "geochem_assay_ratio": 5.18
      },
      "geometry": {
        "type": "Polygon",
        "coordinates": [
          [
            [
              121.505,
              -2.515
            ],
            [
              121.517,
              -2.515
            ],
            [
              121.517,
              -2.503
            ],
            [
              121.505,
              -2.503
            ],
            [
              121.505,
              -2.515
            ]
          ]
        ]
      }
    },
    {
      "type": "Feature",
      "properties": {
        "grid_id": "SOR212",
        "site": "sorowako",
        "location_label": "Sorowako Nuha North Inland Mountain Ridge - Sulawesi Selatan greenfield nickel laterite",
        "lithology": "peridotite_simulated",
        "slope_deg": 15.3,
        "distance_to_river_m": 2376,
        "distance_to_road_m": 2671,
        "distance_to_settlement_m": 9432,
        "legal_status": "no-go",
        "distance_to_smelter_km": 24.9,
        "area_ha": 1.77,
        "region_id": "NE",
        "fe_oxide_index": 2.75,
        "clay_index": 2.201,
        "ndvi_stress_index": 0.23,
        "tmi_structural_nT": 45296.1,
        "tmi_anomaly_nT": 296.1,
        "elevation_mdpl": 702.1,
        "geochem_assay_ratio": 2.11
      },
      "geometry": {
        "type": "Polygon",
        "coordinates": [
          [
            [
              121.517,
              -2.515
            ],
            [
              121.529,
              -2.515
            ],
            [
              121.529,
              -2.503
            ],
            [
              121.517,
              -2.503
            ],
            [
              121.517,
              -2.515
            ]
          ]
        ]
      }
    },
    {
      "type": "Feature",
      "properties": {
        "grid_id": "SOR213",
        "site": "sorowako",
        "location_label": "Sorowako Nuha North Inland Mountain Ridge - Sulawesi Selatan greenfield nickel laterite",
        "lithology": "serpentinite_simulated",
        "slope_deg": 18.2,
        "distance_to_river_m": 1605,
        "distance_to_road_m": 6189,
        "distance_to_settlement_m": 11051,
        "legal_status": "no-go",
        "distance_to_smelter_km": 29.2,
        "area_ha": 1.77,
        "region_id": "NE",
        "fe_oxide_index": 2.845,
        "clay_index": 1.833,
        "ndvi_stress_index": 0.343,
        "tmi_structural_nT": 45566.6,
        "tmi_anomaly_nT": 566.6,
        "elevation_mdpl": 656.1,
        "geochem_assay_ratio": 2.77
      },
      "geometry": {
        "type": "Polygon",
        "coordinates": [
          [
            [
              121.529,
              -2.515
            ],
            [
              121.541,
              -2.515
            ],
            [
              121.541,
              -2.503
            ],
            [
              121.529,
              -2.503
            ],
            [
              121.529,
              -2.515
            ]
          ]
        ]
      }
    },
    {
      "type": "Feature",
      "properties": {
        "grid_id": "SOR214",
        "site": "sorowako",
        "location_label": "Sorowako Nuha North Inland Mountain Ridge - Sulawesi Selatan greenfield nickel laterite",
        "lithology": "peridotite_simulated",
        "slope_deg": 18.9,
        "distance_to_river_m": 1256,
        "distance_to_road_m": 2752,
        "distance_to_settlement_m": 5186,
        "legal_status": "no-go",
        "distance_to_smelter_km": 33.5,
        "area_ha": 1.77,
        "region_id": "NE",
        "fe_oxide_index": 1.857,
        "clay_index": 1.884,
        "ndvi_stress_index": 0.371,
        "tmi_structural_nT": 46043.5,
        "tmi_anomaly_nT": 1043.5,
        "elevation_mdpl": 697.6,
        "geochem_assay_ratio": 2.52
      },
      "geometry": {
        "type": "Polygon",
        "coordinates": [
          [
            [
              121.541,
              -2.515
            ],
            [
              121.553,
              -2.515
            ],
            [
              121.553,
              -2.503
            ],
            [
              121.541,
              -2.503
            ],
            [
              121.541,
              -2.515
            ]
          ]
        ]
      }
    },
    {
      "type": "Feature",
      "properties": {
        "grid_id": "SOR215",
        "site": "sorowako",
        "location_label": "Sorowako Nuha North Inland Mountain Ridge - Sulawesi Selatan greenfield nickel laterite",
        "lithology": "serpentinite_simulated",
        "slope_deg": 18.6,
        "distance_to_river_m": 2206,
        "distance_to_road_m": 1553,
        "distance_to_settlement_m": 8223,
        "legal_status": "no-go",
        "distance_to_smelter_km": 37.8,
        "area_ha": 1.77,
        "region_id": "NE",
        "fe_oxide_index": 2.784,
        "clay_index": 2.265,
        "ndvi_stress_index": 0.289,
        "tmi_structural_nT": 45428.2,
        "tmi_anomaly_nT": 428.2,
        "elevation_mdpl": 639.2,
        "geochem_assay_ratio": 1.58
      },
      "geometry": {
        "type": "Polygon",
        "coordinates": [
          [
            [
              121.553,
              -2.515
            ],
            [
              121.565,
              -2.515
            ],
            [
              121.565,
              -2.503
            ],
            [
              121.553,
              -2.503
            ],
            [
              121.553,
              -2.515
            ]
          ]
        ]
      }
    },
    {
      "type": "Feature",
      "properties": {
        "grid_id": "SOR216",
        "site": "sorowako",
        "location_label": "Sorowako Nuha North Inland Mountain Ridge - Sulawesi Selatan greenfield nickel laterite",
        "lithology": "serpentinite_simulated",
        "slope_deg": 15.8,
        "distance_to_river_m": 1357,
        "distance_to_road_m": 1540,
        "distance_to_settlement_m": 10451,
        "legal_status": "no-go",
        "distance_to_smelter_km": 42.2,
        "area_ha": 1.77,
        "region_id": "NE",
        "fe_oxide_index": 2.332,
        "clay_index": 2.31,
        "ndvi_stress_index": 0.386,
        "tmi_structural_nT": 45522.1,
        "tmi_anomaly_nT": 522.1,
        "elevation_mdpl": 639.5,
        "geochem_assay_ratio": 1.76
      },
      "geometry": {
        "type": "Polygon",
        "coordinates": [
          [
            [
              121.565,
              -2.515
            ],
            [
              121.577,
              -2.515
            ],
            [
              121.577,
              -2.503
            ],
            [
              121.565,
              -2.503
            ],
            [
              121.565,
              -2.515
            ]
          ]
        ]
      }
    },
    {
      "type": "Feature",
      "properties": {
        "grid_id": "SOR217",
        "site": "sorowako",
        "location_label": "Sorowako Nuha North Inland Mountain Ridge - Sulawesi Selatan greenfield nickel laterite",
        "lithology": "serpentinite_simulated",
        "slope_deg": 20.1,
        "distance_to_river_m": 3062,
        "distance_to_road_m": 3158,
        "distance_to_settlement_m": 12141,
        "legal_status": "no-go",
        "distance_to_smelter_km": 46.5,
        "area_ha": 1.77,
        "region_id": "NE",
        "fe_oxide_index": 2.839,
        "clay_index": 1.908,
        "ndvi_stress_index": 0.198,
        "tmi_structural_nT": 45130.0,
        "tmi_anomaly_nT": 130.0,
        "elevation_mdpl": 631.5,
        "geochem_assay_ratio": 1.92
      },
      "geometry": {
        "type": "Polygon",
        "coordinates": [
          [
            [
              121.577,
              -2.515
            ],
            [
              121.589,
              -2.515
            ],
            [
              121.589,
              -2.503
            ],
            [
              121.577,
              -2.503
            ],
            [
              121.577,
              -2.515
            ]
          ]
        ]
      }
    },
    {
      "type": "Feature",
      "properties": {
        "grid_id": "SOR218",
        "site": "sorowako",
        "location_label": "Sorowako Nuha North Inland Mountain Ridge - Sulawesi Selatan greenfield nickel laterite",
        "lithology": "serpentinite_simulated",
        "slope_deg": 14.6,
        "distance_to_river_m": 2644,
        "distance_to_road_m": 4805,
        "distance_to_settlement_m": 14353,
        "legal_status": "no-go",
        "distance_to_smelter_km": 50.9,
        "area_ha": 1.77,
        "region_id": "NE",
        "fe_oxide_index": 2.193,
        "clay_index": 2.11,
        "ndvi_stress_index": 0.414,
        "tmi_structural_nT": 45344.5,
        "tmi_anomaly_nT": 344.5,
        "elevation_mdpl": 624.6,
        "geochem_assay_ratio": 2.51
      },
      "geometry": {
        "type": "Polygon",
        "coordinates": [
          [
            [
              121.589,
              -2.515
            ],
            [
              121.601,
              -2.515
            ],
            [
              121.601,
              -2.503
            ],
            [
              121.589,
              -2.503
            ],
            [
              121.589,
              -2.515
            ]
          ]
        ]
      }
    },
    {
      "type": "Feature",
      "properties": {
        "grid_id": "SOR219",
        "site": "sorowako",
        "location_label": "Sorowako Nuha North Inland Mountain Ridge - Sulawesi Selatan greenfield nickel laterite",
        "lithology": "serpentinite_simulated",
        "slope_deg": 16.1,
        "distance_to_river_m": 2308,
        "distance_to_road_m": 5078,
        "distance_to_settlement_m": 9443,
        "legal_status": "no-go",
        "distance_to_smelter_km": 55.3,
        "area_ha": 1.77,
        "region_id": "NE",
        "fe_oxide_index": 2.767,
        "clay_index": 2.096,
        "ndvi_stress_index": 0.189,
        "tmi_structural_nT": 45319.5,
        "tmi_anomaly_nT": 319.5,
        "elevation_mdpl": 640.3,
        "geochem_assay_ratio": 2.95
      },
      "geometry": {
        "type": "Polygon",
        "coordinates": [
          [
            [
              121.601,
              -2.515
            ],
            [
              121.613,
              -2.515
            ],
            [
              121.613,
              -2.503
            ],
            [
              121.601,
              -2.503
            ],
            [
              121.601,
              -2.515
            ]
          ]
        ]
      }
    },
    {
      "type": "Feature",
      "properties": {
        "grid_id": "SOR220",
        "site": "sorowako",
        "location_label": "Sorowako Nuha North Inland Mountain Ridge - Sulawesi Selatan greenfield nickel laterite",
        "lithology": "serpentinite_simulated",
        "slope_deg": 19.1,
        "distance_to_river_m": 1329,
        "distance_to_road_m": 1912,
        "distance_to_settlement_m": 13269,
        "legal_status": "no-go",
        "distance_to_smelter_km": 59.6,
        "area_ha": 1.77,
        "region_id": "NE",
        "fe_oxide_index": 2.625,
        "clay_index": 2.388,
        "ndvi_stress_index": 0.204,
        "tmi_structural_nT": 45171.3,
        "tmi_anomaly_nT": 171.3,
        "elevation_mdpl": 623.8,
        "geochem_assay_ratio": 1.76
      },
      "geometry": {
        "type": "Polygon",
        "coordinates": [
          [
            [
              121.613,
              -2.515
            ],
            [
              121.625,
              -2.515
            ],
            [
              121.625,
              -2.503
            ],
            [
              121.613,
              -2.503
            ],
            [
              121.613,
              -2.515
            ]
          ]
        ]
      }
    },
    {
      "type": "Feature",
      "properties": {
        "grid_id": "SOR221",
        "site": "sorowako",
        "location_label": "Sorowako Nuha North Inland Mountain Ridge - Sulawesi Selatan greenfield nickel laterite",
        "lithology": "peridotite_simulated",
        "slope_deg": 20.4,
        "distance_to_river_m": 716,
        "distance_to_road_m": 3488,
        "distance_to_settlement_m": 6496,
        "legal_status": "no-go",
        "distance_to_smelter_km": 60.1,
        "area_ha": 1.77,
        "region_id": "NW",
        "fe_oxide_index": 2.342,
        "clay_index": 2.268,
        "ndvi_stress_index": 0.362,
        "tmi_structural_nT": 45822.5,
        "tmi_anomaly_nT": 822.5,
        "elevation_mdpl": 666.1,
        "geochem_assay_ratio": 2.83
      },
      "geometry": {
        "type": "Polygon",
        "coordinates": [
          [
            [
              121.385,
              -2.503
            ],
            [
              121.397,
              -2.503
            ],
            [
              121.397,
              -2.491
            ],
            [
              121.385,
              -2.491
            ],
            [
              121.385,
              -2.503
            ]
          ]
        ]
      }
    },
    {
      "type": "Feature",
      "properties": {
        "grid_id": "SOR222",
        "site": "sorowako",
        "location_label": "Sorowako Nuha North Inland Mountain Ridge - Sulawesi Selatan greenfield nickel laterite",
        "lithology": "serpentinite_simulated",
        "slope_deg": 20.6,
        "distance_to_river_m": 2973,
        "distance_to_road_m": 2268,
        "distance_to_settlement_m": 14479,
        "legal_status": "no-go",
        "distance_to_smelter_km": 55.8,
        "area_ha": 1.77,
        "region_id": "NW",
        "fe_oxide_index": 2.433,
        "clay_index": 2.117,
        "ndvi_stress_index": 0.388,
        "tmi_structural_nT": 46080.2,
        "tmi_anomaly_nT": 1080.2,
        "elevation_mdpl": 640.4,
        "geochem_assay_ratio": 2.1
      },
      "geometry": {
        "type": "Polygon",
        "coordinates": [
          [
            [
              121.397,
              -2.503
            ],
            [
              121.409,
              -2.503
            ],
            [
              121.409,
              -2.491
            ],
            [
              121.397,
              -2.491
            ],
            [
              121.397,
              -2.503
            ]
          ]
        ]
      }
    },
    {
      "type": "Feature",
      "properties": {
        "grid_id": "SOR223",
        "site": "sorowako",
        "location_label": "Sorowako Nuha North Inland Mountain Ridge - Sulawesi Selatan greenfield nickel laterite",
        "lithology": "serpentinite_simulated",
        "slope_deg": 21.5,
        "distance_to_river_m": 1480,
        "distance_to_road_m": 2285,
        "distance_to_settlement_m": 5218,
        "legal_status": "no-go",
        "distance_to_smelter_km": 51.5,
        "area_ha": 1.77,
        "region_id": "NW",
        "fe_oxide_index": 1.872,
        "clay_index": 2.412,
        "ndvi_stress_index": 0.388,
        "tmi_structural_nT": 45229.9,
        "tmi_anomaly_nT": 229.9,
        "elevation_mdpl": 640.6,
        "geochem_assay_ratio": 2.18
      },
      "geometry": {
        "type": "Polygon",
        "coordinates": [
          [
            [
              121.409,
              -2.503
            ],
            [
              121.421,
              -2.503
            ],
            [
              121.421,
              -2.491
            ],
            [
              121.409,
              -2.491
            ],
            [
              121.409,
              -2.503
            ]
          ]
        ]
      }
    },
    {
      "type": "Feature",
      "properties": {
        "grid_id": "SOR224",
        "site": "sorowako",
        "location_label": "Sorowako Nuha North Inland Mountain Ridge - Sulawesi Selatan greenfield nickel laterite",
        "lithology": "peridotite_simulated",
        "slope_deg": 19.7,
        "distance_to_river_m": 2358,
        "distance_to_road_m": 2987,
        "distance_to_settlement_m": 10743,
        "legal_status": "no-go",
        "distance_to_smelter_km": 47.2,
        "area_ha": 1.77,
        "region_id": "NW",
        "fe_oxide_index": 2.062,
        "clay_index": 2.365,
        "ndvi_stress_index": 0.356,
        "tmi_structural_nT": 45557.8,
        "tmi_anomaly_nT": 557.8,
        "elevation_mdpl": 711.1,
        "geochem_assay_ratio": 1.73
      },
      "geometry": {
        "type": "Polygon",
        "coordinates": [
          [
            [
              121.421,
              -2.503
            ],
            [
              121.433,
              -2.503
            ],
            [
              121.433,
              -2.491
            ],
            [
              121.421,
              -2.491
            ],
            [
              121.421,
              -2.503
            ]
          ]
        ]
      }
    },
    {
      "type": "Feature",
      "properties": {
        "grid_id": "SOR225",
        "site": "sorowako",
        "location_label": "Sorowako Nuha North Inland Mountain Ridge - Sulawesi Selatan greenfield nickel laterite",
        "lithology": "serpentinite_simulated",
        "slope_deg": 17.6,
        "distance_to_river_m": 1630,
        "distance_to_road_m": 1866,
        "distance_to_settlement_m": 11639,
        "legal_status": "no-go",
        "distance_to_smelter_km": 42.9,
        "area_ha": 1.77,
        "region_id": "NW",
        "fe_oxide_index": 2.583,
        "clay_index": 2.327,
        "ndvi_stress_index": 0.275,
        "tmi_structural_nT": 45110.7,
        "tmi_anomaly_nT": 110.7,
        "elevation_mdpl": 631.5,
        "geochem_assay_ratio": 3.05
      },
      "geometry": {
        "type": "Polygon",
        "coordinates": [
          [
            [
              121.433,
              -2.503
            ],
            [
              121.445,
              -2.503
            ],
            [
              121.445,
              -2.491
            ],
            [
              121.433,
              -2.491
            ],
            [
              121.433,
              -2.503
            ]
          ]
        ]
      }
    },
    {
      "type": "Feature",
      "properties": {
        "grid_id": "SOR226",
        "site": "sorowako",
        "location_label": "Sorowako Nuha North Inland Mountain Ridge - Sulawesi Selatan greenfield nickel laterite",
        "lithology": "serpentinite_simulated",
        "slope_deg": 12.4,
        "distance_to_river_m": 2251,
        "distance_to_road_m": 2581,
        "distance_to_settlement_m": 11664,
        "legal_status": "no-go",
        "distance_to_smelter_km": 38.8,
        "area_ha": 1.77,
        "region_id": "NW",
        "fe_oxide_index": 2.742,
        "clay_index": 1.932,
        "ndvi_stress_index": 0.254,
        "tmi_structural_nT": 45152.4,
        "tmi_anomaly_nT": 152.4,
        "elevation_mdpl": 620.5,
        "geochem_assay_ratio": 2.79
      },
      "geometry": {
        "type": "Polygon",
        "coordinates": [
          [
            [
              121.445,
              -2.503
            ],
            [
              121.457,
              -2.503
            ],
            [
              121.457,
              -2.491
            ],
            [
              121.445,
              -2.491
            ],
            [
              121.445,
              -2.503
            ]
          ]
        ]
      }
    },
    {
      "type": "Feature",
      "properties": {
        "grid_id": "SOR227",
        "site": "sorowako",
        "location_label": "Sorowako Nuha North Inland Mountain Ridge - Sulawesi Selatan greenfield nickel laterite",
        "lithology": "serpentinite_simulated",
        "slope_deg": 18.0,
        "distance_to_river_m": 3022,
        "distance_to_road_m": 2104,
        "distance_to_settlement_m": 6352,
        "legal_status": "no-go",
        "distance_to_smelter_km": 34.7,
        "area_ha": 1.77,
        "region_id": "NW",
        "fe_oxide_index": 2.222,
        "clay_index": 1.869,
        "ndvi_stress_index": 0.273,
        "tmi_structural_nT": 45558.8,
        "tmi_anomaly_nT": 558.8,
        "elevation_mdpl": 626.6,
        "geochem_assay_ratio": 2.87
      },
      "geometry": {
        "type": "Polygon",
        "coordinates": [
          [
            [
              121.457,
              -2.503
            ],
            [
              121.469,
              -2.503
            ],
            [
              121.469,
              -2.491
            ],
            [
              121.457,
              -2.491
            ],
            [
              121.457,
              -2.503
            ]
          ]
        ]
      }
    },
    {
      "type": "Feature",
      "properties": {
        "grid_id": "SOR228",
        "site": "sorowako",
        "location_label": "Sorowako Nuha North Inland Mountain Ridge - Sulawesi Selatan greenfield nickel laterite",
        "lithology": "mafic_volcanic_simulated",
        "slope_deg": 15.5,
        "distance_to_river_m": 2767,
        "distance_to_road_m": 3911,
        "distance_to_settlement_m": 7686,
        "legal_status": "no-go",
        "distance_to_smelter_km": 30.8,
        "area_ha": 1.77,
        "region_id": "NW",
        "fe_oxide_index": 1.329,
        "clay_index": 1.32,
        "ndvi_stress_index": 0.565,
        "tmi_structural_nT": 44987.5,
        "tmi_anomaly_nT": -12.5,
        "elevation_mdpl": 718.8,
        "geochem_assay_ratio": 4.08
      },
      "geometry": {
        "type": "Polygon",
        "coordinates": [
          [
            [
              121.469,
              -2.503
            ],
            [
              121.481,
              -2.503
            ],
            [
              121.481,
              -2.491
            ],
            [
              121.469,
              -2.491
            ],
            [
              121.469,
              -2.503
            ]
          ]
        ]
      }
    },
    {
      "type": "Feature",
      "properties": {
        "grid_id": "SOR229",
        "site": "sorowako",
        "location_label": "Sorowako Nuha North Inland Mountain Ridge - Sulawesi Selatan greenfield nickel laterite",
        "lithology": "peridotite_simulated",
        "slope_deg": 20.4,
        "distance_to_river_m": 1801,
        "distance_to_road_m": 6388,
        "distance_to_settlement_m": 11129,
        "legal_status": "no-go",
        "distance_to_smelter_km": 27.3,
        "area_ha": 1.77,
        "region_id": "NW",
        "fe_oxide_index": 2.054,
        "clay_index": 2.058,
        "ndvi_stress_index": 0.398,
        "tmi_structural_nT": 45765.0,
        "tmi_anomaly_nT": 765.0,
        "elevation_mdpl": 644.8,
        "geochem_assay_ratio": 2.64
      },
      "geometry": {
        "type": "Polygon",
        "coordinates": [
          [
            [
              121.481,
              -2.503
            ],
            [
              121.493,
              -2.503
            ],
            [
              121.493,
              -2.491
            ],
            [
              121.481,
              -2.491
            ],
            [
              121.481,
              -2.503
            ]
          ]
        ]
      }
    },
    {
      "type": "Feature",
      "properties": {
        "grid_id": "SOR230",
        "site": "sorowako",
        "location_label": "Sorowako Nuha North Inland Mountain Ridge - Sulawesi Selatan greenfield nickel laterite",
        "lithology": "serpentinite_simulated",
        "slope_deg": 13.9,
        "distance_to_river_m": 1007,
        "distance_to_road_m": 2927,
        "distance_to_settlement_m": 8931,
        "legal_status": "no-go",
        "distance_to_smelter_km": 24.9,
        "area_ha": 1.77,
        "region_id": "NW",
        "fe_oxide_index": 2.62,
        "clay_index": 1.668,
        "ndvi_stress_index": 0.413,
        "tmi_structural_nT": 45498.2,
        "tmi_anomaly_nT": 498.2,
        "elevation_mdpl": 636.8,
        "geochem_assay_ratio": 2.19
      },
      "geometry": {
        "type": "Polygon",
        "coordinates": [
          [
            [
              121.493,
              -2.503
            ],
            [
              121.505,
              -2.503
            ],
            [
              121.505,
              -2.491
            ],
            [
              121.493,
              -2.491
            ],
            [
              121.493,
              -2.503
            ]
          ]
        ]
      }
    },
    {
      "type": "Feature",
      "properties": {
        "grid_id": "SOR231",
        "site": "sorowako",
        "location_label": "Sorowako Nuha North Inland Mountain Ridge - Sulawesi Selatan greenfield nickel laterite",
        "lithology": "serpentinite_simulated",
        "slope_deg": 14.1,
        "distance_to_river_m": 317,
        "distance_to_road_m": 4003,
        "distance_to_settlement_m": 11979,
        "legal_status": "no-go",
        "distance_to_smelter_km": 24.9,
        "area_ha": 1.77,
        "region_id": "NE",
        "fe_oxide_index": 2.787,
        "clay_index": 2.425,
        "ndvi_stress_index": 0.27,
        "tmi_structural_nT": 45589.6,
        "tmi_anomaly_nT": 589.6,
        "elevation_mdpl": 684.1,
        "geochem_assay_ratio": 2.46
      },
      "geometry": {
        "type": "Polygon",
        "coordinates": [
          [
            [
              121.505,
              -2.503
            ],
            [
              121.517,
              -2.503
            ],
            [
              121.517,
              -2.491
            ],
            [
              121.505,
              -2.491
            ],
            [
              121.505,
              -2.503
            ]
          ]
        ]
      }
    },
    {
      "type": "Feature",
      "properties": {
        "grid_id": "SOR232",
        "site": "sorowako",
        "location_label": "Sorowako Nuha North Inland Mountain Ridge - Sulawesi Selatan greenfield nickel laterite",
        "lithology": "ultramafic_simulated",
        "slope_deg": 19.7,
        "distance_to_river_m": 2164,
        "distance_to_road_m": 2807,
        "distance_to_settlement_m": 9010,
        "legal_status": "no-go",
        "distance_to_smelter_km": 27.3,
        "area_ha": 1.77,
        "region_id": "NE",
        "fe_oxide_index": 2.432,
        "clay_index": 2.409,
        "ndvi_stress_index": 0.382,
        "tmi_structural_nT": 45112.3,
        "tmi_anomaly_nT": 112.3,
        "elevation_mdpl": 697.1,
        "geochem_assay_ratio": 2.56
      },
      "geometry": {
        "type": "Polygon",
        "coordinates": [
          [
            [
              121.517,
              -2.503
            ],
            [
              121.529,
              -2.503
            ],
            [
              121.529,
              -2.491
            ],
            [
              121.517,
              -2.491
            ],
            [
              121.517,
              -2.503
            ]
          ]
        ]
      }
    },
    {
      "type": "Feature",
      "properties": {
        "grid_id": "SOR233",
        "site": "sorowako",
        "location_label": "Sorowako Nuha North Inland Mountain Ridge - Sulawesi Selatan greenfield nickel laterite",
        "lithology": "serpentinite_simulated",
        "slope_deg": 20.2,
        "distance_to_river_m": 2996,
        "distance_to_road_m": 3490,
        "distance_to_settlement_m": 7389,
        "legal_status": "no-go",
        "distance_to_smelter_km": 30.8,
        "area_ha": 1.77,
        "region_id": "NE",
        "fe_oxide_index": 2.487,
        "clay_index": 2.223,
        "ndvi_stress_index": 0.221,
        "tmi_structural_nT": 45474.7,
        "tmi_anomaly_nT": 474.7,
        "elevation_mdpl": 690.4,
        "geochem_assay_ratio": 1.76
      },
      "geometry": {
        "type": "Polygon",
        "coordinates": [
          [
            [
              121.529,
              -2.503
            ],
            [
              121.541,
              -2.503
            ],
            [
              121.541,
              -2.491
            ],
            [
              121.529,
              -2.491
            ],
            [
              121.529,
              -2.503
            ]
          ]
        ]
      }
    },
    {
      "type": "Feature",
      "properties": {
        "grid_id": "SOR234",
        "site": "sorowako",
        "location_label": "Sorowako Nuha North Inland Mountain Ridge - Sulawesi Selatan greenfield nickel laterite",
        "lithology": "ultramafic_simulated",
        "slope_deg": 13.1,
        "distance_to_river_m": 458,
        "distance_to_road_m": 5259,
        "distance_to_settlement_m": 4079,
        "legal_status": "no-go",
        "distance_to_smelter_km": 34.7,
        "area_ha": 1.77,
        "region_id": "NE",
        "fe_oxide_index": 1.808,
        "clay_index": 2.113,
        "ndvi_stress_index": 0.417,
        "tmi_structural_nT": 45861.4,
        "tmi_anomaly_nT": 861.4,
        "elevation_mdpl": 713.2,
        "geochem_assay_ratio": 2.25
      },
      "geometry": {
        "type": "Polygon",
        "coordinates": [
          [
            [
              121.541,
              -2.503
            ],
            [
              121.553,
              -2.503
            ],
            [
              121.553,
              -2.491
            ],
            [
              121.541,
              -2.491
            ],
            [
              121.541,
              -2.503
            ]
          ]
        ]
      }
    },
    {
      "type": "Feature",
      "properties": {
        "grid_id": "SOR235",
        "site": "sorowako",
        "location_label": "Sorowako Nuha North Inland Mountain Ridge - Sulawesi Selatan greenfield nickel laterite",
        "lithology": "ultramafic_simulated",
        "slope_deg": 21.0,
        "distance_to_river_m": 1356,
        "distance_to_road_m": 4592,
        "distance_to_settlement_m": 11248,
        "legal_status": "no-go",
        "distance_to_smelter_km": 38.8,
        "area_ha": 1.77,
        "region_id": "NE",
        "fe_oxide_index": 1.997,
        "clay_index": 2.438,
        "ndvi_stress_index": 0.41,
        "tmi_structural_nT": 45912.6,
        "tmi_anomaly_nT": 912.6,
        "elevation_mdpl": 621.7,
        "geochem_assay_ratio": 2.05
      },
      "geometry": {
        "type": "Polygon",
        "coordinates": [
          [
            [
              121.553,
              -2.503
            ],
            [
              121.565,
              -2.503
            ],
            [
              121.565,
              -2.491
            ],
            [
              121.553,
              -2.491
            ],
            [
              121.553,
              -2.503
            ]
          ]
        ]
      }
    },
    {
      "type": "Feature",
      "properties": {
        "grid_id": "SOR236",
        "site": "sorowako",
        "location_label": "Sorowako Nuha North Inland Mountain Ridge - Sulawesi Selatan greenfield nickel laterite",
        "lithology": "peridotite_simulated",
        "slope_deg": 13.4,
        "distance_to_river_m": 2607,
        "distance_to_road_m": 3007,
        "distance_to_settlement_m": 11404,
        "legal_status": "no-go",
        "distance_to_smelter_km": 42.9,
        "area_ha": 1.77,
        "region_id": "NE",
        "fe_oxide_index": 1.976,
        "clay_index": 1.979,
        "ndvi_stress_index": 0.208,
        "tmi_structural_nT": 45762.6,
        "tmi_anomaly_nT": 762.6,
        "elevation_mdpl": 644.1,
        "geochem_assay_ratio": 1.78
      },
      "geometry": {
        "type": "Polygon",
        "coordinates": [
          [
            [
              121.565,
              -2.503
            ],
            [
              121.577,
              -2.503
            ],
            [
              121.577,
              -2.491
            ],
            [
              121.565,
              -2.491
            ],
            [
              121.565,
              -2.503
            ]
          ]
        ]
      }
    },
    {
      "type": "Feature",
      "properties": {
        "grid_id": "SOR237",
        "site": "sorowako",
        "location_label": "Sorowako Nuha North Inland Mountain Ridge - Sulawesi Selatan greenfield nickel laterite",
        "lithology": "ultramafic_simulated",
        "slope_deg": 18.6,
        "distance_to_river_m": 2160,
        "distance_to_road_m": 3385,
        "distance_to_settlement_m": 11892,
        "legal_status": "no-go",
        "distance_to_smelter_km": 47.2,
        "area_ha": 1.77,
        "region_id": "NE",
        "fe_oxide_index": 2.474,
        "clay_index": 2.078,
        "ndvi_stress_index": 0.385,
        "tmi_structural_nT": 45908.4,
        "tmi_anomaly_nT": 908.4,
        "elevation_mdpl": 642.4,
        "geochem_assay_ratio": 1.61
      },
      "geometry": {
        "type": "Polygon",
        "coordinates": [
          [
            [
              121.577,
              -2.503
            ],
            [
              121.589,
              -2.503
            ],
            [
              121.589,
              -2.491
            ],
            [
              121.577,
              -2.491
            ],
            [
              121.577,
              -2.503
            ]
          ]
        ]
      }
    },
    {
      "type": "Feature",
      "properties": {
        "grid_id": "SOR238",
        "site": "sorowako",
        "location_label": "Sorowako Nuha North Inland Mountain Ridge - Sulawesi Selatan greenfield nickel laterite",
        "lithology": "serpentinite_simulated",
        "slope_deg": 16.3,
        "distance_to_river_m": 1852,
        "distance_to_road_m": 3803,
        "distance_to_settlement_m": 5592,
        "legal_status": "no-go",
        "distance_to_smelter_km": 51.5,
        "area_ha": 1.77,
        "region_id": "NE",
        "fe_oxide_index": 2.432,
        "clay_index": 1.724,
        "ndvi_stress_index": 0.34,
        "tmi_structural_nT": 45901.3,
        "tmi_anomaly_nT": 901.3,
        "elevation_mdpl": 690.3,
        "geochem_assay_ratio": 2.48
      },
      "geometry": {
        "type": "Polygon",
        "coordinates": [
          [
            [
              121.589,
              -2.503
            ],
            [
              121.601,
              -2.503
            ],
            [
              121.601,
              -2.491
            ],
            [
              121.589,
              -2.491
            ],
            [
              121.589,
              -2.503
            ]
          ]
        ]
      }
    },
    {
      "type": "Feature",
      "properties": {
        "grid_id": "SOR239",
        "site": "sorowako",
        "location_label": "Sorowako Nuha North Inland Mountain Ridge - Sulawesi Selatan greenfield nickel laterite",
        "lithology": "peridotite_simulated",
        "slope_deg": 22.8,
        "distance_to_river_m": 2205,
        "distance_to_road_m": 5743,
        "distance_to_settlement_m": 14902,
        "legal_status": "no-go",
        "distance_to_smelter_km": 55.8,
        "area_ha": 1.77,
        "region_id": "NE",
        "fe_oxide_index": 2.512,
        "clay_index": 2.442,
        "ndvi_stress_index": 0.362,
        "tmi_structural_nT": 45491.1,
        "tmi_anomaly_nT": 491.1,
        "elevation_mdpl": 672.8,
        "geochem_assay_ratio": 1.91
      },
      "geometry": {
        "type": "Polygon",
        "coordinates": [
          [
            [
              121.601,
              -2.503
            ],
            [
              121.613,
              -2.503
            ],
            [
              121.613,
              -2.491
            ],
            [
              121.601,
              -2.491
            ],
            [
              121.601,
              -2.503
            ]
          ]
        ]
      }
    },
    {
      "type": "Feature",
      "properties": {
        "grid_id": "SOR240",
        "site": "sorowako",
        "location_label": "Sorowako Nuha North Inland Mountain Ridge - Sulawesi Selatan greenfield nickel laterite",
        "lithology": "peridotite_simulated",
        "slope_deg": 19.5,
        "distance_to_river_m": 3166,
        "distance_to_road_m": 2238,
        "distance_to_settlement_m": 14454,
        "legal_status": "no-go",
        "distance_to_smelter_km": 60.1,
        "area_ha": 1.77,
        "region_id": "NE",
        "fe_oxide_index": 2.772,
        "clay_index": 1.682,
        "ndvi_stress_index": 0.414,
        "tmi_structural_nT": 45279.6,
        "tmi_anomaly_nT": 279.6,
        "elevation_mdpl": 625.2,
        "geochem_assay_ratio": 3.16
      },
      "geometry": {
        "type": "Polygon",
        "coordinates": [
          [
            [
              121.613,
              -2.503
            ],
            [
              121.625,
              -2.503
            ],
            [
              121.625,
              -2.491
            ],
            [
              121.613,
              -2.491
            ],
            [
              121.613,
              -2.503
            ]
          ]
        ]
      }
    },
    {
      "type": "Feature",
      "properties": {
        "grid_id": "SOR241",
        "site": "sorowako",
        "location_label": "Sorowako Nuha North Inland Mountain Ridge - Sulawesi Selatan greenfield nickel laterite",
        "lithology": "serpentinite_simulated",
        "slope_deg": 12.9,
        "distance_to_river_m": 1709,
        "distance_to_road_m": 4844,
        "distance_to_settlement_m": 9607,
        "legal_status": "no-go",
        "distance_to_smelter_km": 61.0,
        "area_ha": 1.77,
        "region_id": "NW",
        "fe_oxide_index": 2.583,
        "clay_index": 2.275,
        "ndvi_stress_index": 0.223,
        "tmi_structural_nT": 45584.2,
        "tmi_anomaly_nT": 584.2,
        "elevation_mdpl": 684.5,
        "geochem_assay_ratio": 2.18
      },
      "geometry": {
        "type": "Polygon",
        "coordinates": [
          [
            [
              121.385,
              -2.491
            ],
            [
              121.397,
              -2.491
            ],
            [
              121.397,
              -2.479
            ],
            [
              121.385,
              -2.479
            ],
            [
              121.385,
              -2.491
            ]
          ]
        ]
      }
    },
    {
      "type": "Feature",
      "properties": {
        "grid_id": "SOR242",
        "site": "sorowako",
        "location_label": "Sorowako Nuha North Inland Mountain Ridge - Sulawesi Selatan greenfield nickel laterite",
        "lithology": "peridotite_simulated",
        "slope_deg": 14.0,
        "distance_to_river_m": 1900,
        "distance_to_road_m": 5503,
        "distance_to_settlement_m": 5353,
        "legal_status": "no-go",
        "distance_to_smelter_km": 56.8,
        "area_ha": 1.77,
        "region_id": "NW",
        "fe_oxide_index": 1.969,
        "clay_index": 2.078,
        "ndvi_stress_index": 0.384,
        "tmi_structural_nT": 45135.0,
        "tmi_anomaly_nT": 135.0,
        "elevation_mdpl": 718.0,
        "geochem_assay_ratio": 2.31
      },
      "geometry": {
        "type": "Polygon",
        "coordinates": [
          [
            [
              121.397,
              -2.491
            ],
            [
              121.409,
              -2.491
            ],
            [
              121.409,
              -2.479
            ],
            [
              121.397,
              -2.479
            ],
            [
              121.397,
              -2.491
            ]
          ]
        ]
      }
    },
    {
      "type": "Feature",
      "properties": {
        "grid_id": "SOR243",
        "site": "sorowako",
        "location_label": "Sorowako Nuha North Inland Mountain Ridge - Sulawesi Selatan greenfield nickel laterite",
        "lithology": "serpentinite_simulated",
        "slope_deg": 15.3,
        "distance_to_river_m": 2711,
        "distance_to_road_m": 6287,
        "distance_to_settlement_m": 10624,
        "legal_status": "no-go",
        "distance_to_smelter_km": 52.6,
        "area_ha": 1.77,
        "region_id": "NW",
        "fe_oxide_index": 1.935,
        "clay_index": 2.129,
        "ndvi_stress_index": 0.198,
        "tmi_structural_nT": 45355.0,
        "tmi_anomaly_nT": 355.0,
        "elevation_mdpl": 658.2,
        "geochem_assay_ratio": 3.03
      },
      "geometry": {
        "type": "Polygon",
        "coordinates": [
          [
            [
              121.409,
              -2.491
            ],
            [
              121.421,
              -2.491
            ],
            [
              121.421,
              -2.479
            ],
            [
              121.409,
              -2.479
            ],
            [
              121.409,
              -2.491
            ]
          ]
        ]
      }
    },
    {
      "type": "Feature",
      "properties": {
        "grid_id": "SOR244",
        "site": "sorowako",
        "location_label": "Sorowako Nuha North Inland Mountain Ridge - Sulawesi Selatan greenfield nickel laterite",
        "lithology": "serpentinite_simulated",
        "slope_deg": 13.4,
        "distance_to_river_m": 601,
        "distance_to_road_m": 4242,
        "distance_to_settlement_m": 4726,
        "legal_status": "no-go",
        "distance_to_smelter_km": 48.5,
        "area_ha": 1.77,
        "region_id": "NW",
        "fe_oxide_index": 2.15,
        "clay_index": 1.832,
        "ndvi_stress_index": 0.389,
        "tmi_structural_nT": 45325.8,
        "tmi_anomaly_nT": 325.8,
        "elevation_mdpl": 621.0,
        "geochem_assay_ratio": 2.08
      },
      "geometry": {
        "type": "Polygon",
        "coordinates": [
          [
            [
              121.421,
              -2.491
            ],
            [
              121.433,
              -2.491
            ],
            [
              121.433,
              -2.479
            ],
            [
              121.421,
              -2.479
            ],
            [
              121.421,
              -2.491
            ]
          ]
        ]
      }
    },
    {
      "type": "Feature",
      "properties": {
        "grid_id": "SOR245",
        "site": "sorowako",
        "location_label": "Sorowako Nuha North Inland Mountain Ridge - Sulawesi Selatan greenfield nickel laterite",
        "lithology": "peridotite_simulated",
        "slope_deg": 18.5,
        "distance_to_river_m": 2761,
        "distance_to_road_m": 3884,
        "distance_to_settlement_m": 5403,
        "legal_status": "no-go",
        "distance_to_smelter_km": 44.4,
        "area_ha": 1.77,
        "region_id": "NW",
        "fe_oxide_index": 2.198,
        "clay_index": 2.225,
        "ndvi_stress_index": 0.193,
        "tmi_structural_nT": 45825.4,
        "tmi_anomaly_nT": 825.4,
        "elevation_mdpl": 717.4,
        "geochem_assay_ratio": 2.67
      },
      "geometry": {
        "type": "Polygon",
        "coordinates": [
          [
            [
              121.433,
              -2.491
            ],
            [
              121.445,
              -2.491
            ],
            [
              121.445,
              -2.479
            ],
            [
              121.433,
              -2.479
            ],
            [
              121.433,
              -2.491
            ]
          ]
        ]
      }
    },
    {
      "type": "Feature",
      "properties": {
        "grid_id": "SOR246",
        "site": "sorowako",
        "location_label": "Sorowako Nuha North Inland Mountain Ridge - Sulawesi Selatan greenfield nickel laterite",
        "lithology": "serpentinite_simulated",
        "slope_deg": 12.6,
        "distance_to_river_m": 2451,
        "distance_to_road_m": 4271,
        "distance_to_settlement_m": 9421,
        "legal_status": "no-go",
        "distance_to_smelter_km": 40.5,
        "area_ha": 1.77,
        "region_id": "NW",
        "fe_oxide_index": 2.567,
        "clay_index": 2.008,
        "ndvi_stress_index": 0.304,
        "tmi_structural_nT": 46098.0,
        "tmi_anomaly_nT": 1098.0,
        "elevation_mdpl": 708.8,
        "geochem_assay_ratio": 2.66
      },
      "geometry": {
        "type": "Polygon",
        "coordinates": [
          [
            [
              121.445,
              -2.491
            ],
            [
              121.457,
              -2.491
            ],
            [
              121.457,
              -2.479
            ],
            [
              121.445,
              -2.479
            ],
            [
              121.445,
              -2.491
            ]
          ]
        ]
      }
    },
    {
      "type": "Feature",
      "properties": {
        "grid_id": "SOR247",
        "site": "sorowako",
        "location_label": "Sorowako Nuha North Inland Mountain Ridge - Sulawesi Selatan greenfield nickel laterite",
        "lithology": "ultramafic_simulated",
        "slope_deg": 17.7,
        "distance_to_river_m": 3061,
        "distance_to_road_m": 3614,
        "distance_to_settlement_m": 8170,
        "legal_status": "no-go",
        "distance_to_smelter_km": 36.8,
        "area_ha": 1.77,
        "region_id": "NW",
        "fe_oxide_index": 2.76,
        "clay_index": 1.812,
        "ndvi_stress_index": 0.309,
        "tmi_structural_nT": 45866.4,
        "tmi_anomaly_nT": 866.4,
        "elevation_mdpl": 631.8,
        "geochem_assay_ratio": 1.94
      },
      "geometry": {
        "type": "Polygon",
        "coordinates": [
          [
            [
              121.457,
              -2.491
            ],
            [
              121.469,
              -2.491
            ],
            [
              121.469,
              -2.479
            ],
            [
              121.457,
              -2.479
            ],
            [
              121.457,
              -2.491
            ]
          ]
        ]
      }
    },
    {
      "type": "Feature",
      "properties": {
        "grid_id": "SOR248",
        "site": "sorowako",
        "location_label": "Sorowako Nuha North Inland Mountain Ridge - Sulawesi Selatan greenfield nickel laterite",
        "lithology": "serpentinite_simulated",
        "slope_deg": 17.4,
        "distance_to_river_m": 527,
        "distance_to_road_m": 4072,
        "distance_to_settlement_m": 5691,
        "legal_status": "no-go",
        "distance_to_smelter_km": 33.5,
        "area_ha": 1.77,
        "region_id": "NW",
        "fe_oxide_index": 1.963,
        "clay_index": 2.158,
        "ndvi_stress_index": 0.234,
        "tmi_structural_nT": 45495.4,
        "tmi_anomaly_nT": 495.4,
        "elevation_mdpl": 649.9,
        "geochem_assay_ratio": 2.17
      },
      "geometry": {
        "type": "Polygon",
        "coordinates": [
          [
            [
              121.469,
              -2.491
            ],
            [
              121.481,
              -2.491
            ],
            [
              121.481,
              -2.479
            ],
            [
              121.469,
              -2.479
            ],
            [
              121.469,
              -2.491
            ]
          ]
        ]
      }
    },
    {
      "type": "Feature",
      "properties": {
        "grid_id": "SOR249",
        "site": "sorowako",
        "location_label": "Sorowako Nuha North Inland Mountain Ridge - Sulawesi Selatan greenfield nickel laterite",
        "lithology": "peridotite_simulated",
        "slope_deg": 18.1,
        "distance_to_river_m": 2615,
        "distance_to_road_m": 5072,
        "distance_to_settlement_m": 7574,
        "legal_status": "conditional",
        "distance_to_smelter_km": 30.8,
        "area_ha": 1.77,
        "region_id": "NW",
        "fe_oxide_index": 2.685,
        "clay_index": 1.931,
        "ndvi_stress_index": 0.206,
        "tmi_structural_nT": 45207.9,
        "tmi_anomaly_nT": 207.9,
        "elevation_mdpl": 622.1,
        "geochem_assay_ratio": 1.68
      },
      "geometry": {
        "type": "Polygon",
        "coordinates": [
          [
            [
              121.481,
              -2.491
            ],
            [
              121.493,
              -2.491
            ],
            [
              121.493,
              -2.479
            ],
            [
              121.481,
              -2.479
            ],
            [
              121.481,
              -2.491
            ]
          ]
        ]
      }
    },
    {
      "type": "Feature",
      "properties": {
        "grid_id": "SOR250",
        "site": "sorowako",
        "location_label": "Sorowako Nuha North Inland Mountain Ridge - Sulawesi Selatan greenfield nickel laterite",
        "lithology": "ultramafic_simulated",
        "slope_deg": 20.9,
        "distance_to_river_m": 2327,
        "distance_to_road_m": 4012,
        "distance_to_settlement_m": 5993,
        "legal_status": "conditional",
        "distance_to_smelter_km": 29.2,
        "area_ha": 1.77,
        "region_id": "NW",
        "fe_oxide_index": 1.939,
        "clay_index": 1.633,
        "ndvi_stress_index": 0.418,
        "tmi_structural_nT": 46029.1,
        "tmi_anomaly_nT": 1029.1,
        "elevation_mdpl": 662.6,
        "geochem_assay_ratio": 2.51
      },
      "geometry": {
        "type": "Polygon",
        "coordinates": [
          [
            [
              121.493,
              -2.491
            ],
            [
              121.505,
              -2.491
            ],
            [
              121.505,
              -2.479
            ],
            [
              121.493,
              -2.479
            ],
            [
              121.493,
              -2.491
            ]
          ]
        ]
      }
    },
    {
      "type": "Feature",
      "properties": {
        "grid_id": "SOR251",
        "site": "sorowako",
        "location_label": "Sorowako Nuha North Inland Mountain Ridge - Sulawesi Selatan greenfield nickel laterite",
        "lithology": "peridotite_simulated",
        "slope_deg": 22.0,
        "distance_to_river_m": 574,
        "distance_to_road_m": 2424,
        "distance_to_settlement_m": 14432,
        "legal_status": "conditional",
        "distance_to_smelter_km": 29.2,
        "area_ha": 1.77,
        "region_id": "NE",
        "fe_oxide_index": 1.902,
        "clay_index": 1.612,
        "ndvi_stress_index": 0.312,
        "tmi_structural_nT": 45962.0,
        "tmi_anomaly_nT": 962.0,
        "elevation_mdpl": 653.1,
        "geochem_assay_ratio": 2.73
      },
      "geometry": {
        "type": "Polygon",
        "coordinates": [
          [
            [
              121.505,
              -2.491
            ],
            [
              121.517,
              -2.491
            ],
            [
              121.517,
              -2.479
            ],
            [
              121.505,
              -2.479
            ],
            [
              121.505,
              -2.491
            ]
          ]
        ]
      }
    },
    {
      "type": "Feature",
      "properties": {
        "grid_id": "SOR252",
        "site": "sorowako",
        "location_label": "Sorowako Nuha North Inland Mountain Ridge - Sulawesi Selatan greenfield nickel laterite",
        "lithology": "alluvium",
        "slope_deg": 14.2,
        "distance_to_river_m": 2385,
        "distance_to_road_m": 1719,
        "distance_to_settlement_m": 6109,
        "legal_status": "conditional",
        "distance_to_smelter_km": 30.8,
        "area_ha": 1.77,
        "region_id": "NE",
        "fe_oxide_index": 1.626,
        "clay_index": 1.427,
        "ndvi_stress_index": 0.754,
        "tmi_structural_nT": 45375.1,
        "tmi_anomaly_nT": 375.1,
        "elevation_mdpl": 709.5,
        "geochem_assay_ratio": 4.62
      },
      "geometry": {
        "type": "Polygon",
        "coordinates": [
          [
            [
              121.517,
              -2.491
            ],
            [
              121.529,
              -2.491
            ],
            [
              121.529,
              -2.479
            ],
            [
              121.517,
              -2.479
            ],
            [
              121.517,
              -2.491
            ]
          ]
        ]
      }
    },
    {
      "type": "Feature",
      "properties": {
        "grid_id": "SOR253",
        "site": "sorowako",
        "location_label": "Sorowako Nuha North Inland Mountain Ridge - Sulawesi Selatan greenfield nickel laterite",
        "lithology": "alluvium",
        "slope_deg": 13.8,
        "distance_to_river_m": 2472,
        "distance_to_road_m": 3421,
        "distance_to_settlement_m": 12573,
        "legal_status": "conditional",
        "distance_to_smelter_km": 33.5,
        "area_ha": 1.77,
        "region_id": "NE",
        "fe_oxide_index": 1.21,
        "clay_index": 1.08,
        "ndvi_stress_index": 0.561,
        "tmi_structural_nT": 45096.7,
        "tmi_anomaly_nT": 96.7,
        "elevation_mdpl": 707.9,
        "geochem_assay_ratio": 5.48
      },
      "geometry": {
        "type": "Polygon",
        "coordinates": [
          [
            [
              121.529,
              -2.491
            ],
            [
              121.541,
              -2.491
            ],
            [
              121.541,
              -2.479
            ],
            [
              121.529,
              -2.479
            ],
            [
              121.529,
              -2.491
            ]
          ]
        ]
      }
    },
    {
      "type": "Feature",
      "properties": {
        "grid_id": "SOR254",
        "site": "sorowako",
        "location_label": "Sorowako Nuha North Inland Mountain Ridge - Sulawesi Selatan greenfield nickel laterite",
        "lithology": "ultramafic_simulated",
        "slope_deg": 17.9,
        "distance_to_river_m": 284,
        "distance_to_road_m": 3237,
        "distance_to_settlement_m": 10657,
        "legal_status": "no-go",
        "distance_to_smelter_km": 36.8,
        "area_ha": 1.77,
        "region_id": "NE",
        "fe_oxide_index": 2.541,
        "clay_index": 2.067,
        "ndvi_stress_index": 0.353,
        "tmi_structural_nT": 45508.3,
        "tmi_anomaly_nT": 508.3,
        "elevation_mdpl": 681.1,
        "geochem_assay_ratio": 1.98
      },
      "geometry": {
        "type": "Polygon",
        "coordinates": [
          [
            [
              121.541,
              -2.491
            ],
            [
              121.553,
              -2.491
            ],
            [
              121.553,
              -2.479
            ],
            [
              121.541,
              -2.479
            ],
            [
              121.541,
              -2.491
            ]
          ]
        ]
      }
    },
    {
      "type": "Feature",
      "properties": {
        "grid_id": "SOR255",
        "site": "sorowako",
        "location_label": "Sorowako Nuha North Inland Mountain Ridge - Sulawesi Selatan greenfield nickel laterite",
        "lithology": "peridotite_simulated",
        "slope_deg": 20.9,
        "distance_to_river_m": 2478,
        "distance_to_road_m": 2278,
        "distance_to_settlement_m": 6549,
        "legal_status": "allowed",
        "distance_to_smelter_km": 40.5,
        "area_ha": 1.77,
        "region_id": "NE",
        "fe_oxide_index": 2.747,
        "clay_index": 1.68,
        "ndvi_stress_index": 0.224,
        "tmi_structural_nT": 45285.0,
        "tmi_anomaly_nT": 285.0,
        "elevation_mdpl": 706.2,
        "geochem_assay_ratio": 1.74
      },
      "geometry": {
        "type": "Polygon",
        "coordinates": [
          [
            [
              121.553,
              -2.491
            ],
            [
              121.565,
              -2.491
            ],
            [
              121.565,
              -2.479
            ],
            [
              121.553,
              -2.479
            ],
            [
              121.553,
              -2.491
            ]
          ]
        ]
      }
    },
    {
      "type": "Feature",
      "properties": {
        "grid_id": "SOR256",
        "site": "sorowako",
        "location_label": "Sorowako Nuha North Inland Mountain Ridge - Sulawesi Selatan greenfield nickel laterite",
        "lithology": "ultramafic_simulated",
        "slope_deg": 19.1,
        "distance_to_river_m": 408,
        "distance_to_road_m": 2742,
        "distance_to_settlement_m": 4920,
        "legal_status": "allowed",
        "distance_to_smelter_km": 44.4,
        "area_ha": 1.77,
        "region_id": "NE",
        "fe_oxide_index": 1.814,
        "clay_index": 2.421,
        "ndvi_stress_index": 0.41,
        "tmi_structural_nT": 45206.3,
        "tmi_anomaly_nT": 206.3,
        "elevation_mdpl": 693.6,
        "geochem_assay_ratio": 2.01
      },
      "geometry": {
        "type": "Polygon",
        "coordinates": [
          [
            [
              121.565,
              -2.491
            ],
            [
              121.577,
              -2.491
            ],
            [
              121.577,
              -2.479
            ],
            [
              121.565,
              -2.479
            ],
            [
              121.565,
              -2.491
            ]
          ]
        ]
      }
    },
    {
      "type": "Feature",
      "properties": {
        "grid_id": "SOR257",
        "site": "sorowako",
        "location_label": "Sorowako Nuha North Inland Mountain Ridge - Sulawesi Selatan greenfield nickel laterite",
        "lithology": "serpentinite_simulated",
        "slope_deg": 19.2,
        "distance_to_river_m": 940,
        "distance_to_road_m": 5895,
        "distance_to_settlement_m": 8232,
        "legal_status": "allowed",
        "distance_to_smelter_km": 48.5,
        "area_ha": 1.77,
        "region_id": "NE",
        "fe_oxide_index": 1.916,
        "clay_index": 1.686,
        "ndvi_stress_index": 0.409,
        "tmi_structural_nT": 45457.3,
        "tmi_anomaly_nT": 457.3,
        "elevation_mdpl": 681.6,
        "geochem_assay_ratio": 1.61
      },
      "geometry": {
        "type": "Polygon",
        "coordinates": [
          [
            [
              121.577,
              -2.491
            ],
            [
              121.589,
              -2.491
            ],
            [
              121.589,
              -2.479
            ],
            [
              121.577,
              -2.479
            ],
            [
              121.577,
              -2.491
            ]
          ]
        ]
      }
    },
    {
      "type": "Feature",
      "properties": {
        "grid_id": "SOR258",
        "site": "sorowako",
        "location_label": "Sorowako Nuha North Inland Mountain Ridge - Sulawesi Selatan greenfield nickel laterite",
        "lithology": "mafic_volcanic_simulated",
        "slope_deg": 13.6,
        "distance_to_river_m": 2195,
        "distance_to_road_m": 3101,
        "distance_to_settlement_m": 8297,
        "legal_status": "allowed",
        "distance_to_smelter_km": 52.6,
        "area_ha": 1.77,
        "region_id": "NE",
        "fe_oxide_index": 1.387,
        "clay_index": 1.034,
        "ndvi_stress_index": 0.662,
        "tmi_structural_nT": 45359.6,
        "tmi_anomaly_nT": 359.6,
        "elevation_mdpl": 647.8,
        "geochem_assay_ratio": 3.73
      },
      "geometry": {
        "type": "Polygon",
        "coordinates": [
          [
            [
              121.589,
              -2.491
            ],
            [
              121.601,
              -2.491
            ],
            [
              121.601,
              -2.479
            ],
            [
              121.589,
              -2.479
            ],
            [
              121.589,
              -2.491
            ]
          ]
        ]
      }
    },
    {
      "type": "Feature",
      "properties": {
        "grid_id": "SOR259",
        "site": "sorowako",
        "location_label": "Sorowako Nuha North Inland Mountain Ridge - Sulawesi Selatan greenfield nickel laterite",
        "lithology": "peridotite_simulated",
        "slope_deg": 16.6,
        "distance_to_river_m": 1967,
        "distance_to_road_m": 4967,
        "distance_to_settlement_m": 12231,
        "legal_status": "allowed",
        "distance_to_smelter_km": 56.8,
        "area_ha": 1.77,
        "region_id": "NE",
        "fe_oxide_index": 1.803,
        "clay_index": 2.445,
        "ndvi_stress_index": 0.184,
        "tmi_structural_nT": 45658.4,
        "tmi_anomaly_nT": 658.4,
        "elevation_mdpl": 715.8,
        "geochem_assay_ratio": 3.06
      },
      "geometry": {
        "type": "Polygon",
        "coordinates": [
          [
            [
              121.601,
              -2.491
            ],
            [
              121.613,
              -2.491
            ],
            [
              121.613,
              -2.479
            ],
            [
              121.601,
              -2.479
            ],
            [
              121.601,
              -2.491
            ]
          ]
        ]
      }
    },
    {
      "type": "Feature",
      "properties": {
        "grid_id": "SOR260",
        "site": "sorowako",
        "location_label": "Sorowako Nuha North Inland Mountain Ridge - Sulawesi Selatan greenfield nickel laterite",
        "lithology": "ultramafic_simulated",
        "slope_deg": 12.8,
        "distance_to_river_m": 2725,
        "distance_to_road_m": 5852,
        "distance_to_settlement_m": 4332,
        "legal_status": "allowed",
        "distance_to_smelter_km": 61.0,
        "area_ha": 1.77,
        "region_id": "NE",
        "fe_oxide_index": 1.881,
        "clay_index": 2.084,
        "ndvi_stress_index": 0.375,
        "tmi_structural_nT": 45249.7,
        "tmi_anomaly_nT": 249.7,
        "elevation_mdpl": 638.2,
        "geochem_assay_ratio": 2.74
      },
      "geometry": {
        "type": "Polygon",
        "coordinates": [
          [
            [
              121.613,
              -2.491
            ],
            [
              121.625,
              -2.491
            ],
            [
              121.625,
              -2.479
            ],
            [
              121.613,
              -2.479
            ],
            [
              121.613,
              -2.491
            ]
          ]
        ]
      }
    },
    {
      "type": "Feature",
      "properties": {
        "grid_id": "SOR261",
        "site": "sorowako",
        "location_label": "Sorowako Nuha North Inland Mountain Ridge - Sulawesi Selatan greenfield nickel laterite",
        "lithology": "ultramafic_simulated",
        "slope_deg": 16.7,
        "distance_to_river_m": 738,
        "distance_to_road_m": 6366,
        "distance_to_settlement_m": 9737,
        "legal_status": "no-go",
        "distance_to_smelter_km": 62.3,
        "area_ha": 1.77,
        "region_id": "NW",
        "fe_oxide_index": 2.03,
        "clay_index": 1.756,
        "ndvi_stress_index": 0.359,
        "tmi_structural_nT": 45659.3,
        "tmi_anomaly_nT": 659.3,
        "elevation_mdpl": 704.2,
        "geochem_assay_ratio": 2.87
      },
      "geometry": {
        "type": "Polygon",
        "coordinates": [
          [
            [
              121.385,
              -2.479
            ],
            [
              121.397,
              -2.479
            ],
            [
              121.397,
              -2.467
            ],
            [
              121.385,
              -2.467
            ],
            [
              121.385,
              -2.479
            ]
          ]
        ]
      }
    },
    {
      "type": "Feature",
      "properties": {
        "grid_id": "SOR262",
        "site": "sorowako",
        "location_label": "Sorowako Nuha North Inland Mountain Ridge - Sulawesi Selatan greenfield nickel laterite",
        "lithology": "serpentinite_simulated",
        "slope_deg": 15.0,
        "distance_to_river_m": 3132,
        "distance_to_road_m": 4324,
        "distance_to_settlement_m": 10201,
        "legal_status": "no-go",
        "distance_to_smelter_km": 58.2,
        "area_ha": 1.77,
        "region_id": "NW",
        "fe_oxide_index": 2.097,
        "clay_index": 1.938,
        "ndvi_stress_index": 0.227,
        "tmi_structural_nT": 45851.8,
        "tmi_anomaly_nT": 851.8,
        "elevation_mdpl": 692.6,
        "geochem_assay_ratio": 3.15
      },
      "geometry": {
        "type": "Polygon",
        "coordinates": [
          [
            [
              121.397,
              -2.479
            ],
            [
              121.409,
              -2.479
            ],
            [
              121.409,
              -2.467
            ],
            [
              121.397,
              -2.467
            ],
            [
              121.397,
              -2.479
            ]
          ]
        ]
      }
    },
    {
      "type": "Feature",
      "properties": {
        "grid_id": "SOR263",
        "site": "sorowako",
        "location_label": "Sorowako Nuha North Inland Mountain Ridge - Sulawesi Selatan greenfield nickel laterite",
        "lithology": "serpentinite_simulated",
        "slope_deg": 22.6,
        "distance_to_river_m": 1788,
        "distance_to_road_m": 5144,
        "distance_to_settlement_m": 11165,
        "legal_status": "no-go",
        "distance_to_smelter_km": 54.2,
        "area_ha": 1.77,
        "region_id": "NW",
        "fe_oxide_index": 2.625,
        "clay_index": 1.888,
        "ndvi_stress_index": 0.266,
        "tmi_structural_nT": 45956.0,
        "tmi_anomaly_nT": 956.0,
        "elevation_mdpl": 663.1,
        "geochem_assay_ratio": 3.0
      },
      "geometry": {
        "type": "Polygon",
        "coordinates": [
          [
            [
              121.409,
              -2.479
            ],
            [
              121.421,
              -2.479
            ],
            [
              121.421,
              -2.467
            ],
            [
              121.409,
              -2.467
            ],
            [
              121.409,
              -2.479
            ]
          ]
        ]
      }
    },
    {
      "type": "Feature",
      "properties": {
        "grid_id": "SOR264",
        "site": "sorowako",
        "location_label": "Sorowako Nuha North Inland Mountain Ridge - Sulawesi Selatan greenfield nickel laterite",
        "lithology": "serpentinite_simulated",
        "slope_deg": 14.0,
        "distance_to_river_m": 2534,
        "distance_to_road_m": 2790,
        "distance_to_settlement_m": 9206,
        "legal_status": "no-go",
        "distance_to_smelter_km": 50.3,
        "area_ha": 1.77,
        "region_id": "NW",
        "fe_oxide_index": 1.93,
        "clay_index": 2.083,
        "ndvi_stress_index": 0.19,
        "tmi_structural_nT": 45959.0,
        "tmi_anomaly_nT": 959.0,
        "elevation_mdpl": 660.1,
        "geochem_assay_ratio": 2.94
      },
      "geometry": {
        "type": "Polygon",
        "coordinates": [
          [
            [
              121.421,
              -2.479
            ],
            [
              121.433,
              -2.479
            ],
            [
              121.433,
              -2.467
            ],
            [
              121.421,
              -2.467
            ],
            [
              121.421,
              -2.479
            ]
          ]
        ]
      }
    },
    {
      "type": "Feature",
      "properties": {
        "grid_id": "SOR265",
        "site": "sorowako",
        "location_label": "Sorowako Nuha North Inland Mountain Ridge - Sulawesi Selatan greenfield nickel laterite",
        "lithology": "serpentinite_simulated",
        "slope_deg": 16.3,
        "distance_to_river_m": 1630,
        "distance_to_road_m": 1968,
        "distance_to_settlement_m": 9125,
        "legal_status": "no-go",
        "distance_to_smelter_km": 46.5,
        "area_ha": 1.77,
        "region_id": "NW",
        "fe_oxide_index": 2.288,
        "clay_index": 1.673,
        "ndvi_stress_index": 0.356,
        "tmi_structural_nT": 46017.5,
        "tmi_anomaly_nT": 1017.5,
        "elevation_mdpl": 712.2,
        "geochem_assay_ratio": 2.78
      },
      "geometry": {
        "type": "Polygon",
        "coordinates": [
          [
            [
              121.433,
              -2.479
            ],
            [
              121.445,
              -2.479
            ],
            [
              121.445,
              -2.467
            ],
            [
              121.433,
              -2.467
            ],
            [
              121.433,
              -2.479
            ]
          ]
        ]
      }
    },
    {
      "type": "Feature",
      "properties": {
        "grid_id": "SOR266",
        "site": "sorowako",
        "location_label": "Sorowako Nuha North Inland Mountain Ridge - Sulawesi Selatan greenfield nickel laterite",
        "lithology": "mafic_volcanic_simulated",
        "slope_deg": 22.5,
        "distance_to_river_m": 2276,
        "distance_to_road_m": 2849,
        "distance_to_settlement_m": 10993,
        "legal_status": "no-go",
        "distance_to_smelter_km": 42.9,
        "area_ha": 1.77,
        "region_id": "NW",
        "fe_oxide_index": 1.527,
        "clay_index": 1.436,
        "ndvi_stress_index": 0.647,
        "tmi_structural_nT": 45069.6,
        "tmi_anomaly_nT": 69.6,
        "elevation_mdpl": 645.9,
        "geochem_assay_ratio": 5.58
      },
      "geometry": {
        "type": "Polygon",
        "coordinates": [
          [
            [
              121.445,
              -2.479
            ],
            [
              121.457,
              -2.479
            ],
            [
              121.457,
              -2.467
            ],
            [
              121.445,
              -2.467
            ],
            [
              121.445,
              -2.479
            ]
          ]
        ]
      }
    },
    {
      "type": "Feature",
      "properties": {
        "grid_id": "SOR267",
        "site": "sorowako",
        "location_label": "Sorowako Nuha North Inland Mountain Ridge - Sulawesi Selatan greenfield nickel laterite",
        "lithology": "ultramafic_simulated",
        "slope_deg": 18.8,
        "distance_to_river_m": 1225,
        "distance_to_road_m": 6432,
        "distance_to_settlement_m": 14329,
        "legal_status": "conditional",
        "distance_to_smelter_km": 39.7,
        "area_ha": 1.77,
        "region_id": "NW",
        "fe_oxide_index": 2.132,
        "clay_index": 1.728,
        "ndvi_stress_index": 0.29,
        "tmi_structural_nT": 45247.5,
        "tmi_anomaly_nT": 247.5,
        "elevation_mdpl": 706.4,
        "geochem_assay_ratio": 1.6
      },
      "geometry": {
        "type": "Polygon",
        "coordinates": [
          [
            [
              121.457,
              -2.479
            ],
            [
              121.469,
              -2.479
            ],
            [
              121.469,
              -2.467
            ],
            [
              121.457,
              -2.467
            ],
            [
              121.457,
              -2.479
            ]
          ]
        ]
      }
    },
    {
      "type": "Feature",
      "properties": {
        "grid_id": "SOR268",
        "site": "sorowako",
        "location_label": "Sorowako Nuha North Inland Mountain Ridge - Sulawesi Selatan greenfield nickel laterite",
        "lithology": "ultramafic_simulated",
        "slope_deg": 12.2,
        "distance_to_river_m": 2898,
        "distance_to_road_m": 4010,
        "distance_to_settlement_m": 13545,
        "legal_status": "conditional",
        "distance_to_smelter_km": 36.8,
        "area_ha": 1.77,
        "region_id": "NW",
        "fe_oxide_index": 2.279,
        "clay_index": 1.949,
        "ndvi_stress_index": 0.265,
        "tmi_structural_nT": 45642.5,
        "tmi_anomaly_nT": 642.5,
        "elevation_mdpl": 672.3,
        "geochem_assay_ratio": 2.78
      },
      "geometry": {
        "type": "Polygon",
        "coordinates": [
          [
            [
              121.469,
              -2.479
            ],
            [
              121.481,
              -2.479
            ],
            [
              121.481,
              -2.467
            ],
            [
              121.469,
              -2.467
            ],
            [
              121.469,
              -2.479
            ]
          ]
        ]
      }
    },
    {
      "type": "Feature",
      "properties": {
        "grid_id": "SOR269",
        "site": "sorowako",
        "location_label": "Sorowako Nuha North Inland Mountain Ridge - Sulawesi Selatan greenfield nickel laterite",
        "lithology": "ultramafic_simulated",
        "slope_deg": 22.2,
        "distance_to_river_m": 571,
        "distance_to_road_m": 3721,
        "distance_to_settlement_m": 10394,
        "legal_status": "conditional",
        "distance_to_smelter_km": 34.7,
        "area_ha": 1.77,
        "region_id": "NW",
        "fe_oxide_index": 2.242,
        "clay_index": 1.789,
        "ndvi_stress_index": 0.289,
        "tmi_structural_nT": 45481.1,
        "tmi_anomaly_nT": 481.1,
        "elevation_mdpl": 639.6,
        "geochem_assay_ratio": 2.25
      },
      "geometry": {
        "type": "Polygon",
        "coordinates": [
          [
            [
              121.481,
              -2.479
            ],
            [
              121.493,
              -2.479
            ],
            [
              121.493,
              -2.467
            ],
            [
              121.481,
              -2.467
            ],
            [
              121.481,
              -2.479
            ]
          ]
        ]
      }
    },
    {
      "type": "Feature",
      "properties": {
        "grid_id": "SOR270",
        "site": "sorowako",
        "location_label": "Sorowako Nuha North Inland Mountain Ridge - Sulawesi Selatan greenfield nickel laterite",
        "lithology": "serpentinite_simulated",
        "slope_deg": 21.0,
        "distance_to_river_m": 2675,
        "distance_to_road_m": 4500,
        "distance_to_settlement_m": 7686,
        "legal_status": "conditional",
        "distance_to_smelter_km": 33.5,
        "area_ha": 1.77,
        "region_id": "NW",
        "fe_oxide_index": 2.67,
        "clay_index": 2.281,
        "ndvi_stress_index": 0.319,
        "tmi_structural_nT": 45228.9,
        "tmi_anomaly_nT": 228.9,
        "elevation_mdpl": 683.6,
        "geochem_assay_ratio": 3.16
      },
      "geometry": {
        "type": "Polygon",
        "coordinates": [
          [
            [
              121.493,
              -2.479
            ],
            [
              121.505,
              -2.479
            ],
            [
              121.505,
              -2.467
            ],
            [
              121.493,
              -2.467
            ],
            [
              121.493,
              -2.479
            ]
          ]
        ]
      }
    },
    {
      "type": "Feature",
      "properties": {
        "grid_id": "SOR271",
        "site": "sorowako",
        "location_label": "Sorowako Nuha North Inland Mountain Ridge - Sulawesi Selatan greenfield nickel laterite",
        "lithology": "mafic_volcanic_simulated",
        "slope_deg": 12.9,
        "distance_to_river_m": 1397,
        "distance_to_road_m": 5212,
        "distance_to_settlement_m": 5436,
        "legal_status": "conditional",
        "distance_to_smelter_km": 33.5,
        "area_ha": 1.77,
        "region_id": "NE",
        "fe_oxide_index": 1.315,
        "clay_index": 1.12,
        "ndvi_stress_index": 0.751,
        "tmi_structural_nT": 44696.9,
        "tmi_anomaly_nT": -303.1,
        "elevation_mdpl": 673.5,
        "geochem_assay_ratio": 4.11
      },
      "geometry": {
        "type": "Polygon",
        "coordinates": [
          [
            [
              121.505,
              -2.479
            ],
            [
              121.517,
              -2.479
            ],
            [
              121.517,
              -2.467
            ],
            [
              121.505,
              -2.467
            ],
            [
              121.505,
              -2.479
            ]
          ]
        ]
      }
    },
    {
      "type": "Feature",
      "properties": {
        "grid_id": "SOR272",
        "site": "sorowako",
        "location_label": "Sorowako Nuha North Inland Mountain Ridge - Sulawesi Selatan greenfield nickel laterite",
        "lithology": "ultramafic_simulated",
        "slope_deg": 16.3,
        "distance_to_river_m": 1714,
        "distance_to_road_m": 1610,
        "distance_to_settlement_m": 4809,
        "legal_status": "conditional",
        "distance_to_smelter_km": 34.7,
        "area_ha": 1.77,
        "region_id": "NE",
        "fe_oxide_index": 2.129,
        "clay_index": 2.372,
        "ndvi_stress_index": 0.374,
        "tmi_structural_nT": 45279.8,
        "tmi_anomaly_nT": 279.8,
        "elevation_mdpl": 621.0,
        "geochem_assay_ratio": 1.72
      },
      "geometry": {
        "type": "Polygon",
        "coordinates": [
          [
            [
              121.517,
              -2.479
            ],
            [
              121.529,
              -2.479
            ],
            [
              121.529,
              -2.467
            ],
            [
              121.517,
              -2.467
            ],
            [
              121.517,
              -2.479
            ]
          ]
        ]
      }
    },
    {
      "type": "Feature",
      "properties": {
        "grid_id": "SOR273",
        "site": "sorowako",
        "location_label": "Sorowako Nuha North Inland Mountain Ridge - Sulawesi Selatan greenfield nickel laterite",
        "lithology": "ultramafic_simulated",
        "slope_deg": 22.3,
        "distance_to_river_m": 1061,
        "distance_to_road_m": 3908,
        "distance_to_settlement_m": 14486,
        "legal_status": "conditional",
        "distance_to_smelter_km": 36.8,
        "area_ha": 1.77,
        "region_id": "NE",
        "fe_oxide_index": 2.109,
        "clay_index": 2.233,
        "ndvi_stress_index": 0.299,
        "tmi_structural_nT": 45612.7,
        "tmi_anomaly_nT": 612.7,
        "elevation_mdpl": 660.0,
        "geochem_assay_ratio": 1.75
      },
      "geometry": {
        "type": "Polygon",
        "coordinates": [
          [
            [
              121.529,
              -2.479
            ],
            [
              121.541,
              -2.479
            ],
            [
              121.541,
              -2.467
            ],
            [
              121.529,
              -2.467
            ],
            [
              121.529,
              -2.479
            ]
          ]
        ]
      }
    },
    {
      "type": "Feature",
      "properties": {
        "grid_id": "SOR274",
        "site": "sorowako",
        "location_label": "Sorowako Nuha North Inland Mountain Ridge - Sulawesi Selatan greenfield nickel laterite",
        "lithology": "serpentinite_simulated",
        "slope_deg": 13.8,
        "distance_to_river_m": 379,
        "distance_to_road_m": 4057,
        "distance_to_settlement_m": 10456,
        "legal_status": "allowed",
        "distance_to_smelter_km": 39.7,
        "area_ha": 1.77,
        "region_id": "NE",
        "fe_oxide_index": 2.477,
        "clay_index": 2.42,
        "ndvi_stress_index": 0.265,
        "tmi_structural_nT": 45129.9,
        "tmi_anomaly_nT": 129.9,
        "elevation_mdpl": 638.0,
        "geochem_assay_ratio": 1.98
      },
      "geometry": {
        "type": "Polygon",
        "coordinates": [
          [
            [
              121.541,
              -2.479
            ],
            [
              121.553,
              -2.479
            ],
            [
              121.553,
              -2.467
            ],
            [
              121.541,
              -2.467
            ],
            [
              121.541,
              -2.479
            ]
          ]
        ]
      }
    },
    {
      "type": "Feature",
      "properties": {
        "grid_id": "SOR275",
        "site": "sorowako",
        "location_label": "Sorowako Nuha North Inland Mountain Ridge - Sulawesi Selatan greenfield nickel laterite",
        "lithology": "mafic_volcanic_simulated",
        "slope_deg": 12.8,
        "distance_to_river_m": 2887,
        "distance_to_road_m": 3609,
        "distance_to_settlement_m": 12318,
        "legal_status": "allowed",
        "distance_to_smelter_km": 42.9,
        "area_ha": 1.77,
        "region_id": "NE",
        "fe_oxide_index": 1.218,
        "clay_index": 1.401,
        "ndvi_stress_index": 0.64,
        "tmi_structural_nT": 45390.3,
        "tmi_anomaly_nT": 390.3,
        "elevation_mdpl": 662.1,
        "geochem_assay_ratio": 3.81
      },
      "geometry": {
        "type": "Polygon",
        "coordinates": [
          [
            [
              121.553,
              -2.479
            ],
            [
              121.565,
              -2.479
            ],
            [
              121.565,
              -2.467
            ],
            [
              121.553,
              -2.467
            ],
            [
              121.553,
              -2.479
            ]
          ]
        ]
      }
    },
    {
      "type": "Feature",
      "properties": {
        "grid_id": "SOR276",
        "site": "sorowako",
        "location_label": "Sorowako Nuha North Inland Mountain Ridge - Sulawesi Selatan greenfield nickel laterite",
        "lithology": "ultramafic_simulated",
        "slope_deg": 20.0,
        "distance_to_river_m": 1082,
        "distance_to_road_m": 5268,
        "distance_to_settlement_m": 8404,
        "legal_status": "allowed",
        "distance_to_smelter_km": 46.5,
        "area_ha": 1.77,
        "region_id": "NE",
        "fe_oxide_index": 2.443,
        "clay_index": 1.934,
        "ndvi_stress_index": 0.347,
        "tmi_structural_nT": 45554.6,
        "tmi_anomaly_nT": 554.6,
        "elevation_mdpl": 704.9,
        "geochem_assay_ratio": 3.14
      },
      "geometry": {
        "type": "Polygon",
        "coordinates": [
          [
            [
              121.565,
              -2.479
            ],
            [
              121.577,
              -2.479
            ],
            [
              121.577,
              -2.467
            ],
            [
              121.565,
              -2.467
            ],
            [
              121.565,
              -2.479
            ]
          ]
        ]
      }
    },
    {
      "type": "Feature",
      "properties": {
        "grid_id": "SOR277",
        "site": "sorowako",
        "location_label": "Sorowako Nuha North Inland Mountain Ridge - Sulawesi Selatan greenfield nickel laterite",
        "lithology": "mafic_volcanic_simulated",
        "slope_deg": 12.8,
        "distance_to_river_m": 1242,
        "distance_to_road_m": 4564,
        "distance_to_settlement_m": 12937,
        "legal_status": "allowed",
        "distance_to_smelter_km": 50.3,
        "area_ha": 1.77,
        "region_id": "NE",
        "fe_oxide_index": 1.183,
        "clay_index": 1.23,
        "ndvi_stress_index": 0.535,
        "tmi_structural_nT": 45261.9,
        "tmi_anomaly_nT": 261.9,
        "elevation_mdpl": 695.3,
        "geochem_assay_ratio": 5.72
      },
      "geometry": {
        "type": "Polygon",
        "coordinates": [
          [
            [
              121.577,
              -2.479
            ],
            [
              121.589,
              -2.479
            ],
            [
              121.589,
              -2.467
            ],
            [
              121.577,
              -2.467
            ],
            [
              121.577,
              -2.479
            ]
          ]
        ]
      }
    },
    {
      "type": "Feature",
      "properties": {
        "grid_id": "SOR278",
        "site": "sorowako",
        "location_label": "Sorowako Nuha North Inland Mountain Ridge - Sulawesi Selatan greenfield nickel laterite",
        "lithology": "serpentinite_simulated",
        "slope_deg": 12.9,
        "distance_to_river_m": 3118,
        "distance_to_road_m": 1801,
        "distance_to_settlement_m": 4144,
        "legal_status": "allowed",
        "distance_to_smelter_km": 54.2,
        "area_ha": 1.77,
        "region_id": "NE",
        "fe_oxide_index": 2.019,
        "clay_index": 2.102,
        "ndvi_stress_index": 0.307,
        "tmi_structural_nT": 45958.5,
        "tmi_anomaly_nT": 958.5,
        "elevation_mdpl": 696.0,
        "geochem_assay_ratio": 1.96
      },
      "geometry": {
        "type": "Polygon",
        "coordinates": [
          [
            [
              121.589,
              -2.479
            ],
            [
              121.601,
              -2.479
            ],
            [
              121.601,
              -2.467
            ],
            [
              121.589,
              -2.467
            ],
            [
              121.589,
              -2.479
            ]
          ]
        ]
      }
    },
    {
      "type": "Feature",
      "properties": {
        "grid_id": "SOR279",
        "site": "sorowako",
        "location_label": "Sorowako Nuha North Inland Mountain Ridge - Sulawesi Selatan greenfield nickel laterite",
        "lithology": "serpentinite_simulated",
        "slope_deg": 12.3,
        "distance_to_river_m": 2213,
        "distance_to_road_m": 3763,
        "distance_to_settlement_m": 6921,
        "legal_status": "allowed",
        "distance_to_smelter_km": 58.2,
        "area_ha": 1.77,
        "region_id": "NE",
        "fe_oxide_index": 2.327,
        "clay_index": 2.032,
        "ndvi_stress_index": 0.193,
        "tmi_structural_nT": 45372.6,
        "tmi_anomaly_nT": 372.6,
        "elevation_mdpl": 629.8,
        "geochem_assay_ratio": 2.57
      },
      "geometry": {
        "type": "Polygon",
        "coordinates": [
          [
            [
              121.601,
              -2.479
            ],
            [
              121.613,
              -2.479
            ],
            [
              121.613,
              -2.467
            ],
            [
              121.601,
              -2.467
            ],
            [
              121.601,
              -2.479
            ]
          ]
        ]
      }
    },
    {
      "type": "Feature",
      "properties": {
        "grid_id": "SOR280",
        "site": "sorowako",
        "location_label": "Sorowako Nuha North Inland Mountain Ridge - Sulawesi Selatan greenfield nickel laterite",
        "lithology": "serpentinite_simulated",
        "slope_deg": 20.1,
        "distance_to_river_m": 2848,
        "distance_to_road_m": 2841,
        "distance_to_settlement_m": 6263,
        "legal_status": "allowed",
        "distance_to_smelter_km": 62.3,
        "area_ha": 1.77,
        "region_id": "NE",
        "fe_oxide_index": 2.102,
        "clay_index": 2.107,
        "ndvi_stress_index": 0.356,
        "tmi_structural_nT": 45194.2,
        "tmi_anomaly_nT": 194.2,
        "elevation_mdpl": 670.3,
        "geochem_assay_ratio": 2.66
      },
      "geometry": {
        "type": "Polygon",
        "coordinates": [
          [
            [
              121.613,
              -2.479
            ],
            [
              121.625,
              -2.479
            ],
            [
              121.625,
              -2.467
            ],
            [
              121.613,
              -2.467
            ],
            [
              121.613,
              -2.479
            ]
          ]
        ]
      }
    },
    {
      "type": "Feature",
      "properties": {
        "grid_id": "SOR281",
        "site": "sorowako",
        "location_label": "Sorowako Nuha North Inland Mountain Ridge - Sulawesi Selatan greenfield nickel laterite",
        "lithology": "serpentinite_simulated",
        "slope_deg": 13.2,
        "distance_to_river_m": 2671,
        "distance_to_road_m": 4336,
        "distance_to_settlement_m": 14895,
        "legal_status": "no-go",
        "distance_to_smelter_km": 64.0,
        "area_ha": 1.77,
        "region_id": "NW",
        "fe_oxide_index": 1.976,
        "clay_index": 1.725,
        "ndvi_stress_index": 0.203,
        "tmi_structural_nT": 45404.6,
        "tmi_anomaly_nT": 404.6,
        "elevation_mdpl": 693.6,
        "geochem_assay_ratio": 2.21
      },
      "geometry": {
        "type": "Polygon",
        "coordinates": [
          [
            [
              121.385,
              -2.467
            ],
            [
              121.397,
              -2.467
            ],
            [
              121.397,
              -2.455
            ],
            [
              121.385,
              -2.455
            ],
            [
              121.385,
              -2.467
            ]
          ]
        ]
      }
    },
    {
      "type": "Feature",
      "properties": {
        "grid_id": "SOR282",
        "site": "sorowako",
        "location_label": "Sorowako Nuha North Inland Mountain Ridge - Sulawesi Selatan greenfield nickel laterite",
        "lithology": "peridotite_simulated",
        "slope_deg": 14.7,
        "distance_to_river_m": 2444,
        "distance_to_road_m": 6366,
        "distance_to_settlement_m": 7954,
        "legal_status": "conditional",
        "distance_to_smelter_km": 60.1,
        "area_ha": 1.77,
        "region_id": "NW",
        "fe_oxide_index": 2.803,
        "clay_index": 2.143,
        "ndvi_stress_index": 0.412,
        "tmi_structural_nT": 45977.1,
        "tmi_anomaly_nT": 977.1,
        "elevation_mdpl": 687.9,
        "geochem_assay_ratio": 3.02
      },
      "geometry": {
        "type": "Polygon",
        "coordinates": [
          [
            [
              121.397,
              -2.467
            ],
            [
              121.409,
              -2.467
            ],
            [
              121.409,
              -2.455
            ],
            [
              121.397,
              -2.455
            ],
            [
              121.397,
              -2.467
            ]
          ]
        ]
      }
    },
    {
      "type": "Feature",
      "properties": {
        "grid_id": "SOR283",
        "site": "sorowako",
        "location_label": "Sorowako Nuha North Inland Mountain Ridge - Sulawesi Selatan greenfield nickel laterite",
        "lithology": "ultramafic_simulated",
        "slope_deg": 17.1,
        "distance_to_river_m": 719,
        "distance_to_road_m": 6333,
        "distance_to_settlement_m": 10862,
        "legal_status": "conditional",
        "distance_to_smelter_km": 56.3,
        "area_ha": 1.77,
        "region_id": "NW",
        "fe_oxide_index": 2.103,
        "clay_index": 2.28,
        "ndvi_stress_index": 0.184,
        "tmi_structural_nT": 45141.0,
        "tmi_anomaly_nT": 141.0,
        "elevation_mdpl": 648.3,
        "geochem_assay_ratio": 2.47
      },
      "geometry": {
        "type": "Polygon",
        "coordinates": [
          [
            [
              121.409,
              -2.467
            ],
            [
              121.421,
              -2.467
            ],
            [
              121.421,
              -2.455
            ],
            [
              121.409,
              -2.455
            ],
            [
              121.409,
              -2.467
            ]
          ]
        ]
      }
    },
    {
      "type": "Feature",
      "properties": {
        "grid_id": "SOR284",
        "site": "sorowako",
        "location_label": "Sorowako Nuha North Inland Mountain Ridge - Sulawesi Selatan greenfield nickel laterite",
        "lithology": "ultramafic_simulated",
        "slope_deg": 19.0,
        "distance_to_river_m": 1514,
        "distance_to_road_m": 6335,
        "distance_to_settlement_m": 5080,
        "legal_status": "no-go",
        "distance_to_smelter_km": 52.6,
        "area_ha": 1.77,
        "region_id": "NW",
        "fe_oxide_index": 2.126,
        "clay_index": 2.079,
        "ndvi_stress_index": 0.343,
        "tmi_structural_nT": 45422.5,
        "tmi_anomaly_nT": 422.5,
        "elevation_mdpl": 677.8,
        "geochem_assay_ratio": 2.63
      },
      "geometry": {
        "type": "Polygon",
        "coordinates": [
          [
            [
              121.421,
              -2.467
            ],
            [
              121.433,
              -2.467
            ],
            [
              121.433,
              -2.455
            ],
            [
              121.421,
              -2.455
            ],
            [
              121.421,
              -2.467
            ]
          ]
        ]
      }
    },
    {
      "type": "Feature",
      "properties": {
        "grid_id": "SOR285",
        "site": "sorowako",
        "location_label": "Sorowako Nuha North Inland Mountain Ridge - Sulawesi Selatan greenfield nickel laterite",
        "lithology": "peridotite_simulated",
        "slope_deg": 22.5,
        "distance_to_river_m": 1509,
        "distance_to_road_m": 5279,
        "distance_to_settlement_m": 10767,
        "legal_status": "no-go",
        "distance_to_smelter_km": 49.1,
        "area_ha": 1.77,
        "region_id": "NW",
        "fe_oxide_index": 2.338,
        "clay_index": 1.708,
        "ndvi_stress_index": 0.31,
        "tmi_structural_nT": 45665.6,
        "tmi_anomaly_nT": 665.6,
        "elevation_mdpl": 649.3,
        "geochem_assay_ratio": 2.76
      },
      "geometry": {
        "type": "Polygon",
        "coordinates": [
          [
            [
              121.433,
              -2.467
            ],
            [
              121.445,
              -2.467
            ],
            [
              121.445,
              -2.455
            ],
            [
              121.433,
              -2.455
            ],
            [
              121.433,
              -2.467
            ]
          ]
        ]
      }
    },
    {
      "type": "Feature",
      "properties": {
        "grid_id": "SOR286",
        "site": "sorowako",
        "location_label": "Sorowako Nuha North Inland Mountain Ridge - Sulawesi Selatan greenfield nickel laterite",
        "lithology": "serpentinite_simulated",
        "slope_deg": 20.1,
        "distance_to_river_m": 1726,
        "distance_to_road_m": 2618,
        "distance_to_settlement_m": 11432,
        "legal_status": "conditional",
        "distance_to_smelter_km": 45.8,
        "area_ha": 1.77,
        "region_id": "NW",
        "fe_oxide_index": 2.126,
        "clay_index": 2.441,
        "ndvi_stress_index": 0.182,
        "tmi_structural_nT": 45585.0,
        "tmi_anomaly_nT": 585.0,
        "elevation_mdpl": 688.8,
        "geochem_assay_ratio": 1.61
      },
      "geometry": {
        "type": "Polygon",
        "coordinates": [
          [
            [
              121.445,
              -2.467
            ],
            [
              121.457,
              -2.467
            ],
            [
              121.457,
              -2.455
            ],
            [
              121.445,
              -2.455
            ],
            [
              121.445,
              -2.467
            ]
          ]
        ]
      }
    },
    {
      "type": "Feature",
      "properties": {
        "grid_id": "SOR287",
        "site": "sorowako",
        "location_label": "Sorowako Nuha North Inland Mountain Ridge - Sulawesi Selatan greenfield nickel laterite",
        "lithology": "serpentinite_simulated",
        "slope_deg": 21.0,
        "distance_to_river_m": 2200,
        "distance_to_road_m": 2354,
        "distance_to_settlement_m": 12158,
        "legal_status": "conditional",
        "distance_to_smelter_km": 42.9,
        "area_ha": 1.77,
        "region_id": "NW",
        "fe_oxide_index": 2.105,
        "clay_index": 2.167,
        "ndvi_stress_index": 0.41,
        "tmi_structural_nT": 45593.0,
        "tmi_anomaly_nT": 593.0,
        "elevation_mdpl": 686.8,
        "geochem_assay_ratio": 2.1
      },
      "geometry": {
        "type": "Polygon",
        "coordinates": [
          [
            [
              121.457,
              -2.467
            ],
            [
              121.469,
              -2.467
            ],
            [
              121.469,
              -2.455
            ],
            [
              121.457,
              -2.455
            ],
            [
              121.457,
              -2.467
            ]
          ]
        ]
      }
    },
    {
      "type": "Feature",
      "properties": {
        "grid_id": "SOR288",
        "site": "sorowako",
        "location_label": "Sorowako Nuha North Inland Mountain Ridge - Sulawesi Selatan greenfield nickel laterite",
        "lithology": "peridotite_simulated",
        "slope_deg": 15.8,
        "distance_to_river_m": 2342,
        "distance_to_road_m": 3453,
        "distance_to_settlement_m": 4690,
        "legal_status": "conditional",
        "distance_to_smelter_km": 40.5,
        "area_ha": 1.77,
        "region_id": "NW",
        "fe_oxide_index": 2.555,
        "clay_index": 1.888,
        "ndvi_stress_index": 0.352,
        "tmi_structural_nT": 45886.7,
        "tmi_anomaly_nT": 886.7,
        "elevation_mdpl": 647.8,
        "geochem_assay_ratio": 2.77
      },
      "geometry": {
        "type": "Polygon",
        "coordinates": [
          [
            [
              121.469,
              -2.467
            ],
            [
              121.481,
              -2.467
            ],
            [
              121.481,
              -2.455
            ],
            [
              121.469,
              -2.455
            ],
            [
              121.469,
              -2.467
            ]
          ]
        ]
      }
    },
    {
      "type": "Feature",
      "properties": {
        "grid_id": "SOR289",
        "site": "sorowako",
        "location_label": "Sorowako Nuha North Inland Mountain Ridge - Sulawesi Selatan greenfield nickel laterite",
        "lithology": "serpentinite_simulated",
        "slope_deg": 22.3,
        "distance_to_river_m": 1671,
        "distance_to_road_m": 5300,
        "distance_to_settlement_m": 14795,
        "legal_status": "conditional",
        "distance_to_smelter_km": 38.8,
        "area_ha": 1.77,
        "region_id": "NW",
        "fe_oxide_index": 2.048,
        "clay_index": 2.365,
        "ndvi_stress_index": 0.222,
        "tmi_structural_nT": 45992.5,
        "tmi_anomaly_nT": 992.5,
        "elevation_mdpl": 695.6,
        "geochem_assay_ratio": 2.16
      },
      "geometry": {
        "type": "Polygon",
        "coordinates": [
          [
            [
              121.481,
              -2.467
            ],
            [
              121.493,
              -2.467
            ],
            [
              121.493,
              -2.455
            ],
            [
              121.481,
              -2.455
            ],
            [
              121.481,
              -2.467
            ]
          ]
        ]
      }
    },
    {
      "type": "Feature",
      "properties": {
        "grid_id": "SOR290",
        "site": "sorowako",
        "location_label": "Sorowako Nuha North Inland Mountain Ridge - Sulawesi Selatan greenfield nickel laterite",
        "lithology": "ultramafic_simulated",
        "slope_deg": 14.1,
        "distance_to_river_m": 1980,
        "distance_to_road_m": 4646,
        "distance_to_settlement_m": 11355,
        "legal_status": "conditional",
        "distance_to_smelter_km": 37.8,
        "area_ha": 1.77,
        "region_id": "NW",
        "fe_oxide_index": 2.228,
        "clay_index": 2.065,
        "ndvi_stress_index": 0.197,
        "tmi_structural_nT": 45285.3,
        "tmi_anomaly_nT": 285.3,
        "elevation_mdpl": 693.0,
        "geochem_assay_ratio": 3.04
      },
      "geometry": {
        "type": "Polygon",
        "coordinates": [
          [
            [
              121.493,
              -2.467
            ],
            [
              121.505,
              -2.467
            ],
            [
              121.505,
              -2.455
            ],
            [
              121.493,
              -2.455
            ],
            [
              121.493,
              -2.467
            ]
          ]
        ]
      }
    },
    {
      "type": "Feature",
      "properties": {
        "grid_id": "SOR291",
        "site": "sorowako",
        "location_label": "Sorowako Nuha North Inland Mountain Ridge - Sulawesi Selatan greenfield nickel laterite",
        "lithology": "mafic_volcanic_simulated",
        "slope_deg": 22.1,
        "distance_to_river_m": 1014,
        "distance_to_road_m": 5016,
        "distance_to_settlement_m": 4747,
        "legal_status": "conditional",
        "distance_to_smelter_km": 37.8,
        "area_ha": 1.77,
        "region_id": "NE",
        "fe_oxide_index": 1.612,
        "clay_index": 1.466,
        "ndvi_stress_index": 0.64,
        "tmi_structural_nT": 44799.2,
        "tmi_anomaly_nT": -200.8,
        "elevation_mdpl": 625.7,
        "geochem_assay_ratio": 5.24
      },
      "geometry": {
        "type": "Polygon",
        "coordinates": [
          [
            [
              121.505,
              -2.467
            ],
            [
              121.517,
              -2.467
            ],
            [
              121.517,
              -2.455
            ],
            [
              121.505,
              -2.455
            ],
            [
              121.505,
              -2.467
            ]
          ]
        ]
      }
    },
    {
      "type": "Feature",
      "properties": {
        "grid_id": "SOR292",
        "site": "sorowako",
        "location_label": "Sorowako Nuha North Inland Mountain Ridge - Sulawesi Selatan greenfield nickel laterite",
        "lithology": "mafic_volcanic_simulated",
        "slope_deg": 19.7,
        "distance_to_river_m": 2515,
        "distance_to_road_m": 1677,
        "distance_to_settlement_m": 14792,
        "legal_status": "allowed",
        "distance_to_smelter_km": 38.8,
        "area_ha": 1.77,
        "region_id": "NE",
        "fe_oxide_index": 1.431,
        "clay_index": 1.473,
        "ndvi_stress_index": 0.576,
        "tmi_structural_nT": 44441.7,
        "tmi_anomaly_nT": -558.3,
        "elevation_mdpl": 623.6,
        "geochem_assay_ratio": 4.77
      },
      "geometry": {
        "type": "Polygon",
        "coordinates": [
          [
            [
              121.517,
              -2.467
            ],
            [
              121.529,
              -2.467
            ],
            [
              121.529,
              -2.455
            ],
            [
              121.517,
              -2.455
            ],
            [
              121.517,
              -2.467
            ]
          ]
        ]
      }
    },
    {
      "type": "Feature",
      "properties": {
        "grid_id": "SOR293",
        "site": "sorowako",
        "location_label": "Sorowako Nuha North Inland Mountain Ridge - Sulawesi Selatan greenfield nickel laterite",
        "lithology": "peridotite_simulated",
        "slope_deg": 13.5,
        "distance_to_river_m": 1559,
        "distance_to_road_m": 5986,
        "distance_to_settlement_m": 14808,
        "legal_status": "allowed",
        "distance_to_smelter_km": 40.5,
        "area_ha": 1.77,
        "region_id": "NE",
        "fe_oxide_index": 2.258,
        "clay_index": 1.649,
        "ndvi_stress_index": 0.236,
        "tmi_structural_nT": 45688.6,
        "tmi_anomaly_nT": 688.6,
        "elevation_mdpl": 642.7,
        "geochem_assay_ratio": 2.75
      },
      "geometry": {
        "type": "Polygon",
        "coordinates": [
          [
            [
              121.529,
              -2.467
            ],
            [
              121.541,
              -2.467
            ],
            [
              121.541,
              -2.455
            ],
            [
              121.529,
              -2.455
            ],
            [
              121.529,
              -2.467
            ]
          ]
        ]
      }
    },
    {
      "type": "Feature",
      "properties": {
        "grid_id": "SOR294",
        "site": "sorowako",
        "location_label": "Sorowako Nuha North Inland Mountain Ridge - Sulawesi Selatan greenfield nickel laterite",
        "lithology": "peridotite_simulated",
        "slope_deg": 20.1,
        "distance_to_river_m": 1322,
        "distance_to_road_m": 6076,
        "distance_to_settlement_m": 6423,
        "legal_status": "allowed",
        "distance_to_smelter_km": 42.9,
        "area_ha": 1.77,
        "region_id": "NE",
        "fe_oxide_index": 2.486,
        "clay_index": 2.048,
        "ndvi_stress_index": 0.244,
        "tmi_structural_nT": 45797.8,
        "tmi_anomaly_nT": 797.8,
        "elevation_mdpl": 670.3,
        "geochem_assay_ratio": 1.5
      },
      "geometry": {
        "type": "Polygon",
        "coordinates": [
          [
            [
              121.541,
              -2.467
            ],
            [
              121.553,
              -2.467
            ],
            [
              121.553,
              -2.455
            ],
            [
              121.541,
              -2.455
            ],
            [
              121.541,
              -2.467
            ]
          ]
        ]
      }
    },
    {
      "type": "Feature",
      "properties": {
        "grid_id": "SOR295",
        "site": "sorowako",
        "location_label": "Sorowako Nuha North Inland Mountain Ridge - Sulawesi Selatan greenfield nickel laterite",
        "lithology": "peridotite_simulated",
        "slope_deg": 21.1,
        "distance_to_river_m": 527,
        "distance_to_road_m": 2895,
        "distance_to_settlement_m": 10707,
        "legal_status": "allowed",
        "distance_to_smelter_km": 45.8,
        "area_ha": 1.77,
        "region_id": "NE",
        "fe_oxide_index": 2.204,
        "clay_index": 1.638,
        "ndvi_stress_index": 0.229,
        "tmi_structural_nT": 45284.4,
        "tmi_anomaly_nT": 284.4,
        "elevation_mdpl": 663.1,
        "geochem_assay_ratio": 1.49
      },
      "geometry": {
        "type": "Polygon",
        "coordinates": [
          [
            [
              121.553,
              -2.467
            ],
            [
              121.565,
              -2.467
            ],
            [
              121.565,
              -2.455
            ],
            [
              121.553,
              -2.455
            ],
            [
              121.553,
              -2.467
            ]
          ]
        ]
      }
    },
    {
      "type": "Feature",
      "properties": {
        "grid_id": "SOR296",
        "site": "sorowako",
        "location_label": "Sorowako Nuha North Inland Mountain Ridge - Sulawesi Selatan greenfield nickel laterite",
        "lithology": "ultramafic_simulated",
        "slope_deg": 21.4,
        "distance_to_river_m": 3019,
        "distance_to_road_m": 3818,
        "distance_to_settlement_m": 10299,
        "legal_status": "allowed",
        "distance_to_smelter_km": 49.1,
        "area_ha": 1.77,
        "region_id": "NE",
        "fe_oxide_index": 1.971,
        "clay_index": 1.924,
        "ndvi_stress_index": 0.359,
        "tmi_structural_nT": 46024.7,
        "tmi_anomaly_nT": 1024.7,
        "elevation_mdpl": 633.2,
        "geochem_assay_ratio": 1.43
      },
      "geometry": {
        "type": "Polygon",
        "coordinates": [
          [
            [
              121.565,
              -2.467
            ],
            [
              121.577,
              -2.467
            ],
            [
              121.577,
              -2.455
            ],
            [
              121.565,
              -2.455
            ],
            [
              121.565,
              -2.467
            ]
          ]
        ]
      }
    },
    {
      "type": "Feature",
      "properties": {
        "grid_id": "SOR297",
        "site": "sorowako",
        "location_label": "Sorowako Nuha North Inland Mountain Ridge - Sulawesi Selatan greenfield nickel laterite",
        "lithology": "alluvium",
        "slope_deg": 17.3,
        "distance_to_river_m": 2745,
        "distance_to_road_m": 2589,
        "distance_to_settlement_m": 4644,
        "legal_status": "allowed",
        "distance_to_smelter_km": 52.6,
        "area_ha": 1.77,
        "region_id": "NE",
        "fe_oxide_index": 1.466,
        "clay_index": 1.157,
        "ndvi_stress_index": 0.518,
        "tmi_structural_nT": 44579.8,
        "tmi_anomaly_nT": -420.2,
        "elevation_mdpl": 696.6,
        "geochem_assay_ratio": 4.19
      },
      "geometry": {
        "type": "Polygon",
        "coordinates": [
          [
            [
              121.577,
              -2.467
            ],
            [
              121.589,
              -2.467
            ],
            [
              121.589,
              -2.455
            ],
            [
              121.577,
              -2.455
            ],
            [
              121.577,
              -2.467
            ]
          ]
        ]
      }
    },
    {
      "type": "Feature",
      "properties": {
        "grid_id": "SOR298",
        "site": "sorowako",
        "location_label": "Sorowako Nuha North Inland Mountain Ridge - Sulawesi Selatan greenfield nickel laterite",
        "lithology": "mafic_volcanic_simulated",
        "slope_deg": 15.9,
        "distance_to_river_m": 2377,
        "distance_to_road_m": 4503,
        "distance_to_settlement_m": 7847,
        "legal_status": "allowed",
        "distance_to_smelter_km": 56.3,
        "area_ha": 1.77,
        "region_id": "NE",
        "fe_oxide_index": 1.407,
        "clay_index": 1.118,
        "ndvi_stress_index": 0.591,
        "tmi_structural_nT": 44771.4,
        "tmi_anomaly_nT": -228.6,
        "elevation_mdpl": 702.3,
        "geochem_assay_ratio": 4.54
      },
      "geometry": {
        "type": "Polygon",
        "coordinates": [
          [
            [
              121.589,
              -2.467
            ],
            [
              121.601,
              -2.467
            ],
            [
              121.601,
              -2.455
            ],
            [
              121.589,
              -2.455
            ],
            [
              121.589,
              -2.467
            ]
          ]
        ]
      }
    },
    {
      "type": "Feature",
      "properties": {
        "grid_id": "SOR299",
        "site": "sorowako",
        "location_label": "Sorowako Nuha North Inland Mountain Ridge - Sulawesi Selatan greenfield nickel laterite",
        "lithology": "peridotite_simulated",
        "slope_deg": 20.6,
        "distance_to_river_m": 1764,
        "distance_to_road_m": 4407,
        "distance_to_settlement_m": 7785,
        "legal_status": "allowed",
        "distance_to_smelter_km": 60.1,
        "area_ha": 1.77,
        "region_id": "NE",
        "fe_oxide_index": 2.329,
        "clay_index": 2.088,
        "ndvi_stress_index": 0.312,
        "tmi_structural_nT": 45518.1,
        "tmi_anomaly_nT": 518.1,
        "elevation_mdpl": 693.3,
        "geochem_assay_ratio": 2.93
      },
      "geometry": {
        "type": "Polygon",
        "coordinates": [
          [
            [
              121.601,
              -2.467
            ],
            [
              121.613,
              -2.467
            ],
            [
              121.613,
              -2.455
            ],
            [
              121.601,
              -2.455
            ],
            [
              121.601,
              -2.467
            ]
          ]
        ]
      }
    },
    {
      "type": "Feature",
      "properties": {
        "grid_id": "SOR300",
        "site": "sorowako",
        "location_label": "Sorowako Nuha North Inland Mountain Ridge - Sulawesi Selatan greenfield nickel laterite",
        "lithology": "mafic_volcanic_simulated",
        "slope_deg": 19.2,
        "distance_to_river_m": 2047,
        "distance_to_road_m": 3745,
        "distance_to_settlement_m": 8607,
        "legal_status": "allowed",
        "distance_to_smelter_km": 64.0,
        "area_ha": 1.77,
        "region_id": "NE",
        "fe_oxide_index": 1.175,
        "clay_index": 1.269,
        "ndvi_stress_index": 0.717,
        "tmi_structural_nT": 44807.6,
        "tmi_anomaly_nT": -192.4,
        "elevation_mdpl": 678.5,
        "geochem_assay_ratio": 3.85
      },
      "geometry": {
        "type": "Polygon",
        "coordinates": [
          [
            [
              121.613,
              -2.467
            ],
            [
              121.625,
              -2.467
            ],
            [
              121.625,
              -2.455
            ],
            [
              121.613,
              -2.455
            ],
            [
              121.613,
              -2.467
            ]
          ]
        ]
      }
    },
    {
      "type": "Feature",
      "properties": {
        "grid_id": "SOR301",
        "site": "sorowako",
        "location_label": "Sorowako Nuha North Inland Mountain Ridge - Sulawesi Selatan greenfield nickel laterite",
        "lithology": "serpentinite_simulated",
        "slope_deg": 16.7,
        "distance_to_river_m": 2295,
        "distance_to_road_m": 6450,
        "distance_to_settlement_m": 5456,
        "legal_status": "conditional",
        "distance_to_smelter_km": 66.0,
        "area_ha": 1.77,
        "region_id": "NW",
        "fe_oxide_index": 2.222,
        "clay_index": 2.073,
        "ndvi_stress_index": 0.351,
        "tmi_structural_nT": 45219.0,
        "tmi_anomaly_nT": 219.0,
        "elevation_mdpl": 709.7,
        "geochem_assay_ratio": 3.02
      },
      "geometry": {
        "type": "Polygon",
        "coordinates": [
          [
            [
              121.385,
              -2.455
            ],
            [
              121.397,
              -2.455
            ],
            [
              121.397,
              -2.443
            ],
            [
              121.385,
              -2.443
            ],
            [
              121.385,
              -2.455
            ]
          ]
        ]
      }
    },
    {
      "type": "Feature",
      "properties": {
        "grid_id": "SOR302",
        "site": "sorowako",
        "location_label": "Sorowako Nuha North Inland Mountain Ridge - Sulawesi Selatan greenfield nickel laterite",
        "lithology": "peridotite_simulated",
        "slope_deg": 16.2,
        "distance_to_river_m": 1561,
        "distance_to_road_m": 4043,
        "distance_to_settlement_m": 10469,
        "legal_status": "conditional",
        "distance_to_smelter_km": 62.3,
        "area_ha": 1.77,
        "region_id": "NW",
        "fe_oxide_index": 2.392,
        "clay_index": 2.363,
        "ndvi_stress_index": 0.319,
        "tmi_structural_nT": 45944.1,
        "tmi_anomaly_nT": 944.1,
        "elevation_mdpl": 662.7,
        "geochem_assay_ratio": 1.98
      },
      "geometry": {
        "type": "Polygon",
        "coordinates": [
          [
            [
              121.397,
              -2.455
            ],
            [
              121.409,
              -2.455
            ],
            [
              121.409,
              -2.443
            ],
            [
              121.397,
              -2.443
            ],
            [
              121.397,
              -2.455
            ]
          ]
        ]
      }
    },
    {
      "type": "Feature",
      "properties": {
        "grid_id": "SOR303",
        "site": "sorowako",
        "location_label": "Sorowako Nuha North Inland Mountain Ridge - Sulawesi Selatan greenfield nickel laterite",
        "lithology": "ultramafic_simulated",
        "slope_deg": 13.6,
        "distance_to_river_m": 884,
        "distance_to_road_m": 5694,
        "distance_to_settlement_m": 12304,
        "legal_status": "conditional",
        "distance_to_smelter_km": 58.7,
        "area_ha": 1.77,
        "region_id": "NW",
        "fe_oxide_index": 2.639,
        "clay_index": 1.606,
        "ndvi_stress_index": 0.38,
        "tmi_structural_nT": 45125.8,
        "tmi_anomaly_nT": 125.8,
        "elevation_mdpl": 640.3,
        "geochem_assay_ratio": 3.1
      },
      "geometry": {
        "type": "Polygon",
        "coordinates": [
          [
            [
              121.409,
              -2.455
            ],
            [
              121.421,
              -2.455
            ],
            [
              121.421,
              -2.443
            ],
            [
              121.409,
              -2.443
            ],
            [
              121.409,
              -2.455
            ]
          ]
        ]
      }
    },
    {
      "type": "Feature",
      "properties": {
        "grid_id": "SOR304",
        "site": "sorowako",
        "location_label": "Sorowako Nuha North Inland Mountain Ridge - Sulawesi Selatan greenfield nickel laterite",
        "lithology": "serpentinite_simulated",
        "slope_deg": 18.9,
        "distance_to_river_m": 1778,
        "distance_to_road_m": 5385,
        "distance_to_settlement_m": 11775,
        "legal_status": "conditional",
        "distance_to_smelter_km": 55.3,
        "area_ha": 1.77,
        "region_id": "NW",
        "fe_oxide_index": 2.634,
        "clay_index": 1.87,
        "ndvi_stress_index": 0.382,
        "tmi_structural_nT": 45761.1,
        "tmi_anomaly_nT": 761.1,
        "elevation_mdpl": 707.8,
        "geochem_assay_ratio": 1.46
      },
      "geometry": {
        "type": "Polygon",
        "coordinates": [
          [
            [
              121.421,
              -2.455
            ],
            [
              121.433,
              -2.455
            ],
            [
              121.433,
              -2.443
            ],
            [
              121.421,
              -2.443
            ],
            [
              121.421,
              -2.455
            ]
          ]
        ]
      }
    },
    {
      "type": "Feature",
      "properties": {
        "grid_id": "SOR305",
        "site": "sorowako",
        "location_label": "Sorowako Nuha North Inland Mountain Ridge - Sulawesi Selatan greenfield nickel laterite",
        "lithology": "peridotite_simulated",
        "slope_deg": 14.9,
        "distance_to_river_m": 1390,
        "distance_to_road_m": 4419,
        "distance_to_settlement_m": 11015,
        "legal_status": "conditional",
        "distance_to_smelter_km": 52.0,
        "area_ha": 1.77,
        "region_id": "NW",
        "fe_oxide_index": 1.989,
        "clay_index": 1.855,
        "ndvi_stress_index": 0.236,
        "tmi_structural_nT": 45392.1,
        "tmi_anomaly_nT": 392.1,
        "elevation_mdpl": 668.5,
        "geochem_assay_ratio": 2.83
      },
      "geometry": {
        "type": "Polygon",
        "coordinates": [
          [
            [
              121.433,
              -2.455
            ],
            [
              121.445,
              -2.455
            ],
            [
              121.445,
              -2.443
            ],
            [
              121.433,
              -2.443
            ],
            [
              121.433,
              -2.455
            ]
          ]
        ]
      }
    },
    {
      "type": "Feature",
      "properties": {
        "grid_id": "SOR306",
        "site": "sorowako",
        "location_label": "Sorowako Nuha North Inland Mountain Ridge - Sulawesi Selatan greenfield nickel laterite",
        "lithology": "peridotite_simulated",
        "slope_deg": 14.6,
        "distance_to_river_m": 1130,
        "distance_to_road_m": 4037,
        "distance_to_settlement_m": 13788,
        "legal_status": "conditional",
        "distance_to_smelter_km": 49.1,
        "area_ha": 1.77,
        "region_id": "NW",
        "fe_oxide_index": 2.133,
        "clay_index": 1.933,
        "ndvi_stress_index": 0.286,
        "tmi_structural_nT": 45498.7,
        "tmi_anomaly_nT": 498.7,
        "elevation_mdpl": 711.2,
        "geochem_assay_ratio": 1.88
      },
      "geometry": {
        "type": "Polygon",
        "coordinates": [
          [
            [
              121.445,
              -2.455
            ],
            [
              121.457,
              -2.455
            ],
            [
              121.457,
              -2.443
            ],
            [
              121.445,
              -2.443
            ],
            [
              121.445,
              -2.455
            ]
          ]
        ]
      }
    },
    {
      "type": "Feature",
      "properties": {
        "grid_id": "SOR307",
        "site": "sorowako",
        "location_label": "Sorowako Nuha North Inland Mountain Ridge - Sulawesi Selatan greenfield nickel laterite",
        "lithology": "ultramafic_simulated",
        "slope_deg": 17.7,
        "distance_to_river_m": 1337,
        "distance_to_road_m": 2492,
        "distance_to_settlement_m": 5727,
        "legal_status": "conditional",
        "distance_to_smelter_km": 46.5,
        "area_ha": 1.77,
        "region_id": "NW",
        "fe_oxide_index": 2.041,
        "clay_index": 2.281,
        "ndvi_stress_index": 0.399,
        "tmi_structural_nT": 45431.5,
        "tmi_anomaly_nT": 431.5,
        "elevation_mdpl": 641.6,
        "geochem_assay_ratio": 2.72
      },
      "geometry": {
        "type": "Polygon",
        "coordinates": [
          [
            [
              121.457,
              -2.455
            ],
            [
              121.469,
              -2.455
            ],
            [
              121.469,
              -2.443
            ],
            [
              121.457,
              -2.443
            ],
            [
              121.457,
              -2.455
            ]
          ]
        ]
      }
    },
    {
      "type": "Feature",
      "properties": {
        "grid_id": "SOR308",
        "site": "sorowako",
        "location_label": "Sorowako Nuha North Inland Mountain Ridge - Sulawesi Selatan greenfield nickel laterite",
        "lithology": "ultramafic_simulated",
        "slope_deg": 20.4,
        "distance_to_river_m": 1493,
        "distance_to_road_m": 1574,
        "distance_to_settlement_m": 13133,
        "legal_status": "no-go",
        "distance_to_smelter_km": 44.4,
        "area_ha": 1.77,
        "region_id": "NW",
        "fe_oxide_index": 2.573,
        "clay_index": 2.274,
        "ndvi_stress_index": 0.227,
        "tmi_structural_nT": 45705.7,
        "tmi_anomaly_nT": 705.7,
        "elevation_mdpl": 651.2,
        "geochem_assay_ratio": 1.98
      },
      "geometry": {
        "type": "Polygon",
        "coordinates": [
          [
            [
              121.469,
              -2.455
            ],
            [
              121.481,
              -2.455
            ],
            [
              121.481,
              -2.443
            ],
            [
              121.469,
              -2.443
            ],
            [
              121.469,
              -2.455
            ]
          ]
        ]
      }
    },
    {
      "type": "Feature",
      "properties": {
        "grid_id": "SOR309",
        "site": "sorowako",
        "location_label": "Sorowako Nuha North Inland Mountain Ridge - Sulawesi Selatan greenfield nickel laterite",
        "lithology": "serpentinite_simulated",
        "slope_deg": 22.7,
        "distance_to_river_m": 1440,
        "distance_to_road_m": 2661,
        "distance_to_settlement_m": 8068,
        "legal_status": "no-go",
        "distance_to_smelter_km": 42.9,
        "area_ha": 1.77,
        "region_id": "NW",
        "fe_oxide_index": 2.149,
        "clay_index": 2.288,
        "ndvi_stress_index": 0.414,
        "tmi_structural_nT": 45195.4,
        "tmi_anomaly_nT": 195.4,
        "elevation_mdpl": 636.9,
        "geochem_assay_ratio": 2.96
      },
      "geometry": {
        "type": "Polygon",
        "coordinates": [
          [
            [
              121.481,
              -2.455
            ],
            [
              121.493,
              -2.455
            ],
            [
              121.493,
              -2.443
            ],
            [
              121.481,
              -2.443
            ],
            [
              121.481,
              -2.455
            ]
          ]
        ]
      }
    },
    {
      "type": "Feature",
      "properties": {
        "grid_id": "SOR310",
        "site": "sorowako",
        "location_label": "Sorowako Nuha North Inland Mountain Ridge - Sulawesi Selatan greenfield nickel laterite",
        "lithology": "serpentinite_simulated",
        "slope_deg": 19.2,
        "distance_to_river_m": 1220,
        "distance_to_road_m": 5044,
        "distance_to_settlement_m": 9659,
        "legal_status": "no-go",
        "distance_to_smelter_km": 42.2,
        "area_ha": 1.77,
        "region_id": "NW",
        "fe_oxide_index": 2.595,
        "clay_index": 1.738,
        "ndvi_stress_index": 0.36,
        "tmi_structural_nT": 45266.2,
        "tmi_anomaly_nT": 266.2,
        "elevation_mdpl": 663.8,
        "geochem_assay_ratio": 3.15
      },
      "geometry": {
        "type": "Polygon",
        "coordinates": [
          [
            [
              121.493,
              -2.455
            ],
            [
              121.505,
              -2.455
            ],
            [
              121.505,
              -2.443
            ],
            [
              121.493,
              -2.443
            ],
            [
              121.493,
              -2.455
            ]
          ]
        ]
      }
    },
    {
      "type": "Feature",
      "properties": {
        "grid_id": "SOR311",
        "site": "sorowako",
        "location_label": "Sorowako Nuha North Inland Mountain Ridge - Sulawesi Selatan greenfield nickel laterite",
        "lithology": "ultramafic_simulated",
        "slope_deg": 17.7,
        "distance_to_river_m": 1014,
        "distance_to_road_m": 3814,
        "distance_to_settlement_m": 14298,
        "legal_status": "allowed",
        "distance_to_smelter_km": 42.2,
        "area_ha": 1.77,
        "region_id": "NE",
        "fe_oxide_index": 2.351,
        "clay_index": 2.305,
        "ndvi_stress_index": 0.182,
        "tmi_structural_nT": 45516.3,
        "tmi_anomaly_nT": 516.3,
        "elevation_mdpl": 635.0,
        "geochem_assay_ratio": 1.52
      },
      "geometry": {
        "type": "Polygon",
        "coordinates": [
          [
            [
              121.505,
              -2.455
            ],
            [
              121.517,
              -2.455
            ],
            [
              121.517,
              -2.443
            ],
            [
              121.505,
              -2.443
            ],
            [
              121.505,
              -2.455
            ]
          ]
        ]
      }
    },
    {
      "type": "Feature",
      "properties": {
        "grid_id": "SOR312",
        "site": "sorowako",
        "location_label": "Sorowako Nuha North Inland Mountain Ridge - Sulawesi Selatan greenfield nickel laterite",
        "lithology": "serpentinite_simulated",
        "slope_deg": 18.0,
        "distance_to_river_m": 2205,
        "distance_to_road_m": 1887,
        "distance_to_settlement_m": 5677,
        "legal_status": "allowed",
        "distance_to_smelter_km": 42.9,
        "area_ha": 1.77,
        "region_id": "NE",
        "fe_oxide_index": 2.076,
        "clay_index": 1.687,
        "ndvi_stress_index": 0.371,
        "tmi_structural_nT": 45687.3,
        "tmi_anomaly_nT": 687.3,
        "elevation_mdpl": 696.6,
        "geochem_assay_ratio": 1.99
      },
      "geometry": {
        "type": "Polygon",
        "coordinates": [
          [
            [
              121.517,
              -2.455
            ],
            [
              121.529,
              -2.455
            ],
            [
              121.529,
              -2.443
            ],
            [
              121.517,
              -2.443
            ],
            [
              121.517,
              -2.455
            ]
          ]
        ]
      }
    },
    {
      "type": "Feature",
      "properties": {
        "grid_id": "SOR313",
        "site": "sorowako",
        "location_label": "Sorowako Nuha North Inland Mountain Ridge - Sulawesi Selatan greenfield nickel laterite",
        "lithology": "serpentinite_simulated",
        "slope_deg": 17.5,
        "distance_to_river_m": 623,
        "distance_to_road_m": 4301,
        "distance_to_settlement_m": 8150,
        "legal_status": "allowed",
        "distance_to_smelter_km": 44.4,
        "area_ha": 1.77,
        "region_id": "NE",
        "fe_oxide_index": 2.127,
        "clay_index": 2.044,
        "ndvi_stress_index": 0.307,
        "tmi_structural_nT": 45983.3,
        "tmi_anomaly_nT": 983.3,
        "elevation_mdpl": 704.2,
        "geochem_assay_ratio": 3.12
      },
      "geometry": {
        "type": "Polygon",
        "coordinates": [
          [
            [
              121.529,
              -2.455
            ],
            [
              121.541,
              -2.455
            ],
            [
              121.541,
              -2.443
            ],
            [
              121.529,
              -2.443
            ],
            [
              121.529,
              -2.455
            ]
          ]
        ]
      }
    },
    {
      "type": "Feature",
      "properties": {
        "grid_id": "SOR314",
        "site": "sorowako",
        "location_label": "Sorowako Nuha North Inland Mountain Ridge - Sulawesi Selatan greenfield nickel laterite",
        "lithology": "serpentinite_simulated",
        "slope_deg": 20.2,
        "distance_to_river_m": 311,
        "distance_to_road_m": 3710,
        "distance_to_settlement_m": 9786,
        "legal_status": "allowed",
        "distance_to_smelter_km": 46.5,
        "area_ha": 1.77,
        "region_id": "NE",
        "fe_oxide_index": 2.066,
        "clay_index": 2.383,
        "ndvi_stress_index": 0.326,
        "tmi_structural_nT": 45133.5,
        "tmi_anomaly_nT": 133.5,
        "elevation_mdpl": 647.5,
        "geochem_assay_ratio": 2.26
      },
      "geometry": {
        "type": "Polygon",
        "coordinates": [
          [
            [
              121.541,
              -2.455
            ],
            [
              121.553,
              -2.455
            ],
            [
              121.553,
              -2.443
            ],
            [
              121.541,
              -2.443
            ],
            [
              121.541,
              -2.455
            ]
          ]
        ]
      }
    },
    {
      "type": "Feature",
      "properties": {
        "grid_id": "SOR315",
        "site": "sorowako",
        "location_label": "Sorowako Nuha North Inland Mountain Ridge - Sulawesi Selatan greenfield nickel laterite",
        "lithology": "serpentinite_simulated",
        "slope_deg": 16.6,
        "distance_to_river_m": 2750,
        "distance_to_road_m": 1780,
        "distance_to_settlement_m": 11012,
        "legal_status": "allowed",
        "distance_to_smelter_km": 49.1,
        "area_ha": 1.77,
        "region_id": "NE",
        "fe_oxide_index": 1.818,
        "clay_index": 2.312,
        "ndvi_stress_index": 0.384,
        "tmi_structural_nT": 45416.5,
        "tmi_anomaly_nT": 416.5,
        "elevation_mdpl": 690.9,
        "geochem_assay_ratio": 3.03
      },
      "geometry": {
        "type": "Polygon",
        "coordinates": [
          [
            [
              121.553,
              -2.455
            ],
            [
              121.565,
              -2.455
            ],
            [
              121.565,
              -2.443
            ],
            [
              121.553,
              -2.443
            ],
            [
              121.553,
              -2.455
            ]
          ]
        ]
      }
    },
    {
      "type": "Feature",
      "properties": {
        "grid_id": "SOR316",
        "site": "sorowako",
        "location_label": "Sorowako Nuha North Inland Mountain Ridge - Sulawesi Selatan greenfield nickel laterite",
        "lithology": "serpentinite_simulated",
        "slope_deg": 15.8,
        "distance_to_river_m": 1939,
        "distance_to_road_m": 4981,
        "distance_to_settlement_m": 10228,
        "legal_status": "allowed",
        "distance_to_smelter_km": 52.0,
        "area_ha": 1.77,
        "region_id": "NE",
        "fe_oxide_index": 1.895,
        "clay_index": 2.22,
        "ndvi_stress_index": 0.225,
        "tmi_structural_nT": 45691.1,
        "tmi_anomaly_nT": 691.1,
        "elevation_mdpl": 716.6,
        "geochem_assay_ratio": 2.78
      },
      "geometry": {
        "type": "Polygon",
        "coordinates": [
          [
            [
              121.565,
              -2.455
            ],
            [
              121.577,
              -2.455
            ],
            [
              121.577,
              -2.443
            ],
            [
              121.565,
              -2.443
            ],
            [
              121.565,
              -2.455
            ]
          ]
        ]
      }
    },
    {
      "type": "Feature",
      "properties": {
        "grid_id": "SOR317",
        "site": "sorowako",
        "location_label": "Sorowako Nuha North Inland Mountain Ridge - Sulawesi Selatan greenfield nickel laterite",
        "lithology": "serpentinite_simulated",
        "slope_deg": 19.7,
        "distance_to_river_m": 1052,
        "distance_to_road_m": 3949,
        "distance_to_settlement_m": 10366,
        "legal_status": "allowed",
        "distance_to_smelter_km": 55.3,
        "area_ha": 1.77,
        "region_id": "NE",
        "fe_oxide_index": 2.272,
        "clay_index": 2.136,
        "ndvi_stress_index": 0.38,
        "tmi_structural_nT": 45136.7,
        "tmi_anomaly_nT": 136.7,
        "elevation_mdpl": 703.5,
        "geochem_assay_ratio": 2.09
      },
      "geometry": {
        "type": "Polygon",
        "coordinates": [
          [
            [
              121.577,
              -2.455
            ],
            [
              121.589,
              -2.455
            ],
            [
              121.589,
              -2.443
            ],
            [
              121.577,
              -2.443
            ],
            [
              121.577,
              -2.455
            ]
          ]
        ]
      }
    },
    {
      "type": "Feature",
      "properties": {
        "grid_id": "SOR318",
        "site": "sorowako",
        "location_label": "Sorowako Nuha North Inland Mountain Ridge - Sulawesi Selatan greenfield nickel laterite",
        "lithology": "serpentinite_simulated",
        "slope_deg": 16.2,
        "distance_to_river_m": 1998,
        "distance_to_road_m": 1669,
        "distance_to_settlement_m": 11714,
        "legal_status": "allowed",
        "distance_to_smelter_km": 58.7,
        "area_ha": 1.77,
        "region_id": "NE",
        "fe_oxide_index": 1.808,
        "clay_index": 1.958,
        "ndvi_stress_index": 0.26,
        "tmi_structural_nT": 45747.9,
        "tmi_anomaly_nT": 747.9,
        "elevation_mdpl": 630.0,
        "geochem_assay_ratio": 3.04
      },
      "geometry": {
        "type": "Polygon",
        "coordinates": [
          [
            [
              121.589,
              -2.455
            ],
            [
              121.601,
              -2.455
            ],
            [
              121.601,
              -2.443
            ],
            [
              121.589,
              -2.443
            ],
            [
              121.589,
              -2.455
            ]
          ]
        ]
      }
    },
    {
      "type": "Feature",
      "properties": {
        "grid_id": "SOR319",
        "site": "sorowako",
        "location_label": "Sorowako Nuha North Inland Mountain Ridge - Sulawesi Selatan greenfield nickel laterite",
        "lithology": "ultramafic_simulated",
        "slope_deg": 22.5,
        "distance_to_river_m": 1450,
        "distance_to_road_m": 1643,
        "distance_to_settlement_m": 9634,
        "legal_status": "allowed",
        "distance_to_smelter_km": 62.3,
        "area_ha": 1.77,
        "region_id": "NE",
        "fe_oxide_index": 2.15,
        "clay_index": 2.416,
        "ndvi_stress_index": 0.413,
        "tmi_structural_nT": 45409.3,
        "tmi_anomaly_nT": 409.3,
        "elevation_mdpl": 696.6,
        "geochem_assay_ratio": 2.84
      },
      "geometry": {
        "type": "Polygon",
        "coordinates": [
          [
            [
              121.601,
              -2.455
            ],
            [
              121.613,
              -2.455
            ],
            [
              121.613,
              -2.443
            ],
            [
              121.601,
              -2.443
            ],
            [
              121.601,
              -2.455
            ]
          ]
        ]
      }
    },
    {
      "type": "Feature",
      "properties": {
        "grid_id": "SOR320",
        "site": "sorowako",
        "location_label": "Sorowako Nuha North Inland Mountain Ridge - Sulawesi Selatan greenfield nickel laterite",
        "lithology": "ultramafic_simulated",
        "slope_deg": 19.8,
        "distance_to_river_m": 2508,
        "distance_to_road_m": 1979,
        "distance_to_settlement_m": 5414,
        "legal_status": "allowed",
        "distance_to_smelter_km": 66.0,
        "area_ha": 1.77,
        "region_id": "NE",
        "fe_oxide_index": 2.612,
        "clay_index": 2.363,
        "ndvi_stress_index": 0.377,
        "tmi_structural_nT": 45830.4,
        "tmi_anomaly_nT": 830.4,
        "elevation_mdpl": 662.5,
        "geochem_assay_ratio": 2.11
      },
      "geometry": {
        "type": "Polygon",
        "coordinates": [
          [
            [
              121.613,
              -2.455
            ],
            [
              121.625,
              -2.455
            ],
            [
              121.625,
              -2.443
            ],
            [
              121.613,
              -2.443
            ],
            [
              121.613,
              -2.455
            ]
          ]
        ]
      }
    },
    {
      "type": "Feature",
      "properties": {
        "grid_id": "SOR321",
        "site": "sorowako",
        "location_label": "Sorowako Nuha North Inland Mountain Ridge - Sulawesi Selatan greenfield nickel laterite",
        "lithology": "serpentinite_simulated",
        "slope_deg": 16.3,
        "distance_to_river_m": 2678,
        "distance_to_road_m": 1674,
        "distance_to_settlement_m": 14544,
        "legal_status": "conditional",
        "distance_to_smelter_km": 68.4,
        "area_ha": 1.77,
        "region_id": "NW",
        "fe_oxide_index": 2.516,
        "clay_index": 2.309,
        "ndvi_stress_index": 0.292,
        "tmi_structural_nT": 45182.6,
        "tmi_anomaly_nT": 182.6,
        "elevation_mdpl": 688.6,
        "geochem_assay_ratio": 1.58
      },
      "geometry": {
        "type": "Polygon",
        "coordinates": [
          [
            [
              121.385,
              -2.443
            ],
            [
              121.397,
              -2.443
            ],
            [
              121.397,
              -2.431
            ],
            [
              121.385,
              -2.431
            ],
            [
              121.385,
              -2.443
            ]
          ]
        ]
      }
    },
    {
      "type": "Feature",
      "properties": {
        "grid_id": "SOR322",
        "site": "sorowako",
        "location_label": "Sorowako Nuha North Inland Mountain Ridge - Sulawesi Selatan greenfield nickel laterite",
        "lithology": "serpentinite_simulated",
        "slope_deg": 20.6,
        "distance_to_river_m": 3144,
        "distance_to_road_m": 4159,
        "distance_to_settlement_m": 8218,
        "legal_status": "conditional",
        "distance_to_smelter_km": 64.8,
        "area_ha": 1.77,
        "region_id": "NW",
        "fe_oxide_index": 2.154,
        "clay_index": 2.394,
        "ndvi_stress_index": 0.322,
        "tmi_structural_nT": 45297.6,
        "tmi_anomaly_nT": 297.6,
        "elevation_mdpl": 701.3,
        "geochem_assay_ratio": 2.71
      },
      "geometry": {
        "type": "Polygon",
        "coordinates": [
          [
            [
              121.397,
              -2.443
            ],
            [
              121.409,
              -2.443
            ],
            [
              121.409,
              -2.431
            ],
            [
              121.397,
              -2.431
            ],
            [
              121.397,
              -2.443
            ]
          ]
        ]
      }
    },
    {
      "type": "Feature",
      "properties": {
        "grid_id": "SOR323",
        "site": "sorowako",
        "location_label": "Sorowako Nuha North Inland Mountain Ridge - Sulawesi Selatan greenfield nickel laterite",
        "lithology": "ultramafic_simulated",
        "slope_deg": 14.7,
        "distance_to_river_m": 525,
        "distance_to_road_m": 1973,
        "distance_to_settlement_m": 11995,
        "legal_status": "conditional",
        "distance_to_smelter_km": 61.4,
        "area_ha": 1.77,
        "region_id": "NW",
        "fe_oxide_index": 2.088,
        "clay_index": 2.426,
        "ndvi_stress_index": 0.345,
        "tmi_structural_nT": 45344.1,
        "tmi_anomaly_nT": 344.1,
        "elevation_mdpl": 702.6,
        "geochem_assay_ratio": 2.9
      },
      "geometry": {
        "type": "Polygon",
        "coordinates": [
          [
            [
              121.409,
              -2.443
            ],
            [
              121.421,
              -2.443
            ],
            [
              121.421,
              -2.431
            ],
            [
              121.409,
              -2.431
            ],
            [
              121.409,
              -2.443
            ]
          ]
        ]
      }
    },
    {
      "type": "Feature",
      "properties": {
        "grid_id": "SOR324",
        "site": "sorowako",
        "location_label": "Sorowako Nuha North Inland Mountain Ridge - Sulawesi Selatan greenfield nickel laterite",
        "lithology": "peridotite_simulated",
        "slope_deg": 13.3,
        "distance_to_river_m": 840,
        "distance_to_road_m": 2805,
        "distance_to_settlement_m": 7335,
        "legal_status": "conditional",
        "distance_to_smelter_km": 58.2,
        "area_ha": 1.77,
        "region_id": "NW",
        "fe_oxide_index": 2.056,
        "clay_index": 2.279,
        "ndvi_stress_index": 0.27,
        "tmi_structural_nT": 45572.9,
        "tmi_anomaly_nT": 572.9,
        "elevation_mdpl": 696.1,
        "geochem_assay_ratio": 2.19
      },
      "geometry": {
        "type": "Polygon",
        "coordinates": [
          [
            [
              121.421,
              -2.443
            ],
            [
              121.433,
              -2.443
            ],
            [
              121.433,
              -2.431
            ],
            [
              121.421,
              -2.431
            ],
            [
              121.421,
              -2.443
            ]
          ]
        ]
      }
    },
    {
      "type": "Feature",
      "properties": {
        "grid_id": "SOR325",
        "site": "sorowako",
        "location_label": "Sorowako Nuha North Inland Mountain Ridge - Sulawesi Selatan greenfield nickel laterite",
        "lithology": "ultramafic_simulated",
        "slope_deg": 21.1,
        "distance_to_river_m": 1997,
        "distance_to_road_m": 4674,
        "distance_to_settlement_m": 7616,
        "legal_status": "no-go",
        "distance_to_smelter_km": 55.3,
        "area_ha": 1.77,
        "region_id": "NW",
        "fe_oxide_index": 1.813,
        "clay_index": 1.89,
        "ndvi_stress_index": 0.263,
        "tmi_structural_nT": 45544.4,
        "tmi_anomaly_nT": 544.4,
        "elevation_mdpl": 666.2,
        "geochem_assay_ratio": 2.74
      },
      "geometry": {
        "type": "Polygon",
        "coordinates": [
          [
            [
              121.433,
              -2.443
            ],
            [
              121.445,
              -2.443
            ],
            [
              121.445,
              -2.431
            ],
            [
              121.433,
              -2.431
            ],
            [
              121.433,
              -2.443
            ]
          ]
        ]
      }
    },
    {
      "type": "Feature",
      "properties": {
        "grid_id": "SOR326",
        "site": "sorowako",
        "location_label": "Sorowako Nuha North Inland Mountain Ridge - Sulawesi Selatan greenfield nickel laterite",
        "lithology": "alluvium",
        "slope_deg": 12.3,
        "distance_to_river_m": 3122,
        "distance_to_road_m": 4282,
        "distance_to_settlement_m": 9398,
        "legal_status": "no-go",
        "distance_to_smelter_km": 52.6,
        "area_ha": 1.77,
        "region_id": "NW",
        "fe_oxide_index": 1.61,
        "clay_index": 1.048,
        "ndvi_stress_index": 0.561,
        "tmi_structural_nT": 45392.1,
        "tmi_anomaly_nT": 392.1,
        "elevation_mdpl": 677.1,
        "geochem_assay_ratio": 3.95
      },
      "geometry": {
        "type": "Polygon",
        "coordinates": [
          [
            [
              121.445,
              -2.443
            ],
            [
              121.457,
              -2.443
            ],
            [
              121.457,
              -2.431
            ],
            [
              121.445,
              -2.431
            ],
            [
              121.445,
              -2.443
            ]
          ]
        ]
      }
    },
    {
      "type": "Feature",
      "properties": {
        "grid_id": "SOR327",
        "site": "sorowako",
        "location_label": "Sorowako Nuha North Inland Mountain Ridge - Sulawesi Selatan greenfield nickel laterite",
        "lithology": "peridotite_simulated",
        "slope_deg": 17.1,
        "distance_to_river_m": 2692,
        "distance_to_road_m": 3747,
        "distance_to_settlement_m": 14163,
        "legal_status": "conditional",
        "distance_to_smelter_km": 50.3,
        "area_ha": 1.77,
        "region_id": "NW",
        "fe_oxide_index": 2.359,
        "clay_index": 1.884,
        "ndvi_stress_index": 0.291,
        "tmi_structural_nT": 45272.3,
        "tmi_anomaly_nT": 272.3,
        "elevation_mdpl": 710.7,
        "geochem_assay_ratio": 2.09
      },
      "geometry": {
        "type": "Polygon",
        "coordinates": [
          [
            [
              121.457,
              -2.443
            ],
            [
              121.469,
              -2.443
            ],
            [
              121.469,
              -2.431
            ],
            [
              121.457,
              -2.431
            ],
            [
              121.457,
              -2.443
            ]
          ]
        ]
      }
    },
    {
      "type": "Feature",
      "properties": {
        "grid_id": "SOR328",
        "site": "sorowako",
        "location_label": "Sorowako Nuha North Inland Mountain Ridge - Sulawesi Selatan greenfield nickel laterite",
        "lithology": "mafic_volcanic_simulated",
        "slope_deg": 21.4,
        "distance_to_river_m": 751,
        "distance_to_road_m": 3345,
        "distance_to_settlement_m": 13621,
        "legal_status": "no-go",
        "distance_to_smelter_km": 48.5,
        "area_ha": 1.77,
        "region_id": "NW",
        "fe_oxide_index": 1.276,
        "clay_index": 1.447,
        "ndvi_stress_index": 0.558,
        "tmi_structural_nT": 44861.2,
        "tmi_anomaly_nT": -138.8,
        "elevation_mdpl": 644.5,
        "geochem_assay_ratio": 5.01
      },
      "geometry": {
        "type": "Polygon",
        "coordinates": [
          [
            [
              121.469,
              -2.443
            ],
            [
              121.481,
              -2.443
            ],
            [
              121.481,
              -2.431
            ],
            [
              121.469,
              -2.431
            ],
            [
              121.469,
              -2.443
            ]
          ]
        ]
      }
    },
    {
      "type": "Feature",
      "properties": {
        "grid_id": "SOR329",
        "site": "sorowako",
        "location_label": "Sorowako Nuha North Inland Mountain Ridge - Sulawesi Selatan greenfield nickel laterite",
        "lithology": "peridotite_simulated",
        "slope_deg": 14.9,
        "distance_to_river_m": 2371,
        "distance_to_road_m": 2105,
        "distance_to_settlement_m": 12543,
        "legal_status": "no-go",
        "distance_to_smelter_km": 47.2,
        "area_ha": 1.77,
        "region_id": "NW",
        "fe_oxide_index": 1.825,
        "clay_index": 2.009,
        "ndvi_stress_index": 0.354,
        "tmi_structural_nT": 45393.0,
        "tmi_anomaly_nT": 393.0,
        "elevation_mdpl": 659.8,
        "geochem_assay_ratio": 2.88
      },
      "geometry": {
        "type": "Polygon",
        "coordinates": [
          [
            [
              121.481,
              -2.443
            ],
            [
              121.493,
              -2.443
            ],
            [
              121.493,
              -2.431
            ],
            [
              121.481,
              -2.431
            ],
            [
              121.481,
              -2.443
            ]
          ]
        ]
      }
    },
    {
      "type": "Feature",
      "properties": {
        "grid_id": "SOR330",
        "site": "sorowako",
        "location_label": "Sorowako Nuha North Inland Mountain Ridge - Sulawesi Selatan greenfield nickel laterite",
        "lithology": "mafic_volcanic_simulated",
        "slope_deg": 17.4,
        "distance_to_river_m": 995,
        "distance_to_road_m": 2800,
        "distance_to_settlement_m": 7248,
        "legal_status": "allowed",
        "distance_to_smelter_km": 46.5,
        "area_ha": 1.77,
        "region_id": "NW",
        "fe_oxide_index": 1.52,
        "clay_index": 1.284,
        "ndvi_stress_index": 0.666,
        "tmi_structural_nT": 45161.3,
        "tmi_anomaly_nT": 161.3,
        "elevation_mdpl": 634.8,
        "geochem_assay_ratio": 4.22
      },
      "geometry": {
        "type": "Polygon",
        "coordinates": [
          [
            [
              121.493,
              -2.443
            ],
            [
              121.505,
              -2.443
            ],
            [
              121.505,
              -2.431
            ],
            [
              121.493,
              -2.431
            ],
            [
              121.493,
              -2.443
            ]
          ]
        ]
      }
    },
    {
      "type": "Feature",
      "properties": {
        "grid_id": "SOR331",
        "site": "sorowako",
        "location_label": "Sorowako Nuha North Inland Mountain Ridge - Sulawesi Selatan greenfield nickel laterite",
        "lithology": "serpentinite_simulated",
        "slope_deg": 18.4,
        "distance_to_river_m": 1038,
        "distance_to_road_m": 5106,
        "distance_to_settlement_m": 12200,
        "legal_status": "allowed",
        "distance_to_smelter_km": 46.5,
        "area_ha": 1.77,
        "region_id": "NE",
        "fe_oxide_index": 2.449,
        "clay_index": 1.745,
        "ndvi_stress_index": 0.263,
        "tmi_structural_nT": 45255.9,
        "tmi_anomaly_nT": 255.9,
        "elevation_mdpl": 705.3,
        "geochem_assay_ratio": 1.97
      },
      "geometry": {
        "type": "Polygon",
        "coordinates": [
          [
            [
              121.505,
              -2.443
            ],
            [
              121.517,
              -2.443
            ],
            [
              121.517,
              -2.431
            ],
            [
              121.505,
              -2.431
            ],
            [
              121.505,
              -2.443
            ]
          ]
        ]
      }
    },
    {
      "type": "Feature",
      "properties": {
        "grid_id": "SOR332",
        "site": "sorowako",
        "location_label": "Sorowako Nuha North Inland Mountain Ridge - Sulawesi Selatan greenfield nickel laterite",
        "lithology": "ultramafic_simulated",
        "slope_deg": 20.6,
        "distance_to_river_m": 1810,
        "distance_to_road_m": 2642,
        "distance_to_settlement_m": 6228,
        "legal_status": "allowed",
        "distance_to_smelter_km": 47.2,
        "area_ha": 1.77,
        "region_id": "NE",
        "fe_oxide_index": 1.904,
        "clay_index": 1.88,
        "ndvi_stress_index": 0.196,
        "tmi_structural_nT": 45653.3,
        "tmi_anomaly_nT": 653.3,
        "elevation_mdpl": 673.5,
        "geochem_assay_ratio": 2.73
      },
      "geometry": {
        "type": "Polygon",
        "coordinates": [
          [
            [
              121.517,
              -2.443
            ],
            [
              121.529,
              -2.443
            ],
            [
              121.529,
              -2.431
            ],
            [
              121.517,
              -2.431
            ],
            [
              121.517,
              -2.443
            ]
          ]
        ]
      }
    },
    {
      "type": "Feature",
      "properties": {
        "grid_id": "SOR333",
        "site": "sorowako",
        "location_label": "Sorowako Nuha North Inland Mountain Ridge - Sulawesi Selatan greenfield nickel laterite",
        "lithology": "serpentinite_simulated",
        "slope_deg": 14.5,
        "distance_to_river_m": 1990,
        "distance_to_road_m": 4406,
        "distance_to_settlement_m": 9107,
        "legal_status": "allowed",
        "distance_to_smelter_km": 48.5,
        "area_ha": 1.77,
        "region_id": "NE",
        "fe_oxide_index": 2.135,
        "clay_index": 2.139,
        "ndvi_stress_index": 0.227,
        "tmi_structural_nT": 45216.4,
        "tmi_anomaly_nT": 216.4,
        "elevation_mdpl": 628.3,
        "geochem_assay_ratio": 1.76
      },
      "geometry": {
        "type": "Polygon",
        "coordinates": [
          [
            [
              121.529,
              -2.443
            ],
            [
              121.541,
              -2.443
            ],
            [
              121.541,
              -2.431
            ],
            [
              121.529,
              -2.431
            ],
            [
              121.529,
              -2.443
            ]
          ]
        ]
      }
    },
    {
      "type": "Feature",
      "properties": {
        "grid_id": "SOR334",
        "site": "sorowako",
        "location_label": "Sorowako Nuha North Inland Mountain Ridge - Sulawesi Selatan greenfield nickel laterite",
        "lithology": "serpentinite_simulated",
        "slope_deg": 21.5,
        "distance_to_river_m": 1007,
        "distance_to_road_m": 2876,
        "distance_to_settlement_m": 10174,
        "legal_status": "allowed",
        "distance_to_smelter_km": 50.3,
        "area_ha": 1.77,
        "region_id": "NE",
        "fe_oxide_index": 2.826,
        "clay_index": 2.404,
        "ndvi_stress_index": 0.297,
        "tmi_structural_nT": 45419.2,
        "tmi_anomaly_nT": 419.2,
        "elevation_mdpl": 717.4,
        "geochem_assay_ratio": 2.25
      },
      "geometry": {
        "type": "Polygon",
        "coordinates": [
          [
            [
              121.541,
              -2.443
            ],
            [
              121.553,
              -2.443
            ],
            [
              121.553,
              -2.431
            ],
            [
              121.541,
              -2.431
            ],
            [
              121.541,
              -2.443
            ]
          ]
        ]
      }
    },
    {
      "type": "Feature",
      "properties": {
        "grid_id": "SOR335",
        "site": "sorowako",
        "location_label": "Sorowako Nuha North Inland Mountain Ridge - Sulawesi Selatan greenfield nickel laterite",
        "lithology": "ultramafic_simulated",
        "slope_deg": 20.6,
        "distance_to_river_m": 2769,
        "distance_to_road_m": 4551,
        "distance_to_settlement_m": 5728,
        "legal_status": "allowed",
        "distance_to_smelter_km": 52.6,
        "area_ha": 1.77,
        "region_id": "NE",
        "fe_oxide_index": 2.619,
        "clay_index": 1.829,
        "ndvi_stress_index": 0.404,
        "tmi_structural_nT": 45572.0,
        "tmi_anomaly_nT": 572.0,
        "elevation_mdpl": 705.6,
        "geochem_assay_ratio": 1.95
      },
      "geometry": {
        "type": "Polygon",
        "coordinates": [
          [
            [
              121.553,
              -2.443
            ],
            [
              121.565,
              -2.443
            ],
            [
              121.565,
              -2.431
            ],
            [
              121.553,
              -2.431
            ],
            [
              121.553,
              -2.443
            ]
          ]
        ]
      }
    },
    {
      "type": "Feature",
      "properties": {
        "grid_id": "SOR336",
        "site": "sorowako",
        "location_label": "Sorowako Nuha North Inland Mountain Ridge - Sulawesi Selatan greenfield nickel laterite",
        "lithology": "serpentinite_simulated",
        "slope_deg": 20.7,
        "distance_to_river_m": 1231,
        "distance_to_road_m": 4300,
        "distance_to_settlement_m": 6194,
        "legal_status": "allowed",
        "distance_to_smelter_km": 55.3,
        "area_ha": 1.77,
        "region_id": "NE",
        "fe_oxide_index": 2.699,
        "clay_index": 1.691,
        "ndvi_stress_index": 0.238,
        "tmi_structural_nT": 45425.5,
        "tmi_anomaly_nT": 425.5,
        "elevation_mdpl": 668.0,
        "geochem_assay_ratio": 2.7
      },
      "geometry": {
        "type": "Polygon",
        "coordinates": [
          [
            [
              121.565,
              -2.443
            ],
            [
              121.577,
              -2.443
            ],
            [
              121.577,
              -2.431
            ],
            [
              121.565,
              -2.431
            ],
            [
              121.565,
              -2.443
            ]
          ]
        ]
      }
    },
    {
      "type": "Feature",
      "properties": {
        "grid_id": "SOR337",
        "site": "sorowako",
        "location_label": "Sorowako Nuha North Inland Mountain Ridge - Sulawesi Selatan greenfield nickel laterite",
        "lithology": "serpentinite_simulated",
        "slope_deg": 13.7,
        "distance_to_river_m": 1153,
        "distance_to_road_m": 2500,
        "distance_to_settlement_m": 4968,
        "legal_status": "allowed",
        "distance_to_smelter_km": 58.2,
        "area_ha": 1.77,
        "region_id": "NE",
        "fe_oxide_index": 2.601,
        "clay_index": 1.822,
        "ndvi_stress_index": 0.307,
        "tmi_structural_nT": 45391.4,
        "tmi_anomaly_nT": 391.4,
        "elevation_mdpl": 622.2,
        "geochem_assay_ratio": 2.79
      },
      "geometry": {
        "type": "Polygon",
        "coordinates": [
          [
            [
              121.577,
              -2.443
            ],
            [
              121.589,
              -2.443
            ],
            [
              121.589,
              -2.431
            ],
            [
              121.577,
              -2.431
            ],
            [
              121.577,
              -2.443
            ]
          ]
        ]
      }
    },
    {
      "type": "Feature",
      "properties": {
        "grid_id": "SOR338",
        "site": "sorowako",
        "location_label": "Sorowako Nuha North Inland Mountain Ridge - Sulawesi Selatan greenfield nickel laterite",
        "lithology": "serpentinite_simulated",
        "slope_deg": 17.8,
        "distance_to_river_m": 2946,
        "distance_to_road_m": 4061,
        "distance_to_settlement_m": 4178,
        "legal_status": "allowed",
        "distance_to_smelter_km": 61.4,
        "area_ha": 1.77,
        "region_id": "NE",
        "fe_oxide_index": 2.329,
        "clay_index": 2.279,
        "ndvi_stress_index": 0.37,
        "tmi_structural_nT": 45592.0,
        "tmi_anomaly_nT": 592.0,
        "elevation_mdpl": 677.5,
        "geochem_assay_ratio": 2.54
      },
      "geometry": {
        "type": "Polygon",
        "coordinates": [
          [
            [
              121.589,
              -2.443
            ],
            [
              121.601,
              -2.443
            ],
            [
              121.601,
              -2.431
            ],
            [
              121.589,
              -2.431
            ],
            [
              121.589,
              -2.443
            ]
          ]
        ]
      }
    },
    {
      "type": "Feature",
      "properties": {
        "grid_id": "SOR339",
        "site": "sorowako",
        "location_label": "Sorowako Nuha North Inland Mountain Ridge - Sulawesi Selatan greenfield nickel laterite",
        "lithology": "serpentinite_simulated",
        "slope_deg": 17.8,
        "distance_to_river_m": 2302,
        "distance_to_road_m": 5601,
        "distance_to_settlement_m": 8756,
        "legal_status": "allowed",
        "distance_to_smelter_km": 64.8,
        "area_ha": 1.77,
        "region_id": "NE",
        "fe_oxide_index": 2.034,
        "clay_index": 2.173,
        "ndvi_stress_index": 0.258,
        "tmi_structural_nT": 45557.8,
        "tmi_anomaly_nT": 557.8,
        "elevation_mdpl": 686.5,
        "geochem_assay_ratio": 2.79
      },
      "geometry": {
        "type": "Polygon",
        "coordinates": [
          [
            [
              121.601,
              -2.443
            ],
            [
              121.613,
              -2.443
            ],
            [
              121.613,
              -2.431
            ],
            [
              121.601,
              -2.431
            ],
            [
              121.601,
              -2.443
            ]
          ]
        ]
      }
    },
    {
      "type": "Feature",
      "properties": {
        "grid_id": "SOR340",
        "site": "sorowako",
        "location_label": "Sorowako Nuha North Inland Mountain Ridge - Sulawesi Selatan greenfield nickel laterite",
        "lithology": "mafic_volcanic_simulated",
        "slope_deg": 14.4,
        "distance_to_river_m": 1318,
        "distance_to_road_m": 2187,
        "distance_to_settlement_m": 13888,
        "legal_status": "allowed",
        "distance_to_smelter_km": 68.4,
        "area_ha": 1.77,
        "region_id": "NE",
        "fe_oxide_index": 1.325,
        "clay_index": 1.222,
        "ndvi_stress_index": 0.708,
        "tmi_structural_nT": 45139.9,
        "tmi_anomaly_nT": 139.9,
        "elevation_mdpl": 658.0,
        "geochem_assay_ratio": 4.62
      },
      "geometry": {
        "type": "Polygon",
        "coordinates": [
          [
            [
              121.613,
              -2.443
            ],
            [
              121.625,
              -2.443
            ],
            [
              121.625,
              -2.431
            ],
            [
              121.613,
              -2.431
            ],
            [
              121.613,
              -2.443
            ]
          ]
        ]
      }
    },
    {
      "type": "Feature",
      "properties": {
        "grid_id": "SOR341",
        "site": "sorowako",
        "location_label": "Sorowako Nuha North Inland Mountain Ridge - Sulawesi Selatan greenfield nickel laterite",
        "lithology": "serpentinite_simulated",
        "slope_deg": 14.8,
        "distance_to_river_m": 607,
        "distance_to_road_m": 3785,
        "distance_to_settlement_m": 4080,
        "legal_status": "conditional",
        "distance_to_smelter_km": 71.0,
        "area_ha": 1.77,
        "region_id": "NW",
        "fe_oxide_index": 2.7,
        "clay_index": 1.901,
        "ndvi_stress_index": 0.407,
        "tmi_structural_nT": 45936.5,
        "tmi_anomaly_nT": 936.5,
        "elevation_mdpl": 663.4,
        "geochem_assay_ratio": 2.93
      },
      "geometry": {
        "type": "Polygon",
        "coordinates": [
          [
            [
              121.385,
              -2.431
            ],
            [
              121.397,
              -2.431
            ],
            [
              121.397,
              -2.419
            ],
            [
              121.385,
              -2.419
            ],
            [
              121.385,
              -2.431
            ]
          ]
        ]
      }
    },
    {
      "type": "Feature",
      "properties": {
        "grid_id": "SOR342",
        "site": "sorowako",
        "location_label": "Sorowako Nuha North Inland Mountain Ridge - Sulawesi Selatan greenfield nickel laterite",
        "lithology": "serpentinite_simulated",
        "slope_deg": 16.6,
        "distance_to_river_m": 740,
        "distance_to_road_m": 2362,
        "distance_to_settlement_m": 14299,
        "legal_status": "conditional",
        "distance_to_smelter_km": 67.6,
        "area_ha": 1.77,
        "region_id": "NW",
        "fe_oxide_index": 2.723,
        "clay_index": 1.693,
        "ndvi_stress_index": 0.219,
        "tmi_structural_nT": 45597.6,
        "tmi_anomaly_nT": 597.6,
        "elevation_mdpl": 650.6,
        "geochem_assay_ratio": 2.53
      },
      "geometry": {
        "type": "Polygon",
        "coordinates": [
          [
            [
              121.397,
              -2.431
            ],
            [
              121.409,
              -2.431
            ],
            [
              121.409,
              -2.419
            ],
            [
              121.397,
              -2.419
            ],
            [
              121.397,
              -2.431
            ]
          ]
        ]
      }
    },
    {
      "type": "Feature",
      "properties": {
        "grid_id": "SOR343",
        "site": "sorowako",
        "location_label": "Sorowako Nuha North Inland Mountain Ridge - Sulawesi Selatan greenfield nickel laterite",
        "lithology": "mafic_volcanic_simulated",
        "slope_deg": 17.9,
        "distance_to_river_m": 672,
        "distance_to_road_m": 4516,
        "distance_to_settlement_m": 11005,
        "legal_status": "conditional",
        "distance_to_smelter_km": 64.4,
        "area_ha": 1.77,
        "region_id": "NW",
        "fe_oxide_index": 1.642,
        "clay_index": 1.064,
        "ndvi_stress_index": 0.684,
        "tmi_structural_nT": 44765.6,
        "tmi_anomaly_nT": -234.4,
        "elevation_mdpl": 681.4,
        "geochem_assay_ratio": 5.29
      },
      "geometry": {
        "type": "Polygon",
        "coordinates": [
          [
            [
              121.409,
              -2.431
            ],
            [
              121.421,
              -2.431
            ],
            [
              121.421,
              -2.419
            ],
            [
              121.409,
              -2.419
            ],
            [
              121.409,
              -2.431
            ]
          ]
        ]
      }
    },
    {
      "type": "Feature",
      "properties": {
        "grid_id": "SOR344",
        "site": "sorowako",
        "location_label": "Sorowako Nuha North Inland Mountain Ridge - Sulawesi Selatan greenfield nickel laterite",
        "lithology": "ultramafic_simulated",
        "slope_deg": 17.7,
        "distance_to_river_m": 1965,
        "distance_to_road_m": 5918,
        "distance_to_settlement_m": 12359,
        "legal_status": "conditional",
        "distance_to_smelter_km": 61.4,
        "area_ha": 1.77,
        "region_id": "NW",
        "fe_oxide_index": 2.494,
        "clay_index": 2.092,
        "ndvi_stress_index": 0.404,
        "tmi_structural_nT": 45134.2,
        "tmi_anomaly_nT": 134.2,
        "elevation_mdpl": 710.6,
        "geochem_assay_ratio": 2.09
      },
      "geometry": {
        "type": "Polygon",
        "coordinates": [
          [
            [
              121.421,
              -2.431
            ],
            [
              121.433,
              -2.431
            ],
            [
              121.433,
              -2.419
            ],
            [
              121.421,
              -2.419
            ],
            [
              121.421,
              -2.431
            ]
          ]
        ]
      }
    },
    {
      "type": "Feature",
      "properties": {
        "grid_id": "SOR345",
        "site": "sorowako",
        "location_label": "Sorowako Nuha North Inland Mountain Ridge - Sulawesi Selatan greenfield nickel laterite",
        "lithology": "mafic_volcanic_simulated",
        "slope_deg": 15.7,
        "distance_to_river_m": 2886,
        "distance_to_road_m": 2776,
        "distance_to_settlement_m": 12877,
        "legal_status": "no-go",
        "distance_to_smelter_km": 58.7,
        "area_ha": 1.77,
        "region_id": "NW",
        "fe_oxide_index": 1.498,
        "clay_index": 1.334,
        "ndvi_stress_index": 0.596,
        "tmi_structural_nT": 44919.1,
        "tmi_anomaly_nT": -80.9,
        "elevation_mdpl": 626.3,
        "geochem_assay_ratio": 4.41
      },
      "geometry": {
        "type": "Polygon",
        "coordinates": [
          [
            [
              121.433,
              -2.431
            ],
            [
              121.445,
              -2.431
            ],
            [
              121.445,
              -2.419
            ],
            [
              121.433,
              -2.419
            ],
            [
              121.433,
              -2.431
            ]
          ]
        ]
      }
    },
    {
      "type": "Feature",
      "properties": {
        "grid_id": "SOR346",
        "site": "sorowako",
        "location_label": "Sorowako Nuha North Inland Mountain Ridge - Sulawesi Selatan greenfield nickel laterite",
        "lithology": "serpentinite_simulated",
        "slope_deg": 21.2,
        "distance_to_river_m": 928,
        "distance_to_road_m": 1584,
        "distance_to_settlement_m": 12068,
        "legal_status": "no-go",
        "distance_to_smelter_km": 56.3,
        "area_ha": 1.77,
        "region_id": "NW",
        "fe_oxide_index": 1.959,
        "clay_index": 2.331,
        "ndvi_stress_index": 0.306,
        "tmi_structural_nT": 45900.3,
        "tmi_anomaly_nT": 900.3,
        "elevation_mdpl": 656.3,
        "geochem_assay_ratio": 1.81
      },
      "geometry": {
        "type": "Polygon",
        "coordinates": [
          [
            [
              121.445,
              -2.431
            ],
            [
              121.457,
              -2.431
            ],
            [
              121.457,
              -2.419
            ],
            [
              121.445,
              -2.419
            ],
            [
              121.445,
              -2.431
            ]
          ]
        ]
      }
    },
    {
      "type": "Feature",
      "properties": {
        "grid_id": "SOR347",
        "site": "sorowako",
        "location_label": "Sorowako Nuha North Inland Mountain Ridge - Sulawesi Selatan greenfield nickel laterite",
        "lithology": "serpentinite_simulated",
        "slope_deg": 22.3,
        "distance_to_river_m": 281,
        "distance_to_road_m": 2757,
        "distance_to_settlement_m": 10113,
        "legal_status": "no-go",
        "distance_to_smelter_km": 54.2,
        "area_ha": 1.77,
        "region_id": "NW",
        "fe_oxide_index": 1.951,
        "clay_index": 2.299,
        "ndvi_stress_index": 0.364,
        "tmi_structural_nT": 45907.0,
        "tmi_anomaly_nT": 907.0,
        "elevation_mdpl": 715.1,
        "geochem_assay_ratio": 1.84
      },
      "geometry": {
        "type": "Polygon",
        "coordinates": [
          [
            [
              121.457,
              -2.431
            ],
            [
              121.469,
              -2.431
            ],
            [
              121.469,
              -2.419
            ],
            [
              121.457,
              -2.419
            ],
            [
              121.457,
              -2.431
            ]
          ]
        ]
      }
    },
    {
      "type": "Feature",
      "properties": {
        "grid_id": "SOR348",
        "site": "sorowako",
        "location_label": "Sorowako Nuha North Inland Mountain Ridge - Sulawesi Selatan greenfield nickel laterite",
        "lithology": "peridotite_simulated",
        "slope_deg": 19.3,
        "distance_to_river_m": 1153,
        "distance_to_road_m": 2124,
        "distance_to_settlement_m": 12172,
        "legal_status": "no-go",
        "distance_to_smelter_km": 52.6,
        "area_ha": 1.77,
        "region_id": "NW",
        "fe_oxide_index": 2.828,
        "clay_index": 2.374,
        "ndvi_stress_index": 0.262,
        "tmi_structural_nT": 45372.1,
        "tmi_anomaly_nT": 372.1,
        "elevation_mdpl": 718.8,
        "geochem_assay_ratio": 2.09
      },
      "geometry": {
        "type": "Polygon",
        "coordinates": [
          [
            [
              121.469,
              -2.431
            ],
            [
              121.481,
              -2.431
            ],
            [
              121.481,
              -2.419
            ],
            [
              121.469,
              -2.419
            ],
            [
              121.469,
              -2.431
            ]
          ]
        ]
      }
    },
    {
      "type": "Feature",
      "properties": {
        "grid_id": "SOR349",
        "site": "sorowako",
        "location_label": "Sorowako Nuha North Inland Mountain Ridge - Sulawesi Selatan greenfield nickel laterite",
        "lithology": "serpentinite_simulated",
        "slope_deg": 20.0,
        "distance_to_river_m": 1086,
        "distance_to_road_m": 2758,
        "distance_to_settlement_m": 9586,
        "legal_status": "allowed",
        "distance_to_smelter_km": 51.5,
        "area_ha": 1.77,
        "region_id": "NW",
        "fe_oxide_index": 2.832,
        "clay_index": 1.671,
        "ndvi_stress_index": 0.204,
        "tmi_structural_nT": 45906.0,
        "tmi_anomaly_nT": 906.0,
        "elevation_mdpl": 644.3,
        "geochem_assay_ratio": 2.29
      },
      "geometry": {
        "type": "Polygon",
        "coordinates": [
          [
            [
              121.481,
              -2.431
            ],
            [
              121.493,
              -2.431
            ],
            [
              121.493,
              -2.419
            ],
            [
              121.481,
              -2.419
            ],
            [
              121.481,
              -2.431
            ]
          ]
        ]
      }
    },
    {
      "type": "Feature",
      "properties": {
        "grid_id": "SOR350",
        "site": "sorowako",
        "location_label": "Sorowako Nuha North Inland Mountain Ridge - Sulawesi Selatan greenfield nickel laterite",
        "lithology": "peridotite_simulated",
        "slope_deg": 16.3,
        "distance_to_river_m": 2453,
        "distance_to_road_m": 3237,
        "distance_to_settlement_m": 12669,
        "legal_status": "allowed",
        "distance_to_smelter_km": 50.9,
        "area_ha": 1.77,
        "region_id": "NW",
        "fe_oxide_index": 2.349,
        "clay_index": 2.399,
        "ndvi_stress_index": 0.375,
        "tmi_structural_nT": 45728.1,
        "tmi_anomaly_nT": 728.1,
        "elevation_mdpl": 697.8,
        "geochem_assay_ratio": 2.6
      },
      "geometry": {
        "type": "Polygon",
        "coordinates": [
          [
            [
              121.493,
              -2.431
            ],
            [
              121.505,
              -2.431
            ],
            [
              121.505,
              -2.419
            ],
            [
              121.493,
              -2.419
            ],
            [
              121.493,
              -2.431
            ]
          ]
        ]
      }
    },
    {
      "type": "Feature",
      "properties": {
        "grid_id": "SOR351",
        "site": "sorowako",
        "location_label": "Sorowako Nuha North Inland Mountain Ridge - Sulawesi Selatan greenfield nickel laterite",
        "lithology": "ultramafic_simulated",
        "slope_deg": 18.0,
        "distance_to_river_m": 1220,
        "distance_to_road_m": 3507,
        "distance_to_settlement_m": 7834,
        "legal_status": "allowed",
        "distance_to_smelter_km": 50.9,
        "area_ha": 1.77,
        "region_id": "NE",
        "fe_oxide_index": 2.447,
        "clay_index": 2.229,
        "ndvi_stress_index": 0.381,
        "tmi_structural_nT": 45327.6,
        "tmi_anomaly_nT": 327.6,
        "elevation_mdpl": 702.9,
        "geochem_assay_ratio": 1.58
      },
      "geometry": {
        "type": "Polygon",
        "coordinates": [
          [
            [
              121.505,
              -2.431
            ],
            [
              121.517,
              -2.431
            ],
            [
              121.517,
              -2.419
            ],
            [
              121.505,
              -2.419
            ],
            [
              121.505,
              -2.431
            ]
          ]
        ]
      }
    },
    {
      "type": "Feature",
      "properties": {
        "grid_id": "SOR352",
        "site": "sorowako",
        "location_label": "Sorowako Nuha North Inland Mountain Ridge - Sulawesi Selatan greenfield nickel laterite",
        "lithology": "peridotite_simulated",
        "slope_deg": 19.7,
        "distance_to_river_m": 860,
        "distance_to_road_m": 1953,
        "distance_to_settlement_m": 10578,
        "legal_status": "allowed",
        "distance_to_smelter_km": 51.5,
        "area_ha": 1.77,
        "region_id": "NE",
        "fe_oxide_index": 2.077,
        "clay_index": 2.209,
        "ndvi_stress_index": 0.308,
        "tmi_structural_nT": 45496.8,
        "tmi_anomaly_nT": 496.8,
        "elevation_mdpl": 712.1,
        "geochem_assay_ratio": 1.59
      },
      "geometry": {
        "type": "Polygon",
        "coordinates": [
          [
            [
              121.517,
              -2.431
            ],
            [
              121.529,
              -2.431
            ],
            [
              121.529,
              -2.419
            ],
            [
              121.517,
              -2.419
            ],
            [
              121.517,
              -2.431
            ]
          ]
        ]
      }
    },
    {
      "type": "Feature",
      "properties": {
        "grid_id": "SOR353",
        "site": "sorowako",
        "location_label": "Sorowako Nuha North Inland Mountain Ridge - Sulawesi Selatan greenfield nickel laterite",
        "lithology": "serpentinite_simulated",
        "slope_deg": 18.7,
        "distance_to_river_m": 2727,
        "distance_to_road_m": 3573,
        "distance_to_settlement_m": 10063,
        "legal_status": "allowed",
        "distance_to_smelter_km": 52.6,
        "area_ha": 1.77,
        "region_id": "NE",
        "fe_oxide_index": 2.69,
        "clay_index": 2.094,
        "ndvi_stress_index": 0.331,
        "tmi_structural_nT": 45988.6,
        "tmi_anomaly_nT": 988.6,
        "elevation_mdpl": 717.9,
        "geochem_assay_ratio": 2.74
      },
      "geometry": {
        "type": "Polygon",
        "coordinates": [
          [
            [
              121.529,
              -2.431
            ],
            [
              121.541,
              -2.431
            ],
            [
              121.541,
              -2.419
            ],
            [
              121.529,
              -2.419
            ],
            [
              121.529,
              -2.431
            ]
          ]
        ]
      }
    },
    {
      "type": "Feature",
      "properties": {
        "grid_id": "SOR354",
        "site": "sorowako",
        "location_label": "Sorowako Nuha North Inland Mountain Ridge - Sulawesi Selatan greenfield nickel laterite",
        "lithology": "ultramafic_simulated",
        "slope_deg": 18.6,
        "distance_to_river_m": 2383,
        "distance_to_road_m": 5088,
        "distance_to_settlement_m": 11095,
        "legal_status": "allowed",
        "distance_to_smelter_km": 54.2,
        "area_ha": 1.77,
        "region_id": "NE",
        "fe_oxide_index": 1.856,
        "clay_index": 2.126,
        "ndvi_stress_index": 0.299,
        "tmi_structural_nT": 45536.2,
        "tmi_anomaly_nT": 536.2,
        "elevation_mdpl": 715.3,
        "geochem_assay_ratio": 1.71
      },
      "geometry": {
        "type": "Polygon",
        "coordinates": [
          [
            [
              121.541,
              -2.431
            ],
            [
              121.553,
              -2.431
            ],
            [
              121.553,
              -2.419
            ],
            [
              121.541,
              -2.419
            ],
            [
              121.541,
              -2.431
            ]
          ]
        ]
      }
    },
    {
      "type": "Feature",
      "properties": {
        "grid_id": "SOR355",
        "site": "sorowako",
        "location_label": "Sorowako Nuha North Inland Mountain Ridge - Sulawesi Selatan greenfield nickel laterite",
        "lithology": "serpentinite_simulated",
        "slope_deg": 18.3,
        "distance_to_river_m": 2838,
        "distance_to_road_m": 6231,
        "distance_to_settlement_m": 5587,
        "legal_status": "allowed",
        "distance_to_smelter_km": 56.3,
        "area_ha": 1.77,
        "region_id": "NE",
        "fe_oxide_index": 2.13,
        "clay_index": 1.606,
        "ndvi_stress_index": 0.326,
        "tmi_structural_nT": 45812.1,
        "tmi_anomaly_nT": 812.1,
        "elevation_mdpl": 655.8,
        "geochem_assay_ratio": 1.62
      },
      "geometry": {
        "type": "Polygon",
        "coordinates": [
          [
            [
              121.553,
              -2.431
            ],
            [
              121.565,
              -2.431
            ],
            [
              121.565,
              -2.419
            ],
            [
              121.553,
              -2.419
            ],
            [
              121.553,
              -2.431
            ]
          ]
        ]
      }
    },
    {
      "type": "Feature",
      "properties": {
        "grid_id": "SOR356",
        "site": "sorowako",
        "location_label": "Sorowako Nuha North Inland Mountain Ridge - Sulawesi Selatan greenfield nickel laterite",
        "lithology": "serpentinite_simulated",
        "slope_deg": 13.1,
        "distance_to_river_m": 1317,
        "distance_to_road_m": 5036,
        "distance_to_settlement_m": 13670,
        "legal_status": "allowed",
        "distance_to_smelter_km": 58.7,
        "area_ha": 1.77,
        "region_id": "NE",
        "fe_oxide_index": 2.221,
        "clay_index": 1.793,
        "ndvi_stress_index": 0.417,
        "tmi_structural_nT": 45733.0,
        "tmi_anomaly_nT": 733.0,
        "elevation_mdpl": 654.0,
        "geochem_assay_ratio": 2.75
      },
      "geometry": {
        "type": "Polygon",
        "coordinates": [
          [
            [
              121.565,
              -2.431
            ],
            [
              121.577,
              -2.431
            ],
            [
              121.577,
              -2.419
            ],
            [
              121.565,
              -2.419
            ],
            [
              121.565,
              -2.431
            ]
          ]
        ]
      }
    },
    {
      "type": "Feature",
      "properties": {
        "grid_id": "SOR357",
        "site": "sorowako",
        "location_label": "Sorowako Nuha North Inland Mountain Ridge - Sulawesi Selatan greenfield nickel laterite",
        "lithology": "mafic_volcanic_simulated",
        "slope_deg": 22.0,
        "distance_to_river_m": 2031,
        "distance_to_road_m": 4370,
        "distance_to_settlement_m": 13806,
        "legal_status": "allowed",
        "distance_to_smelter_km": 61.4,
        "area_ha": 1.77,
        "region_id": "NE",
        "fe_oxide_index": 1.591,
        "clay_index": 1.015,
        "ndvi_stress_index": 0.511,
        "tmi_structural_nT": 44937.6,
        "tmi_anomaly_nT": -62.4,
        "elevation_mdpl": 715.8,
        "geochem_assay_ratio": 5.85
      },
      "geometry": {
        "type": "Polygon",
        "coordinates": [
          [
            [
              121.577,
              -2.431
            ],
            [
              121.589,
              -2.431
            ],
            [
              121.589,
              -2.419
            ],
            [
              121.577,
              -2.419
            ],
            [
              121.577,
              -2.431
            ]
          ]
        ]
      }
    },
    {
      "type": "Feature",
      "properties": {
        "grid_id": "SOR358",
        "site": "sorowako",
        "location_label": "Sorowako Nuha North Inland Mountain Ridge - Sulawesi Selatan greenfield nickel laterite",
        "lithology": "serpentinite_simulated",
        "slope_deg": 16.0,
        "distance_to_river_m": 979,
        "distance_to_road_m": 5588,
        "distance_to_settlement_m": 6072,
        "legal_status": "allowed",
        "distance_to_smelter_km": 64.4,
        "area_ha": 1.77,
        "region_id": "NE",
        "fe_oxide_index": 2.762,
        "clay_index": 2.383,
        "ndvi_stress_index": 0.375,
        "tmi_structural_nT": 46009.7,
        "tmi_anomaly_nT": 1009.7,
        "elevation_mdpl": 690.8,
        "geochem_assay_ratio": 2.91
      },
      "geometry": {
        "type": "Polygon",
        "coordinates": [
          [
            [
              121.589,
              -2.431
            ],
            [
              121.601,
              -2.431
            ],
            [
              121.601,
              -2.419
            ],
            [
              121.589,
              -2.419
            ],
            [
              121.589,
              -2.431
            ]
          ]
        ]
      }
    },
    {
      "type": "Feature",
      "properties": {
        "grid_id": "SOR359",
        "site": "sorowako",
        "location_label": "Sorowako Nuha North Inland Mountain Ridge - Sulawesi Selatan greenfield nickel laterite",
        "lithology": "serpentinite_simulated",
        "slope_deg": 22.9,
        "distance_to_river_m": 2531,
        "distance_to_road_m": 5354,
        "distance_to_settlement_m": 11688,
        "legal_status": "allowed",
        "distance_to_smelter_km": 67.6,
        "area_ha": 1.77,
        "region_id": "NE",
        "fe_oxide_index": 2.794,
        "clay_index": 1.861,
        "ndvi_stress_index": 0.321,
        "tmi_structural_nT": 46000.3,
        "tmi_anomaly_nT": 1000.3,
        "elevation_mdpl": 674.3,
        "geochem_assay_ratio": 2.55
      },
      "geometry": {
        "type": "Polygon",
        "coordinates": [
          [
            [
              121.601,
              -2.431
            ],
            [
              121.613,
              -2.431
            ],
            [
              121.613,
              -2.419
            ],
            [
              121.601,
              -2.419
            ],
            [
              121.601,
              -2.431
            ]
          ]
        ]
      }
    },
    {
      "type": "Feature",
      "properties": {
        "grid_id": "SOR360",
        "site": "sorowako",
        "location_label": "Sorowako Nuha North Inland Mountain Ridge - Sulawesi Selatan greenfield nickel laterite",
        "lithology": "serpentinite_simulated",
        "slope_deg": 19.0,
        "distance_to_river_m": 326,
        "distance_to_road_m": 6110,
        "distance_to_settlement_m": 6266,
        "legal_status": "allowed",
        "distance_to_smelter_km": 71.0,
        "area_ha": 1.77,
        "region_id": "NE",
        "fe_oxide_index": 2.68,
        "clay_index": 1.638,
        "ndvi_stress_index": 0.214,
        "tmi_structural_nT": 45346.2,
        "tmi_anomaly_nT": 346.2,
        "elevation_mdpl": 686.9,
        "geochem_assay_ratio": 2.99
      },
      "geometry": {
        "type": "Polygon",
        "coordinates": [
          [
            [
              121.613,
              -2.431
            ],
            [
              121.625,
              -2.431
            ],
            [
              121.625,
              -2.419
            ],
            [
              121.613,
              -2.419
            ],
            [
              121.613,
              -2.431
            ]
          ]
        ]
      }
    },
    {
      "type": "Feature",
      "properties": {
        "grid_id": "SOR361",
        "site": "sorowako",
        "location_label": "Sorowako Nuha North Inland Mountain Ridge - Sulawesi Selatan greenfield nickel laterite",
        "lithology": "serpentinite_simulated",
        "slope_deg": 19.0,
        "distance_to_river_m": 617,
        "distance_to_road_m": 6011,
        "distance_to_settlement_m": 9374,
        "legal_status": "conditional",
        "distance_to_smelter_km": 73.8,
        "area_ha": 1.77,
        "region_id": "NW",
        "fe_oxide_index": 2.791,
        "clay_index": 1.818,
        "ndvi_stress_index": 0.343,
        "tmi_structural_nT": 46030.6,
        "tmi_anomaly_nT": 1030.6,
        "elevation_mdpl": 659.8,
        "geochem_assay_ratio": 2.37
      },
      "geometry": {
        "type": "Polygon",
        "coordinates": [
          [
            [
              121.385,
              -2.419
            ],
            [
              121.397,
              -2.419
            ],
            [
              121.397,
              -2.407
            ],
            [
              121.385,
              -2.407
            ],
            [
              121.385,
              -2.419
            ]
          ]
        ]
      }
    },
    {
      "type": "Feature",
      "properties": {
        "grid_id": "SOR362",
        "site": "sorowako",
        "location_label": "Sorowako Nuha North Inland Mountain Ridge - Sulawesi Selatan greenfield nickel laterite",
        "lithology": "serpentinite_simulated",
        "slope_deg": 18.6,
        "distance_to_river_m": 400,
        "distance_to_road_m": 6168,
        "distance_to_settlement_m": 12435,
        "legal_status": "conditional",
        "distance_to_smelter_km": 70.6,
        "area_ha": 1.77,
        "region_id": "NW",
        "fe_oxide_index": 2.134,
        "clay_index": 2.083,
        "ndvi_stress_index": 0.408,
        "tmi_structural_nT": 45441.3,
        "tmi_anomaly_nT": 441.3,
        "elevation_mdpl": 715.0,
        "geochem_assay_ratio": 3.06
      },
      "geometry": {
        "type": "Polygon",
        "coordinates": [
          [
            [
              121.397,
              -2.419
            ],
            [
              121.409,
              -2.419
            ],
            [
              121.409,
              -2.407
            ],
            [
              121.397,
              -2.407
            ],
            [
              121.397,
              -2.419
            ]
          ]
        ]
      }
    },
    {
      "type": "Feature",
      "properties": {
        "grid_id": "SOR363",
        "site": "sorowako",
        "location_label": "Sorowako Nuha North Inland Mountain Ridge - Sulawesi Selatan greenfield nickel laterite",
        "lithology": "peridotite_simulated",
        "slope_deg": 18.8,
        "distance_to_river_m": 776,
        "distance_to_road_m": 6164,
        "distance_to_settlement_m": 8074,
        "legal_status": "conditional",
        "distance_to_smelter_km": 67.6,
        "area_ha": 1.77,
        "region_id": "NW",
        "fe_oxide_index": 2.391,
        "clay_index": 2.292,
        "ndvi_stress_index": 0.364,
        "tmi_structural_nT": 45219.6,
        "tmi_anomaly_nT": 219.6,
        "elevation_mdpl": 642.5,
        "geochem_assay_ratio": 2.53
      },
      "geometry": {
        "type": "Polygon",
        "coordinates": [
          [
            [
              121.409,
              -2.419
            ],
            [
              121.421,
              -2.419
            ],
            [
              121.421,
              -2.407
            ],
            [
              121.409,
              -2.407
            ],
            [
              121.409,
              -2.419
            ]
          ]
        ]
      }
    },
    {
      "type": "Feature",
      "properties": {
        "grid_id": "SOR364",
        "site": "sorowako",
        "location_label": "Sorowako Nuha North Inland Mountain Ridge - Sulawesi Selatan greenfield nickel laterite",
        "lithology": "serpentinite_simulated",
        "slope_deg": 22.6,
        "distance_to_river_m": 3197,
        "distance_to_road_m": 5910,
        "distance_to_settlement_m": 8049,
        "legal_status": "conditional",
        "distance_to_smelter_km": 64.8,
        "area_ha": 1.77,
        "region_id": "NW",
        "fe_oxide_index": 2.546,
        "clay_index": 2.06,
        "ndvi_stress_index": 0.234,
        "tmi_structural_nT": 45502.2,
        "tmi_anomaly_nT": 502.2,
        "elevation_mdpl": 704.0,
        "geochem_assay_ratio": 2.04
      },
      "geometry": {
        "type": "Polygon",
        "coordinates": [
          [
            [
              121.421,
              -2.419
            ],
            [
              121.433,
              -2.419
            ],
            [
              121.433,
              -2.407
            ],
            [
              121.421,
              -2.407
            ],
            [
              121.421,
              -2.419
            ]
          ]
        ]
      }
    },
    {
      "type": "Feature",
      "properties": {
        "grid_id": "SOR365",
        "site": "sorowako",
        "location_label": "Sorowako Nuha North Inland Mountain Ridge - Sulawesi Selatan greenfield nickel laterite",
        "lithology": "peridotite_simulated",
        "slope_deg": 14.3,
        "distance_to_river_m": 693,
        "distance_to_road_m": 2043,
        "distance_to_settlement_m": 11175,
        "legal_status": "conditional",
        "distance_to_smelter_km": 62.3,
        "area_ha": 1.77,
        "region_id": "NW",
        "fe_oxide_index": 2.613,
        "clay_index": 2.13,
        "ndvi_stress_index": 0.192,
        "tmi_structural_nT": 45317.2,
        "tmi_anomaly_nT": 317.2,
        "elevation_mdpl": 675.2,
        "geochem_assay_ratio": 1.68
      },
      "geometry": {
        "type": "Polygon",
        "coordinates": [
          [
            [
              121.433,
              -2.419
            ],
            [
              121.445,
              -2.419
            ],
            [
              121.445,
              -2.407
            ],
            [
              121.433,
              -2.407
            ],
            [
              121.433,
              -2.419
            ]
          ]
        ]
      }
    },
    {
      "type": "Feature",
      "properties": {
        "grid_id": "SOR366",
        "site": "sorowako",
        "location_label": "Sorowako Nuha North Inland Mountain Ridge - Sulawesi Selatan greenfield nickel laterite",
        "lithology": "peridotite_simulated",
        "slope_deg": 20.1,
        "distance_to_river_m": 2838,
        "distance_to_road_m": 4881,
        "distance_to_settlement_m": 12657,
        "legal_status": "allowed",
        "distance_to_smelter_km": 60.1,
        "area_ha": 1.77,
        "region_id": "NW",
        "fe_oxide_index": 2.747,
        "clay_index": 1.773,
        "ndvi_stress_index": 0.216,
        "tmi_structural_nT": 45313.0,
        "tmi_anomaly_nT": 313.0,
        "elevation_mdpl": 704.1,
        "geochem_assay_ratio": 2.05
      },
      "geometry": {
        "type": "Polygon",
        "coordinates": [
          [
            [
              121.445,
              -2.419
            ],
            [
              121.457,
              -2.419
            ],
            [
              121.457,
              -2.407
            ],
            [
              121.445,
              -2.407
            ],
            [
              121.445,
              -2.419
            ]
          ]
        ]
      }
    },
    {
      "type": "Feature",
      "properties": {
        "grid_id": "SOR367",
        "site": "sorowako",
        "location_label": "Sorowako Nuha North Inland Mountain Ridge - Sulawesi Selatan greenfield nickel laterite",
        "lithology": "serpentinite_simulated",
        "slope_deg": 16.9,
        "distance_to_river_m": 2487,
        "distance_to_road_m": 2178,
        "distance_to_settlement_m": 8190,
        "legal_status": "allowed",
        "distance_to_smelter_km": 58.2,
        "area_ha": 1.77,
        "region_id": "NW",
        "fe_oxide_index": 1.821,
        "clay_index": 2.185,
        "ndvi_stress_index": 0.376,
        "tmi_structural_nT": 46030.9,
        "tmi_anomaly_nT": 1030.9,
        "elevation_mdpl": 678.5,
        "geochem_assay_ratio": 1.73
      },
      "geometry": {
        "type": "Polygon",
        "coordinates": [
          [
            [
              121.457,
              -2.419
            ],
            [
              121.469,
              -2.419
            ],
            [
              121.469,
              -2.407
            ],
            [
              121.457,
              -2.407
            ],
            [
              121.457,
              -2.419
            ]
          ]
        ]
      }
    },
    {
      "type": "Feature",
      "properties": {
        "grid_id": "SOR368",
        "site": "sorowako",
        "location_label": "Sorowako Nuha North Inland Mountain Ridge - Sulawesi Selatan greenfield nickel laterite",
        "lithology": "ultramafic_simulated",
        "slope_deg": 12.2,
        "distance_to_river_m": 2882,
        "distance_to_road_m": 3589,
        "distance_to_settlement_m": 5860,
        "legal_status": "allowed",
        "distance_to_smelter_km": 56.8,
        "area_ha": 1.77,
        "region_id": "NW",
        "fe_oxide_index": 2.094,
        "clay_index": 2.042,
        "ndvi_stress_index": 0.4,
        "tmi_structural_nT": 45589.6,
        "tmi_anomaly_nT": 589.6,
        "elevation_mdpl": 710.6,
        "geochem_assay_ratio": 1.49
      },
      "geometry": {
        "type": "Polygon",
        "coordinates": [
          [
            [
              121.469,
              -2.419
            ],
            [
              121.481,
              -2.419
            ],
            [
              121.481,
              -2.407
            ],
            [
              121.469,
              -2.407
            ],
            [
              121.469,
              -2.419
            ]
          ]
        ]
      }
    },
    {
      "type": "Feature",
      "properties": {
        "grid_id": "SOR369",
        "site": "sorowako",
        "location_label": "Sorowako Nuha North Inland Mountain Ridge - Sulawesi Selatan greenfield nickel laterite",
        "lithology": "serpentinite_simulated",
        "slope_deg": 20.8,
        "distance_to_river_m": 2773,
        "distance_to_road_m": 5421,
        "distance_to_settlement_m": 8479,
        "legal_status": "allowed",
        "distance_to_smelter_km": 55.8,
        "area_ha": 1.77,
        "region_id": "NW",
        "fe_oxide_index": 2.313,
        "clay_index": 1.827,
        "ndvi_stress_index": 0.399,
        "tmi_structural_nT": 46018.8,
        "tmi_anomaly_nT": 1018.8,
        "elevation_mdpl": 628.5,
        "geochem_assay_ratio": 2.6
      },
      "geometry": {
        "type": "Polygon",
        "coordinates": [
          [
            [
              121.481,
              -2.419
            ],
            [
              121.493,
              -2.419
            ],
            [
              121.493,
              -2.407
            ],
            [
              121.481,
              -2.407
            ],
            [
              121.481,
              -2.419
            ]
          ]
        ]
      }
    },
    {
      "type": "Feature",
      "properties": {
        "grid_id": "SOR370",
        "site": "sorowako",
        "location_label": "Sorowako Nuha North Inland Mountain Ridge - Sulawesi Selatan greenfield nickel laterite",
        "lithology": "mafic_volcanic_simulated",
        "slope_deg": 20.6,
        "distance_to_river_m": 589,
        "distance_to_road_m": 2110,
        "distance_to_settlement_m": 11746,
        "legal_status": "allowed",
        "distance_to_smelter_km": 55.3,
        "area_ha": 1.77,
        "region_id": "NW",
        "fe_oxide_index": 1.149,
        "clay_index": 1.046,
        "ndvi_stress_index": 0.766,
        "tmi_structural_nT": 44403.8,
        "tmi_anomaly_nT": -596.2,
        "elevation_mdpl": 699.2,
        "geochem_assay_ratio": 4.08
      },
      "geometry": {
        "type": "Polygon",
        "coordinates": [
          [
            [
              121.493,
              -2.419
            ],
            [
              121.505,
              -2.419
            ],
            [
              121.505,
              -2.407
            ],
            [
              121.493,
              -2.407
            ],
            [
              121.493,
              -2.419
            ]
          ]
        ]
      }
    },
    {
      "type": "Feature",
      "properties": {
        "grid_id": "SOR371",
        "site": "sorowako",
        "location_label": "Sorowako Nuha North Inland Mountain Ridge - Sulawesi Selatan greenfield nickel laterite",
        "lithology": "peridotite_simulated",
        "slope_deg": 22.7,
        "distance_to_river_m": 2324,
        "distance_to_road_m": 5014,
        "distance_to_settlement_m": 4834,
        "legal_status": "allowed",
        "distance_to_smelter_km": 55.3,
        "area_ha": 1.77,
        "region_id": "NE",
        "fe_oxide_index": 2.842,
        "clay_index": 1.738,
        "ndvi_stress_index": 0.332,
        "tmi_structural_nT": 45692.3,
        "tmi_anomaly_nT": 692.3,
        "elevation_mdpl": 680.2,
        "geochem_assay_ratio": 2.31
      },
      "geometry": {
        "type": "Polygon",
        "coordinates": [
          [
            [
              121.505,
              -2.419
            ],
            [
              121.517,
              -2.419
            ],
            [
              121.517,
              -2.407
            ],
            [
              121.505,
              -2.407
            ],
            [
              121.505,
              -2.419
            ]
          ]
        ]
      }
    },
    {
      "type": "Feature",
      "properties": {
        "grid_id": "SOR372",
        "site": "sorowako",
        "location_label": "Sorowako Nuha North Inland Mountain Ridge - Sulawesi Selatan greenfield nickel laterite",
        "lithology": "peridotite_simulated",
        "slope_deg": 22.1,
        "distance_to_river_m": 1336,
        "distance_to_road_m": 4905,
        "distance_to_settlement_m": 11460,
        "legal_status": "allowed",
        "distance_to_smelter_km": 55.8,
        "area_ha": 1.77,
        "region_id": "NE",
        "fe_oxide_index": 2.682,
        "clay_index": 1.983,
        "ndvi_stress_index": 0.358,
        "tmi_structural_nT": 45580.4,
        "tmi_anomaly_nT": 580.4,
        "elevation_mdpl": 670.0,
        "geochem_assay_ratio": 2.77
      },
      "geometry": {
        "type": "Polygon",
        "coordinates": [
          [
            [
              121.517,
              -2.419
            ],
            [
              121.529,
              -2.419
            ],
            [
              121.529,
              -2.407
            ],
            [
              121.517,
              -2.407
            ],
            [
              121.517,
              -2.419
            ]
          ]
        ]
      }
    },
    {
      "type": "Feature",
      "properties": {
        "grid_id": "SOR373",
        "site": "sorowako",
        "location_label": "Sorowako Nuha North Inland Mountain Ridge - Sulawesi Selatan greenfield nickel laterite",
        "lithology": "peridotite_simulated",
        "slope_deg": 16.4,
        "distance_to_river_m": 321,
        "distance_to_road_m": 5457,
        "distance_to_settlement_m": 11279,
        "legal_status": "allowed",
        "distance_to_smelter_km": 56.8,
        "area_ha": 1.77,
        "region_id": "NE",
        "fe_oxide_index": 1.993,
        "clay_index": 1.681,
        "ndvi_stress_index": 0.274,
        "tmi_structural_nT": 45249.9,
        "tmi_anomaly_nT": 249.9,
        "elevation_mdpl": 653.7,
        "geochem_assay_ratio": 1.44
      },
      "geometry": {
        "type": "Polygon",
        "coordinates": [
          [
            [
              121.529,
              -2.419
            ],
            [
              121.541,
              -2.419
            ],
            [
              121.541,
              -2.407
            ],
            [
              121.529,
              -2.407
            ],
            [
              121.529,
              -2.419
            ]
          ]
        ]
      }
    },
    {
      "type": "Feature",
      "properties": {
        "grid_id": "SOR374",
        "site": "sorowako",
        "location_label": "Sorowako Nuha North Inland Mountain Ridge - Sulawesi Selatan greenfield nickel laterite",
        "lithology": "serpentinite_simulated",
        "slope_deg": 15.4,
        "distance_to_river_m": 743,
        "distance_to_road_m": 4652,
        "distance_to_settlement_m": 11525,
        "legal_status": "allowed",
        "distance_to_smelter_km": 58.2,
        "area_ha": 1.77,
        "region_id": "NE",
        "fe_oxide_index": 1.936,
        "clay_index": 1.84,
        "ndvi_stress_index": 0.354,
        "tmi_structural_nT": 45907.1,
        "tmi_anomaly_nT": 907.1,
        "elevation_mdpl": 706.4,
        "geochem_assay_ratio": 2.07
      },
      "geometry": {
        "type": "Polygon",
        "coordinates": [
          [
            [
              121.541,
              -2.419
            ],
            [
              121.553,
              -2.419
            ],
            [
              121.553,
              -2.407
            ],
            [
              121.541,
              -2.407
            ],
            [
              121.541,
              -2.419
            ]
          ]
        ]
      }
    },
    {
      "type": "Feature",
      "properties": {
        "grid_id": "SOR375",
        "site": "sorowako",
        "location_label": "Sorowako Nuha North Inland Mountain Ridge - Sulawesi Selatan greenfield nickel laterite",
        "lithology": "peridotite_simulated",
        "slope_deg": 14.6,
        "distance_to_river_m": 2673,
        "distance_to_road_m": 3943,
        "distance_to_settlement_m": 9167,
        "legal_status": "allowed",
        "distance_to_smelter_km": 60.1,
        "area_ha": 1.77,
        "region_id": "NE",
        "fe_oxide_index": 1.9,
        "clay_index": 2.238,
        "ndvi_stress_index": 0.33,
        "tmi_structural_nT": 45181.3,
        "tmi_anomaly_nT": 181.3,
        "elevation_mdpl": 669.1,
        "geochem_assay_ratio": 2.48
      },
      "geometry": {
        "type": "Polygon",
        "coordinates": [
          [
            [
              121.553,
              -2.419
            ],
            [
              121.565,
              -2.419
            ],
            [
              121.565,
              -2.407
            ],
            [
              121.553,
              -2.407
            ],
            [
              121.553,
              -2.419
            ]
          ]
        ]
      }
    },
    {
      "type": "Feature",
      "properties": {
        "grid_id": "SOR376",
        "site": "sorowako",
        "location_label": "Sorowako Nuha North Inland Mountain Ridge - Sulawesi Selatan greenfield nickel laterite",
        "lithology": "ultramafic_simulated",
        "slope_deg": 19.1,
        "distance_to_river_m": 3077,
        "distance_to_road_m": 4488,
        "distance_to_settlement_m": 5324,
        "legal_status": "allowed",
        "distance_to_smelter_km": 62.3,
        "area_ha": 1.77,
        "region_id": "NE",
        "fe_oxide_index": 2.005,
        "clay_index": 2.279,
        "ndvi_stress_index": 0.248,
        "tmi_structural_nT": 45890.7,
        "tmi_anomaly_nT": 890.7,
        "elevation_mdpl": 662.3,
        "geochem_assay_ratio": 2.87
      },
      "geometry": {
        "type": "Polygon",
        "coordinates": [
          [
            [
              121.565,
              -2.419
            ],
            [
              121.577,
              -2.419
            ],
            [
              121.577,
              -2.407
            ],
            [
              121.565,
              -2.407
            ],
            [
              121.565,
              -2.419
            ]
          ]
        ]
      }
    },
    {
      "type": "Feature",
      "properties": {
        "grid_id": "SOR377",
        "site": "sorowako",
        "location_label": "Sorowako Nuha North Inland Mountain Ridge - Sulawesi Selatan greenfield nickel laterite",
        "lithology": "alluvium",
        "slope_deg": 13.4,
        "distance_to_river_m": 2814,
        "distance_to_road_m": 4263,
        "distance_to_settlement_m": 8057,
        "legal_status": "allowed",
        "distance_to_smelter_km": 64.8,
        "area_ha": 1.77,
        "region_id": "NE",
        "fe_oxide_index": 1.43,
        "clay_index": 1.314,
        "ndvi_stress_index": 0.681,
        "tmi_structural_nT": 44795.5,
        "tmi_anomaly_nT": -204.5,
        "elevation_mdpl": 652.7,
        "geochem_assay_ratio": 5.59
      },
      "geometry": {
        "type": "Polygon",
        "coordinates": [
          [
            [
              121.577,
              -2.419
            ],
            [
              121.589,
              -2.419
            ],
            [
              121.589,
              -2.407
            ],
            [
              121.577,
              -2.407
            ],
            [
              121.577,
              -2.419
            ]
          ]
        ]
      }
    },
    {
      "type": "Feature",
      "properties": {
        "grid_id": "SOR378",
        "site": "sorowako",
        "location_label": "Sorowako Nuha North Inland Mountain Ridge - Sulawesi Selatan greenfield nickel laterite",
        "lithology": "ultramafic_simulated",
        "slope_deg": 17.4,
        "distance_to_river_m": 1872,
        "distance_to_road_m": 4123,
        "distance_to_settlement_m": 11060,
        "legal_status": "allowed",
        "distance_to_smelter_km": 67.6,
        "area_ha": 1.77,
        "region_id": "NE",
        "fe_oxide_index": 2.664,
        "clay_index": 2.292,
        "ndvi_stress_index": 0.288,
        "tmi_structural_nT": 45215.2,
        "tmi_anomaly_nT": 215.2,
        "elevation_mdpl": 711.1,
        "geochem_assay_ratio": 1.87
      },
      "geometry": {
        "type": "Polygon",
        "coordinates": [
          [
            [
              121.589,
              -2.419
            ],
            [
              121.601,
              -2.419
            ],
            [
              121.601,
              -2.407
            ],
            [
              121.589,
              -2.407
            ],
            [
              121.589,
              -2.419
            ]
          ]
        ]
      }
    },
    {
      "type": "Feature",
      "properties": {
        "grid_id": "SOR379",
        "site": "sorowako",
        "location_label": "Sorowako Nuha North Inland Mountain Ridge - Sulawesi Selatan greenfield nickel laterite",
        "lithology": "serpentinite_simulated",
        "slope_deg": 18.5,
        "distance_to_river_m": 890,
        "distance_to_road_m": 4414,
        "distance_to_settlement_m": 4079,
        "legal_status": "allowed",
        "distance_to_smelter_km": 70.6,
        "area_ha": 1.77,
        "region_id": "NE",
        "fe_oxide_index": 2.187,
        "clay_index": 2.364,
        "ndvi_stress_index": 0.219,
        "tmi_structural_nT": 45312.8,
        "tmi_anomaly_nT": 312.8,
        "elevation_mdpl": 673.6,
        "geochem_assay_ratio": 3.05
      },
      "geometry": {
        "type": "Polygon",
        "coordinates": [
          [
            [
              121.601,
              -2.419
            ],
            [
              121.613,
              -2.419
            ],
            [
              121.613,
              -2.407
            ],
            [
              121.601,
              -2.407
            ],
            [
              121.601,
              -2.419
            ]
          ]
        ]
      }
    },
    {
      "type": "Feature",
      "properties": {
        "grid_id": "SOR380",
        "site": "sorowako",
        "location_label": "Sorowako Nuha North Inland Mountain Ridge - Sulawesi Selatan greenfield nickel laterite",
        "lithology": "mafic_volcanic_simulated",
        "slope_deg": 14.2,
        "distance_to_river_m": 1945,
        "distance_to_road_m": 5236,
        "distance_to_settlement_m": 13162,
        "legal_status": "allowed",
        "distance_to_smelter_km": 73.8,
        "area_ha": 1.77,
        "region_id": "NE",
        "fe_oxide_index": 1.591,
        "clay_index": 1.18,
        "ndvi_stress_index": 0.515,
        "tmi_structural_nT": 45026.1,
        "tmi_anomaly_nT": 26.1,
        "elevation_mdpl": 676.7,
        "geochem_assay_ratio": 5.71
      },
      "geometry": {
        "type": "Polygon",
        "coordinates": [
          [
            [
              121.613,
              -2.419
            ],
            [
              121.625,
              -2.419
            ],
            [
              121.625,
              -2.407
            ],
            [
              121.613,
              -2.407
            ],
            [
              121.613,
              -2.419
            ]
          ]
        ]
      }
    },
    {
      "type": "Feature",
      "properties": {
        "grid_id": "SOR381",
        "site": "sorowako",
        "location_label": "Sorowako Nuha North Inland Mountain Ridge - Sulawesi Selatan greenfield nickel laterite",
        "lithology": "serpentinite_simulated",
        "slope_deg": 13.2,
        "distance_to_river_m": 281,
        "distance_to_road_m": 1656,
        "distance_to_settlement_m": 4550,
        "legal_status": "allowed",
        "distance_to_smelter_km": 76.8,
        "area_ha": 1.77,
        "region_id": "NW",
        "fe_oxide_index": 2.478,
        "clay_index": 2.425,
        "ndvi_stress_index": 0.358,
        "tmi_structural_nT": 45472.8,
        "tmi_anomaly_nT": 472.8,
        "elevation_mdpl": 648.0,
        "geochem_assay_ratio": 2.58
      },
      "geometry": {
        "type": "Polygon",
        "coordinates": [
          [
            [
              121.385,
              -2.407
            ],
            [
              121.397,
              -2.407
            ],
            [
              121.397,
              -2.395
            ],
            [
              121.385,
              -2.395
            ],
            [
              121.385,
              -2.407
            ]
          ]
        ]
      }
    },
    {
      "type": "Feature",
      "properties": {
        "grid_id": "SOR382",
        "site": "sorowako",
        "location_label": "Sorowako Nuha North Inland Mountain Ridge - Sulawesi Selatan greenfield nickel laterite",
        "lithology": "serpentinite_simulated",
        "slope_deg": 18.2,
        "distance_to_river_m": 465,
        "distance_to_road_m": 4959,
        "distance_to_settlement_m": 6370,
        "legal_status": "allowed",
        "distance_to_smelter_km": 73.8,
        "area_ha": 1.77,
        "region_id": "NW",
        "fe_oxide_index": 1.839,
        "clay_index": 1.968,
        "ndvi_stress_index": 0.292,
        "tmi_structural_nT": 45275.0,
        "tmi_anomaly_nT": 275.0,
        "elevation_mdpl": 621.3,
        "geochem_assay_ratio": 3.02
      },
      "geometry": {
        "type": "Polygon",
        "coordinates": [
          [
            [
              121.397,
              -2.407
            ],
            [
              121.409,
              -2.407
            ],
            [
              121.409,
              -2.395
            ],
            [
              121.397,
              -2.395
            ],
            [
              121.397,
              -2.407
            ]
          ]
        ]
      }
    },
    {
      "type": "Feature",
      "properties": {
        "grid_id": "SOR383",
        "site": "sorowako",
        "location_label": "Sorowako Nuha North Inland Mountain Ridge - Sulawesi Selatan greenfield nickel laterite",
        "lithology": "serpentinite_simulated",
        "slope_deg": 13.0,
        "distance_to_river_m": 1353,
        "distance_to_road_m": 5604,
        "distance_to_settlement_m": 9990,
        "legal_status": "allowed",
        "distance_to_smelter_km": 71.0,
        "area_ha": 1.77,
        "region_id": "NW",
        "fe_oxide_index": 2.563,
        "clay_index": 2.06,
        "ndvi_stress_index": 0.257,
        "tmi_structural_nT": 45739.3,
        "tmi_anomaly_nT": 739.3,
        "elevation_mdpl": 660.7,
        "geochem_assay_ratio": 2.44
      },
      "geometry": {
        "type": "Polygon",
        "coordinates": [
          [
            [
              121.409,
              -2.407
            ],
            [
              121.421,
              -2.407
            ],
            [
              121.421,
              -2.395
            ],
            [
              121.409,
              -2.395
            ],
            [
              121.409,
              -2.407
            ]
          ]
        ]
      }
    },
    {
      "type": "Feature",
      "properties": {
        "grid_id": "SOR384",
        "site": "sorowako",
        "location_label": "Sorowako Nuha North Inland Mountain Ridge - Sulawesi Selatan greenfield nickel laterite",
        "lithology": "serpentinite_simulated",
        "slope_deg": 15.8,
        "distance_to_river_m": 2127,
        "distance_to_road_m": 5224,
        "distance_to_settlement_m": 13362,
        "legal_status": "allowed",
        "distance_to_smelter_km": 68.4,
        "area_ha": 1.77,
        "region_id": "NW",
        "fe_oxide_index": 2.725,
        "clay_index": 2.442,
        "ndvi_stress_index": 0.311,
        "tmi_structural_nT": 45619.6,
        "tmi_anomaly_nT": 619.6,
        "elevation_mdpl": 677.5,
        "geochem_assay_ratio": 1.86
      },
      "geometry": {
        "type": "Polygon",
        "coordinates": [
          [
            [
              121.421,
              -2.407
            ],
            [
              121.433,
              -2.407
            ],
            [
              121.433,
              -2.395
            ],
            [
              121.421,
              -2.395
            ],
            [
              121.421,
              -2.407
            ]
          ]
        ]
      }
    },
    {
      "type": "Feature",
      "properties": {
        "grid_id": "SOR385",
        "site": "sorowako",
        "location_label": "Sorowako Nuha North Inland Mountain Ridge - Sulawesi Selatan greenfield nickel laterite",
        "lithology": "serpentinite_simulated",
        "slope_deg": 12.0,
        "distance_to_river_m": 2597,
        "distance_to_road_m": 4023,
        "distance_to_settlement_m": 5186,
        "legal_status": "allowed",
        "distance_to_smelter_km": 66.0,
        "area_ha": 1.77,
        "region_id": "NW",
        "fe_oxide_index": 2.226,
        "clay_index": 2.301,
        "ndvi_stress_index": 0.31,
        "tmi_structural_nT": 45196.6,
        "tmi_anomaly_nT": 196.6,
        "elevation_mdpl": 701.4,
        "geochem_assay_ratio": 1.44
      },
      "geometry": {
        "type": "Polygon",
        "coordinates": [
          [
            [
              121.433,
              -2.407
            ],
            [
              121.445,
              -2.407
            ],
            [
              121.445,
              -2.395
            ],
            [
              121.433,
              -2.395
            ],
            [
              121.433,
              -2.407
            ]
          ]
        ]
      }
    },
    {
      "type": "Feature",
      "properties": {
        "grid_id": "SOR386",
        "site": "sorowako",
        "location_label": "Sorowako Nuha North Inland Mountain Ridge - Sulawesi Selatan greenfield nickel laterite",
        "lithology": "serpentinite_simulated",
        "slope_deg": 12.3,
        "distance_to_river_m": 2326,
        "distance_to_road_m": 5806,
        "distance_to_settlement_m": 8221,
        "legal_status": "allowed",
        "distance_to_smelter_km": 64.0,
        "area_ha": 1.77,
        "region_id": "NW",
        "fe_oxide_index": 2.523,
        "clay_index": 2.127,
        "ndvi_stress_index": 0.264,
        "tmi_structural_nT": 46071.4,
        "tmi_anomaly_nT": 1071.4,
        "elevation_mdpl": 669.0,
        "geochem_assay_ratio": 1.45
      },
      "geometry": {
        "type": "Polygon",
        "coordinates": [
          [
            [
              121.445,
              -2.407
            ],
            [
              121.457,
              -2.407
            ],
            [
              121.457,
              -2.395
            ],
            [
              121.445,
              -2.395
            ],
            [
              121.445,
              -2.407
            ]
          ]
        ]
      }
    },
    {
      "type": "Feature",
      "properties": {
        "grid_id": "SOR387",
        "site": "sorowako",
        "location_label": "Sorowako Nuha North Inland Mountain Ridge - Sulawesi Selatan greenfield nickel laterite",
        "lithology": "mafic_volcanic_simulated",
        "slope_deg": 20.6,
        "distance_to_river_m": 3012,
        "distance_to_road_m": 3722,
        "distance_to_settlement_m": 9523,
        "legal_status": "allowed",
        "distance_to_smelter_km": 62.3,
        "area_ha": 1.77,
        "region_id": "NW",
        "fe_oxide_index": 1.333,
        "clay_index": 1.462,
        "ndvi_stress_index": 0.683,
        "tmi_structural_nT": 44448.7,
        "tmi_anomaly_nT": -551.3,
        "elevation_mdpl": 678.6,
        "geochem_assay_ratio": 5.25
      },
      "geometry": {
        "type": "Polygon",
        "coordinates": [
          [
            [
              121.457,
              -2.407
            ],
            [
              121.469,
              -2.407
            ],
            [
              121.469,
              -2.395
            ],
            [
              121.457,
              -2.395
            ],
            [
              121.457,
              -2.407
            ]
          ]
        ]
      }
    },
    {
      "type": "Feature",
      "properties": {
        "grid_id": "SOR388",
        "site": "sorowako",
        "location_label": "Sorowako Nuha North Inland Mountain Ridge - Sulawesi Selatan greenfield nickel laterite",
        "lithology": "serpentinite_simulated",
        "slope_deg": 19.5,
        "distance_to_river_m": 2749,
        "distance_to_road_m": 2644,
        "distance_to_settlement_m": 8891,
        "legal_status": "allowed",
        "distance_to_smelter_km": 61.0,
        "area_ha": 1.77,
        "region_id": "NW",
        "fe_oxide_index": 2.185,
        "clay_index": 2.194,
        "ndvi_stress_index": 0.185,
        "tmi_structural_nT": 45625.2,
        "tmi_anomaly_nT": 625.2,
        "elevation_mdpl": 689.4,
        "geochem_assay_ratio": 2.54
      },
      "geometry": {
        "type": "Polygon",
        "coordinates": [
          [
            [
              121.469,
              -2.407
            ],
            [
              121.481,
              -2.407
            ],
            [
              121.481,
              -2.395
            ],
            [
              121.469,
              -2.395
            ],
            [
              121.469,
              -2.407
            ]
          ]
        ]
      }
    },
    {
      "type": "Feature",
      "properties": {
        "grid_id": "SOR389",
        "site": "sorowako",
        "location_label": "Sorowako Nuha North Inland Mountain Ridge - Sulawesi Selatan greenfield nickel laterite",
        "lithology": "serpentinite_simulated",
        "slope_deg": 20.7,
        "distance_to_river_m": 822,
        "distance_to_road_m": 3566,
        "distance_to_settlement_m": 10156,
        "legal_status": "allowed",
        "distance_to_smelter_km": 60.1,
        "area_ha": 1.77,
        "region_id": "NW",
        "fe_oxide_index": 1.94,
        "clay_index": 2.196,
        "ndvi_stress_index": 0.183,
        "tmi_structural_nT": 45160.0,
        "tmi_anomaly_nT": 160.0,
        "elevation_mdpl": 698.8,
        "geochem_assay_ratio": 1.6
      },
      "geometry": {
        "type": "Polygon",
        "coordinates": [
          [
            [
              121.481,
              -2.407
            ],
            [
              121.493,
              -2.407
            ],
            [
              121.493,
              -2.395
            ],
            [
              121.481,
              -2.395
            ],
            [
              121.481,
              -2.407
            ]
          ]
        ]
      }
    },
    {
      "type": "Feature",
      "properties": {
        "grid_id": "SOR390",
        "site": "sorowako",
        "location_label": "Sorowako Nuha North Inland Mountain Ridge - Sulawesi Selatan greenfield nickel laterite",
        "lithology": "peridotite_simulated",
        "slope_deg": 22.9,
        "distance_to_river_m": 1933,
        "distance_to_road_m": 2735,
        "distance_to_settlement_m": 12288,
        "legal_status": "allowed",
        "distance_to_smelter_km": 59.6,
        "area_ha": 1.77,
        "region_id": "NW",
        "fe_oxide_index": 2.037,
        "clay_index": 1.823,
        "ndvi_stress_index": 0.194,
        "tmi_structural_nT": 45531.9,
        "tmi_anomaly_nT": 531.9,
        "elevation_mdpl": 707.1,
        "geochem_assay_ratio": 2.81
      },
      "geometry": {
        "type": "Polygon",
        "coordinates": [
          [
            [
              121.493,
              -2.407
            ],
            [
              121.505,
              -2.407
            ],
            [
              121.505,
              -2.395
            ],
            [
              121.493,
              -2.395
            ],
            [
              121.493,
              -2.407
            ]
          ]
        ]
      }
    },
    {
      "type": "Feature",
      "properties": {
        "grid_id": "SOR391",
        "site": "sorowako",
        "location_label": "Sorowako Nuha North Inland Mountain Ridge - Sulawesi Selatan greenfield nickel laterite",
        "lithology": "mafic_volcanic_simulated",
        "slope_deg": 13.6,
        "distance_to_river_m": 2153,
        "distance_to_road_m": 3348,
        "distance_to_settlement_m": 8326,
        "legal_status": "allowed",
        "distance_to_smelter_km": 59.6,
        "area_ha": 1.77,
        "region_id": "NE",
        "fe_oxide_index": 1.65,
        "clay_index": 1.152,
        "ndvi_stress_index": 0.65,
        "tmi_structural_nT": 44727.1,
        "tmi_anomaly_nT": -272.9,
        "elevation_mdpl": 650.8,
        "geochem_assay_ratio": 5.87
      },
      "geometry": {
        "type": "Polygon",
        "coordinates": [
          [
            [
              121.505,
              -2.407
            ],
            [
              121.517,
              -2.407
            ],
            [
              121.517,
              -2.395
            ],
            [
              121.505,
              -2.395
            ],
            [
              121.505,
              -2.407
            ]
          ]
        ]
      }
    },
    {
      "type": "Feature",
      "properties": {
        "grid_id": "SOR392",
        "site": "sorowako",
        "location_label": "Sorowako Nuha North Inland Mountain Ridge - Sulawesi Selatan greenfield nickel laterite",
        "lithology": "serpentinite_simulated",
        "slope_deg": 17.6,
        "distance_to_river_m": 1194,
        "distance_to_road_m": 6029,
        "distance_to_settlement_m": 13979,
        "legal_status": "allowed",
        "distance_to_smelter_km": 60.1,
        "area_ha": 1.77,
        "region_id": "NE",
        "fe_oxide_index": 2.122,
        "clay_index": 2.302,
        "ndvi_stress_index": 0.304,
        "tmi_structural_nT": 45511.5,
        "tmi_anomaly_nT": 511.5,
        "elevation_mdpl": 646.4,
        "geochem_assay_ratio": 2.16
      },
      "geometry": {
        "type": "Polygon",
        "coordinates": [
          [
            [
              121.517,
              -2.407
            ],
            [
              121.529,
              -2.407
            ],
            [
              121.529,
              -2.395
            ],
            [
              121.517,
              -2.395
            ],
            [
              121.517,
              -2.407
            ]
          ]
        ]
      }
    },
    {
      "type": "Feature",
      "properties": {
        "grid_id": "SOR393",
        "site": "sorowako",
        "location_label": "Sorowako Nuha North Inland Mountain Ridge - Sulawesi Selatan greenfield nickel laterite",
        "lithology": "peridotite_simulated",
        "slope_deg": 14.7,
        "distance_to_river_m": 1694,
        "distance_to_road_m": 2854,
        "distance_to_settlement_m": 10250,
        "legal_status": "allowed",
        "distance_to_smelter_km": 61.0,
        "area_ha": 1.77,
        "region_id": "NE",
        "fe_oxide_index": 2.436,
        "clay_index": 1.815,
        "ndvi_stress_index": 0.412,
        "tmi_structural_nT": 45913.1,
        "tmi_anomaly_nT": 913.1,
        "elevation_mdpl": 718.4,
        "geochem_assay_ratio": 1.41
      },
      "geometry": {
        "type": "Polygon",
        "coordinates": [
          [
            [
              121.529,
              -2.407
            ],
            [
              121.541,
              -2.407
            ],
            [
              121.541,
              -2.395
            ],
            [
              121.529,
              -2.395
            ],
            [
              121.529,
              -2.407
            ]
          ]
        ]
      }
    },
    {
      "type": "Feature",
      "properties": {
        "grid_id": "SOR394",
        "site": "sorowako",
        "location_label": "Sorowako Nuha North Inland Mountain Ridge - Sulawesi Selatan greenfield nickel laterite",
        "lithology": "serpentinite_simulated",
        "slope_deg": 18.0,
        "distance_to_river_m": 1064,
        "distance_to_road_m": 5419,
        "distance_to_settlement_m": 14183,
        "legal_status": "allowed",
        "distance_to_smelter_km": 62.3,
        "area_ha": 1.77,
        "region_id": "NE",
        "fe_oxide_index": 2.736,
        "clay_index": 2.082,
        "ndvi_stress_index": 0.182,
        "tmi_structural_nT": 45437.6,
        "tmi_anomaly_nT": 437.6,
        "elevation_mdpl": 682.4,
        "geochem_assay_ratio": 1.9
      },
      "geometry": {
        "type": "Polygon",
        "coordinates": [
          [
            [
              121.541,
              -2.407
            ],
            [
              121.553,
              -2.407
            ],
            [
              121.553,
              -2.395
            ],
            [
              121.541,
              -2.395
            ],
            [
              121.541,
              -2.407
            ]
          ]
        ]
      }
    },
    {
      "type": "Feature",
      "properties": {
        "grid_id": "SOR395",
        "site": "sorowako",
        "location_label": "Sorowako Nuha North Inland Mountain Ridge - Sulawesi Selatan greenfield nickel laterite",
        "lithology": "serpentinite_simulated",
        "slope_deg": 21.3,
        "distance_to_river_m": 925,
        "distance_to_road_m": 3798,
        "distance_to_settlement_m": 5822,
        "legal_status": "allowed",
        "distance_to_smelter_km": 64.0,
        "area_ha": 1.77,
        "region_id": "NE",
        "fe_oxide_index": 1.913,
        "clay_index": 1.803,
        "ndvi_stress_index": 0.254,
        "tmi_structural_nT": 45679.6,
        "tmi_anomaly_nT": 679.6,
        "elevation_mdpl": 680.0,
        "geochem_assay_ratio": 2.1
      },
      "geometry": {
        "type": "Polygon",
        "coordinates": [
          [
            [
              121.553,
              -2.407
            ],
            [
              121.565,
              -2.407
            ],
            [
              121.565,
              -2.395
            ],
            [
              121.553,
              -2.395
            ],
            [
              121.553,
              -2.407
            ]
          ]
        ]
      }
    },
    {
      "type": "Feature",
      "properties": {
        "grid_id": "SOR396",
        "site": "sorowako",
        "location_label": "Sorowako Nuha North Inland Mountain Ridge - Sulawesi Selatan greenfield nickel laterite",
        "lithology": "ultramafic_simulated",
        "slope_deg": 18.6,
        "distance_to_river_m": 2321,
        "distance_to_road_m": 3388,
        "distance_to_settlement_m": 12669,
        "legal_status": "allowed",
        "distance_to_smelter_km": 66.0,
        "area_ha": 1.77,
        "region_id": "NE",
        "fe_oxide_index": 2.225,
        "clay_index": 1.811,
        "ndvi_stress_index": 0.25,
        "tmi_structural_nT": 45330.9,
        "tmi_anomaly_nT": 330.9,
        "elevation_mdpl": 680.0,
        "geochem_assay_ratio": 2.25
      },
      "geometry": {
        "type": "Polygon",
        "coordinates": [
          [
            [
              121.565,
              -2.407
            ],
            [
              121.577,
              -2.407
            ],
            [
              121.577,
              -2.395
            ],
            [
              121.565,
              -2.395
            ],
            [
              121.565,
              -2.407
            ]
          ]
        ]
      }
    },
    {
      "type": "Feature",
      "properties": {
        "grid_id": "SOR397",
        "site": "sorowako",
        "location_label": "Sorowako Nuha North Inland Mountain Ridge - Sulawesi Selatan greenfield nickel laterite",
        "lithology": "peridotite_simulated",
        "slope_deg": 20.9,
        "distance_to_river_m": 2750,
        "distance_to_road_m": 6396,
        "distance_to_settlement_m": 8010,
        "legal_status": "allowed",
        "distance_to_smelter_km": 68.4,
        "area_ha": 1.77,
        "region_id": "NE",
        "fe_oxide_index": 2.762,
        "clay_index": 1.679,
        "ndvi_stress_index": 0.347,
        "tmi_structural_nT": 45150.1,
        "tmi_anomaly_nT": 150.1,
        "elevation_mdpl": 627.9,
        "geochem_assay_ratio": 3.08
      },
      "geometry": {
        "type": "Polygon",
        "coordinates": [
          [
            [
              121.577,
              -2.407
            ],
            [
              121.589,
              -2.407
            ],
            [
              121.589,
              -2.395
            ],
            [
              121.577,
              -2.395
            ],
            [
              121.577,
              -2.407
            ]
          ]
        ]
      }
    },
    {
      "type": "Feature",
      "properties": {
        "grid_id": "SOR398",
        "site": "sorowako",
        "location_label": "Sorowako Nuha North Inland Mountain Ridge - Sulawesi Selatan greenfield nickel laterite",
        "lithology": "serpentinite_simulated",
        "slope_deg": 19.8,
        "distance_to_river_m": 477,
        "distance_to_road_m": 2008,
        "distance_to_settlement_m": 12990,
        "legal_status": "allowed",
        "distance_to_smelter_km": 71.0,
        "area_ha": 1.77,
        "region_id": "NE",
        "fe_oxide_index": 2.286,
        "clay_index": 2.247,
        "ndvi_stress_index": 0.354,
        "tmi_structural_nT": 45252.7,
        "tmi_anomaly_nT": 252.7,
        "elevation_mdpl": 713.2,
        "geochem_assay_ratio": 1.84
      },
      "geometry": {
        "type": "Polygon",
        "coordinates": [
          [
            [
              121.589,
              -2.407
            ],
            [
              121.601,
              -2.407
            ],
            [
              121.601,
              -2.395
            ],
            [
              121.589,
              -2.395
            ],
            [
              121.589,
              -2.407
            ]
          ]
        ]
      }
    },
    {
      "type": "Feature",
      "properties": {
        "grid_id": "SOR399",
        "site": "sorowako",
        "location_label": "Sorowako Nuha North Inland Mountain Ridge - Sulawesi Selatan greenfield nickel laterite",
        "lithology": "serpentinite_simulated",
        "slope_deg": 16.2,
        "distance_to_river_m": 282,
        "distance_to_road_m": 3804,
        "distance_to_settlement_m": 12787,
        "legal_status": "allowed",
        "distance_to_smelter_km": 73.8,
        "area_ha": 1.77,
        "region_id": "NE",
        "fe_oxide_index": 2.369,
        "clay_index": 1.943,
        "ndvi_stress_index": 0.306,
        "tmi_structural_nT": 46062.1,
        "tmi_anomaly_nT": 1062.1,
        "elevation_mdpl": 714.3,
        "geochem_assay_ratio": 2.04
      },
      "geometry": {
        "type": "Polygon",
        "coordinates": [
          [
            [
              121.601,
              -2.407
            ],
            [
              121.613,
              -2.407
            ],
            [
              121.613,
              -2.395
            ],
            [
              121.601,
              -2.395
            ],
            [
              121.601,
              -2.407
            ]
          ]
        ]
      }
    },
    {
      "type": "Feature",
      "properties": {
        "grid_id": "SOR400",
        "site": "sorowako",
        "location_label": "Sorowako Nuha North Inland Mountain Ridge - Sulawesi Selatan greenfield nickel laterite",
        "lithology": "peridotite_simulated",
        "slope_deg": 13.6,
        "distance_to_river_m": 2806,
        "distance_to_road_m": 5453,
        "distance_to_settlement_m": 12241,
        "legal_status": "allowed",
        "distance_to_smelter_km": 76.8,
        "area_ha": 1.77,
        "region_id": "NE",
        "fe_oxide_index": 2.057,
        "clay_index": 1.614,
        "ndvi_stress_index": 0.234,
        "tmi_structural_nT": 45539.0,
        "tmi_anomaly_nT": 539.0,
        "elevation_mdpl": 668.7,
        "geochem_assay_ratio": 2.24
      },
      "geometry": {
        "type": "Polygon",
        "coordinates": [
          [
            [
              121.613,
              -2.407
            ],
            [
              121.625,
              -2.407
            ],
            [
              121.625,
              -2.395
            ],
            [
              121.613,
              -2.395
            ],
            [
              121.613,
              -2.407
            ]
          ]
        ]
      }
    }
  ]
}