{
  "type": "FeatureCollection",
  "name": "study_grid_morowali",
  "features": [
    {
      "type": "Feature",
      "properties": {
        "grid_id": "MOR001",
        "site": "morowali",
        "location_label": "Morowali Central Ultramafic Belt (IMIP Block) - Sulawesi Tengah nickel laterite",
        "lithology": "serpentinite_simulated",
        "slope_deg": 8.4,
        "distance_to_river_m": 1799,
        "distance_to_road_m": 1596,
        "legal_status": "allowed",
        "distance_to_smelter_km": 70.8,
        "area_ha": 0.79,
        "region_id": "SW",
        "fe_oxide_index": 2.25,
        "clay_index": 2.101,
        "ndvi_stress_index": 0.295,
        "tmi_structural_nT": 45714.8,
        "tmi_anomaly_nT": 714.8,
        "elevation_mdpl": 184.2,
        "geochem_assay_ratio": 2.28
      },
      "geometry": {
        "type": "Polygon",
        "coordinates": [
          [
            [
              121.79,
              -2.93
            ],
            [
              121.798,
              -2.93
            ],
            [
              121.798,
              -2.922
            ],
            [
              121.79,
              -2.922
            ],
            [
              121.79,
              -2.93
            ]
          ]
        ]
      }
    },
    {
      "type": "Feature",
      "properties": {
        "grid_id": "MOR002",
        "site": "morowali",
        "location_label": "Morowali Central Ultramafic Belt (IMIP Block) - Sulawesi Tengah nickel laterite",
        "lithology": "ultramafic_simulated",
        "slope_deg": 14.1,
        "distance_to_river_m": 1235,
        "distance_to_road_m": 3459,
        "legal_status": "allowed",
        "distance_to_smelter_km": 67.8,
        "area_ha": 0.79,
        "region_id": "SW",
        "fe_oxide_index": 2.616,
        "clay_index": 2.326,
        "ndvi_stress_index": 0.232,
        "tmi_structural_nT": 45510.6,
        "tmi_anomaly_nT": 510.6,
        "elevation_mdpl": 181.0,
        "geochem_assay_ratio": 1.63
      },
      "geometry": {
        "type": "Polygon",
        "coordinates": [
          [
            [
              121.798,
              -2.93
            ],
            [
              121.806,
              -2.93
            ],
            [
              121.806,
              -2.922
            ],
            [
              121.798,
              -2.922
            ],
            [
              121.798,
              -2.93
            ]
          ]
        ]
      }
    },
    {
      "type": "Feature",
      "properties": {
        "grid_id": "MOR003",
        "site": "morowali",
        "location_label": "Morowali Central Ultramafic Belt (IMIP Block) - Sulawesi Tengah nickel laterite",
        "lithology": "ultramafic_simulated",
        "slope_deg": 6.2,
        "distance_to_river_m": 1308,
        "distance_to_road_m": 374,
        "legal_status": "allowed",
        "distance_to_smelter_km": 65.0,
        "area_ha": 0.79,
        "region_id": "SW",
        "fe_oxide_index": 2.751,
        "clay_index": 2.257,
        "ndvi_stress_index": 0.191,
        "tmi_structural_nT": 45282.7,
        "tmi_anomaly_nT": 282.7,
        "elevation_mdpl": 214.0,
        "geochem_assay_ratio": 2.63
      },
      "geometry": {
        "type": "Polygon",
        "coordinates": [
          [
            [
              121.806,
              -2.93
            ],
            [
              121.814,
              -2.93
            ],
            [
              121.814,
              -2.922
            ],
            [
              121.806,
              -2.922
            ],
            [
              121.806,
              -2.93
            ]
          ]
        ]
      }
    },
    {
      "type": "Feature",
      "properties": {
        "grid_id": "MOR004",
        "site": "morowali",
        "location_label": "Morowali Central Ultramafic Belt (IMIP Block) - Sulawesi Tengah nickel laterite",
        "lithology": "peridotite_simulated",
        "slope_deg": 4.7,
        "distance_to_river_m": 790,
        "distance_to_road_m": 4287,
        "legal_status": "allowed",
        "distance_to_smelter_km": 62.4,
        "area_ha": 0.79,
        "region_id": "SW",
        "fe_oxide_index": 2.765,
        "clay_index": 2.371,
        "ndvi_stress_index": 0.39,
        "tmi_structural_nT": 45221.0,
        "tmi_anomaly_nT": 221.0,
        "elevation_mdpl": 196.2,
        "geochem_assay_ratio": 2.43
      },
      "geometry": {
        "type": "Polygon",
        "coordinates": [
          [
            [
              121.814,
              -2.93
            ],
            [
              121.822,
              -2.93
            ],
            [
              121.822,
              -2.922
            ],
            [
              121.814,
              -2.922
            ],
            [
              121.814,
              -2.93
            ]
          ]
        ]
      }
    },
    {
      "type": "Feature",
      "properties": {
        "grid_id": "MOR005",
        "site": "morowali",
        "location_label": "Morowali Central Ultramafic Belt (IMIP Block) - Sulawesi Tengah nickel laterite",
        "lithology": "mafic_volcanic_simulated",
        "slope_deg": 5.5,
        "distance_to_river_m": 2316,
        "distance_to_road_m": 3921,
        "legal_status": "allowed",
        "distance_to_smelter_km": 60.0,
        "area_ha": 0.79,
        "region_id": "SW",
        "fe_oxide_index": 1.385,
        "clay_index": 1.239,
        "ndvi_stress_index": 0.528,
        "tmi_structural_nT": 44787.9,
        "tmi_anomaly_nT": -212.1,
        "elevation_mdpl": 243.3,
        "geochem_assay_ratio": 4.85
      },
      "geometry": {
        "type": "Polygon",
        "coordinates": [
          [
            [
              121.822,
              -2.93
            ],
            [
              121.83,
              -2.93
            ],
            [
              121.83,
              -2.922
            ],
            [
              121.822,
              -2.922
            ],
            [
              121.822,
              -2.93
            ]
          ]
        ]
      }
    },
    {
      "type": "Feature",
      "properties": {
        "grid_id": "MOR006",
        "site": "morowali",
        "location_label": "Morowali Central Ultramafic Belt (IMIP Block) - Sulawesi Tengah nickel laterite",
        "lithology": "ultramafic_simulated",
        "slope_deg": 4.3,
        "distance_to_river_m": 1738,
        "distance_to_road_m": 4213,
        "legal_status": "allowed",
        "distance_to_smelter_km": 58.0,
        "area_ha": 0.79,
        "region_id": "SW",
        "fe_oxide_index": 2.71,
        "clay_index": 2.236,
        "ndvi_stress_index": 0.211,
        "tmi_structural_nT": 45714.9,
        "tmi_anomaly_nT": 714.9,
        "elevation_mdpl": 259.0,
        "geochem_assay_ratio": 3.0
      },
      "geometry": {
        "type": "Polygon",
        "coordinates": [
          [
            [
              121.83,
              -2.93
            ],
            [
              121.838,
              -2.93
            ],
            [
              121.838,
              -2.922
            ],
            [
              121.83,
              -2.922
            ],
            [
              121.83,
              -2.93
            ]
          ]
        ]
      }
    },
    {
      "type": "Feature",
      "properties": {
        "grid_id": "MOR007",
        "site": "morowali",
        "location_label": "Morowali Central Ultramafic Belt (IMIP Block) - Sulawesi Tengah nickel laterite",
        "lithology": "serpentinite_simulated",
        "slope_deg": 14.4,
        "distance_to_river_m": 1367,
        "distance_to_road_m": 1952,
        "legal_status": "allowed",
        "distance_to_smelter_km": 56.3,
        "area_ha": 0.79,
        "region_id": "SW",
        "fe_oxide_index": 2.53,
        "clay_index": 2.385,
        "ndvi_stress_index": 0.325,
        "tmi_structural_nT": 45761.0,
        "tmi_anomaly_nT": 761.0,
        "elevation_mdpl": 237.4,
        "geochem_assay_ratio": 2.24
      },
      "geometry": {
        "type": "Polygon",
        "coordinates": [
          [
            [
              121.838,
              -2.93
            ],
            [
              121.846,
              -2.93
            ],
            [
              121.846,
              -2.922
            ],
            [
              121.838,
              -2.922
            ],
            [
              121.838,
              -2.93
            ]
          ]
        ]
      }
    },
    {
      "type": "Feature",
      "properties": {
        "grid_id": "MOR008",
        "site": "morowali",
        "location_label": "Morowali Central Ultramafic Belt (IMIP Block) - Sulawesi Tengah nickel laterite",
        "lithology": "ultramafic_simulated",
        "slope_deg": 12.5,
        "distance_to_river_m": 2246,
        "distance_to_road_m": 928,
        "legal_status": "allowed",
        "distance_to_smelter_km": 55.0,
        "area_ha": 0.79,
        "region_id": "SW",
        "fe_oxide_index": 2.521,
        "clay_index": 1.907,
        "ndvi_stress_index": 0.31,
        "tmi_structural_nT": 45421.1,
        "tmi_anomaly_nT": 421.1,
        "elevation_mdpl": 259.8,
        "geochem_assay_ratio": 2.45
      },
      "geometry": {
        "type": "Polygon",
        "coordinates": [
          [
            [
              121.846,
              -2.93
            ],
            [
              121.854,
              -2.93
            ],
            [
              121.854,
              -2.922
            ],
            [
              121.846,
              -2.922
            ],
            [
              121.846,
              -2.93
            ]
          ]
        ]
      }
    },
    {
      "type": "Feature",
      "properties": {
        "grid_id": "MOR009",
        "site": "morowali",
        "location_label": "Morowali Central Ultramafic Belt (IMIP Block) - Sulawesi Tengah nickel laterite",
        "lithology": "serpentinite_simulated",
        "slope_deg": 6.1,
        "distance_to_river_m": 2347,
        "distance_to_road_m": 4200,
        "legal_status": "allowed",
        "distance_to_smelter_km": 54.1,
        "area_ha": 0.79,
        "region_id": "SW",
        "fe_oxide_index": 2.396,
        "clay_index": 1.769,
        "ndvi_stress_index": 0.192,
        "tmi_structural_nT": 45527.7,
        "tmi_anomaly_nT": 527.7,
        "elevation_mdpl": 278.2,
        "geochem_assay_ratio": 2.47
      },
      "geometry": {
        "type": "Polygon",
        "coordinates": [
          [
            [
              121.854,
              -2.93
            ],
            [
              121.862,
              -2.93
            ],
            [
              121.862,
              -2.922
            ],
            [
              121.854,
              -2.922
            ],
            [
              121.854,
              -2.93
            ]
          ]
        ]
      }
    },
    {
      "type": "Feature",
      "properties": {
        "grid_id": "MOR010",
        "site": "morowali",
        "location_label": "Morowali Central Ultramafic Belt (IMIP Block) - Sulawesi Tengah nickel laterite",
        "lithology": "peridotite_simulated",
        "slope_deg": 6.5,
        "distance_to_river_m": 1614,
        "distance_to_road_m": 2718,
        "legal_status": "allowed",
        "distance_to_smelter_km": 53.6,
        "area_ha": 0.79,
        "region_id": "SW",
        "fe_oxide_index": 2.683,
        "clay_index": 1.729,
        "ndvi_stress_index": 0.313,
        "tmi_structural_nT": 45416.7,
        "tmi_anomaly_nT": 416.7,
        "elevation_mdpl": 202.0,
        "geochem_assay_ratio": 2.85
      },
      "geometry": {
        "type": "Polygon",
        "coordinates": [
          [
            [
              121.862,
              -2.93
            ],
            [
              121.87,
              -2.93
            ],
            [
              121.87,
              -2.922
            ],
            [
              121.862,
              -2.922
            ],
            [
              121.862,
              -2.93
            ]
          ]
        ]
      }
    },
    {
      "type": "Feature",
      "properties": {
        "grid_id": "MOR011",
        "site": "morowali",
        "location_label": "Morowali Central Ultramafic Belt (IMIP Block) - Sulawesi Tengah nickel laterite",
        "lithology": "peridotite_simulated",
        "slope_deg": 6.3,
        "distance_to_river_m": 413,
        "distance_to_road_m": 690,
        "legal_status": "allowed",
        "distance_to_smelter_km": 53.6,
        "area_ha": 0.79,
        "region_id": "SE",
        "fe_oxide_index": 2.576,
        "clay_index": 1.927,
        "ndvi_stress_index": 0.328,
        "tmi_structural_nT": 45480.2,
        "tmi_anomaly_nT": 480.2,
        "elevation_mdpl": 234.1,
        "geochem_assay_ratio": 1.89
      },
      "geometry": {
        "type": "Polygon",
        "coordinates": [
          [
            [
              121.87,
              -2.93
            ],
            [
              121.878,
              -2.93
            ],
            [
              121.878,
              -2.922
            ],
            [
              121.87,
              -2.922
            ],
            [
              121.87,
              -2.93
            ]
          ]
        ]
      }
    },
    {
      "type": "Feature",
      "properties": {
        "grid_id": "MOR012",
        "site": "morowali",
        "location_label": "Morowali Central Ultramafic Belt (IMIP Block) - Sulawesi Tengah nickel laterite",
        "lithology": "peridotite_simulated",
        "slope_deg": 9.2,
        "distance_to_river_m": 236,
        "distance_to_road_m": 4231,
        "legal_status": "allowed",
        "distance_to_smelter_km": 54.1,
        "area_ha": 0.79,
        "region_id": "SE",
        "fe_oxide_index": 2.275,
        "clay_index": 2.28,
        "ndvi_stress_index": 0.273,
        "tmi_structural_nT": 45445.2,
        "tmi_anomaly_nT": 445.2,
        "elevation_mdpl": 218.1,
        "geochem_assay_ratio": 2.28
      },
      "geometry": {
        "type": "Polygon",
        "coordinates": [
          [
            [
              121.878,
              -2.93
            ],
            [
              121.886,
              -2.93
            ],
            [
              121.886,
              -2.922
            ],
            [
              121.878,
              -2.922
            ],
            [
              121.878,
              -2.93
            ]
          ]
        ]
      }
    },
    {
      "type": "Feature",
      "properties": {
        "grid_id": "MOR013",
        "site": "morowali",
        "location_label": "Morowali Central Ultramafic Belt (IMIP Block) - Sulawesi Tengah nickel laterite",
        "lithology": "serpentinite_simulated",
        "slope_deg": 4.9,
        "distance_to_river_m": 2342,
        "distance_to_road_m": 2230,
        "legal_status": "allowed",
        "distance_to_smelter_km": 55.0,
        "area_ha": 0.79,
        "region_id": "SE",
        "fe_oxide_index": 2.092,
        "clay_index": 2.379,
        "ndvi_stress_index": 0.235,
        "tmi_structural_nT": 45411.6,
        "tmi_anomaly_nT": 411.6,
        "elevation_mdpl": 232.1,
        "geochem_assay_ratio": 1.82
      },
      "geometry": {
        "type": "Polygon",
        "coordinates": [
          [
            [
              121.886,
              -2.93
            ],
            [
              121.894,
              -2.93
            ],
            [
              121.894,
              -2.922
            ],
            [
              121.886,
              -2.922
            ],
            [
              121.886,
              -2.93
            ]
          ]
        ]
      }
    },
    {
      "type": "Feature",
      "properties": {
        "grid_id": "MOR014",
        "site": "morowali",
        "location_label": "Morowali Central Ultramafic Belt (IMIP Block) - Sulawesi Tengah nickel laterite",
        "lithology": "ultramafic_simulated",
        "slope_deg": 5.7,
        "distance_to_river_m": 2343,
        "distance_to_road_m": 1369,
        "legal_status": "allowed",
        "distance_to_smelter_km": 56.3,
        "area_ha": 0.79,
        "region_id": "SE",
        "fe_oxide_index": 1.822,
        "clay_index": 2.029,
        "ndvi_stress_index": 0.194,
        "tmi_structural_nT": 45234.9,
        "tmi_anomaly_nT": 234.9,
        "elevation_mdpl": 184.8,
        "geochem_assay_ratio": 1.68
      },
      "geometry": {
        "type": "Polygon",
        "coordinates": [
          [
            [
              121.894,
              -2.93
            ],
            [
              121.902,
              -2.93
            ],
            [
              121.902,
              -2.922
            ],
            [
              121.894,
              -2.922
            ],
            [
              121.894,
              -2.93
            ]
          ]
        ]
      }
    },
    {
      "type": "Feature",
      "properties": {
        "grid_id": "MOR015",
        "site": "morowali",
        "location_label": "Morowali Central Ultramafic Belt (IMIP Block) - Sulawesi Tengah nickel laterite",
        "lithology": "alluvium",
        "slope_deg": 14.4,
        "distance_to_river_m": 1001,
        "distance_to_road_m": 2863,
        "legal_status": "allowed",
        "distance_to_smelter_km": 58.0,
        "area_ha": 0.79,
        "region_id": "SE",
        "fe_oxide_index": 1.551,
        "clay_index": 1.262,
        "ndvi_stress_index": 0.614,
        "tmi_structural_nT": 44903.2,
        "tmi_anomaly_nT": -96.8,
        "elevation_mdpl": 230.0,
        "geochem_assay_ratio": 5.51
      },
      "geometry": {
        "type": "Polygon",
        "coordinates": [
          [
            [
              121.902,
              -2.93
            ],
            [
              121.91,
              -2.93
            ],
            [
              121.91,
              -2.922
            ],
            [
              121.902,
              -2.922
            ],
            [
              121.902,
              -2.93
            ]
          ]
        ]
      }
    },
    {
      "type": "Feature",
      "properties": {
        "grid_id": "MOR016",
        "site": "morowali",
        "location_label": "Morowali Central Ultramafic Belt (IMIP Block) - Sulawesi Tengah nickel laterite",
        "lithology": "serpentinite_simulated",
        "slope_deg": 6.7,
        "distance_to_river_m": 218,
        "distance_to_road_m": 1292,
        "legal_status": "allowed",
        "distance_to_smelter_km": 60.0,
        "area_ha": 0.79,
        "region_id": "SE",
        "fe_oxide_index": 2.29,
        "clay_index": 1.995,
        "ndvi_stress_index": 0.392,
        "tmi_structural_nT": 45563.3,
        "tmi_anomaly_nT": 563.3,
        "elevation_mdpl": 221.6,
        "geochem_assay_ratio": 1.49
      },
      "geometry": {
        "type": "Polygon",
        "coordinates": [
          [
            [
              121.91,
              -2.93
            ],
            [
              121.918,
              -2.93
            ],
            [
              121.918,
              -2.922
            ],
            [
              121.91,
              -2.922
            ],
            [
              121.91,
              -2.93
            ]
          ]
        ]
      }
    },
    {
      "type": "Feature",
      "properties": {
        "grid_id": "MOR017",
        "site": "morowali",
        "location_label": "Morowali Central Ultramafic Belt (IMIP Block) - Sulawesi Tengah nickel laterite",
        "lithology": "serpentinite_simulated",
        "slope_deg": 11.8,
        "distance_to_river_m": 805,
        "distance_to_road_m": 452,
        "legal_status": "allowed",
        "distance_to_smelter_km": 62.4,
        "area_ha": 0.79,
        "region_id": "SE",
        "fe_oxide_index": 1.825,
        "clay_index": 1.943,
        "ndvi_stress_index": 0.372,
        "tmi_structural_nT": 45560.3,
        "tmi_anomaly_nT": 560.3,
        "elevation_mdpl": 242.2,
        "geochem_assay_ratio": 1.91
      },
      "geometry": {
        "type": "Polygon",
        "coordinates": [
          [
            [
              121.918,
              -2.93
            ],
            [
              121.926,
              -2.93
            ],
            [
              121.926,
              -2.922
            ],
            [
              121.918,
              -2.922
            ],
            [
              121.918,
              -2.93
            ]
          ]
        ]
      }
    },
    {
      "type": "Feature",
      "properties": {
        "grid_id": "MOR018",
        "site": "morowali",
        "location_label": "Morowali Central Ultramafic Belt (IMIP Block) - Sulawesi Tengah nickel laterite",
        "lithology": "peridotite_simulated",
        "slope_deg": 8.3,
        "distance_to_river_m": 277,
        "distance_to_road_m": 1607,
        "legal_status": "allowed",
        "distance_to_smelter_km": 65.0,
        "area_ha": 0.79,
        "region_id": "SE",
        "fe_oxide_index": 2.667,
        "clay_index": 1.729,
        "ndvi_stress_index": 0.311,
        "tmi_structural_nT": 45355.1,
        "tmi_anomaly_nT": 355.1,
        "elevation_mdpl": 271.6,
        "geochem_assay_ratio": 1.4
      },
      "geometry": {
        "type": "Polygon",
        "coordinates": [
          [
            [
              121.926,
              -2.93
            ],
            [
              121.934,
              -2.93
            ],
            [
              121.934,
              -2.922
            ],
            [
              121.926,
              -2.922
            ],
            [
              121.926,
              -2.93
            ]
          ]
        ]
      }
    },
    {
      "type": "Feature",
      "properties": {
        "grid_id": "MOR019",
        "site": "morowali",
        "location_label": "Morowali Central Ultramafic Belt (IMIP Block) - Sulawesi Tengah nickel laterite",
        "lithology": "ultramafic_simulated",
        "slope_deg": 9.8,
        "distance_to_river_m": 1729,
        "distance_to_road_m": 3817,
        "legal_status": "allowed",
        "distance_to_smelter_km": 67.8,
        "area_ha": 0.79,
        "region_id": "SE",
        "fe_oxide_index": 2.646,
        "clay_index": 2.262,
        "ndvi_stress_index": 0.239,
        "tmi_structural_nT": 45914.9,
        "tmi_anomaly_nT": 914.9,
        "elevation_mdpl": 223.4,
        "geochem_assay_ratio": 1.89
      },
      "geometry": {
        "type": "Polygon",
        "coordinates": [
          [
            [
              121.934,
              -2.93
            ],
            [
              121.942,
              -2.93
            ],
            [
              121.942,
              -2.922
            ],
            [
              121.934,
              -2.922
            ],
            [
              121.934,
              -2.93
            ]
          ]
        ]
      }
    },
    {
      "type": "Feature",
      "properties": {
        "grid_id": "MOR020",
        "site": "morowali",
        "location_label": "Morowali Central Ultramafic Belt (IMIP Block) - Sulawesi Tengah nickel laterite",
        "lithology": "serpentinite_simulated",
        "slope_deg": 5.8,
        "distance_to_river_m": 1296,
        "distance_to_road_m": 4203,
        "legal_status": "allowed",
        "distance_to_smelter_km": 70.8,
        "area_ha": 0.79,
        "region_id": "SE",
        "fe_oxide_index": 2.734,
        "clay_index": 1.97,
        "ndvi_stress_index": 0.376,
        "tmi_structural_nT": 45254.0,
        "tmi_anomaly_nT": 254.0,
        "elevation_mdpl": 227.3,
        "geochem_assay_ratio": 1.46
      },
      "geometry": {
        "type": "Polygon",
        "coordinates": [
          [
            [
              121.942,
              -2.93
            ],
            [
              121.95,
              -2.93
            ],
            [
              121.95,
              -2.922
            ],
            [
              121.942,
              -2.922
            ],
            [
              121.942,
              -2.93
            ]
          ]
        ]
      }
    },
    {
      "type": "Feature",
      "properties": {
        "grid_id": "MOR021",
        "site": "morowali",
        "location_label": "Morowali Central Ultramafic Belt (IMIP Block) - Sulawesi Tengah nickel laterite",
        "lithology": "serpentinite_simulated",
        "slope_deg": 14.7,
        "distance_to_river_m": 2055,
        "distance_to_road_m": 3039,
        "legal_status": "allowed",
        "distance_to_smelter_km": 67.8,
        "area_ha": 0.79,
        "region_id": "SW",
        "fe_oxide_index": 2.833,
        "clay_index": 1.912,
        "ndvi_stress_index": 0.345,
        "tmi_structural_nT": 45926.8,
        "tmi_anomaly_nT": 926.8,
        "elevation_mdpl": 215.7,
        "geochem_assay_ratio": 2.43
      },
      "geometry": {
        "type": "Polygon",
        "coordinates": [
          [
            [
              121.79,
              -2.922
            ],
            [
              121.798,
              -2.922
            ],
            [
              121.798,
              -2.914
            ],
            [
              121.79,
              -2.914
            ],
            [
              121.79,
              -2.922
            ]
          ]
        ]
      }
    },
    {
      "type": "Feature",
      "properties": {
        "grid_id": "MOR022",
        "site": "morowali",
        "location_label": "Morowali Central Ultramafic Belt (IMIP Block) - Sulawesi Tengah nickel laterite",
        "lithology": "peridotite_simulated",
        "slope_deg": 11.7,
        "distance_to_river_m": 403,
        "distance_to_road_m": 2867,
        "legal_status": "allowed",
        "distance_to_smelter_km": 64.6,
        "area_ha": 0.79,
        "region_id": "SW",
        "fe_oxide_index": 2.695,
        "clay_index": 2.165,
        "ndvi_stress_index": 0.347,
        "tmi_structural_nT": 45910.3,
        "tmi_anomaly_nT": 910.3,
        "elevation_mdpl": 215.9,
        "geochem_assay_ratio": 2.32
      },
      "geometry": {
        "type": "Polygon",
        "coordinates": [
          [
            [
              121.798,
              -2.922
            ],
            [
              121.806,
              -2.922
            ],
            [
              121.806,
              -2.914
            ],
            [
              121.798,
              -2.914
            ],
            [
              121.798,
              -2.922
            ]
          ]
        ]
      }
    },
    {
      "type": "Feature",
      "properties": {
        "grid_id": "MOR023",
        "site": "morowali",
        "location_label": "Morowali Central Ultramafic Belt (IMIP Block) - Sulawesi Tengah nickel laterite",
        "lithology": "ultramafic_simulated",
        "slope_deg": 8.8,
        "distance_to_river_m": 464,
        "distance_to_road_m": 3024,
        "legal_status": "allowed",
        "distance_to_smelter_km": 61.6,
        "area_ha": 0.79,
        "region_id": "SW",
        "fe_oxide_index": 2.417,
        "clay_index": 2.397,
        "ndvi_stress_index": 0.23,
        "tmi_structural_nT": 45573.2,
        "tmi_anomaly_nT": 573.2,
        "elevation_mdpl": 183.4,
        "geochem_assay_ratio": 1.68
      },
      "geometry": {
        "type": "Polygon",
        "coordinates": [
          [
            [
              121.806,
              -2.922
            ],
            [
              121.814,
              -2.922
            ],
            [
              121.814,
              -2.914
            ],
            [
              121.806,
              -2.914
            ],
            [
              121.806,
              -2.922
            ]
          ]
        ]
      }
    },
    {
      "type": "Feature",
      "properties": {
        "grid_id": "MOR024",
        "site": "morowali",
        "location_label": "Morowali Central Ultramafic Belt (IMIP Block) - Sulawesi Tengah nickel laterite",
        "lithology": "alluvium",
        "slope_deg": 8.6,
        "distance_to_river_m": 1310,
        "distance_to_road_m": 4452,
        "legal_status": "allowed",
        "distance_to_smelter_km": 58.8,
        "area_ha": 0.79,
        "region_id": "SW",
        "fe_oxide_index": 1.674,
        "clay_index": 1.454,
        "ndvi_stress_index": 0.702,
        "tmi_structural_nT": 44817.9,
        "tmi_anomaly_nT": -182.1,
        "elevation_mdpl": 257.1,
        "geochem_assay_ratio": 5.08
      },
      "geometry": {
        "type": "Polygon",
        "coordinates": [
          [
            [
              121.814,
              -2.922
            ],
            [
              121.822,
              -2.922
            ],
            [
              121.822,
              -2.914
            ],
            [
              121.814,
              -2.914
            ],
            [
              121.814,
              -2.922
            ]
          ]
        ]
      }
    },
    {
      "type": "Feature",
      "properties": {
        "grid_id": "MOR025",
        "site": "morowali",
        "location_label": "Morowali Central Ultramafic Belt (IMIP Block) - Sulawesi Tengah nickel laterite",
        "lithology": "mafic_volcanic_simulated",
        "slope_deg": 12.8,
        "distance_to_river_m": 1235,
        "distance_to_road_m": 3334,
        "legal_status": "allowed",
        "distance_to_smelter_km": 56.3,
        "area_ha": 0.79,
        "region_id": "SW",
        "fe_oxide_index": 1.553,
        "clay_index": 1.022,
        "ndvi_stress_index": 0.593,
        "tmi_structural_nT": 44807.3,
        "tmi_anomaly_nT": -192.7,
        "elevation_mdpl": 242.7,
        "geochem_assay_ratio": 5.48
      },
      "geometry": {
        "type": "Polygon",
        "coordinates": [
          [
            [
              121.822,
              -2.922
            ],
            [
              121.83,
              -2.922
            ],
            [
              121.83,
              -2.914
            ],
            [
              121.822,
              -2.914
            ],
            [
              121.822,
              -2.922
            ]
          ]
        ]
      }
    },
    {
      "type": "Feature",
      "properties": {
        "grid_id": "MOR026",
        "site": "morowali",
        "location_label": "Morowali Central Ultramafic Belt (IMIP Block) - Sulawesi Tengah nickel laterite",
        "lithology": "alluvium",
        "slope_deg": 8.9,
        "distance_to_river_m": 1101,
        "distance_to_road_m": 2135,
        "legal_status": "allowed",
        "distance_to_smelter_km": 54.1,
        "area_ha": 0.79,
        "region_id": "SW",
        "fe_oxide_index": 1.428,
        "clay_index": 1.208,
        "ndvi_stress_index": 0.64,
        "tmi_structural_nT": 45352.6,
        "tmi_anomaly_nT": 352.6,
        "elevation_mdpl": 259.5,
        "geochem_assay_ratio": 5.1
      },
      "geometry": {
        "type": "Polygon",
        "coordinates": [
          [
            [
              121.83,
              -2.922
            ],
            [
              121.838,
              -2.922
            ],
            [
              121.838,
              -2.914
            ],
            [
              121.83,
              -2.914
            ],
            [
              121.83,
              -2.922
            ]
          ]
        ]
      }
    },
    {
      "type": "Feature",
      "properties": {
        "grid_id": "MOR027",
        "site": "morowali",
        "location_label": "Morowali Central Ultramafic Belt (IMIP Block) - Sulawesi Tengah nickel laterite",
        "lithology": "serpentinite_simulated",
        "slope_deg": 5.4,
        "distance_to_river_m": 1919,
        "distance_to_road_m": 1422,
        "legal_status": "allowed",
        "distance_to_smelter_km": 52.2,
        "area_ha": 0.79,
        "region_id": "SW",
        "fe_oxide_index": 2.236,
        "clay_index": 2.37,
        "ndvi_stress_index": 0.229,
        "tmi_structural_nT": 45263.9,
        "tmi_anomaly_nT": 263.9,
        "elevation_mdpl": 189.8,
        "geochem_assay_ratio": 3.08
      },
      "geometry": {
        "type": "Polygon",
        "coordinates": [
          [
            [
              121.838,
              -2.922
            ],
            [
              121.846,
              -2.922
            ],
            [
              121.846,
              -2.914
            ],
            [
              121.838,
              -2.914
            ],
            [
              121.838,
              -2.922
            ]
          ]
        ]
      }
    },
    {
      "type": "Feature",
      "properties": {
        "grid_id": "MOR028",
        "site": "morowali",
        "location_label": "Morowali Central Ultramafic Belt (IMIP Block) - Sulawesi Tengah nickel laterite",
        "lithology": "serpentinite_simulated",
        "slope_deg": 4.9,
        "distance_to_river_m": 2010,
        "distance_to_road_m": 1816,
        "legal_status": "allowed",
        "distance_to_smelter_km": 50.8,
        "area_ha": 0.79,
        "region_id": "SW",
        "fe_oxide_index": 2.792,
        "clay_index": 2.217,
        "ndvi_stress_index": 0.399,
        "tmi_structural_nT": 45720.3,
        "tmi_anomaly_nT": 720.3,
        "elevation_mdpl": 276.9,
        "geochem_assay_ratio": 2.78
      },
      "geometry": {
        "type": "Polygon",
        "coordinates": [
          [
            [
              121.846,
              -2.922
            ],
            [
              121.854,
              -2.922
            ],
            [
              121.854,
              -2.914
            ],
            [
              121.846,
              -2.914
            ],
            [
              121.846,
              -2.922
            ]
          ]
        ]
      }
    },
    {
      "type": "Feature",
      "properties": {
        "grid_id": "MOR029",
        "site": "morowali",
        "location_label": "Morowali Central Ultramafic Belt (IMIP Block) - Sulawesi Tengah nickel laterite",
        "lithology": "alluvium",
        "slope_deg": 6.5,
        "distance_to_river_m": 1704,
        "distance_to_road_m": 4138,
        "legal_status": "allowed",
        "distance_to_smelter_km": 49.8,
        "area_ha": 0.79,
        "region_id": "SW",
        "fe_oxide_index": 1.332,
        "clay_index": 1.321,
        "ndvi_stress_index": 0.556,
        "tmi_structural_nT": 44442.0,
        "tmi_anomaly_nT": -558.0,
        "elevation_mdpl": 225.3,
        "geochem_assay_ratio": 3.51
      },
      "geometry": {
        "type": "Polygon",
        "coordinates": [
          [
            [
              121.854,
              -2.922
            ],
            [
              121.862,
              -2.922
            ],
            [
              121.862,
              -2.914
            ],
            [
              121.854,
              -2.914
            ],
            [
              121.854,
              -2.922
            ]
          ]
        ]
      }
    },
    {
      "type": "Feature",
      "properties": {
        "grid_id": "MOR030",
        "site": "morowali",
        "location_label": "Morowali Central Ultramafic Belt (IMIP Block) - Sulawesi Tengah nickel laterite",
        "lithology": "peridotite_simulated",
        "slope_deg": 4.4,
        "distance_to_river_m": 2118,
        "distance_to_road_m": 1666,
        "legal_status": "allowed",
        "distance_to_smelter_km": 49.3,
        "area_ha": 0.79,
        "region_id": "SW",
        "fe_oxide_index": 2.108,
        "clay_index": 2.33,
        "ndvi_stress_index": 0.193,
        "tmi_structural_nT": 45400.2,
        "tmi_anomaly_nT": 400.2,
        "elevation_mdpl": 276.4,
        "geochem_assay_ratio": 1.65
      },
      "geometry": {
        "type": "Polygon",
        "coordinates": [
          [
            [
              121.862,
              -2.922
            ],
            [
              121.87,
              -2.922
            ],
            [
              121.87,
              -2.914
            ],
            [
              121.862,
              -2.914
            ],
            [
              121.862,
              -2.922
            ]
          ]
        ]
      }
    },
    {
      "type": "Feature",
      "properties": {
        "grid_id": "MOR031",
        "site": "morowali",
        "location_label": "Morowali Central Ultramafic Belt (IMIP Block) - Sulawesi Tengah nickel laterite",
        "lithology": "serpentinite_simulated",
        "slope_deg": 13.8,
        "distance_to_river_m": 604,
        "distance_to_road_m": 1231,
        "legal_status": "allowed",
        "distance_to_smelter_km": 49.3,
        "area_ha": 0.79,
        "region_id": "SE",
        "fe_oxide_index": 2.09,
        "clay_index": 2.315,
        "ndvi_stress_index": 0.312,
        "tmi_structural_nT": 45641.3,
        "tmi_anomaly_nT": 641.3,
        "elevation_mdpl": 265.9,
        "geochem_assay_ratio": 2.86
      },
      "geometry": {
        "type": "Polygon",
        "coordinates": [
          [
            [
              121.87,
              -2.922
            ],
            [
              121.878,
              -2.922
            ],
            [
              121.878,
              -2.914
            ],
            [
              121.87,
              -2.914
            ],
            [
              121.87,
              -2.922
            ]
          ]
        ]
      }
    },
    {
      "type": "Feature",
      "properties": {
        "grid_id": "MOR032",
        "site": "morowali",
        "location_label": "Morowali Central Ultramafic Belt (IMIP Block) - Sulawesi Tengah nickel laterite",
        "lithology": "peridotite_simulated",
        "slope_deg": 6.9,
        "distance_to_river_m": 1551,
        "distance_to_road_m": 2679,
        "legal_status": "allowed",
        "distance_to_smelter_km": 49.8,
        "area_ha": 0.79,
        "region_id": "SE",
        "fe_oxide_index": 1.977,
        "clay_index": 2.151,
        "ndvi_stress_index": 0.317,
        "tmi_structural_nT": 45966.7,
        "tmi_anomaly_nT": 966.7,
        "elevation_mdpl": 243.1,
        "geochem_assay_ratio": 1.43
      },
      "geometry": {
        "type": "Polygon",
        "coordinates": [
          [
            [
              121.878,
              -2.922
            ],
            [
              121.886,
              -2.922
            ],
            [
              121.886,
              -2.914
            ],
            [
              121.878,
              -2.914
            ],
            [
              121.878,
              -2.922
            ]
          ]
        ]
      }
    },
    {
      "type": "Feature",
      "properties": {
        "grid_id": "MOR033",
        "site": "morowali",
        "location_label": "Morowali Central Ultramafic Belt (IMIP Block) - Sulawesi Tengah nickel laterite",
        "lithology": "peridotite_simulated",
        "slope_deg": 14.0,
        "distance_to_river_m": 847,
        "distance_to_road_m": 1383,
        "legal_status": "allowed",
        "distance_to_smelter_km": 50.8,
        "area_ha": 0.79,
        "region_id": "SE",
        "fe_oxide_index": 2.241,
        "clay_index": 2.151,
        "ndvi_stress_index": 0.299,
        "tmi_structural_nT": 46077.8,
        "tmi_anomaly_nT": 1077.8,
        "elevation_mdpl": 220.6,
        "geochem_assay_ratio": 1.74
      },
      "geometry": {
        "type": "Polygon",
        "coordinates": [
          [
            [
              121.886,
              -2.922
            ],
            [
              121.894,
              -2.922
            ],
            [
              121.894,
              -2.914
            ],
            [
              121.886,
              -2.914
            ],
            [
              121.886,
              -2.922
            ]
          ]
        ]
      }
    },
    {
      "type": "Feature",
      "properties": {
        "grid_id": "MOR034",
        "site": "morowali",
        "location_label": "Morowali Central Ultramafic Belt (IMIP Block) - Sulawesi Tengah nickel laterite",
        "lithology": "serpentinite_simulated",
        "slope_deg": 5.6,
        "distance_to_river_m": 1860,
        "distance_to_road_m": 3610,
        "legal_status": "allowed",
        "distance_to_smelter_km": 52.2,
        "area_ha": 0.79,
        "region_id": "SE",
        "fe_oxide_index": 2.232,
        "clay_index": 2.161,
        "ndvi_stress_index": 0.343,
        "tmi_structural_nT": 45543.4,
        "tmi_anomaly_nT": 543.4,
        "elevation_mdpl": 200.2,
        "geochem_assay_ratio": 2.54
      },
      "geometry": {
        "type": "Polygon",
        "coordinates": [
          [
            [
              121.894,
              -2.922
            ],
            [
              121.902,
              -2.922
            ],
            [
              121.902,
              -2.914
            ],
            [
              121.894,
              -2.914
            ],
            [
              121.894,
              -2.922
            ]
          ]
        ]
      }
    },
    {
      "type": "Feature",
      "properties": {
        "grid_id": "MOR035",
        "site": "morowali",
        "location_label": "Morowali Central Ultramafic Belt (IMIP Block) - Sulawesi Tengah nickel laterite",
        "lithology": "peridotite_simulated",
        "slope_deg": 12.4,
        "distance_to_river_m": 331,
        "distance_to_road_m": 2236,
        "legal_status": "allowed",
        "distance_to_smelter_km": 54.1,
        "area_ha": 0.79,
        "region_id": "SE",
        "fe_oxide_index": 2.011,
        "clay_index": 2.334,
        "ndvi_stress_index": 0.381,
        "tmi_structural_nT": 46063.5,
        "tmi_anomaly_nT": 1063.5,
        "elevation_mdpl": 207.0,
        "geochem_assay_ratio": 2.26
      },
      "geometry": {
        "type": "Polygon",
        "coordinates": [
          [
            [
              121.902,
              -2.922
            ],
            [
              121.91,
              -2.922
            ],
            [
              121.91,
              -2.914
            ],
            [
              121.902,
              -2.914
            ],
            [
              121.902,
              -2.922
            ]
          ]
        ]
      }
    },
    {
      "type": "Feature",
      "properties": {
        "grid_id": "MOR036",
        "site": "morowali",
        "location_label": "Morowali Central Ultramafic Belt (IMIP Block) - Sulawesi Tengah nickel laterite",
        "lithology": "serpentinite_simulated",
        "slope_deg": 6.7,
        "distance_to_river_m": 2402,
        "distance_to_road_m": 4215,
        "legal_status": "allowed",
        "distance_to_smelter_km": 56.3,
        "area_ha": 0.79,
        "region_id": "SE",
        "fe_oxide_index": 2.771,
        "clay_index": 2.384,
        "ndvi_stress_index": 0.331,
        "tmi_structural_nT": 46077.5,
        "tmi_anomaly_nT": 1077.5,
        "elevation_mdpl": 180.3,
        "geochem_assay_ratio": 3.13
      },
      "geometry": {
        "type": "Polygon",
        "coordinates": [
          [
            [
              121.91,
              -2.922
            ],
            [
              121.918,
              -2.922
            ],
            [
              121.918,
              -2.914
            ],
            [
              121.91,
              -2.914
            ],
            [
              121.91,
              -2.922
            ]
          ]
        ]
      }
    },
    {
      "type": "Feature",
      "properties": {
        "grid_id": "MOR037",
        "site": "morowali",
        "location_label": "Morowali Central Ultramafic Belt (IMIP Block) - Sulawesi Tengah nickel laterite",
        "lithology": "mafic_volcanic_simulated",
        "slope_deg": 7.9,
        "distance_to_river_m": 1941,
        "distance_to_road_m": 2560,
        "legal_status": "allowed",
        "distance_to_smelter_km": 58.8,
        "area_ha": 0.79,
        "region_id": "SE",
        "fe_oxide_index": 1.437,
        "clay_index": 1.345,
        "ndvi_stress_index": 0.529,
        "tmi_structural_nT": 45295.9,
        "tmi_anomaly_nT": 295.9,
        "elevation_mdpl": 203.1,
        "geochem_assay_ratio": 5.67
      },
      "geometry": {
        "type": "Polygon",
        "coordinates": [
          [
            [
              121.918,
              -2.922
            ],
            [
              121.926,
              -2.922
            ],
            [
              121.926,
              -2.914
            ],
            [
              121.918,
              -2.914
            ],
            [
              121.918,
              -2.922
            ]
          ]
        ]
      }
    },
    {
      "type": "Feature",
      "properties": {
        "grid_id": "MOR038",
        "site": "morowali",
        "location_label": "Morowali Central Ultramafic Belt (IMIP Block) - Sulawesi Tengah nickel laterite",
        "lithology": "serpentinite_simulated",
        "slope_deg": 14.2,
        "distance_to_river_m": 1599,
        "distance_to_road_m": 738,
        "legal_status": "allowed",
        "distance_to_smelter_km": 61.6,
        "area_ha": 0.79,
        "region_id": "SE",
        "fe_oxide_index": 2.584,
        "clay_index": 2.398,
        "ndvi_stress_index": 0.238,
        "tmi_structural_nT": 45576.0,
        "tmi_anomaly_nT": 576.0,
        "elevation_mdpl": 207.7,
        "geochem_assay_ratio": 1.7
      },
      "geometry": {
        "type": "Polygon",
        "coordinates": [
          [
            [
              121.926,
              -2.922
            ],
            [
              121.934,
              -2.922
            ],
            [
              121.934,
              -2.914
            ],
            [
              121.926,
              -2.914
            ],
            [
              121.926,
              -2.922
            ]
          ]
        ]
      }
    },
    {
      "type": "Feature",
      "properties": {
        "grid_id": "MOR039",
        "site": "morowali",
        "location_label": "Morowali Central Ultramafic Belt (IMIP Block) - Sulawesi Tengah nickel laterite",
        "lithology": "serpentinite_simulated",
        "slope_deg": 13.0,
        "distance_to_river_m": 723,
        "distance_to_road_m": 538,
        "legal_status": "allowed",
        "distance_to_smelter_km": 64.6,
        "area_ha": 0.79,
        "region_id": "SE",
        "fe_oxide_index": 1.864,
        "clay_index": 1.982,
        "ndvi_stress_index": 0.328,
        "tmi_structural_nT": 45131.5,
        "tmi_anomaly_nT": 131.5,
        "elevation_mdpl": 252.6,
        "geochem_assay_ratio": 2.7
      },
      "geometry": {
        "type": "Polygon",
        "coordinates": [
          [
            [
              121.934,
              -2.922
            ],
            [
              121.942,
              -2.922
            ],
            [
              121.942,
              -2.914
            ],
            [
              121.934,
              -2.914
            ],
            [
              121.934,
              -2.922
            ]
          ]
        ]
      }
    },
    {
      "type": "Feature",
      "properties": {
        "grid_id": "MOR040",
        "site": "morowali",
        "location_label": "Morowali Central Ultramafic Belt (IMIP Block) - Sulawesi Tengah nickel laterite",
        "lithology": "ultramafic_simulated",
        "slope_deg": 11.9,
        "distance_to_river_m": 2230,
        "distance_to_road_m": 2553,
        "legal_status": "allowed",
        "distance_to_smelter_km": 67.8,
        "area_ha": 0.79,
        "region_id": "SE",
        "fe_oxide_index": 2.81,
        "clay_index": 2.098,
        "ndvi_stress_index": 0.259,
        "tmi_structural_nT": 45553.1,
        "tmi_anomaly_nT": 553.1,
        "elevation_mdpl": 262.9,
        "geochem_assay_ratio": 2.47
      },
      "geometry": {
        "type": "Polygon",
        "coordinates": [
          [
            [
              121.942,
              -2.922
            ],
            [
              121.95,
              -2.922
            ],
            [
              121.95,
              -2.914
            ],
            [
              121.942,
              -2.914
            ],
            [
              121.942,
              -2.922
            ]
          ]
        ]
      }
    },
    {
      "type": "Feature",
      "properties": {
        "grid_id": "MOR041",
        "site": "morowali",
        "location_label": "Morowali Central Ultramafic Belt (IMIP Block) - Sulawesi Tengah nickel laterite",
        "lithology": "peridotite_simulated",
        "slope_deg": 13.4,
        "distance_to_river_m": 1479,
        "distance_to_road_m": 1988,
        "legal_status": "allowed",
        "distance_to_smelter_km": 65.0,
        "area_ha": 0.79,
        "region_id": "SW",
        "fe_oxide_index": 2.658,
        "clay_index": 1.645,
        "ndvi_stress_index": 0.223,
        "tmi_structural_nT": 45975.8,
        "tmi_anomaly_nT": 975.8,
        "elevation_mdpl": 259.9,
        "geochem_assay_ratio": 1.83
      },
      "geometry": {
        "type": "Polygon",
        "coordinates": [
          [
            [
              121.79,
              -2.914
            ],
            [
              121.798,
              -2.914
            ],
            [
              121.798,
              -2.906
            ],
            [
              121.79,
              -2.906
            ],
            [
              121.79,
              -2.914
            ]
          ]
        ]
      }
    },
    {
      "type": "Feature",
      "properties": {
        "grid_id": "MOR042",
        "site": "morowali",
        "location_label": "Morowali Central Ultramafic Belt (IMIP Block) - Sulawesi Tengah nickel laterite",
        "lithology": "peridotite_simulated",
        "slope_deg": 4.9,
        "distance_to_river_m": 1944,
        "distance_to_road_m": 2263,
        "legal_status": "allowed",
        "distance_to_smelter_km": 61.6,
        "area_ha": 0.79,
        "region_id": "SW",
        "fe_oxide_index": 1.812,
        "clay_index": 1.623,
        "ndvi_stress_index": 0.34,
        "tmi_structural_nT": 45124.2,
        "tmi_anomaly_nT": 124.2,
        "elevation_mdpl": 261.0,
        "geochem_assay_ratio": 1.45
      },
      "geometry": {
        "type": "Polygon",
        "coordinates": [
          [
            [
              121.798,
              -2.914
            ],
            [
              121.806,
              -2.914
            ],
            [
              121.806,
              -2.906
            ],
            [
              121.798,
              -2.906
            ],
            [
              121.798,
              -2.914
            ]
          ]
        ]
      }
    },
    {
      "type": "Feature",
      "properties": {
        "grid_id": "MOR043",
        "site": "morowali",
        "location_label": "Morowali Central Ultramafic Belt (IMIP Block) - Sulawesi Tengah nickel laterite",
        "lithology": "serpentinite_simulated",
        "slope_deg": 5.8,
        "distance_to_river_m": 1446,
        "distance_to_road_m": 964,
        "legal_status": "allowed",
        "distance_to_smelter_km": 58.4,
        "area_ha": 0.79,
        "region_id": "SW",
        "fe_oxide_index": 2.102,
        "clay_index": 2.044,
        "ndvi_stress_index": 0.364,
        "tmi_structural_nT": 45250.6,
        "tmi_anomaly_nT": 250.6,
        "elevation_mdpl": 262.4,
        "geochem_assay_ratio": 1.92
      },
      "geometry": {
        "type": "Polygon",
        "coordinates": [
          [
            [
              121.806,
              -2.914
            ],
            [
              121.814,
              -2.914
            ],
            [
              121.814,
              -2.906
            ],
            [
              121.806,
              -2.906
            ],
            [
              121.806,
              -2.914
            ]
          ]
        ]
      }
    },
    {
      "type": "Feature",
      "properties": {
        "grid_id": "MOR044",
        "site": "morowali",
        "location_label": "Morowali Central Ultramafic Belt (IMIP Block) - Sulawesi Tengah nickel laterite",
        "lithology": "serpentinite_simulated",
        "slope_deg": 11.3,
        "distance_to_river_m": 1030,
        "distance_to_road_m": 3760,
        "legal_status": "allowed",
        "distance_to_smelter_km": 55.4,
        "area_ha": 0.79,
        "region_id": "SW",
        "fe_oxide_index": 1.844,
        "clay_index": 2.207,
        "ndvi_stress_index": 0.33,
        "tmi_structural_nT": 45153.0,
        "tmi_anomaly_nT": 153.0,
        "elevation_mdpl": 200.8,
        "geochem_assay_ratio": 2.14
      },
      "geometry": {
        "type": "Polygon",
        "coordinates": [
          [
            [
              121.814,
              -2.914
            ],
            [
              121.822,
              -2.914
            ],
            [
              121.822,
              -2.906
            ],
            [
              121.814,
              -2.906
            ],
            [
              121.814,
              -2.914
            ]
          ]
        ]
      }
    },
    {
      "type": "Feature",
      "properties": {
        "grid_id": "MOR045",
        "site": "morowali",
        "location_label": "Morowali Central Ultramafic Belt (IMIP Block) - Sulawesi Tengah nickel laterite",
        "lithology": "serpentinite_simulated",
        "slope_deg": 13.4,
        "distance_to_river_m": 592,
        "distance_to_road_m": 4286,
        "legal_status": "allowed",
        "distance_to_smelter_km": 52.7,
        "area_ha": 0.79,
        "region_id": "SW",
        "fe_oxide_index": 2.341,
        "clay_index": 1.921,
        "ndvi_stress_index": 0.363,
        "tmi_structural_nT": 45628.3,
        "tmi_anomaly_nT": 628.3,
        "elevation_mdpl": 186.4,
        "geochem_assay_ratio": 1.88
      },
      "geometry": {
        "type": "Polygon",
        "coordinates": [
          [
            [
              121.822,
              -2.914
            ],
            [
              121.83,
              -2.914
            ],
            [
              121.83,
              -2.906
            ],
            [
              121.822,
              -2.906
            ],
            [
              121.822,
              -2.914
            ]
          ]
        ]
      }
    },
    {
      "type": "Feature",
      "properties": {
        "grid_id": "MOR046",
        "site": "morowali",
        "location_label": "Morowali Central Ultramafic Belt (IMIP Block) - Sulawesi Tengah nickel laterite",
        "lithology": "mafic_volcanic_simulated",
        "slope_deg": 13.0,
        "distance_to_river_m": 857,
        "distance_to_road_m": 4426,
        "legal_status": "allowed",
        "distance_to_smelter_km": 50.3,
        "area_ha": 0.79,
        "region_id": "SW",
        "fe_oxide_index": 1.55,
        "clay_index": 1.379,
        "ndvi_stress_index": 0.743,
        "tmi_structural_nT": 44442.3,
        "tmi_anomaly_nT": -557.7,
        "elevation_mdpl": 220.3,
        "geochem_assay_ratio": 4.07
      },
      "geometry": {
        "type": "Polygon",
        "coordinates": [
          [
            [
              121.83,
              -2.914
            ],
            [
              121.838,
              -2.914
            ],
            [
              121.838,
              -2.906
            ],
            [
              121.83,
              -2.906
            ],
            [
              121.83,
              -2.914
            ]
          ]
        ]
      }
    },
    {
      "type": "Feature",
      "properties": {
        "grid_id": "MOR047",
        "site": "morowali",
        "location_label": "Morowali Central Ultramafic Belt (IMIP Block) - Sulawesi Tengah nickel laterite",
        "lithology": "serpentinite_simulated",
        "slope_deg": 10.1,
        "distance_to_river_m": 1342,
        "distance_to_road_m": 1091,
        "legal_status": "allowed",
        "distance_to_smelter_km": 48.2,
        "area_ha": 0.79,
        "region_id": "SW",
        "fe_oxide_index": 2.821,
        "clay_index": 1.996,
        "ndvi_stress_index": 0.38,
        "tmi_structural_nT": 45161.5,
        "tmi_anomaly_nT": 161.5,
        "elevation_mdpl": 248.8,
        "geochem_assay_ratio": 1.47
      },
      "geometry": {
        "type": "Polygon",
        "coordinates": [
          [
            [
              121.838,
              -2.914
            ],
            [
              121.846,
              -2.914
            ],
            [
              121.846,
              -2.906
            ],
            [
              121.838,
              -2.906
            ],
            [
              121.838,
              -2.914
            ]
          ]
        ]
      }
    },
    {
      "type": "Feature",
      "properties": {
        "grid_id": "MOR048",
        "site": "morowali",
        "location_label": "Morowali Central Ultramafic Belt (IMIP Block) - Sulawesi Tengah nickel laterite",
        "lithology": "peridotite_simulated",
        "slope_deg": 10.7,
        "distance_to_river_m": 641,
        "distance_to_road_m": 2812,
        "legal_status": "allowed",
        "distance_to_smelter_km": 46.6,
        "area_ha": 0.79,
        "region_id": "SW",
        "fe_oxide_index": 2.028,
        "clay_index": 1.944,
        "ndvi_stress_index": 0.258,
        "tmi_structural_nT": 45325.7,
        "tmi_anomaly_nT": 325.7,
        "elevation_mdpl": 268.2,
        "geochem_assay_ratio": 2.94
      },
      "geometry": {
        "type": "Polygon",
        "coordinates": [
          [
            [
              121.846,
              -2.914
            ],
            [
              121.854,
              -2.914
            ],
            [
              121.854,
              -2.906
            ],
            [
              121.846,
              -2.906
            ],
            [
              121.846,
              -2.914
            ]
          ]
        ]
      }
    },
    {
      "type": "Feature",
      "properties": {
        "grid_id": "MOR049",
        "site": "morowali",
        "location_label": "Morowali Central Ultramafic Belt (IMIP Block) - Sulawesi Tengah nickel laterite",
        "lithology": "serpentinite_simulated",
        "slope_deg": 5.4,
        "distance_to_river_m": 1565,
        "distance_to_road_m": 4186,
        "legal_status": "allowed",
        "distance_to_smelter_km": 45.5,
        "area_ha": 0.79,
        "region_id": "SW",
        "fe_oxide_index": 2.296,
        "clay_index": 2.197,
        "ndvi_stress_index": 0.243,
        "tmi_structural_nT": 45383.6,
        "tmi_anomaly_nT": 383.6,
        "elevation_mdpl": 277.9,
        "geochem_assay_ratio": 1.62
      },
      "geometry": {
        "type": "Polygon",
        "coordinates": [
          [
            [
              121.854,
              -2.914
            ],
            [
              121.862,
              -2.914
            ],
            [
              121.862,
              -2.906
            ],
            [
              121.854,
              -2.906
            ],
            [
              121.854,
              -2.914
            ]
          ]
        ]
      }
    },
    {
      "type": "Feature",
      "properties": {
        "grid_id": "MOR050",
        "site": "morowali",
        "location_label": "Morowali Central Ultramafic Belt (IMIP Block) - Sulawesi Tengah nickel laterite",
        "lithology": "ultramafic_simulated",
        "slope_deg": 8.5,
        "distance_to_river_m": 576,
        "distance_to_road_m": 3350,
        "legal_status": "allowed",
        "distance_to_smelter_km": 44.9,
        "area_ha": 0.79,
        "region_id": "SW",
        "fe_oxide_index": 2.331,
        "clay_index": 1.662,
        "ndvi_stress_index": 0.288,
        "tmi_structural_nT": 45435.2,
        "tmi_anomaly_nT": 435.2,
        "elevation_mdpl": 221.8,
        "geochem_assay_ratio": 1.57
      },
      "geometry": {
        "type": "Polygon",
        "coordinates": [
          [
            [
              121.862,
              -2.914
            ],
            [
              121.87,
              -2.914
            ],
            [
              121.87,
              -2.906
            ],
            [
              121.862,
              -2.906
            ],
            [
              121.862,
              -2.914
            ]
          ]
        ]
      }
    },
    {
      "type": "Feature",
      "properties": {
        "grid_id": "MOR051",
        "site": "morowali",
        "location_label": "Morowali Central Ultramafic Belt (IMIP Block) - Sulawesi Tengah nickel laterite",
        "lithology": "serpentinite_simulated",
        "slope_deg": 6.1,
        "distance_to_river_m": 2477,
        "distance_to_road_m": 2509,
        "legal_status": "allowed",
        "distance_to_smelter_km": 44.9,
        "area_ha": 0.79,
        "region_id": "SE",
        "fe_oxide_index": 2.729,
        "clay_index": 1.675,
        "ndvi_stress_index": 0.389,
        "tmi_structural_nT": 45127.3,
        "tmi_anomaly_nT": 127.3,
        "elevation_mdpl": 195.4,
        "geochem_assay_ratio": 2.22
      },
      "geometry": {
        "type": "Polygon",
        "coordinates": [
          [
            [
              121.87,
              -2.914
            ],
            [
              121.878,
              -2.914
            ],
            [
              121.878,
              -2.906
            ],
            [
              121.87,
              -2.906
            ],
            [
              121.87,
              -2.914
            ]
          ]
        ]
      }
    },
    {
      "type": "Feature",
      "properties": {
        "grid_id": "MOR052",
        "site": "morowali",
        "location_label": "Morowali Central Ultramafic Belt (IMIP Block) - Sulawesi Tengah nickel laterite",
        "lithology": "serpentinite_simulated",
        "slope_deg": 7.3,
        "distance_to_river_m": 1467,
        "distance_to_road_m": 3644,
        "legal_status": "allowed",
        "distance_to_smelter_km": 45.5,
        "area_ha": 0.79,
        "region_id": "SE",
        "fe_oxide_index": 2.706,
        "clay_index": 2.376,
        "ndvi_stress_index": 0.357,
        "tmi_structural_nT": 45628.6,
        "tmi_anomaly_nT": 628.6,
        "elevation_mdpl": 220.7,
        "geochem_assay_ratio": 1.78
      },
      "geometry": {
        "type": "Polygon",
        "coordinates": [
          [
            [
              121.878,
              -2.914
            ],
            [
              121.886,
              -2.914
            ],
            [
              121.886,
              -2.906
            ],
            [
              121.878,
              -2.906
            ],
            [
              121.878,
              -2.914
            ]
          ]
        ]
      }
    },
    {
      "type": "Feature",
      "properties": {
        "grid_id": "MOR053",
        "site": "morowali",
        "location_label": "Morowali Central Ultramafic Belt (IMIP Block) - Sulawesi Tengah nickel laterite",
        "lithology": "peridotite_simulated",
        "slope_deg": 14.4,
        "distance_to_river_m": 1156,
        "distance_to_road_m": 2942,
        "legal_status": "allowed",
        "distance_to_smelter_km": 46.6,
        "area_ha": 0.79,
        "region_id": "SE",
        "fe_oxide_index": 2.474,
        "clay_index": 2.246,
        "ndvi_stress_index": 0.359,
        "tmi_structural_nT": 45775.9,
        "tmi_anomaly_nT": 775.9,
        "elevation_mdpl": 256.1,
        "geochem_assay_ratio": 2.94
      },
      "geometry": {
        "type": "Polygon",
        "coordinates": [
          [
            [
              121.886,
              -2.914
            ],
            [
              121.894,
              -2.914
            ],
            [
              121.894,
              -2.906
            ],
            [
              121.886,
              -2.906
            ],
            [
              121.886,
              -2.914
            ]
          ]
        ]
      }
    },
    {
      "type": "Feature",
      "properties": {
        "grid_id": "MOR054",
        "site": "morowali",
        "location_label": "Morowali Central Ultramafic Belt (IMIP Block) - Sulawesi Tengah nickel laterite",
        "lithology": "ultramafic_simulated",
        "slope_deg": 12.5,
        "distance_to_river_m": 1177,
        "distance_to_road_m": 2690,
        "legal_status": "allowed",
        "distance_to_smelter_km": 48.2,
        "area_ha": 0.79,
        "region_id": "SE",
        "fe_oxide_index": 2.386,
        "clay_index": 1.732,
        "ndvi_stress_index": 0.334,
        "tmi_structural_nT": 45557.2,
        "tmi_anomaly_nT": 557.2,
        "elevation_mdpl": 221.8,
        "geochem_assay_ratio": 3.0
      },
      "geometry": {
        "type": "Polygon",
        "coordinates": [
          [
            [
              121.894,
              -2.914
            ],
            [
              121.902,
              -2.914
            ],
            [
              121.902,
              -2.906
            ],
            [
              121.894,
              -2.906
            ],
            [
              121.894,
              -2.914
            ]
          ]
        ]
      }
    },
    {
      "type": "Feature",
      "properties": {
        "grid_id": "MOR055",
        "site": "morowali",
        "location_label": "Morowali Central Ultramafic Belt (IMIP Block) - Sulawesi Tengah nickel laterite",
        "lithology": "ultramafic_simulated",
        "slope_deg": 14.8,
        "distance_to_river_m": 2273,
        "distance_to_road_m": 2700,
        "legal_status": "allowed",
        "distance_to_smelter_km": 50.3,
        "area_ha": 0.79,
        "region_id": "SE",
        "fe_oxide_index": 2.645,
        "clay_index": 2.266,
        "ndvi_stress_index": 0.277,
        "tmi_structural_nT": 45863.1,
        "tmi_anomaly_nT": 863.1,
        "elevation_mdpl": 234.5,
        "geochem_assay_ratio": 1.66
      },
      "geometry": {
        "type": "Polygon",
        "coordinates": [
          [
            [
              121.902,
              -2.914
            ],
            [
              121.91,
              -2.914
            ],
            [
              121.91,
              -2.906
            ],
            [
              121.902,
              -2.906
            ],
            [
              121.902,
              -2.914
            ]
          ]
        ]
      }
    },
    {
      "type": "Feature",
      "properties": {
        "grid_id": "MOR056",
        "site": "morowali",
        "location_label": "Morowali Central Ultramafic Belt (IMIP Block) - Sulawesi Tengah nickel laterite",
        "lithology": "peridotite_simulated",
        "slope_deg": 5.6,
        "distance_to_river_m": 1543,
        "distance_to_road_m": 3559,
        "legal_status": "allowed",
        "distance_to_smelter_km": 52.7,
        "area_ha": 0.79,
        "region_id": "SE",
        "fe_oxide_index": 2.744,
        "clay_index": 2.326,
        "ndvi_stress_index": 0.38,
        "tmi_structural_nT": 45264.2,
        "tmi_anomaly_nT": 264.2,
        "elevation_mdpl": 255.2,
        "geochem_assay_ratio": 1.4
      },
      "geometry": {
        "type": "Polygon",
        "coordinates": [
          [
            [
              121.91,
              -2.914
            ],
            [
              121.918,
              -2.914
            ],
            [
              121.918,
              -2.906
            ],
            [
              121.91,
              -2.906
            ],
            [
              121.91,
              -2.914
            ]
          ]
        ]
      }
    },
    {
      "type": "Feature",
      "properties": {
        "grid_id": "MOR057",
        "site": "morowali",
        "location_label": "Morowali Central Ultramafic Belt (IMIP Block) - Sulawesi Tengah nickel laterite",
        "lithology": "peridotite_simulated",
        "slope_deg": 4.8,
        "distance_to_river_m": 1892,
        "distance_to_road_m": 575,
        "legal_status": "allowed",
        "distance_to_smelter_km": 55.4,
        "area_ha": 0.79,
        "region_id": "SE",
        "fe_oxide_index": 2.461,
        "clay_index": 1.767,
        "ndvi_stress_index": 0.32,
        "tmi_structural_nT": 45543.3,
        "tmi_anomaly_nT": 543.3,
        "elevation_mdpl": 221.1,
        "geochem_assay_ratio": 1.66
      },
      "geometry": {
        "type": "Polygon",
        "coordinates": [
          [
            [
              121.918,
              -2.914
            ],
            [
              121.926,
              -2.914
            ],
            [
              121.926,
              -2.906
            ],
            [
              121.918,
              -2.906
            ],
            [
              121.918,
              -2.914
            ]
          ]
        ]
      }
    },
    {
      "type": "Feature",
      "properties": {
        "grid_id": "MOR058",
        "site": "morowali",
        "location_label": "Morowali Central Ultramafic Belt (IMIP Block) - Sulawesi Tengah nickel laterite",
        "lithology": "mafic_volcanic_simulated",
        "slope_deg": 14.2,
        "distance_to_river_m": 2458,
        "distance_to_road_m": 2696,
        "legal_status": "allowed",
        "distance_to_smelter_km": 58.4,
        "area_ha": 0.79,
        "region_id": "SE",
        "fe_oxide_index": 1.154,
        "clay_index": 1.066,
        "ndvi_stress_index": 0.761,
        "tmi_structural_nT": 44757.9,
        "tmi_anomaly_nT": -242.1,
        "elevation_mdpl": 273.1,
        "geochem_assay_ratio": 4.01
      },
      "geometry": {
        "type": "Polygon",
        "coordinates": [
          [
            [
              121.926,
              -2.914
            ],
            [
              121.934,
              -2.914
            ],
            [
              121.934,
              -2.906
            ],
            [
              121.926,
              -2.906
            ],
            [
              121.926,
              -2.914
            ]
          ]
        ]
      }
    },
    {
      "type": "Feature",
      "properties": {
        "grid_id": "MOR059",
        "site": "morowali",
        "location_label": "Morowali Central Ultramafic Belt (IMIP Block) - Sulawesi Tengah nickel laterite",
        "lithology": "peridotite_simulated",
        "slope_deg": 14.7,
        "distance_to_river_m": 1052,
        "distance_to_road_m": 1140,
        "legal_status": "allowed",
        "distance_to_smelter_km": 61.6,
        "area_ha": 0.79,
        "region_id": "SE",
        "fe_oxide_index": 2.372,
        "clay_index": 1.861,
        "ndvi_stress_index": 0.322,
        "tmi_structural_nT": 45826.0,
        "tmi_anomaly_nT": 826.0,
        "elevation_mdpl": 196.9,
        "geochem_assay_ratio": 2.44
      },
      "geometry": {
        "type": "Polygon",
        "coordinates": [
          [
            [
              121.934,
              -2.914
            ],
            [
              121.942,
              -2.914
            ],
            [
              121.942,
              -2.906
            ],
            [
              121.934,
              -2.906
            ],
            [
              121.934,
              -2.914
            ]
          ]
        ]
      }
    },
    {
      "type": "Feature",
      "properties": {
        "grid_id": "MOR060",
        "site": "morowali",
        "location_label": "Morowali Central Ultramafic Belt (IMIP Block) - Sulawesi Tengah nickel laterite",
        "lithology": "peridotite_simulated",
        "slope_deg": 13.7,
        "distance_to_river_m": 2255,
        "distance_to_road_m": 2794,
        "legal_status": "allowed",
        "distance_to_smelter_km": 65.0,
        "area_ha": 0.79,
        "region_id": "SE",
        "fe_oxide_index": 2.003,
        "clay_index": 2.042,
        "ndvi_stress_index": 0.414,
        "tmi_structural_nT": 45271.6,
        "tmi_anomaly_nT": 271.6,
        "elevation_mdpl": 234.6,
        "geochem_assay_ratio": 2.72
      },
      "geometry": {
        "type": "Polygon",
        "coordinates": [
          [
            [
              121.942,
              -2.914
            ],
            [
              121.95,
              -2.914
            ],
            [
              121.95,
              -2.906
            ],
            [
              121.942,
              -2.906
            ],
            [
              121.942,
              -2.914
            ]
          ]
        ]
      }
    },
    {
      "type": "Feature",
      "properties": {
        "grid_id": "MOR061",
        "site": "morowali",
        "location_label": "Morowali Central Ultramafic Belt (IMIP Block) - Sulawesi Tengah nickel laterite",
        "lithology": "peridotite_simulated",
        "slope_deg": 11.5,
        "distance_to_river_m": 2487,
        "distance_to_road_m": 2232,
        "legal_status": "allowed",
        "distance_to_smelter_km": 62.4,
        "area_ha": 0.79,
        "region_id": "SW",
        "fe_oxide_index": 2.785,
        "clay_index": 1.801,
        "ndvi_stress_index": 0.277,
        "tmi_structural_nT": 45879.9,
        "tmi_anomaly_nT": 879.9,
        "elevation_mdpl": 194.7,
        "geochem_assay_ratio": 2.83
      },
      "geometry": {
        "type": "Polygon",
        "coordinates": [
          [
            [
              121.79,
              -2.906
            ],
            [
              121.798,
              -2.906
            ],
            [
              121.798,
              -2.898
            ],
            [
              121.79,
              -2.898
            ],
            [
              121.79,
              -2.906
            ]
          ]
        ]
      }
    },
    {
      "type": "Feature",
      "properties": {
        "grid_id": "MOR062",
        "site": "morowali",
        "location_label": "Morowali Central Ultramafic Belt (IMIP Block) - Sulawesi Tengah nickel laterite",
        "lithology": "mafic_volcanic_simulated",
        "slope_deg": 4.8,
        "distance_to_river_m": 1504,
        "distance_to_road_m": 1709,
        "legal_status": "allowed",
        "distance_to_smelter_km": 58.8,
        "area_ha": 0.79,
        "region_id": "SW",
        "fe_oxide_index": 1.457,
        "clay_index": 1.02,
        "ndvi_stress_index": 0.665,
        "tmi_structural_nT": 45172.6,
        "tmi_anomaly_nT": 172.6,
        "elevation_mdpl": 206.9,
        "geochem_assay_ratio": 4.57
      },
      "geometry": {
        "type": "Polygon",
        "coordinates": [
          [
            [
              121.798,
              -2.906
            ],
            [
              121.806,
              -2.906
            ],
            [
              121.806,
              -2.898
            ],
            [
              121.798,
              -2.898
            ],
            [
              121.798,
              -2.906
            ]
          ]
        ]
      }
    },
    {
      "type": "Feature",
      "properties": {
        "grid_id": "MOR063",
        "site": "morowali",
        "location_label": "Morowali Central Ultramafic Belt (IMIP Block) - Sulawesi Tengah nickel laterite",
        "lithology": "serpentinite_simulated",
        "slope_deg": 13.7,
        "distance_to_river_m": 964,
        "distance_to_road_m": 3402,
        "legal_status": "allowed",
        "distance_to_smelter_km": 55.4,
        "area_ha": 0.79,
        "region_id": "SW",
        "fe_oxide_index": 2.48,
        "clay_index": 1.841,
        "ndvi_stress_index": 0.288,
        "tmi_structural_nT": 45645.7,
        "tmi_anomaly_nT": 645.7,
        "elevation_mdpl": 225.8,
        "geochem_assay_ratio": 2.86
      },
      "geometry": {
        "type": "Polygon",
        "coordinates": [
          [
            [
              121.806,
              -2.906
            ],
            [
              121.814,
              -2.906
            ],
            [
              121.814,
              -2.898
            ],
            [
              121.806,
              -2.898
            ],
            [
              121.806,
              -2.906
            ]
          ]
        ]
      }
    },
    {
      "type": "Feature",
      "properties": {
        "grid_id": "MOR064",
        "site": "morowali",
        "location_label": "Morowali Central Ultramafic Belt (IMIP Block) - Sulawesi Tengah nickel laterite",
        "lithology": "peridotite_simulated",
        "slope_deg": 5.6,
        "distance_to_river_m": 1627,
        "distance_to_road_m": 4149,
        "legal_status": "allowed",
        "distance_to_smelter_km": 52.2,
        "area_ha": 0.79,
        "region_id": "SW",
        "fe_oxide_index": 1.962,
        "clay_index": 2.309,
        "ndvi_stress_index": 0.257,
        "tmi_structural_nT": 45676.8,
        "tmi_anomaly_nT": 676.8,
        "elevation_mdpl": 229.4,
        "geochem_assay_ratio": 2.75
      },
      "geometry": {
        "type": "Polygon",
        "coordinates": [
          [
            [
              121.814,
              -2.906
            ],
            [
              121.822,
              -2.906
            ],
            [
              121.822,
              -2.898
            ],
            [
              121.814,
              -2.898
            ],
            [
              121.814,
              -2.906
            ]
          ]
        ]
      }
    },
    {
      "type": "Feature",
      "properties": {
        "grid_id": "MOR065",
        "site": "morowali",
        "location_label": "Morowali Central Ultramafic Belt (IMIP Block) - Sulawesi Tengah nickel laterite",
        "lithology": "serpentinite_simulated",
        "slope_deg": 12.2,
        "distance_to_river_m": 2158,
        "distance_to_road_m": 1464,
        "legal_status": "allowed",
        "distance_to_smelter_km": 49.3,
        "area_ha": 0.79,
        "region_id": "SW",
        "fe_oxide_index": 2.284,
        "clay_index": 1.935,
        "ndvi_stress_index": 0.214,
        "tmi_structural_nT": 45926.5,
        "tmi_anomaly_nT": 926.5,
        "elevation_mdpl": 241.1,
        "geochem_assay_ratio": 1.73
      },
      "geometry": {
        "type": "Polygon",
        "coordinates": [
          [
            [
              121.822,
              -2.906
            ],
            [
              121.83,
              -2.906
            ],
            [
              121.83,
              -2.898
            ],
            [
              121.822,
              -2.898
            ],
            [
              121.822,
              -2.906
            ]
          ]
        ]
      }
    },
    {
      "type": "Feature",
      "properties": {
        "grid_id": "MOR066",
        "site": "morowali",
        "location_label": "Morowali Central Ultramafic Belt (IMIP Block) - Sulawesi Tengah nickel laterite",
        "lithology": "serpentinite_simulated",
        "slope_deg": 14.4,
        "distance_to_river_m": 1083,
        "distance_to_road_m": 4370,
        "legal_status": "allowed",
        "distance_to_smelter_km": 46.6,
        "area_ha": 0.79,
        "region_id": "SW",
        "fe_oxide_index": 2.16,
        "clay_index": 2.117,
        "ndvi_stress_index": 0.345,
        "tmi_structural_nT": 45202.2,
        "tmi_anomaly_nT": 202.2,
        "elevation_mdpl": 266.0,
        "geochem_assay_ratio": 3.09
      },
      "geometry": {
        "type": "Polygon",
        "coordinates": [
          [
            [
              121.83,
              -2.906
            ],
            [
              121.838,
              -2.906
            ],
            [
              121.838,
              -2.898
            ],
            [
              121.83,
              -2.898
            ],
            [
              121.83,
              -2.906
            ]
          ]
        ]
      }
    },
    {
      "type": "Feature",
      "properties": {
        "grid_id": "MOR067",
        "site": "morowali",
        "location_label": "Morowali Central Ultramafic Belt (IMIP Block) - Sulawesi Tengah nickel laterite",
        "lithology": "mafic_volcanic_simulated",
        "slope_deg": 5.2,
        "distance_to_river_m": 1296,
        "distance_to_road_m": 2360,
        "legal_status": "allowed",
        "distance_to_smelter_km": 44.3,
        "area_ha": 0.79,
        "region_id": "SW",
        "fe_oxide_index": 1.523,
        "clay_index": 1.291,
        "ndvi_stress_index": 0.575,
        "tmi_structural_nT": 44437.7,
        "tmi_anomaly_nT": -562.3,
        "elevation_mdpl": 263.9,
        "geochem_assay_ratio": 4.03
      },
      "geometry": {
        "type": "Polygon",
        "coordinates": [
          [
            [
              121.838,
              -2.906
            ],
            [
              121.846,
              -2.906
            ],
            [
              121.846,
              -2.898
            ],
            [
              121.838,
              -2.898
            ],
            [
              121.838,
              -2.906
            ]
          ]
        ]
      }
    },
    {
      "type": "Feature",
      "properties": {
        "grid_id": "MOR068",
        "site": "morowali",
        "location_label": "Morowali Central Ultramafic Belt (IMIP Block) - Sulawesi Tengah nickel laterite",
        "lithology": "serpentinite_simulated",
        "slope_deg": 13.3,
        "distance_to_river_m": 1797,
        "distance_to_road_m": 3020,
        "legal_status": "allowed",
        "distance_to_smelter_km": 42.5,
        "area_ha": 0.79,
        "region_id": "SW",
        "fe_oxide_index": 2.447,
        "clay_index": 2.406,
        "ndvi_stress_index": 0.209,
        "tmi_structural_nT": 45691.7,
        "tmi_anomaly_nT": 691.7,
        "elevation_mdpl": 227.3,
        "geochem_assay_ratio": 1.51
      },
      "geometry": {
        "type": "Polygon",
        "coordinates": [
          [
            [
              121.846,
              -2.906
            ],
            [
              121.854,
              -2.906
            ],
            [
              121.854,
              -2.898
            ],
            [
              121.846,
              -2.898
            ],
            [
              121.846,
              -2.906
            ]
          ]
        ]
      }
    },
    {
      "type": "Feature",
      "properties": {
        "grid_id": "MOR069",
        "site": "morowali",
        "location_label": "Morowali Central Ultramafic Belt (IMIP Block) - Sulawesi Tengah nickel laterite",
        "lithology": "peridotite_simulated",
        "slope_deg": 7.3,
        "distance_to_river_m": 569,
        "distance_to_road_m": 2395,
        "legal_status": "allowed",
        "distance_to_smelter_km": 41.2,
        "area_ha": 0.79,
        "region_id": "SW",
        "fe_oxide_index": 2.578,
        "clay_index": 2.169,
        "ndvi_stress_index": 0.31,
        "tmi_structural_nT": 45439.5,
        "tmi_anomaly_nT": 439.5,
        "elevation_mdpl": 238.8,
        "geochem_assay_ratio": 3.14
      },
      "geometry": {
        "type": "Polygon",
        "coordinates": [
          [
            [
              121.854,
              -2.906
            ],
            [
              121.862,
              -2.906
            ],
            [
              121.862,
              -2.898
            ],
            [
              121.854,
              -2.898
            ],
            [
              121.854,
              -2.906
            ]
          ]
        ]
      }
    },
    {
      "type": "Feature",
      "properties": {
        "grid_id": "MOR070",
        "site": "morowali",
        "location_label": "Morowali Central Ultramafic Belt (IMIP Block) - Sulawesi Tengah nickel laterite",
        "lithology": "alluvium",
        "slope_deg": 5.4,
        "distance_to_river_m": 2216,
        "distance_to_road_m": 4015,
        "legal_status": "allowed",
        "distance_to_smelter_km": 40.5,
        "area_ha": 0.79,
        "region_id": "SW",
        "fe_oxide_index": 1.12,
        "clay_index": 1.102,
        "ndvi_stress_index": 0.677,
        "tmi_structural_nT": 44955.5,
        "tmi_anomaly_nT": -44.5,
        "elevation_mdpl": 198.2,
        "geochem_assay_ratio": 3.75
      },
      "geometry": {
        "type": "Polygon",
        "coordinates": [
          [
            [
              121.862,
              -2.906
            ],
            [
              121.87,
              -2.906
            ],
            [
              121.87,
              -2.898
            ],
            [
              121.862,
              -2.898
            ],
            [
              121.862,
              -2.906
            ]
          ]
        ]
      }
    },
    {
      "type": "Feature",
      "properties": {
        "grid_id": "MOR071",
        "site": "morowali",
        "location_label": "Morowali Central Ultramafic Belt (IMIP Block) - Sulawesi Tengah nickel laterite",
        "lithology": "serpentinite_simulated",
        "slope_deg": 9.7,
        "distance_to_river_m": 1894,
        "distance_to_road_m": 1046,
        "legal_status": "allowed",
        "distance_to_smelter_km": 40.5,
        "area_ha": 0.79,
        "region_id": "SE",
        "fe_oxide_index": 2.807,
        "clay_index": 2.047,
        "ndvi_stress_index": 0.373,
        "tmi_structural_nT": 45272.9,
        "tmi_anomaly_nT": 272.9,
        "elevation_mdpl": 234.3,
        "geochem_assay_ratio": 2.87
      },
      "geometry": {
        "type": "Polygon",
        "coordinates": [
          [
            [
              121.87,
              -2.906
            ],
            [
              121.878,
              -2.906
            ],
            [
              121.878,
              -2.898
            ],
            [
              121.87,
              -2.898
            ],
            [
              121.87,
              -2.906
            ]
          ]
        ]
      }
    },
    {
      "type": "Feature",
      "properties": {
        "grid_id": "MOR072",
        "site": "morowali",
        "location_label": "Morowali Central Ultramafic Belt (IMIP Block) - Sulawesi Tengah nickel laterite",
        "lithology": "serpentinite_simulated",
        "slope_deg": 9.0,
        "distance_to_river_m": 2006,
        "distance_to_road_m": 4084,
        "legal_status": "allowed",
        "distance_to_smelter_km": 41.2,
        "area_ha": 0.79,
        "region_id": "SE",
        "fe_oxide_index": 2.584,
        "clay_index": 1.909,
        "ndvi_stress_index": 0.331,
        "tmi_structural_nT": 45583.8,
        "tmi_anomaly_nT": 583.8,
        "elevation_mdpl": 217.9,
        "geochem_assay_ratio": 2.95
      },
      "geometry": {
        "type": "Polygon",
        "coordinates": [
          [
            [
              121.878,
              -2.906
            ],
            [
              121.886,
              -2.906
            ],
            [
              121.886,
              -2.898
            ],
            [
              121.878,
              -2.898
            ],
            [
              121.878,
              -2.906
            ]
          ]
        ]
      }
    },
    {
      "type": "Feature",
      "properties": {
        "grid_id": "MOR073",
        "site": "morowali",
        "location_label": "Morowali Central Ultramafic Belt (IMIP Block) - Sulawesi Tengah nickel laterite",
        "lithology": "mafic_volcanic_simulated",
        "slope_deg": 11.2,
        "distance_to_river_m": 2423,
        "distance_to_road_m": 4320,
        "legal_status": "allowed",
        "distance_to_smelter_km": 42.5,
        "area_ha": 0.79,
        "region_id": "SE",
        "fe_oxide_index": 1.204,
        "clay_index": 1.288,
        "ndvi_stress_index": 0.659,
        "tmi_structural_nT": 45014.8,
        "tmi_anomaly_nT": 14.8,
        "elevation_mdpl": 254.1,
        "geochem_assay_ratio": 5.7
      },
      "geometry": {
        "type": "Polygon",
        "coordinates": [
          [
            [
              121.886,
              -2.906
            ],
            [
              121.894,
              -2.906
            ],
            [
              121.894,
              -2.898
            ],
            [
              121.886,
              -2.898
            ],
            [
              121.886,
              -2.906
            ]
          ]
        ]
      }
    },
    {
      "type": "Feature",
      "properties": {
        "grid_id": "MOR074",
        "site": "morowali",
        "location_label": "Morowali Central Ultramafic Belt (IMIP Block) - Sulawesi Tengah nickel laterite",
        "lithology": "peridotite_simulated",
        "slope_deg": 9.4,
        "distance_to_river_m": 1675,
        "distance_to_road_m": 3409,
        "legal_status": "allowed",
        "distance_to_smelter_km": 44.3,
        "area_ha": 0.79,
        "region_id": "SE",
        "fe_oxide_index": 2.649,
        "clay_index": 1.846,
        "ndvi_stress_index": 0.406,
        "tmi_structural_nT": 45671.0,
        "tmi_anomaly_nT": 671.0,
        "elevation_mdpl": 206.1,
        "geochem_assay_ratio": 1.86
      },
      "geometry": {
        "type": "Polygon",
        "coordinates": [
          [
            [
              121.894,
              -2.906
            ],
            [
              121.902,
              -2.906
            ],
            [
              121.902,
              -2.898
            ],
            [
              121.894,
              -2.898
            ],
            [
              121.894,
              -2.906
            ]
          ]
        ]
      }
    },
    {
      "type": "Feature",
      "properties": {
        "grid_id": "MOR075",
        "site": "morowali",
        "location_label": "Morowali Central Ultramafic Belt (IMIP Block) - Sulawesi Tengah nickel laterite",
        "lithology": "serpentinite_simulated",
        "slope_deg": 10.4,
        "distance_to_river_m": 1475,
        "distance_to_road_m": 4147,
        "legal_status": "allowed",
        "distance_to_smelter_km": 46.6,
        "area_ha": 0.79,
        "region_id": "SE",
        "fe_oxide_index": 2.653,
        "clay_index": 2.24,
        "ndvi_stress_index": 0.204,
        "tmi_structural_nT": 45893.2,
        "tmi_anomaly_nT": 893.2,
        "elevation_mdpl": 219.7,
        "geochem_assay_ratio": 2.82
      },
      "geometry": {
        "type": "Polygon",
        "coordinates": [
          [
            [
              121.902,
              -2.906
            ],
            [
              121.91,
              -2.906
            ],
            [
              121.91,
              -2.898
            ],
            [
              121.902,
              -2.898
            ],
            [
              121.902,
              -2.906
            ]
          ]
        ]
      }
    },
    {
      "type": "Feature",
      "properties": {
        "grid_id": "MOR076",
        "site": "morowali",
        "location_label": "Morowali Central Ultramafic Belt (IMIP Block) - Sulawesi Tengah nickel laterite",
        "lithology": "serpentinite_simulated",
        "slope_deg": 13.2,
        "distance_to_river_m": 1921,
        "distance_to_road_m": 4490,
        "legal_status": "allowed",
        "distance_to_smelter_km": 49.3,
        "area_ha": 0.79,
        "region_id": "SE",
        "fe_oxide_index": 2.092,
        "clay_index": 1.857,
        "ndvi_stress_index": 0.401,
        "tmi_structural_nT": 45745.4,
        "tmi_anomaly_nT": 745.4,
        "elevation_mdpl": 261.5,
        "geochem_assay_ratio": 2.94
      },
      "geometry": {
        "type": "Polygon",
        "coordinates": [
          [
            [
              121.91,
              -2.906
            ],
            [
              121.918,
              -2.906
            ],
            [
              121.918,
              -2.898
            ],
            [
              121.91,
              -2.898
            ],
            [
              121.91,
              -2.906
            ]
          ]
        ]
      }
    },
    {
      "type": "Feature",
      "properties": {
        "grid_id": "MOR077",
        "site": "morowali",
        "location_label": "Morowali Central Ultramafic Belt (IMIP Block) - Sulawesi Tengah nickel laterite",
        "lithology": "serpentinite_simulated",
        "slope_deg": 10.7,
        "distance_to_river_m": 635,
        "distance_to_road_m": 370,
        "legal_status": "allowed",
        "distance_to_smelter_km": 52.2,
        "area_ha": 0.79,
        "region_id": "SE",
        "fe_oxide_index": 2.021,
        "clay_index": 2.104,
        "ndvi_stress_index": 0.202,
        "tmi_structural_nT": 46067.4,
        "tmi_anomaly_nT": 1067.4,
        "elevation_mdpl": 194.5,
        "geochem_assay_ratio": 1.49
      },
      "geometry": {
        "type": "Polygon",
        "coordinates": [
          [
            [
              121.918,
              -2.906
            ],
            [
              121.926,
              -2.906
            ],
            [
              121.926,
              -2.898
            ],
            [
              121.918,
              -2.898
            ],
            [
              121.918,
              -2.906
            ]
          ]
        ]
      }
    },
    {
      "type": "Feature",
      "properties": {
        "grid_id": "MOR078",
        "site": "morowali",
        "location_label": "Morowali Central Ultramafic Belt (IMIP Block) - Sulawesi Tengah nickel laterite",
        "lithology": "ultramafic_simulated",
        "slope_deg": 14.2,
        "distance_to_river_m": 1943,
        "distance_to_road_m": 4219,
        "legal_status": "allowed",
        "distance_to_smelter_km": 55.4,
        "area_ha": 0.79,
        "region_id": "SE",
        "fe_oxide_index": 2.566,
        "clay_index": 1.631,
        "ndvi_stress_index": 0.317,
        "tmi_structural_nT": 45531.4,
        "tmi_anomaly_nT": 531.4,
        "elevation_mdpl": 213.7,
        "geochem_assay_ratio": 2.37
      },
      "geometry": {
        "type": "Polygon",
        "coordinates": [
          [
            [
              121.926,
              -2.906
            ],
            [
              121.934,
              -2.906
            ],
            [
              121.934,
              -2.898
            ],
            [
              121.926,
              -2.898
            ],
            [
              121.926,
              -2.906
            ]
          ]
        ]
      }
    },
    {
      "type": "Feature",
      "properties": {
        "grid_id": "MOR079",
        "site": "morowali",
        "location_label": "Morowali Central Ultramafic Belt (IMIP Block) - Sulawesi Tengah nickel laterite",
        "lithology": "ultramafic_simulated",
        "slope_deg": 10.5,
        "distance_to_river_m": 1805,
        "distance_to_road_m": 1872,
        "legal_status": "allowed",
        "distance_to_smelter_km": 58.8,
        "area_ha": 0.79,
        "region_id": "SE",
        "fe_oxide_index": 2.646,
        "clay_index": 1.782,
        "ndvi_stress_index": 0.34,
        "tmi_structural_nT": 45696.2,
        "tmi_anomaly_nT": 696.2,
        "elevation_mdpl": 192.8,
        "geochem_assay_ratio": 2.65
      },
      "geometry": {
        "type": "Polygon",
        "coordinates": [
          [
            [
              121.934,
              -2.906
            ],
            [
              121.942,
              -2.906
            ],
            [
              121.942,
              -2.898
            ],
            [
              121.934,
              -2.898
            ],
            [
              121.934,
              -2.906
            ]
          ]
        ]
      }
    },
    {
      "type": "Feature",
      "properties": {
        "grid_id": "MOR080",
        "site": "morowali",
        "location_label": "Morowali Central Ultramafic Belt (IMIP Block) - Sulawesi Tengah nickel laterite",
        "lithology": "serpentinite_simulated",
        "slope_deg": 5.8,
        "distance_to_river_m": 715,
        "distance_to_road_m": 2404,
        "legal_status": "allowed",
        "distance_to_smelter_km": 62.4,
        "area_ha": 0.79,
        "region_id": "SE",
        "fe_oxide_index": 1.865,
        "clay_index": 2.211,
        "ndvi_stress_index": 0.411,
        "tmi_structural_nT": 45531.2,
        "tmi_anomaly_nT": 531.2,
        "elevation_mdpl": 266.2,
        "geochem_assay_ratio": 1.44
      },
      "geometry": {
        "type": "Polygon",
        "coordinates": [
          [
            [
              121.942,
              -2.906
            ],
            [
              121.95,
              -2.906
            ],
            [
              121.95,
              -2.898
            ],
            [
              121.942,
              -2.898
            ],
            [
              121.942,
              -2.906
            ]
          ]
        ]
      }
    },
    {
      "type": "Feature",
      "properties": {
        "grid_id": "MOR081",
        "site": "morowali",
        "location_label": "Morowali Central Ultramafic Belt (IMIP Block) - Sulawesi Tengah nickel laterite",
        "lithology": "peridotite_simulated",
        "slope_deg": 8.1,
        "distance_to_river_m": 2252,
        "distance_to_road_m": 1629,
        "legal_status": "allowed",
        "distance_to_smelter_km": 60.0,
        "area_ha": 0.79,
        "region_id": "SW",
        "fe_oxide_index": 2.511,
        "clay_index": 2.448,
        "ndvi_stress_index": 0.269,
        "tmi_structural_nT": 45525.2,
        "tmi_anomaly_nT": 525.2,
        "elevation_mdpl": 197.2,
        "geochem_assay_ratio": 1.84
      },
      "geometry": {
        "type": "Polygon",
        "coordinates": [
          [
            [
              121.79,
              -2.898
            ],
            [
              121.798,
              -2.898
            ],
            [
              121.798,
              -2.89
            ],
            [
              121.79,
              -2.89
            ],
            [
              121.79,
              -2.898
            ]
          ]
        ]
      }
    },
    {
      "type": "Feature",
      "properties": {
        "grid_id": "MOR082",
        "site": "morowali",
        "location_label": "Morowali Central Ultramafic Belt (IMIP Block) - Sulawesi Tengah nickel laterite",
        "lithology": "peridotite_simulated",
        "slope_deg": 9.7,
        "distance_to_river_m": 2065,
        "distance_to_road_m": 3131,
        "legal_status": "allowed",
        "distance_to_smelter_km": 56.3,
        "area_ha": 0.79,
        "region_id": "SW",
        "fe_oxide_index": 1.832,
        "clay_index": 2.212,
        "ndvi_stress_index": 0.414,
        "tmi_structural_nT": 45804.3,
        "tmi_anomaly_nT": 804.3,
        "elevation_mdpl": 226.3,
        "geochem_assay_ratio": 1.75
      },
      "geometry": {
        "type": "Polygon",
        "coordinates": [
          [
            [
              121.798,
              -2.898
            ],
            [
              121.806,
              -2.898
            ],
            [
              121.806,
              -2.89
            ],
            [
              121.798,
              -2.89
            ],
            [
              121.798,
              -2.898
            ]
          ]
        ]
      }
    },
    {
      "type": "Feature",
      "properties": {
        "grid_id": "MOR083",
        "site": "morowali",
        "location_label": "Morowali Central Ultramafic Belt (IMIP Block) - Sulawesi Tengah nickel laterite",
        "lithology": "peridotite_simulated",
        "slope_deg": 8.7,
        "distance_to_river_m": 769,
        "distance_to_road_m": 473,
        "legal_status": "allowed",
        "distance_to_smelter_km": 52.7,
        "area_ha": 0.79,
        "region_id": "SW",
        "fe_oxide_index": 2.716,
        "clay_index": 1.77,
        "ndvi_stress_index": 0.277,
        "tmi_structural_nT": 45922.6,
        "tmi_anomaly_nT": 922.6,
        "elevation_mdpl": 271.9,
        "geochem_assay_ratio": 2.19
      },
      "geometry": {
        "type": "Polygon",
        "coordinates": [
          [
            [
              121.806,
              -2.898
            ],
            [
              121.814,
              -2.898
            ],
            [
              121.814,
              -2.89
            ],
            [
              121.806,
              -2.89
            ],
            [
              121.806,
              -2.898
            ]
          ]
        ]
      }
    },
    {
      "type": "Feature",
      "properties": {
        "grid_id": "MOR084",
        "site": "morowali",
        "location_label": "Morowali Central Ultramafic Belt (IMIP Block) - Sulawesi Tengah nickel laterite",
        "lithology": "ultramafic_simulated",
        "slope_deg": 5.4,
        "distance_to_river_m": 765,
        "distance_to_road_m": 432,
        "legal_status": "allowed",
        "distance_to_smelter_km": 49.3,
        "area_ha": 0.79,
        "region_id": "SW",
        "fe_oxide_index": 2.371,
        "clay_index": 2.4,
        "ndvi_stress_index": 0.196,
        "tmi_structural_nT": 45814.9,
        "tmi_anomaly_nT": 814.9,
        "elevation_mdpl": 255.7,
        "geochem_assay_ratio": 2.94
      },
      "geometry": {
        "type": "Polygon",
        "coordinates": [
          [
            [
              121.814,
              -2.898
            ],
            [
              121.822,
              -2.898
            ],
            [
              121.822,
              -2.89
            ],
            [
              121.814,
              -2.89
            ],
            [
              121.814,
              -2.898
            ]
          ]
        ]
      }
    },
    {
      "type": "Feature",
      "properties": {
        "grid_id": "MOR085",
        "site": "morowali",
        "location_label": "Morowali Central Ultramafic Belt (IMIP Block) - Sulawesi Tengah nickel laterite",
        "lithology": "peridotite_simulated",
        "slope_deg": 11.5,
        "distance_to_river_m": 2068,
        "distance_to_road_m": 1936,
        "legal_status": "allowed",
        "distance_to_smelter_km": 46.0,
        "area_ha": 0.79,
        "region_id": "SW",
        "fe_oxide_index": 2.231,
        "clay_index": 1.925,
        "ndvi_stress_index": 0.204,
        "tmi_structural_nT": 45316.3,
        "tmi_anomaly_nT": 316.3,
        "elevation_mdpl": 208.7,
        "geochem_assay_ratio": 1.49
      },
      "geometry": {
        "type": "Polygon",
        "coordinates": [
          [
            [
              121.822,
              -2.898
            ],
            [
              121.83,
              -2.898
            ],
            [
              121.83,
              -2.89
            ],
            [
              121.822,
              -2.89
            ],
            [
              121.822,
              -2.898
            ]
          ]
        ]
      }
    },
    {
      "type": "Feature",
      "properties": {
        "grid_id": "MOR086",
        "site": "morowali",
        "location_label": "Morowali Central Ultramafic Belt (IMIP Block) - Sulawesi Tengah nickel laterite",
        "lithology": "serpentinite_simulated",
        "slope_deg": 9.1,
        "distance_to_river_m": 1376,
        "distance_to_road_m": 3752,
        "legal_status": "allowed",
        "distance_to_smelter_km": 43.1,
        "area_ha": 0.79,
        "region_id": "SW",
        "fe_oxide_index": 1.893,
        "clay_index": 1.647,
        "ndvi_stress_index": 0.218,
        "tmi_structural_nT": 45765.4,
        "tmi_anomaly_nT": 765.4,
        "elevation_mdpl": 182.7,
        "geochem_assay_ratio": 2.85
      },
      "geometry": {
        "type": "Polygon",
        "coordinates": [
          [
            [
              121.83,
              -2.898
            ],
            [
              121.838,
              -2.898
            ],
            [
              121.838,
              -2.89
            ],
            [
              121.83,
              -2.89
            ],
            [
              121.83,
              -2.898
            ]
          ]
        ]
      }
    },
    {
      "type": "Feature",
      "properties": {
        "grid_id": "MOR087",
        "site": "morowali",
        "location_label": "Morowali Central Ultramafic Belt (IMIP Block) - Sulawesi Tengah nickel laterite",
        "lithology": "alluvium",
        "slope_deg": 14.2,
        "distance_to_river_m": 1359,
        "distance_to_road_m": 3734,
        "legal_status": "allowed",
        "distance_to_smelter_km": 40.5,
        "area_ha": 0.79,
        "region_id": "SW",
        "fe_oxide_index": 1.555,
        "clay_index": 1.226,
        "ndvi_stress_index": 0.746,
        "tmi_structural_nT": 44756.1,
        "tmi_anomaly_nT": -243.9,
        "elevation_mdpl": 231.3,
        "geochem_assay_ratio": 5.82
      },
      "geometry": {
        "type": "Polygon",
        "coordinates": [
          [
            [
              121.838,
              -2.898
            ],
            [
              121.846,
              -2.898
            ],
            [
              121.846,
              -2.89
            ],
            [
              121.838,
              -2.89
            ],
            [
              121.838,
              -2.898
            ]
          ]
        ]
      }
    },
    {
      "type": "Feature",
      "properties": {
        "grid_id": "MOR088",
        "site": "morowali",
        "location_label": "Morowali Central Ultramafic Belt (IMIP Block) - Sulawesi Tengah nickel laterite",
        "lithology": "peridotite_simulated",
        "slope_deg": 4.9,
        "distance_to_river_m": 546,
        "distance_to_road_m": 4048,
        "legal_status": "allowed",
        "distance_to_smelter_km": 38.4,
        "area_ha": 0.79,
        "region_id": "SW",
        "fe_oxide_index": 2.631,
        "clay_index": 2.11,
        "ndvi_stress_index": 0.282,
        "tmi_structural_nT": 46003.8,
        "tmi_anomaly_nT": 1003.8,
        "elevation_mdpl": 195.0,
        "geochem_assay_ratio": 2.71
      },
      "geometry": {
        "type": "Polygon",
        "coordinates": [
          [
            [
              121.846,
              -2.898
            ],
            [
              121.854,
              -2.898
            ],
            [
              121.854,
              -2.89
            ],
            [
              121.846,
              -2.89
            ],
            [
              121.846,
              -2.898
            ]
          ]
        ]
      }
    },
    {
      "type": "Feature",
      "properties": {
        "grid_id": "MOR089",
        "site": "morowali",
        "location_label": "Morowali Central Ultramafic Belt (IMIP Block) - Sulawesi Tengah nickel laterite",
        "lithology": "peridotite_simulated",
        "slope_deg": 7.7,
        "distance_to_river_m": 1056,
        "distance_to_road_m": 794,
        "legal_status": "allowed",
        "distance_to_smelter_km": 36.9,
        "area_ha": 0.79,
        "region_id": "SW",
        "fe_oxide_index": 2.702,
        "clay_index": 2.16,
        "ndvi_stress_index": 0.334,
        "tmi_structural_nT": 45281.7,
        "tmi_anomaly_nT": 281.7,
        "elevation_mdpl": 244.0,
        "geochem_assay_ratio": 2.99
      },
      "geometry": {
        "type": "Polygon",
        "coordinates": [
          [
            [
              121.854,
              -2.898
            ],
            [
              121.862,
              -2.898
            ],
            [
              121.862,
              -2.89
            ],
            [
              121.854,
              -2.89
            ],
            [
              121.854,
              -2.898
            ]
          ]
        ]
      }
    },
    {
      "type": "Feature",
      "properties": {
        "grid_id": "MOR090",
        "site": "morowali",
        "location_label": "Morowali Central Ultramafic Belt (IMIP Block) - Sulawesi Tengah nickel laterite",
        "lithology": "peridotite_simulated",
        "slope_deg": 5.4,
        "distance_to_river_m": 1346,
        "distance_to_road_m": 2732,
        "legal_status": "allowed",
        "distance_to_smelter_km": 36.2,
        "area_ha": 0.79,
        "region_id": "SW",
        "fe_oxide_index": 2.361,
        "clay_index": 2.053,
        "ndvi_stress_index": 0.3,
        "tmi_structural_nT": 45714.1,
        "tmi_anomaly_nT": 714.1,
        "elevation_mdpl": 268.0,
        "geochem_assay_ratio": 1.65
      },
      "geometry": {
        "type": "Polygon",
        "coordinates": [
          [
            [
              121.862,
              -2.898
            ],
            [
              121.87,
              -2.898
            ],
            [
              121.87,
              -2.89
            ],
            [
              121.862,
              -2.89
            ],
            [
              121.862,
              -2.898
            ]
          ]
        ]
      }
    },
    {
      "type": "Feature",
      "properties": {
        "grid_id": "MOR091",
        "site": "morowali",
        "location_label": "Morowali Central Ultramafic Belt (IMIP Block) - Sulawesi Tengah nickel laterite",
        "lithology": "ultramafic_simulated",
        "slope_deg": 5.2,
        "distance_to_river_m": 675,
        "distance_to_road_m": 3337,
        "legal_status": "allowed",
        "distance_to_smelter_km": 36.2,
        "area_ha": 0.79,
        "region_id": "SE",
        "fe_oxide_index": 2.83,
        "clay_index": 1.637,
        "ndvi_stress_index": 0.241,
        "tmi_structural_nT": 45656.3,
        "tmi_anomaly_nT": 656.3,
        "elevation_mdpl": 189.4,
        "geochem_assay_ratio": 2.0
      },
      "geometry": {
        "type": "Polygon",
        "coordinates": [
          [
            [
              121.87,
              -2.898
            ],
            [
              121.878,
              -2.898
            ],
            [
              121.878,
              -2.89
            ],
            [
              121.87,
              -2.89
            ],
            [
              121.87,
              -2.898
            ]
          ]
        ]
      }
    },
    {
      "type": "Feature",
      "properties": {
        "grid_id": "MOR092",
        "site": "morowali",
        "location_label": "Morowali Central Ultramafic Belt (IMIP Block) - Sulawesi Tengah nickel laterite",
        "lithology": "ultramafic_simulated",
        "slope_deg": 5.4,
        "distance_to_river_m": 780,
        "distance_to_road_m": 2584,
        "legal_status": "allowed",
        "distance_to_smelter_km": 36.9,
        "area_ha": 0.79,
        "region_id": "SE",
        "fe_oxide_index": 2.374,
        "clay_index": 2.413,
        "ndvi_stress_index": 0.355,
        "tmi_structural_nT": 45966.3,
        "tmi_anomaly_nT": 966.3,
        "elevation_mdpl": 226.2,
        "geochem_assay_ratio": 2.39
      },
      "geometry": {
        "type": "Polygon",
        "coordinates": [
          [
            [
              121.878,
              -2.898
            ],
            [
              121.886,
              -2.898
            ],
            [
              121.886,
              -2.89
            ],
            [
              121.878,
              -2.89
            ],
            [
              121.878,
              -2.898
            ]
          ]
        ]
      }
    },
    {
      "type": "Feature",
      "properties": {
        "grid_id": "MOR093",
        "site": "morowali",
        "location_label": "Morowali Central Ultramafic Belt (IMIP Block) - Sulawesi Tengah nickel laterite",
        "lithology": "peridotite_simulated",
        "slope_deg": 7.4,
        "distance_to_river_m": 2251,
        "distance_to_road_m": 725,
        "legal_status": "allowed",
        "distance_to_smelter_km": 38.4,
        "area_ha": 0.79,
        "region_id": "SE",
        "fe_oxide_index": 2.129,
        "clay_index": 2.161,
        "ndvi_stress_index": 0.207,
        "tmi_structural_nT": 45713.7,
        "tmi_anomaly_nT": 713.7,
        "elevation_mdpl": 252.2,
        "geochem_assay_ratio": 2.62
      },
      "geometry": {
        "type": "Polygon",
        "coordinates": [
          [
            [
              121.886,
              -2.898
            ],
            [
              121.894,
              -2.898
            ],
            [
              121.894,
              -2.89
            ],
            [
              121.886,
              -2.89
            ],
            [
              121.886,
              -2.898
            ]
          ]
        ]
      }
    },
    {
      "type": "Feature",
      "properties": {
        "grid_id": "MOR094",
        "site": "morowali",
        "location_label": "Morowali Central Ultramafic Belt (IMIP Block) - Sulawesi Tengah nickel laterite",
        "lithology": "peridotite_simulated",
        "slope_deg": 6.9,
        "distance_to_river_m": 1044,
        "distance_to_road_m": 582,
        "legal_status": "allowed",
        "distance_to_smelter_km": 40.5,
        "area_ha": 0.79,
        "region_id": "SE",
        "fe_oxide_index": 2.424,
        "clay_index": 2.154,
        "ndvi_stress_index": 0.252,
        "tmi_structural_nT": 45235.9,
        "tmi_anomaly_nT": 235.9,
        "elevation_mdpl": 233.0,
        "geochem_assay_ratio": 2.44
      },
      "geometry": {
        "type": "Polygon",
        "coordinates": [
          [
            [
              121.894,
              -2.898
            ],
            [
              121.902,
              -2.898
            ],
            [
              121.902,
              -2.89
            ],
            [
              121.894,
              -2.89
            ],
            [
              121.894,
              -2.898
            ]
          ]
        ]
      }
    },
    {
      "type": "Feature",
      "properties": {
        "grid_id": "MOR095",
        "site": "morowali",
        "location_label": "Morowali Central Ultramafic Belt (IMIP Block) - Sulawesi Tengah nickel laterite",
        "lithology": "peridotite_simulated",
        "slope_deg": 12.6,
        "distance_to_river_m": 896,
        "distance_to_road_m": 1674,
        "legal_status": "allowed",
        "distance_to_smelter_km": 43.1,
        "area_ha": 0.79,
        "region_id": "SE",
        "fe_oxide_index": 2.646,
        "clay_index": 1.625,
        "ndvi_stress_index": 0.211,
        "tmi_structural_nT": 45957.0,
        "tmi_anomaly_nT": 957.0,
        "elevation_mdpl": 217.0,
        "geochem_assay_ratio": 2.84
      },
      "geometry": {
        "type": "Polygon",
        "coordinates": [
          [
            [
              121.902,
              -2.898
            ],
            [
              121.91,
              -2.898
            ],
            [
              121.91,
              -2.89
            ],
            [
              121.902,
              -2.89
            ],
            [
              121.902,
              -2.898
            ]
          ]
        ]
      }
    },
    {
      "type": "Feature",
      "properties": {
        "grid_id": "MOR096",
        "site": "morowali",
        "location_label": "Morowali Central Ultramafic Belt (IMIP Block) - Sulawesi Tengah nickel laterite",
        "lithology": "mafic_volcanic_simulated",
        "slope_deg": 11.6,
        "distance_to_river_m": 1280,
        "distance_to_road_m": 2015,
        "legal_status": "allowed",
        "distance_to_smelter_km": 46.0,
        "area_ha": 0.79,
        "region_id": "SE",
        "fe_oxide_index": 1.334,
        "clay_index": 1.052,
        "ndvi_stress_index": 0.55,
        "tmi_structural_nT": 45109.1,
        "tmi_anomaly_nT": 109.1,
        "elevation_mdpl": 190.0,
        "geochem_assay_ratio": 4.43
      },
      "geometry": {
        "type": "Polygon",
        "coordinates": [
          [
            [
              121.91,
              -2.898
            ],
            [
              121.918,
              -2.898
            ],
            [
              121.918,
              -2.89
            ],
            [
              121.91,
              -2.89
            ],
            [
              121.91,
              -2.898
            ]
          ]
        ]
      }
    },
    {
      "type": "Feature",
      "properties": {
        "grid_id": "MOR097",
        "site": "morowali",
        "location_label": "Morowali Central Ultramafic Belt (IMIP Block) - Sulawesi Tengah nickel laterite",
        "lithology": "peridotite_simulated",
        "slope_deg": 14.4,
        "distance_to_river_m": 1210,
        "distance_to_road_m": 3610,
        "legal_status": "allowed",
        "distance_to_smelter_km": 49.3,
        "area_ha": 0.79,
        "region_id": "SE",
        "fe_oxide_index": 1.972,
        "clay_index": 2.29,
        "ndvi_stress_index": 0.198,
        "tmi_structural_nT": 45830.4,
        "tmi_anomaly_nT": 830.4,
        "elevation_mdpl": 272.0,
        "geochem_assay_ratio": 1.5
      },
      "geometry": {
        "type": "Polygon",
        "coordinates": [
          [
            [
              121.918,
              -2.898
            ],
            [
              121.926,
              -2.898
            ],
            [
              121.926,
              -2.89
            ],
            [
              121.918,
              -2.89
            ],
            [
              121.918,
              -2.898
            ]
          ]
        ]
      }
    },
    {
      "type": "Feature",
      "properties": {
        "grid_id": "MOR098",
        "site": "morowali",
        "location_label": "Morowali Central Ultramafic Belt (IMIP Block) - Sulawesi Tengah nickel laterite",
        "lithology": "mafic_volcanic_simulated",
        "slope_deg": 8.0,
        "distance_to_river_m": 1926,
        "distance_to_road_m": 4293,
        "legal_status": "allowed",
        "distance_to_smelter_km": 52.7,
        "area_ha": 0.79,
        "region_id": "SE",
        "fe_oxide_index": 1.32,
        "clay_index": 1.326,
        "ndvi_stress_index": 0.595,
        "tmi_structural_nT": 44545.6,
        "tmi_anomaly_nT": -454.4,
        "elevation_mdpl": 199.7,
        "geochem_assay_ratio": 5.7
      },
      "geometry": {
        "type": "Polygon",
        "coordinates": [
          [
            [
              121.926,
              -2.898
            ],
            [
              121.934,
              -2.898
            ],
            [
              121.934,
              -2.89
            ],
            [
              121.926,
              -2.89
            ],
            [
              121.926,
              -2.898
            ]
          ]
        ]
      }
    },
    {
      "type": "Feature",
      "properties": {
        "grid_id": "MOR099",
        "site": "morowali",
        "location_label": "Morowali Central Ultramafic Belt (IMIP Block) - Sulawesi Tengah nickel laterite",
        "lithology": "peridotite_simulated",
        "slope_deg": 12.2,
        "distance_to_river_m": 1315,
        "distance_to_road_m": 477,
        "legal_status": "allowed",
        "distance_to_smelter_km": 56.3,
        "area_ha": 0.79,
        "region_id": "SE",
        "fe_oxide_index": 2.198,
        "clay_index": 1.744,
        "ndvi_stress_index": 0.197,
        "tmi_structural_nT": 45574.7,
        "tmi_anomaly_nT": 574.7,
        "elevation_mdpl": 251.4,
        "geochem_assay_ratio": 2.58
      },
      "geometry": {
        "type": "Polygon",
        "coordinates": [
          [
            [
              121.934,
              -2.898
            ],
            [
              121.942,
              -2.898
            ],
            [
              121.942,
              -2.89
            ],
            [
              121.934,
              -2.89
            ],
            [
              121.934,
              -2.898
            ]
          ]
        ]
      }
    },
    {
      "type": "Feature",
      "properties": {
        "grid_id": "MOR100",
        "site": "morowali",
        "location_label": "Morowali Central Ultramafic Belt (IMIP Block) - Sulawesi Tengah nickel laterite",
        "lithology": "mafic_volcanic_simulated",
        "slope_deg": 12.7,
        "distance_to_river_m": 1898,
        "distance_to_road_m": 2486,
        "legal_status": "allowed",
        "distance_to_smelter_km": 60.0,
        "area_ha": 0.79,
        "region_id": "SE",
        "fe_oxide_index": 1.385,
        "clay_index": 1.143,
        "ndvi_stress_index": 0.753,
        "tmi_structural_nT": 45242.6,
        "tmi_anomaly_nT": 242.6,
        "elevation_mdpl": 214.5,
        "geochem_assay_ratio": 3.93
      },
      "geometry": {
        "type": "Polygon",
        "coordinates": [
          [
            [
              121.942,
              -2.898
            ],
            [
              121.95,
              -2.898
            ],
            [
              121.95,
              -2.89
            ],
            [
              121.942,
              -2.89
            ],
            [
              121.942,
              -2.898
            ]
          ]
        ]
      }
    },
    {
      "type": "Feature",
      "properties": {
        "grid_id": "MOR101",
        "site": "morowali",
        "location_label": "Morowali Central Ultramafic Belt (IMIP Block) - Sulawesi Tengah nickel laterite",
        "lithology": "ultramafic_simulated",
        "slope_deg": 6.7,
        "distance_to_river_m": 1562,
        "distance_to_road_m": 960,
        "legal_status": "allowed",
        "distance_to_smelter_km": 58.0,
        "area_ha": 0.79,
        "region_id": "SW",
        "fe_oxide_index": 2.494,
        "clay_index": 2.343,
        "ndvi_stress_index": 0.356,
        "tmi_structural_nT": 45903.9,
        "tmi_anomaly_nT": 903.9,
        "elevation_mdpl": 236.8,
        "geochem_assay_ratio": 2.17
      },
      "geometry": {
        "type": "Polygon",
        "coordinates": [
          [
            [
              121.79,
              -2.89
            ],
            [
              121.798,
              -2.89
            ],
            [
              121.798,
              -2.882
            ],
            [
              121.79,
              -2.882
            ],
            [
              121.79,
              -2.89
            ]
          ]
        ]
      }
    },
    {
      "type": "Feature",
      "properties": {
        "grid_id": "MOR102",
        "site": "morowali",
        "location_label": "Morowali Central Ultramafic Belt (IMIP Block) - Sulawesi Tengah nickel laterite",
        "lithology": "serpentinite_simulated",
        "slope_deg": 6.9,
        "distance_to_river_m": 2279,
        "distance_to_road_m": 3801,
        "legal_status": "allowed",
        "distance_to_smelter_km": 54.1,
        "area_ha": 0.79,
        "region_id": "SW",
        "fe_oxide_index": 1.971,
        "clay_index": 1.8,
        "ndvi_stress_index": 0.316,
        "tmi_structural_nT": 45203.2,
        "tmi_anomaly_nT": 203.2,
        "elevation_mdpl": 277.6,
        "geochem_assay_ratio": 3.17
      },
      "geometry": {
        "type": "Polygon",
        "coordinates": [
          [
            [
              121.798,
              -2.89
            ],
            [
              121.806,
              -2.89
            ],
            [
              121.806,
              -2.882
            ],
            [
              121.798,
              -2.882
            ],
            [
              121.798,
              -2.89
            ]
          ]
        ]
      }
    },
    {
      "type": "Feature",
      "properties": {
        "grid_id": "MOR103",
        "site": "morowali",
        "location_label": "Morowali Central Ultramafic Belt (IMIP Block) - Sulawesi Tengah nickel laterite",
        "lithology": "peridotite_simulated",
        "slope_deg": 5.3,
        "distance_to_river_m": 2291,
        "distance_to_road_m": 2458,
        "legal_status": "allowed",
        "distance_to_smelter_km": 50.3,
        "area_ha": 0.79,
        "region_id": "SW",
        "fe_oxide_index": 2.386,
        "clay_index": 2.282,
        "ndvi_stress_index": 0.295,
        "tmi_structural_nT": 45486.2,
        "tmi_anomaly_nT": 486.2,
        "elevation_mdpl": 181.1,
        "geochem_assay_ratio": 1.55
      },
      "geometry": {
        "type": "Polygon",
        "coordinates": [
          [
            [
              121.806,
              -2.89
            ],
            [
              121.814,
              -2.89
            ],
            [
              121.814,
              -2.882
            ],
            [
              121.806,
              -2.882
            ],
            [
              121.806,
              -2.89
            ]
          ]
        ]
      }
    },
    {
      "type": "Feature",
      "properties": {
        "grid_id": "MOR104",
        "site": "morowali",
        "location_label": "Morowali Central Ultramafic Belt (IMIP Block) - Sulawesi Tengah nickel laterite",
        "lithology": "peridotite_simulated",
        "slope_deg": 13.2,
        "distance_to_river_m": 2013,
        "distance_to_road_m": 495,
        "legal_status": "allowed",
        "distance_to_smelter_km": 46.6,
        "area_ha": 0.79,
        "region_id": "SW",
        "fe_oxide_index": 1.818,
        "clay_index": 2.31,
        "ndvi_stress_index": 0.277,
        "tmi_structural_nT": 45282.4,
        "tmi_anomaly_nT": 282.4,
        "elevation_mdpl": 217.0,
        "geochem_assay_ratio": 2.87
      },
      "geometry": {
        "type": "Polygon",
        "coordinates": [
          [
            [
              121.814,
              -2.89
            ],
            [
              121.822,
              -2.89
            ],
            [
              121.822,
              -2.882
            ],
            [
              121.814,
              -2.882
            ],
            [
              121.814,
              -2.89
            ]
          ]
        ]
      }
    },
    {
      "type": "Feature",
      "properties": {
        "grid_id": "MOR105",
        "site": "morowali",
        "location_label": "Morowali Central Ultramafic Belt (IMIP Block) - Sulawesi Tengah nickel laterite",
        "lithology": "serpentinite_simulated",
        "slope_deg": 12.9,
        "distance_to_river_m": 1437,
        "distance_to_road_m": 767,
        "legal_status": "allowed",
        "distance_to_smelter_km": 43.1,
        "area_ha": 0.79,
        "region_id": "SW",
        "fe_oxide_index": 2.421,
        "clay_index": 2.257,
        "ndvi_stress_index": 0.293,
        "tmi_structural_nT": 45622.8,
        "tmi_anomaly_nT": 622.8,
        "elevation_mdpl": 181.5,
        "geochem_assay_ratio": 2.79
      },
      "geometry": {
        "type": "Polygon",
        "coordinates": [
          [
            [
              121.822,
              -2.89
            ],
            [
              121.83,
              -2.89
            ],
            [
              121.83,
              -2.882
            ],
            [
              121.822,
              -2.882
            ],
            [
              121.822,
              -2.89
            ]
          ]
        ]
      }
    },
    {
      "type": "Feature",
      "properties": {
        "grid_id": "MOR106",
        "site": "morowali",
        "location_label": "Morowali Central Ultramafic Belt (IMIP Block) - Sulawesi Tengah nickel laterite",
        "lithology": "serpentinite_simulated",
        "slope_deg": 4.3,
        "distance_to_river_m": 2043,
        "distance_to_road_m": 2129,
        "legal_status": "allowed",
        "distance_to_smelter_km": 39.8,
        "area_ha": 0.79,
        "region_id": "SW",
        "fe_oxide_index": 2.398,
        "clay_index": 2.362,
        "ndvi_stress_index": 0.186,
        "tmi_structural_nT": 45694.7,
        "tmi_anomaly_nT": 694.7,
        "elevation_mdpl": 192.7,
        "geochem_assay_ratio": 3.1
      },
      "geometry": {
        "type": "Polygon",
        "coordinates": [
          [
            [
              121.83,
              -2.89
            ],
            [
              121.838,
              -2.89
            ],
            [
              121.838,
              -2.882
            ],
            [
              121.83,
              -2.882
            ],
            [
              121.83,
              -2.89
            ]
          ]
        ]
      }
    },
    {
      "type": "Feature",
      "properties": {
        "grid_id": "MOR107",
        "site": "morowali",
        "location_label": "Morowali Central Ultramafic Belt (IMIP Block) - Sulawesi Tengah nickel laterite",
        "lithology": "alluvium",
        "slope_deg": 9.1,
        "distance_to_river_m": 1240,
        "distance_to_road_m": 3280,
        "legal_status": "allowed",
        "distance_to_smelter_km": 36.9,
        "area_ha": 0.79,
        "region_id": "SW",
        "fe_oxide_index": 1.278,
        "clay_index": 1.301,
        "ndvi_stress_index": 0.72,
        "tmi_structural_nT": 44496.6,
        "tmi_anomaly_nT": -503.4,
        "elevation_mdpl": 247.3,
        "geochem_assay_ratio": 5.59
      },
      "geometry": {
        "type": "Polygon",
        "coordinates": [
          [
            [
              121.838,
              -2.89
            ],
            [
              121.846,
              -2.89
            ],
            [
              121.846,
              -2.882
            ],
            [
              121.838,
              -2.882
            ],
            [
              121.838,
              -2.89
            ]
          ]
        ]
      }
    },
    {
      "type": "Feature",
      "properties": {
        "grid_id": "MOR108",
        "site": "morowali",
        "location_label": "Morowali Central Ultramafic Belt (IMIP Block) - Sulawesi Tengah nickel laterite",
        "lithology": "serpentinite_simulated",
        "slope_deg": 13.1,
        "distance_to_river_m": 984,
        "distance_to_road_m": 1569,
        "legal_status": "allowed",
        "distance_to_smelter_km": 34.5,
        "area_ha": 0.79,
        "region_id": "SW",
        "fe_oxide_index": 2.135,
        "clay_index": 2.263,
        "ndvi_stress_index": 0.21,
        "tmi_structural_nT": 45944.9,
        "tmi_anomaly_nT": 944.9,
        "elevation_mdpl": 194.2,
        "geochem_assay_ratio": 2.92
      },
      "geometry": {
        "type": "Polygon",
        "coordinates": [
          [
            [
              121.846,
              -2.89
            ],
            [
              121.854,
              -2.89
            ],
            [
              121.854,
              -2.882
            ],
            [
              121.846,
              -2.882
            ],
            [
              121.846,
              -2.89
            ]
          ]
        ]
      }
    },
    {
      "type": "Feature",
      "properties": {
        "grid_id": "MOR109",
        "site": "morowali",
        "location_label": "Morowali Central Ultramafic Belt (IMIP Block) - Sulawesi Tengah nickel laterite",
        "lithology": "ultramafic_simulated",
        "slope_deg": 4.1,
        "distance_to_river_m": 386,
        "distance_to_road_m": 2509,
        "legal_status": "allowed",
        "distance_to_smelter_km": 32.8,
        "area_ha": 0.79,
        "region_id": "SW",
        "fe_oxide_index": 2.553,
        "clay_index": 1.804,
        "ndvi_stress_index": 0.213,
        "tmi_structural_nT": 45519.7,
        "tmi_anomaly_nT": 519.7,
        "elevation_mdpl": 218.9,
        "geochem_assay_ratio": 3.08
      },
      "geometry": {
        "type": "Polygon",
        "coordinates": [
          [
            [
              121.854,
              -2.89
            ],
            [
              121.862,
              -2.89
            ],
            [
              121.862,
              -2.882
            ],
            [
              121.854,
              -2.882
            ],
            [
              121.854,
              -2.89
            ]
          ]
        ]
      }
    },
    {
      "type": "Feature",
      "properties": {
        "grid_id": "MOR110",
        "site": "morowali",
        "location_label": "Morowali Central Ultramafic Belt (IMIP Block) - Sulawesi Tengah nickel laterite",
        "lithology": "ultramafic_simulated",
        "slope_deg": 6.5,
        "distance_to_river_m": 2075,
        "distance_to_road_m": 3645,
        "legal_status": "allowed",
        "distance_to_smelter_km": 31.8,
        "area_ha": 0.79,
        "region_id": "SW",
        "fe_oxide_index": 2.01,
        "clay_index": 1.628,
        "ndvi_stress_index": 0.197,
        "tmi_structural_nT": 45530.2,
        "tmi_anomaly_nT": 530.2,
        "elevation_mdpl": 211.4,
        "geochem_assay_ratio": 1.43
      },
      "geometry": {
        "type": "Polygon",
        "coordinates": [
          [
            [
              121.862,
              -2.89
            ],
            [
              121.87,
              -2.89
            ],
            [
              121.87,
              -2.882
            ],
            [
              121.862,
              -2.882
            ],
            [
              121.862,
              -2.89
            ]
          ]
        ]
      }
    },
    {
      "type": "Feature",
      "properties": {
        "grid_id": "MOR111",
        "site": "morowali",
        "location_label": "Morowali Central Ultramafic Belt (IMIP Block) - Sulawesi Tengah nickel laterite",
        "lithology": "ultramafic_simulated",
        "slope_deg": 8.5,
        "distance_to_river_m": 1880,
        "distance_to_road_m": 4331,
        "legal_status": "allowed",
        "distance_to_smelter_km": 31.8,
        "area_ha": 0.79,
        "region_id": "SE",
        "fe_oxide_index": 1.948,
        "clay_index": 2.003,
        "ndvi_stress_index": 0.373,
        "tmi_structural_nT": 45910.9,
        "tmi_anomaly_nT": 910.9,
        "elevation_mdpl": 188.3,
        "geochem_assay_ratio": 3.02
      },
      "geometry": {
        "type": "Polygon",
        "coordinates": [
          [
            [
              121.87,
              -2.89
            ],
            [
              121.878,
              -2.89
            ],
            [
              121.878,
              -2.882
            ],
            [
              121.87,
              -2.882
            ],
            [
              121.87,
              -2.89
            ]
          ]
        ]
      }
    },
    {
      "type": "Feature",
      "properties": {
        "grid_id": "MOR112",
        "site": "morowali",
        "location_label": "Morowali Central Ultramafic Belt (IMIP Block) - Sulawesi Tengah nickel laterite",
        "lithology": "peridotite_simulated",
        "slope_deg": 7.0,
        "distance_to_river_m": 1446,
        "distance_to_road_m": 512,
        "legal_status": "allowed",
        "distance_to_smelter_km": 32.8,
        "area_ha": 0.79,
        "region_id": "SE",
        "fe_oxide_index": 2.375,
        "clay_index": 2.441,
        "ndvi_stress_index": 0.419,
        "tmi_structural_nT": 45991.0,
        "tmi_anomaly_nT": 991.0,
        "elevation_mdpl": 273.1,
        "geochem_assay_ratio": 2.31
      },
      "geometry": {
        "type": "Polygon",
        "coordinates": [
          [
            [
              121.878,
              -2.89
            ],
            [
              121.886,
              -2.89
            ],
            [
              121.886,
              -2.882
            ],
            [
              121.878,
              -2.882
            ],
            [
              121.878,
              -2.89
            ]
          ]
        ]
      }
    },
    {
      "type": "Feature",
      "properties": {
        "grid_id": "MOR113",
        "site": "morowali",
        "location_label": "Morowali Central Ultramafic Belt (IMIP Block) - Sulawesi Tengah nickel laterite",
        "lithology": "serpentinite_simulated",
        "slope_deg": 6.0,
        "distance_to_river_m": 2093,
        "distance_to_road_m": 2815,
        "legal_status": "allowed",
        "distance_to_smelter_km": 34.5,
        "area_ha": 0.79,
        "region_id": "SE",
        "fe_oxide_index": 2.604,
        "clay_index": 1.691,
        "ndvi_stress_index": 0.298,
        "tmi_structural_nT": 45799.8,
        "tmi_anomaly_nT": 799.8,
        "elevation_mdpl": 253.1,
        "geochem_assay_ratio": 2.6
      },
      "geometry": {
        "type": "Polygon",
        "coordinates": [
          [
            [
              121.886,
              -2.89
            ],
            [
              121.894,
              -2.89
            ],
            [
              121.894,
              -2.882
            ],
            [
              121.886,
              -2.882
            ],
            [
              121.886,
              -2.89
            ]
          ]
        ]
      }
    },
    {
      "type": "Feature",
      "properties": {
        "grid_id": "MOR114",
        "site": "morowali",
        "location_label": "Morowali Central Ultramafic Belt (IMIP Block) - Sulawesi Tengah nickel laterite",
        "lithology": "ultramafic_simulated",
        "slope_deg": 14.3,
        "distance_to_river_m": 1801,
        "distance_to_road_m": 695,
        "legal_status": "allowed",
        "distance_to_smelter_km": 36.9,
        "area_ha": 0.79,
        "region_id": "SE",
        "fe_oxide_index": 2.634,
        "clay_index": 2.081,
        "ndvi_stress_index": 0.389,
        "tmi_structural_nT": 45159.5,
        "tmi_anomaly_nT": 159.5,
        "elevation_mdpl": 195.8,
        "geochem_assay_ratio": 2.15
      },
      "geometry": {
        "type": "Polygon",
        "coordinates": [
          [
            [
              121.894,
              -2.89
            ],
            [
              121.902,
              -2.89
            ],
            [
              121.902,
              -2.882
            ],
            [
              121.894,
              -2.882
            ],
            [
              121.894,
              -2.89
            ]
          ]
        ]
      }
    },
    {
      "type": "Feature",
      "properties": {
        "grid_id": "MOR115",
        "site": "morowali",
        "location_label": "Morowali Central Ultramafic Belt (IMIP Block) - Sulawesi Tengah nickel laterite",
        "lithology": "peridotite_simulated",
        "slope_deg": 10.1,
        "distance_to_river_m": 2339,
        "distance_to_road_m": 3289,
        "legal_status": "allowed",
        "distance_to_smelter_km": 39.8,
        "area_ha": 0.79,
        "region_id": "SE",
        "fe_oxide_index": 1.829,
        "clay_index": 1.796,
        "ndvi_stress_index": 0.36,
        "tmi_structural_nT": 45165.8,
        "tmi_anomaly_nT": 165.8,
        "elevation_mdpl": 181.0,
        "geochem_assay_ratio": 2.11
      },
      "geometry": {
        "type": "Polygon",
        "coordinates": [
          [
            [
              121.902,
              -2.89
            ],
            [
              121.91,
              -2.89
            ],
            [
              121.91,
              -2.882
            ],
            [
              121.902,
              -2.882
            ],
            [
              121.902,
              -2.89
            ]
          ]
        ]
      }
    },
    {
      "type": "Feature",
      "properties": {
        "grid_id": "MOR116",
        "site": "morowali",
        "location_label": "Morowali Central Ultramafic Belt (IMIP Block) - Sulawesi Tengah nickel laterite",
        "lithology": "serpentinite_simulated",
        "slope_deg": 10.8,
        "distance_to_river_m": 2249,
        "distance_to_road_m": 4333,
        "legal_status": "allowed",
        "distance_to_smelter_km": 43.1,
        "area_ha": 0.79,
        "region_id": "SE",
        "fe_oxide_index": 2.056,
        "clay_index": 1.918,
        "ndvi_stress_index": 0.316,
        "tmi_structural_nT": 45246.5,
        "tmi_anomaly_nT": 246.5,
        "elevation_mdpl": 216.1,
        "geochem_assay_ratio": 1.53
      },
      "geometry": {
        "type": "Polygon",
        "coordinates": [
          [
            [
              121.91,
              -2.89
            ],
            [
              121.918,
              -2.89
            ],
            [
              121.918,
              -2.882
            ],
            [
              121.91,
              -2.882
            ],
            [
              121.91,
              -2.89
            ]
          ]
        ]
      }
    },
    {
      "type": "Feature",
      "properties": {
        "grid_id": "MOR117",
        "site": "morowali",
        "location_label": "Morowali Central Ultramafic Belt (IMIP Block) - Sulawesi Tengah nickel laterite",
        "lithology": "ultramafic_simulated",
        "slope_deg": 10.3,
        "distance_to_river_m": 850,
        "distance_to_road_m": 2761,
        "legal_status": "allowed",
        "distance_to_smelter_km": 46.6,
        "area_ha": 0.79,
        "region_id": "SE",
        "fe_oxide_index": 2.036,
        "clay_index": 1.602,
        "ndvi_stress_index": 0.298,
        "tmi_structural_nT": 45477.0,
        "tmi_anomaly_nT": 477.0,
        "elevation_mdpl": 264.8,
        "geochem_assay_ratio": 1.68
      },
      "geometry": {
        "type": "Polygon",
        "coordinates": [
          [
            [
              121.918,
              -2.89
            ],
            [
              121.926,
              -2.89
            ],
            [
              121.926,
              -2.882
            ],
            [
              121.918,
              -2.882
            ],
            [
              121.918,
              -2.89
            ]
          ]
        ]
      }
    },
    {
      "type": "Feature",
      "properties": {
        "grid_id": "MOR118",
        "site": "morowali",
        "location_label": "Morowali Central Ultramafic Belt (IMIP Block) - Sulawesi Tengah nickel laterite",
        "lithology": "serpentinite_simulated",
        "slope_deg": 12.1,
        "distance_to_river_m": 254,
        "distance_to_road_m": 515,
        "legal_status": "allowed",
        "distance_to_smelter_km": 50.3,
        "area_ha": 0.79,
        "region_id": "SE",
        "fe_oxide_index": 2.511,
        "clay_index": 1.903,
        "ndvi_stress_index": 0.181,
        "tmi_structural_nT": 45864.3,
        "tmi_anomaly_nT": 864.3,
        "elevation_mdpl": 234.1,
        "geochem_assay_ratio": 3.04
      },
      "geometry": {
        "type": "Polygon",
        "coordinates": [
          [
            [
              121.926,
              -2.89
            ],
            [
              121.934,
              -2.89
            ],
            [
              121.934,
              -2.882
            ],
            [
              121.926,
              -2.882
            ],
            [
              121.926,
              -2.89
            ]
          ]
        ]
      }
    },
    {
      "type": "Feature",
      "properties": {
        "grid_id": "MOR119",
        "site": "morowali",
        "location_label": "Morowali Central Ultramafic Belt (IMIP Block) - Sulawesi Tengah nickel laterite",
        "lithology": "serpentinite_simulated",
        "slope_deg": 10.5,
        "distance_to_river_m": 1557,
        "distance_to_road_m": 2108,
        "legal_status": "allowed",
        "distance_to_smelter_km": 54.1,
        "area_ha": 0.79,
        "region_id": "SE",
        "fe_oxide_index": 2.505,
        "clay_index": 2.35,
        "ndvi_stress_index": 0.371,
        "tmi_structural_nT": 45984.7,
        "tmi_anomaly_nT": 984.7,
        "elevation_mdpl": 194.1,
        "geochem_assay_ratio": 2.07
      },
      "geometry": {
        "type": "Polygon",
        "coordinates": [
          [
            [
              121.934,
              -2.89
            ],
            [
              121.942,
              -2.89
            ],
            [
              121.942,
              -2.882
            ],
            [
              121.934,
              -2.882
            ],
            [
              121.934,
              -2.89
            ]
          ]
        ]
      }
    },
    {
      "type": "Feature",
      "properties": {
        "grid_id": "MOR120",
        "site": "morowali",
        "location_label": "Morowali Central Ultramafic Belt (IMIP Block) - Sulawesi Tengah nickel laterite",
        "lithology": "mafic_volcanic_simulated",
        "slope_deg": 12.6,
        "distance_to_river_m": 1392,
        "distance_to_road_m": 4126,
        "legal_status": "allowed",
        "distance_to_smelter_km": 58.0,
        "area_ha": 0.79,
        "region_id": "SE",
        "fe_oxide_index": 1.439,
        "clay_index": 1.217,
        "ndvi_stress_index": 0.716,
        "tmi_structural_nT": 44903.1,
        "tmi_anomaly_nT": -96.9,
        "elevation_mdpl": 201.1,
        "geochem_assay_ratio": 4.43
      },
      "geometry": {
        "type": "Polygon",
        "coordinates": [
          [
            [
              121.942,
              -2.89
            ],
            [
              121.95,
              -2.89
            ],
            [
              121.95,
              -2.882
            ],
            [
              121.942,
              -2.882
            ],
            [
              121.942,
              -2.89
            ]
          ]
        ]
      }
    },
    {
      "type": "Feature",
      "properties": {
        "grid_id": "MOR121",
        "site": "morowali",
        "location_label": "Morowali Central Ultramafic Belt (IMIP Block) - Sulawesi Tengah nickel laterite",
        "lithology": "serpentinite_simulated",
        "slope_deg": 10.0,
        "distance_to_river_m": 1051,
        "distance_to_road_m": 4262,
        "legal_status": "allowed",
        "distance_to_smelter_km": 56.3,
        "area_ha": 0.79,
        "region_id": "SW",
        "fe_oxide_index": 2.744,
        "clay_index": 2.283,
        "ndvi_stress_index": 0.246,
        "tmi_structural_nT": 46061.4,
        "tmi_anomaly_nT": 1061.4,
        "elevation_mdpl": 211.1,
        "geochem_assay_ratio": 1.5
      },
      "geometry": {
        "type": "Polygon",
        "coordinates": [
          [
            [
              121.79,
              -2.882
            ],
            [
              121.798,
              -2.882
            ],
            [
              121.798,
              -2.874
            ],
            [
              121.79,
              -2.874
            ],
            [
              121.79,
              -2.882
            ]
          ]
        ]
      }
    },
    {
      "type": "Feature",
      "properties": {
        "grid_id": "MOR122",
        "site": "morowali",
        "location_label": "Morowali Central Ultramafic Belt (IMIP Block) - Sulawesi Tengah nickel laterite",
        "lithology": "peridotite_simulated",
        "slope_deg": 5.2,
        "distance_to_river_m": 1158,
        "distance_to_road_m": 4307,
        "legal_status": "allowed",
        "distance_to_smelter_km": 52.2,
        "area_ha": 0.79,
        "region_id": "SW",
        "fe_oxide_index": 2.006,
        "clay_index": 1.609,
        "ndvi_stress_index": 0.21,
        "tmi_structural_nT": 45727.3,
        "tmi_anomaly_nT": 727.3,
        "elevation_mdpl": 181.3,
        "geochem_assay_ratio": 1.47
      },
      "geometry": {
        "type": "Polygon",
        "coordinates": [
          [
            [
              121.798,
              -2.882
            ],
            [
              121.806,
              -2.882
            ],
            [
              121.806,
              -2.874
            ],
            [
              121.798,
              -2.874
            ],
            [
              121.798,
              -2.882
            ]
          ]
        ]
      }
    },
    {
      "type": "Feature",
      "properties": {
        "grid_id": "MOR123",
        "site": "morowali",
        "location_label": "Morowali Central Ultramafic Belt (IMIP Block) - Sulawesi Tengah nickel laterite",
        "lithology": "ultramafic_simulated",
        "slope_deg": 13.1,
        "distance_to_river_m": 979,
        "distance_to_road_m": 3641,
        "legal_status": "allowed",
        "distance_to_smelter_km": 48.2,
        "area_ha": 0.79,
        "region_id": "SW",
        "fe_oxide_index": 2.748,
        "clay_index": 1.682,
        "ndvi_stress_index": 0.309,
        "tmi_structural_nT": 45232.0,
        "tmi_anomaly_nT": 232.0,
        "elevation_mdpl": 187.1,
        "geochem_assay_ratio": 1.44
      },
      "geometry": {
        "type": "Polygon",
        "coordinates": [
          [
            [
              121.806,
              -2.882
            ],
            [
              121.814,
              -2.882
            ],
            [
              121.814,
              -2.874
            ],
            [
              121.806,
              -2.874
            ],
            [
              121.806,
              -2.882
            ]
          ]
        ]
      }
    },
    {
      "type": "Feature",
      "properties": {
        "grid_id": "MOR124",
        "site": "morowali",
        "location_label": "Morowali Central Ultramafic Belt (IMIP Block) - Sulawesi Tengah nickel laterite",
        "lithology": "serpentinite_simulated",
        "slope_deg": 10.2,
        "distance_to_river_m": 2039,
        "distance_to_road_m": 1193,
        "legal_status": "allowed",
        "distance_to_smelter_km": 44.3,
        "area_ha": 0.79,
        "region_id": "SW",
        "fe_oxide_index": 2.326,
        "clay_index": 1.912,
        "ndvi_stress_index": 0.314,
        "tmi_structural_nT": 45468.6,
        "tmi_anomaly_nT": 468.6,
        "elevation_mdpl": 264.1,
        "geochem_assay_ratio": 2.91
      },
      "geometry": {
        "type": "Polygon",
        "coordinates": [
          [
            [
              121.814,
              -2.882
            ],
            [
              121.822,
              -2.882
            ],
            [
              121.822,
              -2.874
            ],
            [
              121.814,
              -2.874
            ],
            [
              121.814,
              -2.882
            ]
          ]
        ]
      }
    },
    {
      "type": "Feature",
      "properties": {
        "grid_id": "MOR125",
        "site": "morowali",
        "location_label": "Morowali Central Ultramafic Belt (IMIP Block) - Sulawesi Tengah nickel laterite",
        "lithology": "serpentinite_simulated",
        "slope_deg": 6.5,
        "distance_to_river_m": 1147,
        "distance_to_road_m": 385,
        "legal_status": "allowed",
        "distance_to_smelter_km": 40.5,
        "area_ha": 0.79,
        "region_id": "SW",
        "fe_oxide_index": 2.276,
        "clay_index": 1.71,
        "ndvi_stress_index": 0.221,
        "tmi_structural_nT": 45234.7,
        "tmi_anomaly_nT": 234.7,
        "elevation_mdpl": 268.2,
        "geochem_assay_ratio": 1.61
      },
      "geometry": {
        "type": "Polygon",
        "coordinates": [
          [
            [
              121.822,
              -2.882
            ],
            [
              121.83,
              -2.882
            ],
            [
              121.83,
              -2.874
            ],
            [
              121.822,
              -2.874
            ],
            [
              121.822,
              -2.882
            ]
          ]
        ]
      }
    },
    {
      "type": "Feature",
      "properties": {
        "grid_id": "MOR126",
        "site": "morowali",
        "location_label": "Morowali Central Ultramafic Belt (IMIP Block) - Sulawesi Tengah nickel laterite",
        "lithology": "mafic_volcanic_simulated",
        "slope_deg": 5.6,
        "distance_to_river_m": 737,
        "distance_to_road_m": 1641,
        "legal_status": "allowed",
        "distance_to_smelter_km": 36.9,
        "area_ha": 0.79,
        "region_id": "SW",
        "fe_oxide_index": 1.258,
        "clay_index": 1.101,
        "ndvi_stress_index": 0.595,
        "tmi_structural_nT": 44639.4,
        "tmi_anomaly_nT": -360.6,
        "elevation_mdpl": 193.4,
        "geochem_assay_ratio": 5.91
      },
      "geometry": {
        "type": "Polygon",
        "coordinates": [
          [
            [
              121.83,
              -2.882
            ],
            [
              121.838,
              -2.882
            ],
            [
              121.838,
              -2.874
            ],
            [
              121.83,
              -2.874
            ],
            [
              121.83,
              -2.882
            ]
          ]
        ]
      }
    },
    {
      "type": "Feature",
      "properties": {
        "grid_id": "MOR127",
        "site": "morowali",
        "location_label": "Morowali Central Ultramafic Belt (IMIP Block) - Sulawesi Tengah nickel laterite",
        "lithology": "serpentinite_simulated",
        "slope_deg": 11.9,
        "distance_to_river_m": 1038,
        "distance_to_road_m": 2288,
        "legal_status": "allowed",
        "distance_to_smelter_km": 33.7,
        "area_ha": 0.79,
        "region_id": "SW",
        "fe_oxide_index": 2.147,
        "clay_index": 1.986,
        "ndvi_stress_index": 0.321,
        "tmi_structural_nT": 45994.9,
        "tmi_anomaly_nT": 994.9,
        "elevation_mdpl": 259.7,
        "geochem_assay_ratio": 1.88
      },
      "geometry": {
        "type": "Polygon",
        "coordinates": [
          [
            [
              121.838,
              -2.882
            ],
            [
              121.846,
              -2.882
            ],
            [
              121.846,
              -2.874
            ],
            [
              121.838,
              -2.874
            ],
            [
              121.838,
              -2.882
            ]
          ]
        ]
      }
    },
    {
      "type": "Feature",
      "properties": {
        "grid_id": "MOR128",
        "site": "morowali",
        "location_label": "Morowali Central Ultramafic Belt (IMIP Block) - Sulawesi Tengah nickel laterite",
        "lithology": "mafic_volcanic_simulated",
        "slope_deg": 10.3,
        "distance_to_river_m": 2327,
        "distance_to_road_m": 4238,
        "legal_status": "allowed",
        "distance_to_smelter_km": 30.8,
        "area_ha": 0.79,
        "region_id": "SW",
        "fe_oxide_index": 1.153,
        "clay_index": 1.171,
        "ndvi_stress_index": 0.713,
        "tmi_structural_nT": 44995.9,
        "tmi_anomaly_nT": -4.1,
        "elevation_mdpl": 212.3,
        "geochem_assay_ratio": 5.85
      },
      "geometry": {
        "type": "Polygon",
        "coordinates": [
          [
            [
              121.846,
              -2.882
            ],
            [
              121.854,
              -2.882
            ],
            [
              121.854,
              -2.874
            ],
            [
              121.846,
              -2.874
            ],
            [
              121.846,
              -2.882
            ]
          ]
        ]
      }
    },
    {
      "type": "Feature",
      "properties": {
        "grid_id": "MOR129",
        "site": "morowali",
        "location_label": "Morowali Central Ultramafic Belt (IMIP Block) - Sulawesi Tengah nickel laterite",
        "lithology": "ultramafic_simulated",
        "slope_deg": 10.4,
        "distance_to_river_m": 755,
        "distance_to_road_m": 4074,
        "legal_status": "allowed",
        "distance_to_smelter_km": 28.7,
        "area_ha": 0.79,
        "region_id": "SW",
        "fe_oxide_index": 2.124,
        "clay_index": 2.211,
        "ndvi_stress_index": 0.193,
        "tmi_structural_nT": 45666.6,
        "tmi_anomaly_nT": 666.6,
        "elevation_mdpl": 202.0,
        "geochem_assay_ratio": 2.79
      },
      "geometry": {
        "type": "Polygon",
        "coordinates": [
          [
            [
              121.854,
              -2.882
            ],
            [
              121.862,
              -2.882
            ],
            [
              121.862,
              -2.874
            ],
            [
              121.854,
              -2.874
            ],
            [
              121.854,
              -2.882
            ]
          ]
        ]
      }
    },
    {
      "type": "Feature",
      "properties": {
        "grid_id": "MOR130",
        "site": "morowali",
        "location_label": "Morowali Central Ultramafic Belt (IMIP Block) - Sulawesi Tengah nickel laterite",
        "lithology": "mafic_volcanic_simulated",
        "slope_deg": 8.8,
        "distance_to_river_m": 2282,
        "distance_to_road_m": 3660,
        "legal_status": "allowed",
        "distance_to_smelter_km": 27.5,
        "area_ha": 0.79,
        "region_id": "SW",
        "fe_oxide_index": 1.49,
        "clay_index": 1.339,
        "ndvi_stress_index": 0.514,
        "tmi_structural_nT": 44897.2,
        "tmi_anomaly_nT": -102.8,
        "elevation_mdpl": 244.3,
        "geochem_assay_ratio": 3.91
      },
      "geometry": {
        "type": "Polygon",
        "coordinates": [
          [
            [
              121.862,
              -2.882
            ],
            [
              121.87,
              -2.882
            ],
            [
              121.87,
              -2.874
            ],
            [
              121.862,
              -2.874
            ],
            [
              121.862,
              -2.882
            ]
          ]
        ]
      }
    },
    {
      "type": "Feature",
      "properties": {
        "grid_id": "MOR131",
        "site": "morowali",
        "location_label": "Morowali Central Ultramafic Belt (IMIP Block) - Sulawesi Tengah nickel laterite",
        "lithology": "serpentinite_simulated",
        "slope_deg": 12.4,
        "distance_to_river_m": 1805,
        "distance_to_road_m": 3733,
        "legal_status": "allowed",
        "distance_to_smelter_km": 27.5,
        "area_ha": 0.79,
        "region_id": "SE",
        "fe_oxide_index": 2.491,
        "clay_index": 1.639,
        "ndvi_stress_index": 0.186,
        "tmi_structural_nT": 45252.0,
        "tmi_anomaly_nT": 252.0,
        "elevation_mdpl": 265.6,
        "geochem_assay_ratio": 1.72
      },
      "geometry": {
        "type": "Polygon",
        "coordinates": [
          [
            [
              121.87,
              -2.882
            ],
            [
              121.878,
              -2.882
            ],
            [
              121.878,
              -2.874
            ],
            [
              121.87,
              -2.874
            ],
            [
              121.87,
              -2.882
            ]
          ]
        ]
      }
    },
    {
      "type": "Feature",
      "properties": {
        "grid_id": "MOR132",
        "site": "morowali",
        "location_label": "Morowali Central Ultramafic Belt (IMIP Block) - Sulawesi Tengah nickel laterite",
        "lithology": "serpentinite_simulated",
        "slope_deg": 5.7,
        "distance_to_river_m": 1979,
        "distance_to_road_m": 1080,
        "legal_status": "allowed",
        "distance_to_smelter_km": 28.7,
        "area_ha": 0.79,
        "region_id": "SE",
        "fe_oxide_index": 1.996,
        "clay_index": 2.217,
        "ndvi_stress_index": 0.385,
        "tmi_structural_nT": 45884.1,
        "tmi_anomaly_nT": 884.1,
        "elevation_mdpl": 214.4,
        "geochem_assay_ratio": 2.69
      },
      "geometry": {
        "type": "Polygon",
        "coordinates": [
          [
            [
              121.878,
              -2.882
            ],
            [
              121.886,
              -2.882
            ],
            [
              121.886,
              -2.874
            ],
            [
              121.878,
              -2.874
            ],
            [
              121.878,
              -2.882
            ]
          ]
        ]
      }
    },
    {
      "type": "Feature",
      "properties": {
        "grid_id": "MOR133",
        "site": "morowali",
        "location_label": "Morowali Central Ultramafic Belt (IMIP Block) - Sulawesi Tengah nickel laterite",
        "lithology": "serpentinite_simulated",
        "slope_deg": 6.5,
        "distance_to_river_m": 1170,
        "distance_to_road_m": 2455,
        "legal_status": "allowed",
        "distance_to_smelter_km": 30.8,
        "area_ha": 0.79,
        "region_id": "SE",
        "fe_oxide_index": 1.896,
        "clay_index": 1.642,
        "ndvi_stress_index": 0.414,
        "tmi_structural_nT": 45145.6,
        "tmi_anomaly_nT": 145.6,
        "elevation_mdpl": 198.7,
        "geochem_assay_ratio": 2.49
      },
      "geometry": {
        "type": "Polygon",
        "coordinates": [
          [
            [
              121.886,
              -2.882
            ],
            [
              121.894,
              -2.882
            ],
            [
              121.894,
              -2.874
            ],
            [
              121.886,
              -2.874
            ],
            [
              121.886,
              -2.882
            ]
          ]
        ]
      }
    },
    {
      "type": "Feature",
      "properties": {
        "grid_id": "MOR134",
        "site": "morowali",
        "location_label": "Morowali Central Ultramafic Belt (IMIP Block) - Sulawesi Tengah nickel laterite",
        "lithology": "ultramafic_simulated",
        "slope_deg": 8.8,
        "distance_to_river_m": 1821,
        "distance_to_road_m": 1438,
        "legal_status": "allowed",
        "distance_to_smelter_km": 33.7,
        "area_ha": 0.79,
        "region_id": "SE",
        "fe_oxide_index": 2.591,
        "clay_index": 1.711,
        "ndvi_stress_index": 0.23,
        "tmi_structural_nT": 46069.9,
        "tmi_anomaly_nT": 1069.9,
        "elevation_mdpl": 201.7,
        "geochem_assay_ratio": 2.64
      },
      "geometry": {
        "type": "Polygon",
        "coordinates": [
          [
            [
              121.894,
              -2.882
            ],
            [
              121.902,
              -2.882
            ],
            [
              121.902,
              -2.874
            ],
            [
              121.894,
              -2.874
            ],
            [
              121.894,
              -2.882
            ]
          ]
        ]
      }
    },
    {
      "type": "Feature",
      "properties": {
        "grid_id": "MOR135",
        "site": "morowali",
        "location_label": "Morowali Central Ultramafic Belt (IMIP Block) - Sulawesi Tengah nickel laterite",
        "lithology": "peridotite_simulated",
        "slope_deg": 14.9,
        "distance_to_river_m": 670,
        "distance_to_road_m": 3073,
        "legal_status": "allowed",
        "distance_to_smelter_km": 36.9,
        "area_ha": 0.79,
        "region_id": "SE",
        "fe_oxide_index": 2.742,
        "clay_index": 2.272,
        "ndvi_stress_index": 0.295,
        "tmi_structural_nT": 45898.7,
        "tmi_anomaly_nT": 898.7,
        "elevation_mdpl": 186.7,
        "geochem_assay_ratio": 2.57
      },
      "geometry": {
        "type": "Polygon",
        "coordinates": [
          [
            [
              121.902,
              -2.882
            ],
            [
              121.91,
              -2.882
            ],
            [
              121.91,
              -2.874
            ],
            [
              121.902,
              -2.874
            ],
            [
              121.902,
              -2.882
            ]
          ]
        ]
      }
    },
    {
      "type": "Feature",
      "properties": {
        "grid_id": "MOR136",
        "site": "morowali",
        "location_label": "Morowali Central Ultramafic Belt (IMIP Block) - Sulawesi Tengah nickel laterite",
        "lithology": "serpentinite_simulated",
        "slope_deg": 13.1,
        "distance_to_river_m": 1279,
        "distance_to_road_m": 1866,
        "legal_status": "allowed",
        "distance_to_smelter_km": 40.5,
        "area_ha": 0.79,
        "region_id": "SE",
        "fe_oxide_index": 2.639,
        "clay_index": 2.396,
        "ndvi_stress_index": 0.338,
        "tmi_structural_nT": 45468.3,
        "tmi_anomaly_nT": 468.3,
        "elevation_mdpl": 222.8,
        "geochem_assay_ratio": 2.7
      },
      "geometry": {
        "type": "Polygon",
        "coordinates": [
          [
            [
              121.91,
              -2.882
            ],
            [
              121.918,
              -2.882
            ],
            [
              121.918,
              -2.874
            ],
            [
              121.91,
              -2.874
            ],
            [
              121.91,
              -2.882
            ]
          ]
        ]
      }
    },
    {
      "type": "Feature",
      "properties": {
        "grid_id": "MOR137",
        "site": "morowali",
        "location_label": "Morowali Central Ultramafic Belt (IMIP Block) - Sulawesi Tengah nickel laterite",
        "lithology": "serpentinite_simulated",
        "slope_deg": 10.9,
        "distance_to_river_m": 1693,
        "distance_to_road_m": 749,
        "legal_status": "allowed",
        "distance_to_smelter_km": 44.3,
        "area_ha": 0.79,
        "region_id": "SE",
        "fe_oxide_index": 2.123,
        "clay_index": 2.4,
        "ndvi_stress_index": 0.317,
        "tmi_structural_nT": 45851.9,
        "tmi_anomaly_nT": 851.9,
        "elevation_mdpl": 223.0,
        "geochem_assay_ratio": 3.1
      },
      "geometry": {
        "type": "Polygon",
        "coordinates": [
          [
            [
              121.918,
              -2.882
            ],
            [
              121.926,
              -2.882
            ],
            [
              121.926,
              -2.874
            ],
            [
              121.918,
              -2.874
            ],
            [
              121.918,
              -2.882
            ]
          ]
        ]
      }
    },
    {
      "type": "Feature",
      "properties": {
        "grid_id": "MOR138",
        "site": "morowali",
        "location_label": "Morowali Central Ultramafic Belt (IMIP Block) - Sulawesi Tengah nickel laterite",
        "lithology": "peridotite_simulated",
        "slope_deg": 10.0,
        "distance_to_river_m": 998,
        "distance_to_road_m": 3839,
        "legal_status": "allowed",
        "distance_to_smelter_km": 48.2,
        "area_ha": 0.79,
        "region_id": "SE",
        "fe_oxide_index": 1.921,
        "clay_index": 1.678,
        "ndvi_stress_index": 0.365,
        "tmi_structural_nT": 45428.8,
        "tmi_anomaly_nT": 428.8,
        "elevation_mdpl": 198.8,
        "geochem_assay_ratio": 3.12
      },
      "geometry": {
        "type": "Polygon",
        "coordinates": [
          [
            [
              121.926,
              -2.882
            ],
            [
              121.934,
              -2.882
            ],
            [
              121.934,
              -2.874
            ],
            [
              121.926,
              -2.874
            ],
            [
              121.926,
              -2.882
            ]
          ]
        ]
      }
    },
    {
      "type": "Feature",
      "properties": {
        "grid_id": "MOR139",
        "site": "morowali",
        "location_label": "Morowali Central Ultramafic Belt (IMIP Block) - Sulawesi Tengah nickel laterite",
        "lithology": "peridotite_simulated",
        "slope_deg": 7.4,
        "distance_to_river_m": 1724,
        "distance_to_road_m": 2156,
        "legal_status": "allowed",
        "distance_to_smelter_km": 52.2,
        "area_ha": 0.79,
        "region_id": "SE",
        "fe_oxide_index": 2.423,
        "clay_index": 2.385,
        "ndvi_stress_index": 0.392,
        "tmi_structural_nT": 45189.0,
        "tmi_anomaly_nT": 189.0,
        "elevation_mdpl": 261.6,
        "geochem_assay_ratio": 2.09
      },
      "geometry": {
        "type": "Polygon",
        "coordinates": [
          [
            [
              121.934,
              -2.882
            ],
            [
              121.942,
              -2.882
            ],
            [
              121.942,
              -2.874
            ],
            [
              121.934,
              -2.874
            ],
            [
              121.934,
              -2.882
            ]
          ]
        ]
      }
    },
    {
      "type": "Feature",
      "properties": {
        "grid_id": "MOR140",
        "site": "morowali",
        "location_label": "Morowali Central Ultramafic Belt (IMIP Block) - Sulawesi Tengah nickel laterite",
        "lithology": "serpentinite_simulated",
        "slope_deg": 6.3,
        "distance_to_river_m": 1792,
        "distance_to_road_m": 2813,
        "legal_status": "allowed",
        "distance_to_smelter_km": 56.3,
        "area_ha": 0.79,
        "region_id": "SE",
        "fe_oxide_index": 2.167,
        "clay_index": 1.737,
        "ndvi_stress_index": 0.219,
        "tmi_structural_nT": 45513.5,
        "tmi_anomaly_nT": 513.5,
        "elevation_mdpl": 200.6,
        "geochem_assay_ratio": 1.94
      },
      "geometry": {
        "type": "Polygon",
        "coordinates": [
          [
            [
              121.942,
              -2.882
            ],
            [
              121.95,
              -2.882
            ],
            [
              121.95,
              -2.874
            ],
            [
              121.942,
              -2.874
            ],
            [
              121.942,
              -2.882
            ]
          ]
        ]
      }
    },
    {
      "type": "Feature",
      "properties": {
        "grid_id": "MOR141",
        "site": "morowali",
        "location_label": "Morowali Central Ultramafic Belt (IMIP Block) - Sulawesi Tengah nickel laterite",
        "lithology": "mafic_volcanic_simulated",
        "slope_deg": 10.7,
        "distance_to_river_m": 1098,
        "distance_to_road_m": 4201,
        "legal_status": "allowed",
        "distance_to_smelter_km": 55.0,
        "area_ha": 0.79,
        "region_id": "SW",
        "fe_oxide_index": 1.245,
        "clay_index": 1.353,
        "ndvi_stress_index": 0.74,
        "tmi_structural_nT": 44675.8,
        "tmi_anomaly_nT": -324.2,
        "elevation_mdpl": 225.1,
        "geochem_assay_ratio": 4.07
      },
      "geometry": {
        "type": "Polygon",
        "coordinates": [
          [
            [
              121.79,
              -2.874
            ],
            [
              121.798,
              -2.874
            ],
            [
              121.798,
              -2.866
            ],
            [
              121.79,
              -2.866
            ],
            [
              121.79,
              -2.874
            ]
          ]
        ]
      }
    },
    {
      "type": "Feature",
      "properties": {
        "grid_id": "MOR142",
        "site": "morowali",
        "location_label": "Morowali Central Ultramafic Belt (IMIP Block) - Sulawesi Tengah nickel laterite",
        "lithology": "peridotite_simulated",
        "slope_deg": 13.4,
        "distance_to_river_m": 805,
        "distance_to_road_m": 1384,
        "legal_status": "allowed",
        "distance_to_smelter_km": 50.8,
        "area_ha": 0.79,
        "region_id": "SW",
        "fe_oxide_index": 1.936,
        "clay_index": 2.188,
        "ndvi_stress_index": 0.208,
        "tmi_structural_nT": 45578.7,
        "tmi_anomaly_nT": 578.7,
        "elevation_mdpl": 184.3,
        "geochem_assay_ratio": 1.99
      },
      "geometry": {
        "type": "Polygon",
        "coordinates": [
          [
            [
              121.798,
              -2.874
            ],
            [
              121.806,
              -2.874
            ],
            [
              121.806,
              -2.866
            ],
            [
              121.798,
              -2.866
            ],
            [
              121.798,
              -2.874
            ]
          ]
        ]
      }
    },
    {
      "type": "Feature",
      "properties": {
        "grid_id": "MOR143",
        "site": "morowali",
        "location_label": "Morowali Central Ultramafic Belt (IMIP Block) - Sulawesi Tengah nickel laterite",
        "lithology": "ultramafic_simulated",
        "slope_deg": 7.9,
        "distance_to_river_m": 496,
        "distance_to_road_m": 826,
        "legal_status": "allowed",
        "distance_to_smelter_km": 46.6,
        "area_ha": 0.79,
        "region_id": "SW",
        "fe_oxide_index": 2.701,
        "clay_index": 2.335,
        "ndvi_stress_index": 0.307,
        "tmi_structural_nT": 45694.9,
        "tmi_anomaly_nT": 694.9,
        "elevation_mdpl": 199.0,
        "geochem_assay_ratio": 2.45
      },
      "geometry": {
        "type": "Polygon",
        "coordinates": [
          [
            [
              121.806,
              -2.874
            ],
            [
              121.814,
              -2.874
            ],
            [
              121.814,
              -2.866
            ],
            [
              121.806,
              -2.866
            ],
            [
              121.806,
              -2.874
            ]
          ]
        ]
      }
    },
    {
      "type": "Feature",
      "properties": {
        "grid_id": "MOR144",
        "site": "morowali",
        "location_label": "Morowali Central Ultramafic Belt (IMIP Block) - Sulawesi Tengah nickel laterite",
        "lithology": "serpentinite_simulated",
        "slope_deg": 13.1,
        "distance_to_river_m": 546,
        "distance_to_road_m": 3134,
        "legal_status": "allowed",
        "distance_to_smelter_km": 42.5,
        "area_ha": 0.79,
        "region_id": "SW",
        "fe_oxide_index": 1.992,
        "clay_index": 1.946,
        "ndvi_stress_index": 0.337,
        "tmi_structural_nT": 45118.7,
        "tmi_anomaly_nT": 118.7,
        "elevation_mdpl": 203.2,
        "geochem_assay_ratio": 2.21
      },
      "geometry": {
        "type": "Polygon",
        "coordinates": [
          [
            [
              121.814,
              -2.874
            ],
            [
              121.822,
              -2.874
            ],
            [
              121.822,
              -2.866
            ],
            [
              121.814,
              -2.866
            ],
            [
              121.814,
              -2.874
            ]
          ]
        ]
      }
    },
    {
      "type": "Feature",
      "properties": {
        "grid_id": "MOR145",
        "site": "morowali",
        "location_label": "Morowali Central Ultramafic Belt (IMIP Block) - Sulawesi Tengah nickel laterite",
        "lithology": "peridotite_simulated",
        "slope_deg": 13.8,
        "distance_to_river_m": 329,
        "distance_to_road_m": 1444,
        "legal_status": "allowed",
        "distance_to_smelter_km": 38.4,
        "area_ha": 0.79,
        "region_id": "SW",
        "fe_oxide_index": 2.676,
        "clay_index": 2.405,
        "ndvi_stress_index": 0.219,
        "tmi_structural_nT": 45915.1,
        "tmi_anomaly_nT": 915.1,
        "elevation_mdpl": 241.0,
        "geochem_assay_ratio": 1.9
      },
      "geometry": {
        "type": "Polygon",
        "coordinates": [
          [
            [
              121.822,
              -2.874
            ],
            [
              121.83,
              -2.874
            ],
            [
              121.83,
              -2.866
            ],
            [
              121.822,
              -2.866
            ],
            [
              121.822,
              -2.874
            ]
          ]
        ]
      }
    },
    {
      "type": "Feature",
      "properties": {
        "grid_id": "MOR146",
        "site": "morowali",
        "location_label": "Morowali Central Ultramafic Belt (IMIP Block) - Sulawesi Tengah nickel laterite",
        "lithology": "serpentinite_simulated",
        "slope_deg": 11.6,
        "distance_to_river_m": 1735,
        "distance_to_road_m": 2125,
        "legal_status": "allowed",
        "distance_to_smelter_km": 34.5,
        "area_ha": 0.79,
        "region_id": "SW",
        "fe_oxide_index": 1.811,
        "clay_index": 2.328,
        "ndvi_stress_index": 0.214,
        "tmi_structural_nT": 45578.4,
        "tmi_anomaly_nT": 578.4,
        "elevation_mdpl": 241.0,
        "geochem_assay_ratio": 2.75
      },
      "geometry": {
        "type": "Polygon",
        "coordinates": [
          [
            [
              121.83,
              -2.874
            ],
            [
              121.838,
              -2.874
            ],
            [
              121.838,
              -2.866
            ],
            [
              121.83,
              -2.866
            ],
            [
              121.83,
              -2.874
            ]
          ]
        ]
      }
    },
    {
      "type": "Feature",
      "properties": {
        "grid_id": "MOR147",
        "site": "morowali",
        "location_label": "Morowali Central Ultramafic Belt (IMIP Block) - Sulawesi Tengah nickel laterite",
        "lithology": "ultramafic_simulated",
        "slope_deg": 12.9,
        "distance_to_river_m": 2029,
        "distance_to_road_m": 4157,
        "legal_status": "allowed",
        "distance_to_smelter_km": 30.8,
        "area_ha": 0.79,
        "region_id": "SW",
        "fe_oxide_index": 1.971,
        "clay_index": 1.739,
        "ndvi_stress_index": 0.371,
        "tmi_structural_nT": 45392.7,
        "tmi_anomaly_nT": 392.7,
        "elevation_mdpl": 268.1,
        "geochem_assay_ratio": 1.51
      },
      "geometry": {
        "type": "Polygon",
        "coordinates": [
          [
            [
              121.838,
              -2.874
            ],
            [
              121.846,
              -2.874
            ],
            [
              121.846,
              -2.866
            ],
            [
              121.838,
              -2.866
            ],
            [
              121.838,
              -2.874
            ]
          ]
        ]
      }
    },
    {
      "type": "Feature",
      "properties": {
        "grid_id": "MOR148",
        "site": "morowali",
        "location_label": "Morowali Central Ultramafic Belt (IMIP Block) - Sulawesi Tengah nickel laterite",
        "lithology": "peridotite_simulated",
        "slope_deg": 14.1,
        "distance_to_river_m": 537,
        "distance_to_road_m": 3162,
        "legal_status": "allowed",
        "distance_to_smelter_km": 27.5,
        "area_ha": 0.79,
        "region_id": "SW",
        "fe_oxide_index": 2.716,
        "clay_index": 1.654,
        "ndvi_stress_index": 0.217,
        "tmi_structural_nT": 45698.8,
        "tmi_anomaly_nT": 698.8,
        "elevation_mdpl": 260.3,
        "geochem_assay_ratio": 2.45
      },
      "geometry": {
        "type": "Polygon",
        "coordinates": [
          [
            [
              121.846,
              -2.874
            ],
            [
              121.854,
              -2.874
            ],
            [
              121.854,
              -2.866
            ],
            [
              121.846,
              -2.866
            ],
            [
              121.846,
              -2.874
            ]
          ]
        ]
      }
    },
    {
      "type": "Feature",
      "properties": {
        "grid_id": "MOR149",
        "site": "morowali",
        "location_label": "Morowali Central Ultramafic Belt (IMIP Block) - Sulawesi Tengah nickel laterite",
        "lithology": "alluvium",
        "slope_deg": 10.1,
        "distance_to_river_m": 2053,
        "distance_to_road_m": 3432,
        "legal_status": "allowed",
        "distance_to_smelter_km": 24.8,
        "area_ha": 0.79,
        "region_id": "SW",
        "fe_oxide_index": 1.579,
        "clay_index": 1.466,
        "ndvi_stress_index": 0.668,
        "tmi_structural_nT": 44752.5,
        "tmi_anomaly_nT": -247.5,
        "elevation_mdpl": 238.8,
        "geochem_assay_ratio": 5.05
      },
      "geometry": {
        "type": "Polygon",
        "coordinates": [
          [
            [
              121.854,
              -2.874
            ],
            [
              121.862,
              -2.874
            ],
            [
              121.862,
              -2.866
            ],
            [
              121.854,
              -2.866
            ],
            [
              121.854,
              -2.874
            ]
          ]
        ]
      }
    },
    {
      "type": "Feature",
      "properties": {
        "grid_id": "MOR150",
        "site": "morowali",
        "location_label": "Morowali Central Ultramafic Belt (IMIP Block) - Sulawesi Tengah nickel laterite",
        "lithology": "serpentinite_simulated",
        "slope_deg": 11.5,
        "distance_to_river_m": 1769,
        "distance_to_road_m": 1432,
        "legal_status": "allowed",
        "distance_to_smelter_km": 23.2,
        "area_ha": 0.79,
        "region_id": "SW",
        "fe_oxide_index": 2.806,
        "clay_index": 2.372,
        "ndvi_stress_index": 0.358,
        "tmi_structural_nT": 45101.5,
        "tmi_anomaly_nT": 101.5,
        "elevation_mdpl": 234.0,
        "geochem_assay_ratio": 1.75
      },
      "geometry": {
        "type": "Polygon",
        "coordinates": [
          [
            [
              121.862,
              -2.874
            ],
            [
              121.87,
              -2.874
            ],
            [
              121.87,
              -2.866
            ],
            [
              121.862,
              -2.866
            ],
            [
              121.862,
              -2.874
            ]
          ]
        ]
      }
    },
    {
      "type": "Feature",
      "properties": {
        "grid_id": "MOR151",
        "site": "morowali",
        "location_label": "Morowali Central Ultramafic Belt (IMIP Block) - Sulawesi Tengah nickel laterite",
        "lithology": "ultramafic_simulated",
        "slope_deg": 9.5,
        "distance_to_river_m": 1627,
        "distance_to_road_m": 4101,
        "legal_status": "allowed",
        "distance_to_smelter_km": 23.2,
        "area_ha": 0.79,
        "region_id": "SE",
        "fe_oxide_index": 2.02,
        "clay_index": 2.405,
        "ndvi_stress_index": 0.323,
        "tmi_structural_nT": 45416.5,
        "tmi_anomaly_nT": 416.5,
        "elevation_mdpl": 203.3,
        "geochem_assay_ratio": 1.73
      },
      "geometry": {
        "type": "Polygon",
        "coordinates": [
          [
            [
              121.87,
              -2.874
            ],
            [
              121.878,
              -2.874
            ],
            [
              121.878,
              -2.866
            ],
            [
              121.87,
              -2.866
            ],
            [
              121.87,
              -2.874
            ]
          ]
        ]
      }
    },
    {
      "type": "Feature",
      "properties": {
        "grid_id": "MOR152",
        "site": "morowali",
        "location_label": "Morowali Central Ultramafic Belt (IMIP Block) - Sulawesi Tengah nickel laterite",
        "lithology": "serpentinite_simulated",
        "slope_deg": 5.7,
        "distance_to_river_m": 917,
        "distance_to_road_m": 3493,
        "legal_status": "allowed",
        "distance_to_smelter_km": 24.8,
        "area_ha": 0.79,
        "region_id": "SE",
        "fe_oxide_index": 2.258,
        "clay_index": 1.994,
        "ndvi_stress_index": 0.353,
        "tmi_structural_nT": 45254.2,
        "tmi_anomaly_nT": 254.2,
        "elevation_mdpl": 220.9,
        "geochem_assay_ratio": 2.89
      },
      "geometry": {
        "type": "Polygon",
        "coordinates": [
          [
            [
              121.878,
              -2.874
            ],
            [
              121.886,
              -2.874
            ],
            [
              121.886,
              -2.866
            ],
            [
              121.878,
              -2.866
            ],
            [
              121.878,
              -2.874
            ]
          ]
        ]
      }
    },
    {
      "type": "Feature",
      "properties": {
        "grid_id": "MOR153",
        "site": "morowali",
        "location_label": "Morowali Central Ultramafic Belt (IMIP Block) - Sulawesi Tengah nickel laterite",
        "lithology": "ultramafic_simulated",
        "slope_deg": 4.9,
        "distance_to_river_m": 2153,
        "distance_to_road_m": 742,
        "legal_status": "allowed",
        "distance_to_smelter_km": 27.5,
        "area_ha": 0.79,
        "region_id": "SE",
        "fe_oxide_index": 2.496,
        "clay_index": 2.351,
        "ndvi_stress_index": 0.351,
        "tmi_structural_nT": 45638.3,
        "tmi_anomaly_nT": 638.3,
        "elevation_mdpl": 267.0,
        "geochem_assay_ratio": 2.38
      },
      "geometry": {
        "type": "Polygon",
        "coordinates": [
          [
            [
              121.886,
              -2.874
            ],
            [
              121.894,
              -2.874
            ],
            [
              121.894,
              -2.866
            ],
            [
              121.886,
              -2.866
            ],
            [
              121.886,
              -2.874
            ]
          ]
        ]
      }
    },
    {
      "type": "Feature",
      "properties": {
        "grid_id": "MOR154",
        "site": "morowali",
        "location_label": "Morowali Central Ultramafic Belt (IMIP Block) - Sulawesi Tengah nickel laterite",
        "lithology": "ultramafic_simulated",
        "slope_deg": 9.7,
        "distance_to_river_m": 1980,
        "distance_to_road_m": 4333,
        "legal_status": "allowed",
        "distance_to_smelter_km": 30.8,
        "area_ha": 0.79,
        "region_id": "SE",
        "fe_oxide_index": 2.714,
        "clay_index": 2.237,
        "ndvi_stress_index": 0.366,
        "tmi_structural_nT": 45218.8,
        "tmi_anomaly_nT": 218.8,
        "elevation_mdpl": 223.5,
        "geochem_assay_ratio": 1.63
      },
      "geometry": {
        "type": "Polygon",
        "coordinates": [
          [
            [
              121.894,
              -2.874
            ],
            [
              121.902,
              -2.874
            ],
            [
              121.902,
              -2.866
            ],
            [
              121.894,
              -2.866
            ],
            [
              121.894,
              -2.874
            ]
          ]
        ]
      }
    },
    {
      "type": "Feature",
      "properties": {
        "grid_id": "MOR155",
        "site": "morowali",
        "location_label": "Morowali Central Ultramafic Belt (IMIP Block) - Sulawesi Tengah nickel laterite",
        "lithology": "serpentinite_simulated",
        "slope_deg": 13.5,
        "distance_to_river_m": 1216,
        "distance_to_road_m": 3775,
        "legal_status": "allowed",
        "distance_to_smelter_km": 34.5,
        "area_ha": 0.79,
        "region_id": "SE",
        "fe_oxide_index": 2.826,
        "clay_index": 1.836,
        "ndvi_stress_index": 0.346,
        "tmi_structural_nT": 45196.5,
        "tmi_anomaly_nT": 196.5,
        "elevation_mdpl": 196.1,
        "geochem_assay_ratio": 2.66
      },
      "geometry": {
        "type": "Polygon",
        "coordinates": [
          [
            [
              121.902,
              -2.874
            ],
            [
              121.91,
              -2.874
            ],
            [
              121.91,
              -2.866
            ],
            [
              121.902,
              -2.866
            ],
            [
              121.902,
              -2.874
            ]
          ]
        ]
      }
    },
    {
      "type": "Feature",
      "properties": {
        "grid_id": "MOR156",
        "site": "morowali",
        "location_label": "Morowali Central Ultramafic Belt (IMIP Block) - Sulawesi Tengah nickel laterite",
        "lithology": "peridotite_simulated",
        "slope_deg": 6.6,
        "distance_to_river_m": 1827,
        "distance_to_road_m": 4232,
        "legal_status": "allowed",
        "distance_to_smelter_km": 38.4,
        "area_ha": 0.79,
        "region_id": "SE",
        "fe_oxide_index": 2.239,
        "clay_index": 2.289,
        "ndvi_stress_index": 0.221,
        "tmi_structural_nT": 45878.4,
        "tmi_anomaly_nT": 878.4,
        "elevation_mdpl": 256.7,
        "geochem_assay_ratio": 1.51
      },
      "geometry": {
        "type": "Polygon",
        "coordinates": [
          [
            [
              121.91,
              -2.874
            ],
            [
              121.918,
              -2.874
            ],
            [
              121.918,
              -2.866
            ],
            [
              121.91,
              -2.866
            ],
            [
              121.91,
              -2.874
            ]
          ]
        ]
      }
    },
    {
      "type": "Feature",
      "properties": {
        "grid_id": "MOR157",
        "site": "morowali",
        "location_label": "Morowali Central Ultramafic Belt (IMIP Block) - Sulawesi Tengah nickel laterite",
        "lithology": "mafic_volcanic_simulated",
        "slope_deg": 14.6,
        "distance_to_river_m": 2298,
        "distance_to_road_m": 3463,
        "legal_status": "allowed",
        "distance_to_smelter_km": 42.5,
        "area_ha": 0.79,
        "region_id": "SE",
        "fe_oxide_index": 1.373,
        "clay_index": 1.124,
        "ndvi_stress_index": 0.655,
        "tmi_structural_nT": 45365.1,
        "tmi_anomaly_nT": 365.1,
        "elevation_mdpl": 190.9,
        "geochem_assay_ratio": 5.93
      },
      "geometry": {
        "type": "Polygon",
        "coordinates": [
          [
            [
              121.918,
              -2.874
            ],
            [
              121.926,
              -2.874
            ],
            [
              121.926,
              -2.866
            ],
            [
              121.918,
              -2.866
            ],
            [
              121.918,
              -2.874
            ]
          ]
        ]
      }
    },
    {
      "type": "Feature",
      "properties": {
        "grid_id": "MOR158",
        "site": "morowali",
        "location_label": "Morowali Central Ultramafic Belt (IMIP Block) - Sulawesi Tengah nickel laterite",
        "lithology": "mafic_volcanic_simulated",
        "slope_deg": 4.2,
        "distance_to_river_m": 2390,
        "distance_to_road_m": 2351,
        "legal_status": "allowed",
        "distance_to_smelter_km": 46.6,
        "area_ha": 0.79,
        "region_id": "SE",
        "fe_oxide_index": 1.353,
        "clay_index": 1.315,
        "ndvi_stress_index": 0.604,
        "tmi_structural_nT": 44982.0,
        "tmi_anomaly_nT": -18.0,
        "elevation_mdpl": 180.6,
        "geochem_assay_ratio": 5.75
      },
      "geometry": {
        "type": "Polygon",
        "coordinates": [
          [
            [
              121.926,
              -2.874
            ],
            [
              121.934,
              -2.874
            ],
            [
              121.934,
              -2.866
            ],
            [
              121.926,
              -2.866
            ],
            [
              121.926,
              -2.874
            ]
          ]
        ]
      }
    },
    {
      "type": "Feature",
      "properties": {
        "grid_id": "MOR159",
        "site": "morowali",
        "location_label": "Morowali Central Ultramafic Belt (IMIP Block) - Sulawesi Tengah nickel laterite",
        "lithology": "ultramafic_simulated",
        "slope_deg": 6.0,
        "distance_to_river_m": 1747,
        "distance_to_road_m": 4461,
        "legal_status": "allowed",
        "distance_to_smelter_km": 50.8,
        "area_ha": 0.79,
        "region_id": "SE",
        "fe_oxide_index": 2.21,
        "clay_index": 1.913,
        "ndvi_stress_index": 0.409,
        "tmi_structural_nT": 45499.3,
        "tmi_anomaly_nT": 499.3,
        "elevation_mdpl": 218.4,
        "geochem_assay_ratio": 1.71
      },
      "geometry": {
        "type": "Polygon",
        "coordinates": [
          [
            [
              121.934,
              -2.874
            ],
            [
              121.942,
              -2.874
            ],
            [
              121.942,
              -2.866
            ],
            [
              121.934,
              -2.866
            ],
            [
              121.934,
              -2.874
            ]
          ]
        ]
      }
    },
    {
      "type": "Feature",
      "properties": {
        "grid_id": "MOR160",
        "site": "morowali",
        "location_label": "Morowali Central Ultramafic Belt (IMIP Block) - Sulawesi Tengah nickel laterite",
        "lithology": "ultramafic_simulated",
        "slope_deg": 8.5,
        "distance_to_river_m": 1549,
        "distance_to_road_m": 4488,
        "legal_status": "allowed",
        "distance_to_smelter_km": 55.0,
        "area_ha": 0.79,
        "region_id": "SE",
        "fe_oxide_index": 2.45,
        "clay_index": 2.012,
        "ndvi_stress_index": 0.315,
        "tmi_structural_nT": 45653.2,
        "tmi_anomaly_nT": 653.2,
        "elevation_mdpl": 239.5,
        "geochem_assay_ratio": 1.95
      },
      "geometry": {
        "type": "Polygon",
        "coordinates": [
          [
            [
              121.942,
              -2.874
            ],
            [
              121.95,
              -2.874
            ],
            [
              121.95,
              -2.866
            ],
            [
              121.942,
              -2.866
            ],
            [
              121.942,
              -2.874
            ]
          ]
        ]
      }
    },
    {
      "type": "Feature",
      "properties": {
        "grid_id": "MOR161",
        "site": "morowali",
        "location_label": "Morowali Central Ultramafic Belt (IMIP Block) - Sulawesi Tengah nickel laterite",
        "lithology": "peridotite_simulated",
        "slope_deg": 12.5,
        "distance_to_river_m": 1418,
        "distance_to_road_m": 1451,
        "legal_status": "allowed",
        "distance_to_smelter_km": 54.1,
        "area_ha": 0.79,
        "region_id": "SW",
        "fe_oxide_index": 1.975,
        "clay_index": 2.144,
        "ndvi_stress_index": 0.373,
        "tmi_structural_nT": 45975.8,
        "tmi_anomaly_nT": 975.8,
        "elevation_mdpl": 212.7,
        "geochem_assay_ratio": 1.71
      },
      "geometry": {
        "type": "Polygon",
        "coordinates": [
          [
            [
              121.79,
              -2.866
            ],
            [
              121.798,
              -2.866
            ],
            [
              121.798,
              -2.858
            ],
            [
              121.79,
              -2.858
            ],
            [
              121.79,
              -2.866
            ]
          ]
        ]
      }
    },
    {
      "type": "Feature",
      "properties": {
        "grid_id": "MOR162",
        "site": "morowali",
        "location_label": "Morowali Central Ultramafic Belt (IMIP Block) - Sulawesi Tengah nickel laterite",
        "lithology": "peridotite_simulated",
        "slope_deg": 11.3,
        "distance_to_river_m": 1435,
        "distance_to_road_m": 1333,
        "legal_status": "allowed",
        "distance_to_smelter_km": 49.8,
        "area_ha": 0.79,
        "region_id": "SW",
        "fe_oxide_index": 2.675,
        "clay_index": 2.232,
        "ndvi_stress_index": 0.205,
        "tmi_structural_nT": 45447.6,
        "tmi_anomaly_nT": 447.6,
        "elevation_mdpl": 278.4,
        "geochem_assay_ratio": 1.83
      },
      "geometry": {
        "type": "Polygon",
        "coordinates": [
          [
            [
              121.798,
              -2.866
            ],
            [
              121.806,
              -2.866
            ],
            [
              121.806,
              -2.858
            ],
            [
              121.798,
              -2.858
            ],
            [
              121.798,
              -2.866
            ]
          ]
        ]
      }
    },
    {
      "type": "Feature",
      "properties": {
        "grid_id": "MOR163",
        "site": "morowali",
        "location_label": "Morowali Central Ultramafic Belt (IMIP Block) - Sulawesi Tengah nickel laterite",
        "lithology": "peridotite_simulated",
        "slope_deg": 10.0,
        "distance_to_river_m": 2140,
        "distance_to_road_m": 4461,
        "legal_status": "allowed",
        "distance_to_smelter_km": 45.5,
        "area_ha": 0.79,
        "region_id": "SW",
        "fe_oxide_index": 2.328,
        "clay_index": 2.008,
        "ndvi_stress_index": 0.353,
        "tmi_structural_nT": 45119.5,
        "tmi_anomaly_nT": 119.5,
        "elevation_mdpl": 191.8,
        "geochem_assay_ratio": 2.25
      },
      "geometry": {
        "type": "Polygon",
        "coordinates": [
          [
            [
              121.806,
              -2.866
            ],
            [
              121.814,
              -2.866
            ],
            [
              121.814,
              -2.858
            ],
            [
              121.806,
              -2.858
            ],
            [
              121.806,
              -2.866
            ]
          ]
        ]
      }
    },
    {
      "type": "Feature",
      "properties": {
        "grid_id": "MOR164",
        "site": "morowali",
        "location_label": "Morowali Central Ultramafic Belt (IMIP Block) - Sulawesi Tengah nickel laterite",
        "lithology": "serpentinite_simulated",
        "slope_deg": 7.3,
        "distance_to_river_m": 270,
        "distance_to_road_m": 938,
        "legal_status": "allowed",
        "distance_to_smelter_km": 41.2,
        "area_ha": 0.79,
        "region_id": "SW",
        "fe_oxide_index": 2.756,
        "clay_index": 2.12,
        "ndvi_stress_index": 0.285,
        "tmi_structural_nT": 45577.7,
        "tmi_anomaly_nT": 577.7,
        "elevation_mdpl": 211.5,
        "geochem_assay_ratio": 2.17
      },
      "geometry": {
        "type": "Polygon",
        "coordinates": [
          [
            [
              121.814,
              -2.866
            ],
            [
              121.822,
              -2.866
            ],
            [
              121.822,
              -2.858
            ],
            [
              121.814,
              -2.858
            ],
            [
              121.814,
              -2.866
            ]
          ]
        ]
      }
    },
    {
      "type": "Feature",
      "properties": {
        "grid_id": "MOR165",
        "site": "morowali",
        "location_label": "Morowali Central Ultramafic Belt (IMIP Block) - Sulawesi Tengah nickel laterite",
        "lithology": "serpentinite_simulated",
        "slope_deg": 6.5,
        "distance_to_river_m": 194,
        "distance_to_road_m": 3796,
        "legal_status": "allowed",
        "distance_to_smelter_km": 36.9,
        "area_ha": 0.79,
        "region_id": "SW",
        "fe_oxide_index": 2.565,
        "clay_index": 1.785,
        "ndvi_stress_index": 0.22,
        "tmi_structural_nT": 45928.9,
        "tmi_anomaly_nT": 928.9,
        "elevation_mdpl": 269.9,
        "geochem_assay_ratio": 1.5
      },
      "geometry": {
        "type": "Polygon",
        "coordinates": [
          [
            [
              121.822,
              -2.866
            ],
            [
              121.83,
              -2.866
            ],
            [
              121.83,
              -2.858
            ],
            [
              121.822,
              -2.858
            ],
            [
              121.822,
              -2.866
            ]
          ]
        ]
      }
    },
    {
      "type": "Feature",
      "properties": {
        "grid_id": "MOR166",
        "site": "morowali",
        "location_label": "Morowali Central Ultramafic Belt (IMIP Block) - Sulawesi Tengah nickel laterite",
        "lithology": "serpentinite_simulated",
        "slope_deg": 10.4,
        "distance_to_river_m": 888,
        "distance_to_road_m": 3177,
        "legal_status": "allowed",
        "distance_to_smelter_km": 32.8,
        "area_ha": 0.79,
        "region_id": "SW",
        "fe_oxide_index": 2.128,
        "clay_index": 1.945,
        "ndvi_stress_index": 0.415,
        "tmi_structural_nT": 45427.7,
        "tmi_anomaly_nT": 427.7,
        "elevation_mdpl": 216.8,
        "geochem_assay_ratio": 1.55
      },
      "geometry": {
        "type": "Polygon",
        "coordinates": [
          [
            [
              121.83,
              -2.866
            ],
            [
              121.838,
              -2.866
            ],
            [
              121.838,
              -2.858
            ],
            [
              121.83,
              -2.858
            ],
            [
              121.83,
              -2.866
            ]
          ]
        ]
      }
    },
    {
      "type": "Feature",
      "properties": {
        "grid_id": "MOR167",
        "site": "morowali",
        "location_label": "Morowali Central Ultramafic Belt (IMIP Block) - Sulawesi Tengah nickel laterite",
        "lithology": "serpentinite_simulated",
        "slope_deg": 7.3,
        "distance_to_river_m": 2049,
        "distance_to_road_m": 2720,
        "legal_status": "allowed",
        "distance_to_smelter_km": 28.7,
        "area_ha": 0.79,
        "region_id": "SW",
        "fe_oxide_index": 2.746,
        "clay_index": 1.773,
        "ndvi_stress_index": 0.26,
        "tmi_structural_nT": 45588.3,
        "tmi_anomaly_nT": 588.3,
        "elevation_mdpl": 233.4,
        "geochem_assay_ratio": 1.8
      },
      "geometry": {
        "type": "Polygon",
        "coordinates": [
          [
            [
              121.838,
              -2.866
            ],
            [
              121.846,
              -2.866
            ],
            [
              121.846,
              -2.858
            ],
            [
              121.838,
              -2.858
            ],
            [
              121.838,
              -2.866
            ]
          ]
        ]
      }
    },
    {
      "type": "Feature",
      "properties": {
        "grid_id": "MOR168",
        "site": "morowali",
        "location_label": "Morowali Central Ultramafic Belt (IMIP Block) - Sulawesi Tengah nickel laterite",
        "lithology": "peridotite_simulated",
        "slope_deg": 7.5,
        "distance_to_river_m": 325,
        "distance_to_road_m": 1103,
        "legal_status": "allowed",
        "distance_to_smelter_km": 24.8,
        "area_ha": 0.79,
        "region_id": "SW",
        "fe_oxide_index": 2.143,
        "clay_index": 2.162,
        "ndvi_stress_index": 0.402,
        "tmi_structural_nT": 45828.9,
        "tmi_anomaly_nT": 828.9,
        "elevation_mdpl": 228.3,
        "geochem_assay_ratio": 2.85
      },
      "geometry": {
        "type": "Polygon",
        "coordinates": [
          [
            [
              121.846,
              -2.866
            ],
            [
              121.854,
              -2.866
            ],
            [
              121.854,
              -2.858
            ],
            [
              121.846,
              -2.858
            ],
            [
              121.846,
              -2.866
            ]
          ]
        ]
      }
    },
    {
      "type": "Feature",
      "properties": {
        "grid_id": "MOR169",
        "site": "morowali",
        "location_label": "Morowali Central Ultramafic Belt (IMIP Block) - Sulawesi Tengah nickel laterite",
        "lithology": "mafic_volcanic_simulated",
        "slope_deg": 10.9,
        "distance_to_river_m": 1178,
        "distance_to_road_m": 4382,
        "legal_status": "allowed",
        "distance_to_smelter_km": 21.3,
        "area_ha": 0.79,
        "region_id": "SW",
        "fe_oxide_index": 1.445,
        "clay_index": 1.395,
        "ndvi_stress_index": 0.693,
        "tmi_structural_nT": 44512.2,
        "tmi_anomaly_nT": -487.8,
        "elevation_mdpl": 233.2,
        "geochem_assay_ratio": 4.89
      },
      "geometry": {
        "type": "Polygon",
        "coordinates": [
          [
            [
              121.854,
              -2.866
            ],
            [
              121.862,
              -2.866
            ],
            [
              121.862,
              -2.858
            ],
            [
              121.854,
              -2.858
            ],
            [
              121.854,
              -2.866
            ]
          ]
        ]
      }
    },
    {
      "type": "Feature",
      "properties": {
        "grid_id": "MOR170",
        "site": "morowali",
        "location_label": "Morowali Central Ultramafic Belt (IMIP Block) - Sulawesi Tengah nickel laterite",
        "lithology": "ultramafic_simulated",
        "slope_deg": 13.9,
        "distance_to_river_m": 1734,
        "distance_to_road_m": 3355,
        "legal_status": "allowed",
        "distance_to_smelter_km": 18.9,
        "area_ha": 0.79,
        "region_id": "SW",
        "fe_oxide_index": 2.389,
        "clay_index": 2.345,
        "ndvi_stress_index": 0.378,
        "tmi_structural_nT": 45989.8,
        "tmi_anomaly_nT": 989.8,
        "elevation_mdpl": 212.9,
        "geochem_assay_ratio": 2.68
      },
      "geometry": {
        "type": "Polygon",
        "coordinates": [
          [
            [
              121.862,
              -2.866
            ],
            [
              121.87,
              -2.866
            ],
            [
              121.87,
              -2.858
            ],
            [
              121.862,
              -2.858
            ],
            [
              121.862,
              -2.866
            ]
          ]
        ]
      }
    },
    {
      "type": "Feature",
      "properties": {
        "grid_id": "MOR171",
        "site": "morowali",
        "location_label": "Morowali Central Ultramafic Belt (IMIP Block) - Sulawesi Tengah nickel laterite",
        "lithology": "serpentinite_simulated",
        "slope_deg": 7.6,
        "distance_to_river_m": 1527,
        "distance_to_road_m": 1592,
        "legal_status": "allowed",
        "distance_to_smelter_km": 18.9,
        "area_ha": 0.79,
        "region_id": "SE",
        "fe_oxide_index": 2.321,
        "clay_index": 2.343,
        "ndvi_stress_index": 0.306,
        "tmi_structural_nT": 45491.2,
        "tmi_anomaly_nT": 491.2,
        "elevation_mdpl": 232.3,
        "geochem_assay_ratio": 1.55
      },
      "geometry": {
        "type": "Polygon",
        "coordinates": [
          [
            [
              121.87,
              -2.866
            ],
            [
              121.878,
              -2.866
            ],
            [
              121.878,
              -2.858
            ],
            [
              121.87,
              -2.858
            ],
            [
              121.87,
              -2.866
            ]
          ]
        ]
      }
    },
    {
      "type": "Feature",
      "properties": {
        "grid_id": "MOR172",
        "site": "morowali",
        "location_label": "Morowali Central Ultramafic Belt (IMIP Block) - Sulawesi Tengah nickel laterite",
        "lithology": "peridotite_simulated",
        "slope_deg": 13.3,
        "distance_to_river_m": 2113,
        "distance_to_road_m": 2198,
        "legal_status": "allowed",
        "distance_to_smelter_km": 21.3,
        "area_ha": 0.79,
        "region_id": "SE",
        "fe_oxide_index": 1.955,
        "clay_index": 2.332,
        "ndvi_stress_index": 0.402,
        "tmi_structural_nT": 45685.2,
        "tmi_anomaly_nT": 685.2,
        "elevation_mdpl": 202.1,
        "geochem_assay_ratio": 2.82
      },
      "geometry": {
        "type": "Polygon",
        "coordinates": [
          [
            [
              121.878,
              -2.866
            ],
            [
              121.886,
              -2.866
            ],
            [
              121.886,
              -2.858
            ],
            [
              121.878,
              -2.858
            ],
            [
              121.878,
              -2.866
            ]
          ]
        ]
      }
    },
    {
      "type": "Feature",
      "properties": {
        "grid_id": "MOR173",
        "site": "morowali",
        "location_label": "Morowali Central Ultramafic Belt (IMIP Block) - Sulawesi Tengah nickel laterite",
        "lithology": "alluvium",
        "slope_deg": 7.4,
        "distance_to_river_m": 1679,
        "distance_to_road_m": 1658,
        "legal_status": "allowed",
        "distance_to_smelter_km": 24.8,
        "area_ha": 0.79,
        "region_id": "SE",
        "fe_oxide_index": 1.579,
        "clay_index": 1.428,
        "ndvi_stress_index": 0.701,
        "tmi_structural_nT": 44442.7,
        "tmi_anomaly_nT": -557.3,
        "elevation_mdpl": 212.8,
        "geochem_assay_ratio": 5.7
      },
      "geometry": {
        "type": "Polygon",
        "coordinates": [
          [
            [
              121.886,
              -2.866
            ],
            [
              121.894,
              -2.866
            ],
            [
              121.894,
              -2.858
            ],
            [
              121.886,
              -2.858
            ],
            [
              121.886,
              -2.866
            ]
          ]
        ]
      }
    },
    {
      "type": "Feature",
      "properties": {
        "grid_id": "MOR174",
        "site": "morowali",
        "location_label": "Morowali Central Ultramafic Belt (IMIP Block) - Sulawesi Tengah nickel laterite",
        "lithology": "peridotite_simulated",
        "slope_deg": 11.7,
        "distance_to_river_m": 1634,
        "distance_to_road_m": 2610,
        "legal_status": "allowed",
        "distance_to_smelter_km": 28.7,
        "area_ha": 0.79,
        "region_id": "SE",
        "fe_oxide_index": 2.185,
        "clay_index": 2.412,
        "ndvi_stress_index": 0.288,
        "tmi_structural_nT": 45346.3,
        "tmi_anomaly_nT": 346.3,
        "elevation_mdpl": 245.1,
        "geochem_assay_ratio": 2.95
      },
      "geometry": {
        "type": "Polygon",
        "coordinates": [
          [
            [
              121.894,
              -2.866
            ],
            [
              121.902,
              -2.866
            ],
            [
              121.902,
              -2.858
            ],
            [
              121.894,
              -2.858
            ],
            [
              121.894,
              -2.866
            ]
          ]
        ]
      }
    },
    {
      "type": "Feature",
      "properties": {
        "grid_id": "MOR175",
        "site": "morowali",
        "location_label": "Morowali Central Ultramafic Belt (IMIP Block) - Sulawesi Tengah nickel laterite",
        "lithology": "serpentinite_simulated",
        "slope_deg": 14.1,
        "distance_to_river_m": 864,
        "distance_to_road_m": 2513,
        "legal_status": "allowed",
        "distance_to_smelter_km": 32.8,
        "area_ha": 0.79,
        "region_id": "SE",
        "fe_oxide_index": 1.872,
        "clay_index": 2.199,
        "ndvi_stress_index": 0.279,
        "tmi_structural_nT": 45135.0,
        "tmi_anomaly_nT": 135.0,
        "elevation_mdpl": 190.5,
        "geochem_assay_ratio": 3.2
      },
      "geometry": {
        "type": "Polygon",
        "coordinates": [
          [
            [
              121.902,
              -2.866
            ],
            [
              121.91,
              -2.866
            ],
            [
              121.91,
              -2.858
            ],
            [
              121.902,
              -2.858
            ],
            [
              121.902,
              -2.866
            ]
          ]
        ]
      }
    },
    {
      "type": "Feature",
      "properties": {
        "grid_id": "MOR176",
        "site": "morowali",
        "location_label": "Morowali Central Ultramafic Belt (IMIP Block) - Sulawesi Tengah nickel laterite",
        "lithology": "peridotite_simulated",
        "slope_deg": 5.1,
        "distance_to_river_m": 1650,
        "distance_to_road_m": 3157,
        "legal_status": "allowed",
        "distance_to_smelter_km": 36.9,
        "area_ha": 0.79,
        "region_id": "SE",
        "fe_oxide_index": 2.408,
        "clay_index": 2.103,
        "ndvi_stress_index": 0.371,
        "tmi_structural_nT": 46026.6,
        "tmi_anomaly_nT": 1026.6,
        "elevation_mdpl": 237.5,
        "geochem_assay_ratio": 2.44
      },
      "geometry": {
        "type": "Polygon",
        "coordinates": [
          [
            [
              121.91,
              -2.866
            ],
            [
              121.918,
              -2.866
            ],
            [
              121.918,
              -2.858
            ],
            [
              121.91,
              -2.858
            ],
            [
              121.91,
              -2.866
            ]
          ]
        ]
      }
    },
    {
      "type": "Feature",
      "properties": {
        "grid_id": "MOR177",
        "site": "morowali",
        "location_label": "Morowali Central Ultramafic Belt (IMIP Block) - Sulawesi Tengah nickel laterite",
        "lithology": "ultramafic_simulated",
        "slope_deg": 9.9,
        "distance_to_river_m": 2251,
        "distance_to_road_m": 914,
        "legal_status": "allowed",
        "distance_to_smelter_km": 41.2,
        "area_ha": 0.79,
        "region_id": "SE",
        "fe_oxide_index": 2.733,
        "clay_index": 1.618,
        "ndvi_stress_index": 0.412,
        "tmi_structural_nT": 45906.0,
        "tmi_anomaly_nT": 906.0,
        "elevation_mdpl": 276.0,
        "geochem_assay_ratio": 3.17
      },
      "geometry": {
        "type": "Polygon",
        "coordinates": [
          [
            [
              121.918,
              -2.866
            ],
            [
              121.926,
              -2.866
            ],
            [
              121.926,
              -2.858
            ],
            [
              121.918,
              -2.858
            ],
            [
              121.918,
              -2.866
            ]
          ]
        ]
      }
    },
    {
      "type": "Feature",
      "properties": {
        "grid_id": "MOR178",
        "site": "morowali",
        "location_label": "Morowali Central Ultramafic Belt (IMIP Block) - Sulawesi Tengah nickel laterite",
        "lithology": "peridotite_simulated",
        "slope_deg": 13.1,
        "distance_to_river_m": 399,
        "distance_to_road_m": 3327,
        "legal_status": "allowed",
        "distance_to_smelter_km": 45.5,
        "area_ha": 0.79,
        "region_id": "SE",
        "fe_oxide_index": 1.918,
        "clay_index": 2.409,
        "ndvi_stress_index": 0.226,
        "tmi_structural_nT": 45925.9,
        "tmi_anomaly_nT": 925.9,
        "elevation_mdpl": 267.3,
        "geochem_assay_ratio": 3.14
      },
      "geometry": {
        "type": "Polygon",
        "coordinates": [
          [
            [
              121.926,
              -2.866
            ],
            [
              121.934,
              -2.866
            ],
            [
              121.934,
              -2.858
            ],
            [
              121.926,
              -2.858
            ],
            [
              121.926,
              -2.866
            ]
          ]
        ]
      }
    },
    {
      "type": "Feature",
      "properties": {
        "grid_id": "MOR179",
        "site": "morowali",
        "location_label": "Morowali Central Ultramafic Belt (IMIP Block) - Sulawesi Tengah nickel laterite",
        "lithology": "ultramafic_simulated",
        "slope_deg": 7.0,
        "distance_to_river_m": 1491,
        "distance_to_road_m": 1012,
        "legal_status": "allowed",
        "distance_to_smelter_km": 49.8,
        "area_ha": 0.79,
        "region_id": "SE",
        "fe_oxide_index": 2.682,
        "clay_index": 2.147,
        "ndvi_stress_index": 0.194,
        "tmi_structural_nT": 45582.7,
        "tmi_anomaly_nT": 582.7,
        "elevation_mdpl": 241.6,
        "geochem_assay_ratio": 1.58
      },
      "geometry": {
        "type": "Polygon",
        "coordinates": [
          [
            [
              121.934,
              -2.866
            ],
            [
              121.942,
              -2.866
            ],
            [
              121.942,
              -2.858
            ],
            [
              121.934,
              -2.858
            ],
            [
              121.934,
              -2.866
            ]
          ]
        ]
      }
    },
    {
      "type": "Feature",
      "properties": {
        "grid_id": "MOR180",
        "site": "morowali",
        "location_label": "Morowali Central Ultramafic Belt (IMIP Block) - Sulawesi Tengah nickel laterite",
        "lithology": "peridotite_simulated",
        "slope_deg": 6.4,
        "distance_to_river_m": 1153,
        "distance_to_road_m": 798,
        "legal_status": "allowed",
        "distance_to_smelter_km": 54.1,
        "area_ha": 0.79,
        "region_id": "SE",
        "fe_oxide_index": 2.253,
        "clay_index": 2.184,
        "ndvi_stress_index": 0.232,
        "tmi_structural_nT": 45574.9,
        "tmi_anomaly_nT": 574.9,
        "elevation_mdpl": 194.9,
        "geochem_assay_ratio": 2.12
      },
      "geometry": {
        "type": "Polygon",
        "coordinates": [
          [
            [
              121.942,
              -2.866
            ],
            [
              121.95,
              -2.866
            ],
            [
              121.95,
              -2.858
            ],
            [
              121.942,
              -2.858
            ],
            [
              121.942,
              -2.866
            ]
          ]
        ]
      }
    },
    {
      "type": "Feature",
      "properties": {
        "grid_id": "MOR181",
        "site": "morowali",
        "location_label": "Morowali Central Ultramafic Belt (IMIP Block) - Sulawesi Tengah nickel laterite",
        "lithology": "serpentinite_simulated",
        "slope_deg": 12.8,
        "distance_to_river_m": 2420,
        "distance_to_road_m": 458,
        "legal_status": "allowed",
        "distance_to_smelter_km": 53.6,
        "area_ha": 0.79,
        "region_id": "SW",
        "fe_oxide_index": 1.894,
        "clay_index": 2.24,
        "ndvi_stress_index": 0.188,
        "tmi_structural_nT": 45551.5,
        "tmi_anomaly_nT": 551.5,
        "elevation_mdpl": 196.0,
        "geochem_assay_ratio": 1.6
      },
      "geometry": {
        "type": "Polygon",
        "coordinates": [
          [
            [
              121.79,
              -2.858
            ],
            [
              121.798,
              -2.858
            ],
            [
              121.798,
              -2.85
            ],
            [
              121.79,
              -2.85
            ],
            [
              121.79,
              -2.858
            ]
          ]
        ]
      }
    },
    {
      "type": "Feature",
      "properties": {
        "grid_id": "MOR182",
        "site": "morowali",
        "location_label": "Morowali Central Ultramafic Belt (IMIP Block) - Sulawesi Tengah nickel laterite",
        "lithology": "serpentinite_simulated",
        "slope_deg": 6.8,
        "distance_to_river_m": 748,
        "distance_to_road_m": 573,
        "legal_status": "allowed",
        "distance_to_smelter_km": 49.3,
        "area_ha": 0.79,
        "region_id": "SW",
        "fe_oxide_index": 2.626,
        "clay_index": 2.367,
        "ndvi_stress_index": 0.224,
        "tmi_structural_nT": 45244.2,
        "tmi_anomaly_nT": 244.2,
        "elevation_mdpl": 244.8,
        "geochem_assay_ratio": 1.43
      },
      "geometry": {
        "type": "Polygon",
        "coordinates": [
          [
            [
              121.798,
              -2.858
            ],
            [
              121.806,
              -2.858
            ],
            [
              121.806,
              -2.85
            ],
            [
              121.798,
              -2.85
            ],
            [
              121.798,
              -2.858
            ]
          ]
        ]
      }
    },
    {
      "type": "Feature",
      "properties": {
        "grid_id": "MOR183",
        "site": "morowali",
        "location_label": "Morowali Central Ultramafic Belt (IMIP Block) - Sulawesi Tengah nickel laterite",
        "lithology": "peridotite_simulated",
        "slope_deg": 4.9,
        "distance_to_river_m": 1260,
        "distance_to_road_m": 3746,
        "legal_status": "allowed",
        "distance_to_smelter_km": 44.9,
        "area_ha": 0.79,
        "region_id": "SW",
        "fe_oxide_index": 1.918,
        "clay_index": 1.631,
        "ndvi_stress_index": 0.205,
        "tmi_structural_nT": 45675.0,
        "tmi_anomaly_nT": 675.0,
        "elevation_mdpl": 191.0,
        "geochem_assay_ratio": 3.12
      },
      "geometry": {
        "type": "Polygon",
        "coordinates": [
          [
            [
              121.806,
              -2.858
            ],
            [
              121.814,
              -2.858
            ],
            [
              121.814,
              -2.85
            ],
            [
              121.806,
              -2.85
            ],
            [
              121.806,
              -2.858
            ]
          ]
        ]
      }
    },
    {
      "type": "Feature",
      "properties": {
        "grid_id": "MOR184",
        "site": "morowali",
        "location_label": "Morowali Central Ultramafic Belt (IMIP Block) - Sulawesi Tengah nickel laterite",
        "lithology": "serpentinite_simulated",
        "slope_deg": 9.0,
        "distance_to_river_m": 235,
        "distance_to_road_m": 3459,
        "legal_status": "allowed",
        "distance_to_smelter_km": 40.5,
        "area_ha": 0.79,
        "region_id": "SW",
        "fe_oxide_index": 2.825,
        "clay_index": 2.43,
        "ndvi_stress_index": 0.206,
        "tmi_structural_nT": 45132.5,
        "tmi_anomaly_nT": 132.5,
        "elevation_mdpl": 209.2,
        "geochem_assay_ratio": 2.92
      },
      "geometry": {
        "type": "Polygon",
        "coordinates": [
          [
            [
              121.814,
              -2.858
            ],
            [
              121.822,
              -2.858
            ],
            [
              121.822,
              -2.85
            ],
            [
              121.814,
              -2.85
            ],
            [
              121.814,
              -2.858
            ]
          ]
        ]
      }
    },
    {
      "type": "Feature",
      "properties": {
        "grid_id": "MOR185",
        "site": "morowali",
        "location_label": "Morowali Central Ultramafic Belt (IMIP Block) - Sulawesi Tengah nickel laterite",
        "lithology": "serpentinite_simulated",
        "slope_deg": 6.5,
        "distance_to_river_m": 2420,
        "distance_to_road_m": 2052,
        "legal_status": "allowed",
        "distance_to_smelter_km": 36.2,
        "area_ha": 0.79,
        "region_id": "SW",
        "fe_oxide_index": 2.55,
        "clay_index": 1.608,
        "ndvi_stress_index": 0.196,
        "tmi_structural_nT": 45266.5,
        "tmi_anomaly_nT": 266.5,
        "elevation_mdpl": 254.3,
        "geochem_assay_ratio": 2.29
      },
      "geometry": {
        "type": "Polygon",
        "coordinates": [
          [
            [
              121.822,
              -2.858
            ],
            [
              121.83,
              -2.858
            ],
            [
              121.83,
              -2.85
            ],
            [
              121.822,
              -2.85
            ],
            [
              121.822,
              -2.858
            ]
          ]
        ]
      }
    },
    {
      "type": "Feature",
      "properties": {
        "grid_id": "MOR186",
        "site": "morowali",
        "location_label": "Morowali Central Ultramafic Belt (IMIP Block) - Sulawesi Tengah nickel laterite",
        "lithology": "serpentinite_simulated",
        "slope_deg": 5.3,
        "distance_to_river_m": 2032,
        "distance_to_road_m": 446,
        "legal_status": "allowed",
        "distance_to_smelter_km": 31.8,
        "area_ha": 0.79,
        "region_id": "SW",
        "fe_oxide_index": 2.459,
        "clay_index": 2.297,
        "ndvi_stress_index": 0.213,
        "tmi_structural_nT": 45594.5,
        "tmi_anomaly_nT": 594.5,
        "elevation_mdpl": 273.4,
        "geochem_assay_ratio": 2.74
      },
      "geometry": {
        "type": "Polygon",
        "coordinates": [
          [
            [
              121.83,
              -2.858
            ],
            [
              121.838,
              -2.858
            ],
            [
              121.838,
              -2.85
            ],
            [
              121.83,
              -2.85
            ],
            [
              121.83,
              -2.858
            ]
          ]
        ]
      }
    },
    {
      "type": "Feature",
      "properties": {
        "grid_id": "MOR187",
        "site": "morowali",
        "location_label": "Morowali Central Ultramafic Belt (IMIP Block) - Sulawesi Tengah nickel laterite",
        "lithology": "alluvium",
        "slope_deg": 9.7,
        "distance_to_river_m": 1768,
        "distance_to_road_m": 1384,
        "legal_status": "allowed",
        "distance_to_smelter_km": 27.5,
        "area_ha": 0.79,
        "region_id": "SW",
        "fe_oxide_index": 1.497,
        "clay_index": 1.278,
        "ndvi_stress_index": 0.603,
        "tmi_structural_nT": 44659.1,
        "tmi_anomaly_nT": -340.9,
        "elevation_mdpl": 230.1,
        "geochem_assay_ratio": 5.4
      },
      "geometry": {
        "type": "Polygon",
        "coordinates": [
          [
            [
              121.838,
              -2.858
            ],
            [
              121.846,
              -2.858
            ],
            [
              121.846,
              -2.85
            ],
            [
              121.838,
              -2.85
            ],
            [
              121.838,
              -2.858
            ]
          ]
        ]
      }
    },
    {
      "type": "Feature",
      "properties": {
        "grid_id": "MOR188",
        "site": "morowali",
        "location_label": "Morowali Central Ultramafic Belt (IMIP Block) - Sulawesi Tengah nickel laterite",
        "lithology": "mafic_volcanic_simulated",
        "slope_deg": 8.8,
        "distance_to_river_m": 524,
        "distance_to_road_m": 573,
        "legal_status": "allowed",
        "distance_to_smelter_km": 23.2,
        "area_ha": 0.79,
        "region_id": "SW",
        "fe_oxide_index": 1.423,
        "clay_index": 1.046,
        "ndvi_stress_index": 0.642,
        "tmi_structural_nT": 45320.7,
        "tmi_anomaly_nT": 320.7,
        "elevation_mdpl": 245.3,
        "geochem_assay_ratio": 4.78
      },
      "geometry": {
        "type": "Polygon",
        "coordinates": [
          [
            [
              121.846,
              -2.858
            ],
            [
              121.854,
              -2.858
            ],
            [
              121.854,
              -2.85
            ],
            [
              121.846,
              -2.85
            ],
            [
              121.846,
              -2.858
            ]
          ]
        ]
      }
    },
    {
      "type": "Feature",
      "properties": {
        "grid_id": "MOR189",
        "site": "morowali",
        "location_label": "Morowali Central Ultramafic Belt (IMIP Block) - Sulawesi Tengah nickel laterite",
        "lithology": "serpentinite_simulated",
        "slope_deg": 15.0,
        "distance_to_river_m": 220,
        "distance_to_road_m": 1573,
        "legal_status": "allowed",
        "distance_to_smelter_km": 18.9,
        "area_ha": 0.79,
        "region_id": "SW",
        "fe_oxide_index": 2.376,
        "clay_index": 2.184,
        "ndvi_stress_index": 0.405,
        "tmi_structural_nT": 45728.3,
        "tmi_anomaly_nT": 728.3,
        "elevation_mdpl": 258.6,
        "geochem_assay_ratio": 3.15
      },
      "geometry": {
        "type": "Polygon",
        "coordinates": [
          [
            [
              121.854,
              -2.858
            ],
            [
              121.862,
              -2.858
            ],
            [
              121.862,
              -2.85
            ],
            [
              121.854,
              -2.85
            ],
            [
              121.854,
              -2.858
            ]
          ]
        ]
      }
    },
    {
      "type": "Feature",
      "properties": {
        "grid_id": "MOR190",
        "site": "morowali",
        "location_label": "Morowali Central Ultramafic Belt (IMIP Block) - Sulawesi Tengah nickel laterite",
        "lithology": "ultramafic_simulated",
        "slope_deg": 14.2,
        "distance_to_river_m": 1171,
        "distance_to_road_m": 1806,
        "legal_status": "allowed",
        "distance_to_smelter_km": 15.1,
        "area_ha": 0.79,
        "region_id": "SW",
        "fe_oxide_index": 2.078,
        "clay_index": 2.052,
        "ndvi_stress_index": 0.27,
        "tmi_structural_nT": 45597.8,
        "tmi_anomaly_nT": 597.8,
        "elevation_mdpl": 222.9,
        "geochem_assay_ratio": 2.75
      },
      "geometry": {
        "type": "Polygon",
        "coordinates": [
          [
            [
              121.862,
              -2.858
            ],
            [
              121.87,
              -2.858
            ],
            [
              121.87,
              -2.85
            ],
            [
              121.862,
              -2.85
            ],
            [
              121.862,
              -2.858
            ]
          ]
        ]
      }
    },
    {
      "type": "Feature",
      "properties": {
        "grid_id": "MOR191",
        "site": "morowali",
        "location_label": "Morowali Central Ultramafic Belt (IMIP Block) - Sulawesi Tengah nickel laterite",
        "lithology": "ultramafic_simulated",
        "slope_deg": 10.9,
        "distance_to_river_m": 656,
        "distance_to_road_m": 3387,
        "legal_status": "allowed",
        "distance_to_smelter_km": 15.1,
        "area_ha": 0.79,
        "region_id": "SE",
        "fe_oxide_index": 2.047,
        "clay_index": 2.075,
        "ndvi_stress_index": 0.281,
        "tmi_structural_nT": 45591.2,
        "tmi_anomaly_nT": 591.2,
        "elevation_mdpl": 221.0,
        "geochem_assay_ratio": 1.7
      },
      "geometry": {
        "type": "Polygon",
        "coordinates": [
          [
            [
              121.87,
              -2.858
            ],
            [
              121.878,
              -2.858
            ],
            [
              121.878,
              -2.85
            ],
            [
              121.87,
              -2.85
            ],
            [
              121.87,
              -2.858
            ]
          ]
        ]
      }
    },
    {
      "type": "Feature",
      "properties": {
        "grid_id": "MOR192",
        "site": "morowali",
        "location_label": "Morowali Central Ultramafic Belt (IMIP Block) - Sulawesi Tengah nickel laterite",
        "lithology": "alluvium",
        "slope_deg": 13.4,
        "distance_to_river_m": 1205,
        "distance_to_road_m": 3903,
        "legal_status": "allowed",
        "distance_to_smelter_km": 18.9,
        "area_ha": 0.79,
        "region_id": "SE",
        "fe_oxide_index": 1.384,
        "clay_index": 1.415,
        "ndvi_stress_index": 0.685,
        "tmi_structural_nT": 44978.2,
        "tmi_anomaly_nT": -21.8,
        "elevation_mdpl": 243.9,
        "geochem_assay_ratio": 4.4
      },
      "geometry": {
        "type": "Polygon",
        "coordinates": [
          [
            [
              121.878,
              -2.858
            ],
            [
              121.886,
              -2.858
            ],
            [
              121.886,
              -2.85
            ],
            [
              121.878,
              -2.85
            ],
            [
              121.878,
              -2.858
            ]
          ]
        ]
      }
    },
    {
      "type": "Feature",
      "properties": {
        "grid_id": "MOR193",
        "site": "morowali",
        "location_label": "Morowali Central Ultramafic Belt (IMIP Block) - Sulawesi Tengah nickel laterite",
        "lithology": "serpentinite_simulated",
        "slope_deg": 12.7,
        "distance_to_river_m": 1184,
        "distance_to_road_m": 1399,
        "legal_status": "allowed",
        "distance_to_smelter_km": 23.2,
        "area_ha": 0.79,
        "region_id": "SE",
        "fe_oxide_index": 2.175,
        "clay_index": 2.089,
        "ndvi_stress_index": 0.221,
        "tmi_structural_nT": 46069.9,
        "tmi_anomaly_nT": 1069.9,
        "elevation_mdpl": 246.0,
        "geochem_assay_ratio": 1.9
      },
      "geometry": {
        "type": "Polygon",
        "coordinates": [
          [
            [
              121.886,
              -2.858
            ],
            [
              121.894,
              -2.858
            ],
            [
              121.894,
              -2.85
            ],
            [
              121.886,
              -2.85
            ],
            [
              121.886,
              -2.858
            ]
          ]
        ]
      }
    },
    {
      "type": "Feature",
      "properties": {
        "grid_id": "MOR194",
        "site": "morowali",
        "location_label": "Morowali Central Ultramafic Belt (IMIP Block) - Sulawesi Tengah nickel laterite",
        "lithology": "serpentinite_simulated",
        "slope_deg": 12.8,
        "distance_to_river_m": 1425,
        "distance_to_road_m": 4471,
        "legal_status": "allowed",
        "distance_to_smelter_km": 27.5,
        "area_ha": 0.79,
        "region_id": "SE",
        "fe_oxide_index": 1.819,
        "clay_index": 2.32,
        "ndvi_stress_index": 0.376,
        "tmi_structural_nT": 46093.0,
        "tmi_anomaly_nT": 1093.0,
        "elevation_mdpl": 198.2,
        "geochem_assay_ratio": 1.69
      },
      "geometry": {
        "type": "Polygon",
        "coordinates": [
          [
            [
              121.894,
              -2.858
            ],
            [
              121.902,
              -2.858
            ],
            [
              121.902,
              -2.85
            ],
            [
              121.894,
              -2.85
            ],
            [
              121.894,
              -2.858
            ]
          ]
        ]
      }
    },
    {
      "type": "Feature",
      "properties": {
        "grid_id": "MOR195",
        "site": "morowali",
        "location_label": "Morowali Central Ultramafic Belt (IMIP Block) - Sulawesi Tengah nickel laterite",
        "lithology": "serpentinite_simulated",
        "slope_deg": 11.7,
        "distance_to_river_m": 424,
        "distance_to_road_m": 2204,
        "legal_status": "allowed",
        "distance_to_smelter_km": 31.8,
        "area_ha": 0.79,
        "region_id": "SE",
        "fe_oxide_index": 2.758,
        "clay_index": 1.642,
        "ndvi_stress_index": 0.201,
        "tmi_structural_nT": 45376.0,
        "tmi_anomaly_nT": 376.0,
        "elevation_mdpl": 273.8,
        "geochem_assay_ratio": 1.78
      },
      "geometry": {
        "type": "Polygon",
        "coordinates": [
          [
            [
              121.902,
              -2.858
            ],
            [
              121.91,
              -2.858
            ],
            [
              121.91,
              -2.85
            ],
            [
              121.902,
              -2.85
            ],
            [
              121.902,
              -2.858
            ]
          ]
        ]
      }
    },
    {
      "type": "Feature",
      "properties": {
        "grid_id": "MOR196",
        "site": "morowali",
        "location_label": "Morowali Central Ultramafic Belt (IMIP Block) - Sulawesi Tengah nickel laterite",
        "lithology": "peridotite_simulated",
        "slope_deg": 5.1,
        "distance_to_river_m": 1683,
        "distance_to_road_m": 3858,
        "legal_status": "allowed",
        "distance_to_smelter_km": 36.2,
        "area_ha": 0.79,
        "region_id": "SE",
        "fe_oxide_index": 2.145,
        "clay_index": 1.91,
        "ndvi_stress_index": 0.182,
        "tmi_structural_nT": 45220.5,
        "tmi_anomaly_nT": 220.5,
        "elevation_mdpl": 200.6,
        "geochem_assay_ratio": 2.19
      },
      "geometry": {
        "type": "Polygon",
        "coordinates": [
          [
            [
              121.91,
              -2.858
            ],
            [
              121.918,
              -2.858
            ],
            [
              121.918,
              -2.85
            ],
            [
              121.91,
              -2.85
            ],
            [
              121.91,
              -2.858
            ]
          ]
        ]
      }
    },
    {
      "type": "Feature",
      "properties": {
        "grid_id": "MOR197",
        "site": "morowali",
        "location_label": "Morowali Central Ultramafic Belt (IMIP Block) - Sulawesi Tengah nickel laterite",
        "lithology": "alluvium",
        "slope_deg": 5.7,
        "distance_to_river_m": 2254,
        "distance_to_road_m": 3159,
        "legal_status": "allowed",
        "distance_to_smelter_km": 40.5,
        "area_ha": 0.79,
        "region_id": "SE",
        "fe_oxide_index": 1.693,
        "clay_index": 1.126,
        "ndvi_stress_index": 0.637,
        "tmi_structural_nT": 44520.6,
        "tmi_anomaly_nT": -479.4,
        "elevation_mdpl": 199.8,
        "geochem_assay_ratio": 4.35
      },
      "geometry": {
        "type": "Polygon",
        "coordinates": [
          [
            [
              121.918,
              -2.858
            ],
            [
              121.926,
              -2.858
            ],
            [
              121.926,
              -2.85
            ],
            [
              121.918,
              -2.85
            ],
            [
              121.918,
              -2.858
            ]
          ]
        ]
      }
    },
    {
      "type": "Feature",
      "properties": {
        "grid_id": "MOR198",
        "site": "morowali",
        "location_label": "Morowali Central Ultramafic Belt (IMIP Block) - Sulawesi Tengah nickel laterite",
        "lithology": "ultramafic_simulated",
        "slope_deg": 5.5,
        "distance_to_river_m": 2213,
        "distance_to_road_m": 4351,
        "legal_status": "allowed",
        "distance_to_smelter_km": 44.9,
        "area_ha": 0.79,
        "region_id": "SE",
        "fe_oxide_index": 2.843,
        "clay_index": 2.112,
        "ndvi_stress_index": 0.363,
        "tmi_structural_nT": 45651.5,
        "tmi_anomaly_nT": 651.5,
        "elevation_mdpl": 264.7,
        "geochem_assay_ratio": 1.87
      },
      "geometry": {
        "type": "Polygon",
        "coordinates": [
          [
            [
              121.926,
              -2.858
            ],
            [
              121.934,
              -2.858
            ],
            [
              121.934,
              -2.85
            ],
            [
              121.926,
              -2.85
            ],
            [
              121.926,
              -2.858
            ]
          ]
        ]
      }
    },
    {
      "type": "Feature",
      "properties": {
        "grid_id": "MOR199",
        "site": "morowali",
        "location_label": "Morowali Central Ultramafic Belt (IMIP Block) - Sulawesi Tengah nickel laterite",
        "lithology": "mafic_volcanic_simulated",
        "slope_deg": 6.4,
        "distance_to_river_m": 1024,
        "distance_to_road_m": 4414,
        "legal_status": "allowed",
        "distance_to_smelter_km": 49.3,
        "area_ha": 0.79,
        "region_id": "SE",
        "fe_oxide_index": 1.472,
        "clay_index": 1.433,
        "ndvi_stress_index": 0.662,
        "tmi_structural_nT": 44688.6,
        "tmi_anomaly_nT": -311.4,
        "elevation_mdpl": 265.5,
        "geochem_assay_ratio": 4.76
      },
      "geometry": {
        "type": "Polygon",
        "coordinates": [
          [
            [
              121.934,
              -2.858
            ],
            [
              121.942,
              -2.858
            ],
            [
              121.942,
              -2.85
            ],
            [
              121.934,
              -2.85
            ],
            [
              121.934,
              -2.858
            ]
          ]
        ]
      }
    },
    {
      "type": "Feature",
      "properties": {
        "grid_id": "MOR200",
        "site": "morowali",
        "location_label": "Morowali Central Ultramafic Belt (IMIP Block) - Sulawesi Tengah nickel laterite",
        "lithology": "ultramafic_simulated",
        "slope_deg": 6.7,
        "distance_to_river_m": 1729,
        "distance_to_road_m": 4233,
        "legal_status": "allowed",
        "distance_to_smelter_km": 53.6,
        "area_ha": 0.79,
        "region_id": "SE",
        "fe_oxide_index": 2.377,
        "clay_index": 1.679,
        "ndvi_stress_index": 0.258,
        "tmi_structural_nT": 45920.2,
        "tmi_anomaly_nT": 920.2,
        "elevation_mdpl": 268.0,
        "geochem_assay_ratio": 1.9
      },
      "geometry": {
        "type": "Polygon",
        "coordinates": [
          [
            [
              121.942,
              -2.858
            ],
            [
              121.95,
              -2.858
            ],
            [
              121.95,
              -2.85
            ],
            [
              121.942,
              -2.85
            ],
            [
              121.942,
              -2.858
            ]
          ]
        ]
      }
    },
    {
      "type": "Feature",
      "properties": {
        "grid_id": "MOR201",
        "site": "morowali",
        "location_label": "Morowali Central Ultramafic Belt (IMIP Block) - Sulawesi Tengah nickel laterite",
        "lithology": "ultramafic_simulated",
        "slope_deg": 9.5,
        "distance_to_river_m": 408,
        "distance_to_road_m": 1853,
        "legal_status": "allowed",
        "distance_to_smelter_km": 53.6,
        "area_ha": 0.79,
        "region_id": "NW",
        "fe_oxide_index": 2.653,
        "clay_index": 1.993,
        "ndvi_stress_index": 0.234,
        "tmi_structural_nT": 45483.4,
        "tmi_anomaly_nT": 483.4,
        "elevation_mdpl": 195.4,
        "geochem_assay_ratio": 2.82
      },
      "geometry": {
        "type": "Polygon",
        "coordinates": [
          [
            [
              121.79,
              -2.85
            ],
            [
              121.798,
              -2.85
            ],
            [
              121.798,
              -2.842
            ],
            [
              121.79,
              -2.842
            ],
            [
              121.79,
              -2.85
            ]
          ]
        ]
      }
    },
    {
      "type": "Feature",
      "properties": {
        "grid_id": "MOR202",
        "site": "morowali",
        "location_label": "Morowali Central Ultramafic Belt (IMIP Block) - Sulawesi Tengah nickel laterite",
        "lithology": "serpentinite_simulated",
        "slope_deg": 9.4,
        "distance_to_river_m": 892,
        "distance_to_road_m": 1297,
        "legal_status": "allowed",
        "distance_to_smelter_km": 49.3,
        "area_ha": 0.79,
        "region_id": "NW",
        "fe_oxide_index": 2.683,
        "clay_index": 2.028,
        "ndvi_stress_index": 0.258,
        "tmi_structural_nT": 45559.0,
        "tmi_anomaly_nT": 559.0,
        "elevation_mdpl": 198.1,
        "geochem_assay_ratio": 1.49
      },
      "geometry": {
        "type": "Polygon",
        "coordinates": [
          [
            [
              121.798,
              -2.85
            ],
            [
              121.806,
              -2.85
            ],
            [
              121.806,
              -2.842
            ],
            [
              121.798,
              -2.842
            ],
            [
              121.798,
              -2.85
            ]
          ]
        ]
      }
    },
    {
      "type": "Feature",
      "properties": {
        "grid_id": "MOR203",
        "site": "morowali",
        "location_label": "Morowali Central Ultramafic Belt (IMIP Block) - Sulawesi Tengah nickel laterite",
        "lithology": "serpentinite_simulated",
        "slope_deg": 12.0,
        "distance_to_river_m": 2423,
        "distance_to_road_m": 2014,
        "legal_status": "allowed",
        "distance_to_smelter_km": 44.9,
        "area_ha": 0.79,
        "region_id": "NW",
        "fe_oxide_index": 2.434,
        "clay_index": 1.785,
        "ndvi_stress_index": 0.307,
        "tmi_structural_nT": 45822.0,
        "tmi_anomaly_nT": 822.0,
        "elevation_mdpl": 263.6,
        "geochem_assay_ratio": 2.49
      },
      "geometry": {
        "type": "Polygon",
        "coordinates": [
          [
            [
              121.806,
              -2.85
            ],
            [
              121.814,
              -2.85
            ],
            [
              121.814,
              -2.842
            ],
            [
              121.806,
              -2.842
            ],
            [
              121.806,
              -2.85
            ]
          ]
        ]
      }
    },
    {
      "type": "Feature",
      "properties": {
        "grid_id": "MOR204",
        "site": "morowali",
        "location_label": "Morowali Central Ultramafic Belt (IMIP Block) - Sulawesi Tengah nickel laterite",
        "lithology": "alluvium",
        "slope_deg": 7.6,
        "distance_to_river_m": 2161,
        "distance_to_road_m": 2131,
        "legal_status": "allowed",
        "distance_to_smelter_km": 40.5,
        "area_ha": 0.79,
        "region_id": "NW",
        "fe_oxide_index": 1.293,
        "clay_index": 1.225,
        "ndvi_stress_index": 0.706,
        "tmi_structural_nT": 44900.2,
        "tmi_anomaly_nT": -99.8,
        "elevation_mdpl": 268.2,
        "geochem_assay_ratio": 4.75
      },
      "geometry": {
        "type": "Polygon",
        "coordinates": [
          [
            [
              121.814,
              -2.85
            ],
            [
              121.822,
              -2.85
            ],
            [
              121.822,
              -2.842
            ],
            [
              121.814,
              -2.842
            ],
            [
              121.814,
              -2.85
            ]
          ]
        ]
      }
    },
    {
      "type": "Feature",
      "properties": {
        "grid_id": "MOR205",
        "site": "morowali",
        "location_label": "Morowali Central Ultramafic Belt (IMIP Block) - Sulawesi Tengah nickel laterite",
        "lithology": "serpentinite_simulated",
        "slope_deg": 5.1,
        "distance_to_river_m": 1947,
        "distance_to_road_m": 3819,
        "legal_status": "allowed",
        "distance_to_smelter_km": 36.2,
        "area_ha": 0.79,
        "region_id": "NW",
        "fe_oxide_index": 2.315,
        "clay_index": 2.116,
        "ndvi_stress_index": 0.412,
        "tmi_structural_nT": 45206.6,
        "tmi_anomaly_nT": 206.6,
        "elevation_mdpl": 196.4,
        "geochem_assay_ratio": 2.8
      },
      "geometry": {
        "type": "Polygon",
        "coordinates": [
          [
            [
              121.822,
              -2.85
            ],
            [
              121.83,
              -2.85
            ],
            [
              121.83,
              -2.842
            ],
            [
              121.822,
              -2.842
            ],
            [
              121.822,
              -2.85
            ]
          ]
        ]
      }
    },
    {
      "type": "Feature",
      "properties": {
        "grid_id": "MOR206",
        "site": "morowali",
        "location_label": "Morowali Central Ultramafic Belt (IMIP Block) - Sulawesi Tengah nickel laterite",
        "lithology": "serpentinite_simulated",
        "slope_deg": 14.8,
        "distance_to_river_m": 797,
        "distance_to_road_m": 3166,
        "legal_status": "allowed",
        "distance_to_smelter_km": 31.8,
        "area_ha": 0.79,
        "region_id": "NW",
        "fe_oxide_index": 1.864,
        "clay_index": 2.064,
        "ndvi_stress_index": 0.388,
        "tmi_structural_nT": 45550.6,
        "tmi_anomaly_nT": 550.6,
        "elevation_mdpl": 268.4,
        "geochem_assay_ratio": 2.77
      },
      "geometry": {
        "type": "Polygon",
        "coordinates": [
          [
            [
              121.83,
              -2.85
            ],
            [
              121.838,
              -2.85
            ],
            [
              121.838,
              -2.842
            ],
            [
              121.83,
              -2.842
            ],
            [
              121.83,
              -2.85
            ]
          ]
        ]
      }
    },
    {
      "type": "Feature",
      "properties": {
        "grid_id": "MOR207",
        "site": "morowali",
        "location_label": "Morowali Central Ultramafic Belt (IMIP Block) - Sulawesi Tengah nickel laterite",
        "lithology": "peridotite_simulated",
        "slope_deg": 14.8,
        "distance_to_river_m": 2305,
        "distance_to_road_m": 372,
        "legal_status": "allowed",
        "distance_to_smelter_km": 27.5,
        "area_ha": 0.79,
        "region_id": "NW",
        "fe_oxide_index": 2.579,
        "clay_index": 2.243,
        "ndvi_stress_index": 0.258,
        "tmi_structural_nT": 45160.9,
        "tmi_anomaly_nT": 160.9,
        "elevation_mdpl": 268.1,
        "geochem_assay_ratio": 2.51
      },
      "geometry": {
        "type": "Polygon",
        "coordinates": [
          [
            [
              121.838,
              -2.85
            ],
            [
              121.846,
              -2.85
            ],
            [
              121.846,
              -2.842
            ],
            [
              121.838,
              -2.842
            ],
            [
              121.838,
              -2.85
            ]
          ]
        ]
      }
    },
    {
      "type": "Feature",
      "properties": {
        "grid_id": "MOR208",
        "site": "morowali",
        "location_label": "Morowali Central Ultramafic Belt (IMIP Block) - Sulawesi Tengah nickel laterite",
        "lithology": "peridotite_simulated",
        "slope_deg": 8.6,
        "distance_to_river_m": 1097,
        "distance_to_road_m": 1724,
        "legal_status": "allowed",
        "distance_to_smelter_km": 23.2,
        "area_ha": 0.79,
        "region_id": "NW",
        "fe_oxide_index": 2.826,
        "clay_index": 2.1,
        "ndvi_stress_index": 0.244,
        "tmi_structural_nT": 45848.9,
        "tmi_anomaly_nT": 848.9,
        "elevation_mdpl": 238.6,
        "geochem_assay_ratio": 1.44
      },
      "geometry": {
        "type": "Polygon",
        "coordinates": [
          [
            [
              121.846,
              -2.85
            ],
            [
              121.854,
              -2.85
            ],
            [
              121.854,
              -2.842
            ],
            [
              121.846,
              -2.842
            ],
            [
              121.846,
              -2.85
            ]
          ]
        ]
      }
    },
    {
      "type": "Feature",
      "properties": {
        "grid_id": "MOR209",
        "site": "morowali",
        "location_label": "Morowali Central Ultramafic Belt (IMIP Block) - Sulawesi Tengah nickel laterite",
        "lithology": "mafic_volcanic_simulated",
        "slope_deg": 13.7,
        "distance_to_river_m": 733,
        "distance_to_road_m": 485,
        "legal_status": "allowed",
        "distance_to_smelter_km": 18.9,
        "area_ha": 0.79,
        "region_id": "NW",
        "fe_oxide_index": 1.121,
        "clay_index": 1.113,
        "ndvi_stress_index": 0.752,
        "tmi_structural_nT": 44748.5,
        "tmi_anomaly_nT": -251.5,
        "elevation_mdpl": 199.2,
        "geochem_assay_ratio": 4.02
      },
      "geometry": {
        "type": "Polygon",
        "coordinates": [
          [
            [
              121.854,
              -2.85
            ],
            [
              121.862,
              -2.85
            ],
            [
              121.862,
              -2.842
            ],
            [
              121.854,
              -2.842
            ],
            [
              121.854,
              -2.85
            ]
          ]
        ]
      }
    },
    {
      "type": "Feature",
      "properties": {
        "grid_id": "MOR210",
        "site": "morowali",
        "location_label": "Morowali Central Ultramafic Belt (IMIP Block) - Sulawesi Tengah nickel laterite",
        "lithology": "peridotite_simulated",
        "slope_deg": 10.1,
        "distance_to_river_m": 1480,
        "distance_to_road_m": 3235,
        "legal_status": "allowed",
        "distance_to_smelter_km": 15.1,
        "area_ha": 0.79,
        "region_id": "NW",
        "fe_oxide_index": 2.615,
        "clay_index": 1.764,
        "ndvi_stress_index": 0.219,
        "tmi_structural_nT": 45949.8,
        "tmi_anomaly_nT": 949.8,
        "elevation_mdpl": 219.4,
        "geochem_assay_ratio": 1.69
      },
      "geometry": {
        "type": "Polygon",
        "coordinates": [
          [
            [
              121.862,
              -2.85
            ],
            [
              121.87,
              -2.85
            ],
            [
              121.87,
              -2.842
            ],
            [
              121.862,
              -2.842
            ],
            [
              121.862,
              -2.85
            ]
          ]
        ]
      }
    },
    {
      "type": "Feature",
      "properties": {
        "grid_id": "MOR211",
        "site": "morowali",
        "location_label": "Morowali Central Ultramafic Belt (IMIP Block) - Sulawesi Tengah nickel laterite",
        "lithology": "serpentinite_simulated",
        "slope_deg": 6.7,
        "distance_to_river_m": 1332,
        "distance_to_road_m": 1172,
        "legal_status": "allowed",
        "distance_to_smelter_km": 15.1,
        "area_ha": 0.79,
        "region_id": "NE",
        "fe_oxide_index": 2.19,
        "clay_index": 1.736,
        "ndvi_stress_index": 0.398,
        "tmi_structural_nT": 45483.9,
        "tmi_anomaly_nT": 483.9,
        "elevation_mdpl": 239.5,
        "geochem_assay_ratio": 2.96
      },
      "geometry": {
        "type": "Polygon",
        "coordinates": [
          [
            [
              121.87,
              -2.85
            ],
            [
              121.878,
              -2.85
            ],
            [
              121.878,
              -2.842
            ],
            [
              121.87,
              -2.842
            ],
            [
              121.87,
              -2.85
            ]
          ]
        ]
      }
    },
    {
      "type": "Feature",
      "properties": {
        "grid_id": "MOR212",
        "site": "morowali",
        "location_label": "Morowali Central Ultramafic Belt (IMIP Block) - Sulawesi Tengah nickel laterite",
        "lithology": "serpentinite_simulated",
        "slope_deg": 14.0,
        "distance_to_river_m": 1807,
        "distance_to_road_m": 4045,
        "legal_status": "allowed",
        "distance_to_smelter_km": 18.9,
        "area_ha": 0.79,
        "region_id": "NE",
        "fe_oxide_index": 2.605,
        "clay_index": 1.622,
        "ndvi_stress_index": 0.317,
        "tmi_structural_nT": 45258.3,
        "tmi_anomaly_nT": 258.3,
        "elevation_mdpl": 254.2,
        "geochem_assay_ratio": 2.36
      },
      "geometry": {
        "type": "Polygon",
        "coordinates": [
          [
            [
              121.878,
              -2.85
            ],
            [
              121.886,
              -2.85
            ],
            [
              121.886,
              -2.842
            ],
            [
              121.878,
              -2.842
            ],
            [
              121.878,
              -2.85
            ]
          ]
        ]
      }
    },
    {
      "type": "Feature",
      "properties": {
        "grid_id": "MOR213",
        "site": "morowali",
        "location_label": "Morowali Central Ultramafic Belt (IMIP Block) - Sulawesi Tengah nickel laterite",
        "lithology": "serpentinite_simulated",
        "slope_deg": 9.1,
        "distance_to_river_m": 2439,
        "distance_to_road_m": 1904,
        "legal_status": "allowed",
        "distance_to_smelter_km": 23.2,
        "area_ha": 0.79,
        "region_id": "NE",
        "fe_oxide_index": 2.067,
        "clay_index": 2.278,
        "ndvi_stress_index": 0.257,
        "tmi_structural_nT": 46031.8,
        "tmi_anomaly_nT": 1031.8,
        "elevation_mdpl": 259.1,
        "geochem_assay_ratio": 2.46
      },
      "geometry": {
        "type": "Polygon",
        "coordinates": [
          [
            [
              121.886,
              -2.85
            ],
            [
              121.894,
              -2.85
            ],
            [
              121.894,
              -2.842
            ],
            [
              121.886,
              -2.842
            ],
            [
              121.886,
              -2.85
            ]
          ]
        ]
      }
    },
    {
      "type": "Feature",
      "properties": {
        "grid_id": "MOR214",
        "site": "morowali",
        "location_label": "Morowali Central Ultramafic Belt (IMIP Block) - Sulawesi Tengah nickel laterite",
        "lithology": "alluvium",
        "slope_deg": 7.0,
        "distance_to_river_m": 2230,
        "distance_to_road_m": 1734,
        "legal_status": "allowed",
        "distance_to_smelter_km": 27.5,
        "area_ha": 0.79,
        "region_id": "NE",
        "fe_oxide_index": 1.541,
        "clay_index": 1.265,
        "ndvi_stress_index": 0.732,
        "tmi_structural_nT": 44941.5,
        "tmi_anomaly_nT": -58.5,
        "elevation_mdpl": 277.3,
        "geochem_assay_ratio": 4.3
      },
      "geometry": {
        "type": "Polygon",
        "coordinates": [
          [
            [
              121.894,
              -2.85
            ],
            [
              121.902,
              -2.85
            ],
            [
              121.902,
              -2.842
            ],
            [
              121.894,
              -2.842
            ],
            [
              121.894,
              -2.85
            ]
          ]
        ]
      }
    },
    {
      "type": "Feature",
      "properties": {
        "grid_id": "MOR215",
        "site": "morowali",
        "location_label": "Morowali Central Ultramafic Belt (IMIP Block) - Sulawesi Tengah nickel laterite",
        "lithology": "serpentinite_simulated",
        "slope_deg": 6.0,
        "distance_to_river_m": 993,
        "distance_to_road_m": 3483,
        "legal_status": "allowed",
        "distance_to_smelter_km": 31.8,
        "area_ha": 0.79,
        "region_id": "NE",
        "fe_oxide_index": 2.636,
        "clay_index": 2.394,
        "ndvi_stress_index": 0.277,
        "tmi_structural_nT": 45856.9,
        "tmi_anomaly_nT": 856.9,
        "elevation_mdpl": 278.9,
        "geochem_assay_ratio": 2.2
      },
      "geometry": {
        "type": "Polygon",
        "coordinates": [
          [
            [
              121.902,
              -2.85
            ],
            [
              121.91,
              -2.85
            ],
            [
              121.91,
              -2.842
            ],
            [
              121.902,
              -2.842
            ],
            [
              121.902,
              -2.85
            ]
          ]
        ]
      }
    },
    {
      "type": "Feature",
      "properties": {
        "grid_id": "MOR216",
        "site": "morowali",
        "location_label": "Morowali Central Ultramafic Belt (IMIP Block) - Sulawesi Tengah nickel laterite",
        "lithology": "serpentinite_simulated",
        "slope_deg": 13.1,
        "distance_to_river_m": 975,
        "distance_to_road_m": 3832,
        "legal_status": "allowed",
        "distance_to_smelter_km": 36.2,
        "area_ha": 0.79,
        "region_id": "NE",
        "fe_oxide_index": 2.004,
        "clay_index": 1.657,
        "ndvi_stress_index": 0.381,
        "tmi_structural_nT": 45747.0,
        "tmi_anomaly_nT": 747.0,
        "elevation_mdpl": 181.9,
        "geochem_assay_ratio": 1.82
      },
      "geometry": {
        "type": "Polygon",
        "coordinates": [
          [
            [
              121.91,
              -2.85
            ],
            [
              121.918,
              -2.85
            ],
            [
              121.918,
              -2.842
            ],
            [
              121.91,
              -2.842
            ],
            [
              121.91,
              -2.85
            ]
          ]
        ]
      }
    },
    {
      "type": "Feature",
      "properties": {
        "grid_id": "MOR217",
        "site": "morowali",
        "location_label": "Morowali Central Ultramafic Belt (IMIP Block) - Sulawesi Tengah nickel laterite",
        "lithology": "peridotite_simulated",
        "slope_deg": 14.2,
        "distance_to_river_m": 1916,
        "distance_to_road_m": 3798,
        "legal_status": "allowed",
        "distance_to_smelter_km": 40.5,
        "area_ha": 0.79,
        "region_id": "NE",
        "fe_oxide_index": 2.029,
        "clay_index": 2.047,
        "ndvi_stress_index": 0.405,
        "tmi_structural_nT": 45110.3,
        "tmi_anomaly_nT": 110.3,
        "elevation_mdpl": 237.2,
        "geochem_assay_ratio": 1.81
      },
      "geometry": {
        "type": "Polygon",
        "coordinates": [
          [
            [
              121.918,
              -2.85
            ],
            [
              121.926,
              -2.85
            ],
            [
              121.926,
              -2.842
            ],
            [
              121.918,
              -2.842
            ],
            [
              121.918,
              -2.85
            ]
          ]
        ]
      }
    },
    {
      "type": "Feature",
      "properties": {
        "grid_id": "MOR218",
        "site": "morowali",
        "location_label": "Morowali Central Ultramafic Belt (IMIP Block) - Sulawesi Tengah nickel laterite",
        "lithology": "mafic_volcanic_simulated",
        "slope_deg": 7.2,
        "distance_to_river_m": 2304,
        "distance_to_road_m": 1166,
        "legal_status": "allowed",
        "distance_to_smelter_km": 44.9,
        "area_ha": 0.79,
        "region_id": "NE",
        "fe_oxide_index": 1.637,
        "clay_index": 1.262,
        "ndvi_stress_index": 0.633,
        "tmi_structural_nT": 44820.2,
        "tmi_anomaly_nT": -179.8,
        "elevation_mdpl": 271.9,
        "geochem_assay_ratio": 3.58
      },
      "geometry": {
        "type": "Polygon",
        "coordinates": [
          [
            [
              121.926,
              -2.85
            ],
            [
              121.934,
              -2.85
            ],
            [
              121.934,
              -2.842
            ],
            [
              121.926,
              -2.842
            ],
            [
              121.926,
              -2.85
            ]
          ]
        ]
      }
    },
    {
      "type": "Feature",
      "properties": {
        "grid_id": "MOR219",
        "site": "morowali",
        "location_label": "Morowali Central Ultramafic Belt (IMIP Block) - Sulawesi Tengah nickel laterite",
        "lithology": "serpentinite_simulated",
        "slope_deg": 6.0,
        "distance_to_river_m": 2227,
        "distance_to_road_m": 1541,
        "legal_status": "allowed",
        "distance_to_smelter_km": 49.3,
        "area_ha": 0.79,
        "region_id": "NE",
        "fe_oxide_index": 2.61,
        "clay_index": 1.666,
        "ndvi_stress_index": 0.299,
        "tmi_structural_nT": 45319.0,
        "tmi_anomaly_nT": 319.0,
        "elevation_mdpl": 214.5,
        "geochem_assay_ratio": 2.81
      },
      "geometry": {
        "type": "Polygon",
        "coordinates": [
          [
            [
              121.934,
              -2.85
            ],
            [
              121.942,
              -2.85
            ],
            [
              121.942,
              -2.842
            ],
            [
              121.934,
              -2.842
            ],
            [
              121.934,
              -2.85
            ]
          ]
        ]
      }
    },
    {
      "type": "Feature",
      "properties": {
        "grid_id": "MOR220",
        "site": "morowali",
        "location_label": "Morowali Central Ultramafic Belt (IMIP Block) - Sulawesi Tengah nickel laterite",
        "lithology": "alluvium",
        "slope_deg": 4.0,
        "distance_to_river_m": 966,
        "distance_to_road_m": 2429,
        "legal_status": "allowed",
        "distance_to_smelter_km": 53.6,
        "area_ha": 0.79,
        "region_id": "NE",
        "fe_oxide_index": 1.389,
        "clay_index": 1.472,
        "ndvi_stress_index": 0.549,
        "tmi_structural_nT": 44790.8,
        "tmi_anomaly_nT": -209.2,
        "elevation_mdpl": 207.9,
        "geochem_assay_ratio": 4.3
      },
      "geometry": {
        "type": "Polygon",
        "coordinates": [
          [
            [
              121.942,
              -2.85
            ],
            [
              121.95,
              -2.85
            ],
            [
              121.95,
              -2.842
            ],
            [
              121.942,
              -2.842
            ],
            [
              121.942,
              -2.85
            ]
          ]
        ]
      }
    },
    {
      "type": "Feature",
      "properties": {
        "grid_id": "MOR221",
        "site": "morowali",
        "location_label": "Morowali Central Ultramafic Belt (IMIP Block) - Sulawesi Tengah nickel laterite",
        "lithology": "peridotite_simulated",
        "slope_deg": 8.1,
        "distance_to_river_m": 1438,
        "distance_to_road_m": 2223,
        "legal_status": "allowed",
        "distance_to_smelter_km": 54.1,
        "area_ha": 0.79,
        "region_id": "NW",
        "fe_oxide_index": 2.722,
        "clay_index": 1.818,
        "ndvi_stress_index": 0.279,
        "tmi_structural_nT": 45567.4,
        "tmi_anomaly_nT": 567.4,
        "elevation_mdpl": 247.9,
        "geochem_assay_ratio": 2.1
      },
      "geometry": {
        "type": "Polygon",
        "coordinates": [
          [
            [
              121.79,
              -2.842
            ],
            [
              121.798,
              -2.842
            ],
            [
              121.798,
              -2.834
            ],
            [
              121.79,
              -2.834
            ],
            [
              121.79,
              -2.842
            ]
          ]
        ]
      }
    },
    {
      "type": "Feature",
      "properties": {
        "grid_id": "MOR222",
        "site": "morowali",
        "location_label": "Morowali Central Ultramafic Belt (IMIP Block) - Sulawesi Tengah nickel laterite",
        "lithology": "peridotite_simulated",
        "slope_deg": 13.2,
        "distance_to_river_m": 1073,
        "distance_to_road_m": 1554,
        "legal_status": "allowed",
        "distance_to_smelter_km": 49.8,
        "area_ha": 0.79,
        "region_id": "NW",
        "fe_oxide_index": 2.726,
        "clay_index": 1.628,
        "ndvi_stress_index": 0.396,
        "tmi_structural_nT": 45327.9,
        "tmi_anomaly_nT": 327.9,
        "elevation_mdpl": 204.8,
        "geochem_assay_ratio": 1.88
      },
      "geometry": {
        "type": "Polygon",
        "coordinates": [
          [
            [
              121.798,
              -2.842
            ],
            [
              121.806,
              -2.842
            ],
            [
              121.806,
              -2.834
            ],
            [
              121.798,
              -2.834
            ],
            [
              121.798,
              -2.842
            ]
          ]
        ]
      }
    },
    {
      "type": "Feature",
      "properties": {
        "grid_id": "MOR223",
        "site": "morowali",
        "location_label": "Morowali Central Ultramafic Belt (IMIP Block) - Sulawesi Tengah nickel laterite",
        "lithology": "peridotite_simulated",
        "slope_deg": 11.1,
        "distance_to_river_m": 1180,
        "distance_to_road_m": 1255,
        "legal_status": "allowed",
        "distance_to_smelter_km": 45.5,
        "area_ha": 0.79,
        "region_id": "NW",
        "fe_oxide_index": 2.649,
        "clay_index": 1.64,
        "ndvi_stress_index": 0.293,
        "tmi_structural_nT": 45305.2,
        "tmi_anomaly_nT": 305.2,
        "elevation_mdpl": 221.5,
        "geochem_assay_ratio": 1.95
      },
      "geometry": {
        "type": "Polygon",
        "coordinates": [
          [
            [
              121.806,
              -2.842
            ],
            [
              121.814,
              -2.842
            ],
            [
              121.814,
              -2.834
            ],
            [
              121.806,
              -2.834
            ],
            [
              121.806,
              -2.842
            ]
          ]
        ]
      }
    },
    {
      "type": "Feature",
      "properties": {
        "grid_id": "MOR224",
        "site": "morowali",
        "location_label": "Morowali Central Ultramafic Belt (IMIP Block) - Sulawesi Tengah nickel laterite",
        "lithology": "ultramafic_simulated",
        "slope_deg": 10.0,
        "distance_to_river_m": 1111,
        "distance_to_road_m": 3352,
        "legal_status": "allowed",
        "distance_to_smelter_km": 41.2,
        "area_ha": 0.79,
        "region_id": "NW",
        "fe_oxide_index": 1.996,
        "clay_index": 1.652,
        "ndvi_stress_index": 0.197,
        "tmi_structural_nT": 45863.0,
        "tmi_anomaly_nT": 863.0,
        "elevation_mdpl": 237.8,
        "geochem_assay_ratio": 3.13
      },
      "geometry": {
        "type": "Polygon",
        "coordinates": [
          [
            [
              121.814,
              -2.842
            ],
            [
              121.822,
              -2.842
            ],
            [
              121.822,
              -2.834
            ],
            [
              121.814,
              -2.834
            ],
            [
              121.814,
              -2.842
            ]
          ]
        ]
      }
    },
    {
      "type": "Feature",
      "properties": {
        "grid_id": "MOR225",
        "site": "morowali",
        "location_label": "Morowali Central Ultramafic Belt (IMIP Block) - Sulawesi Tengah nickel laterite",
        "lithology": "mafic_volcanic_simulated",
        "slope_deg": 9.9,
        "distance_to_river_m": 2088,
        "distance_to_road_m": 1628,
        "legal_status": "allowed",
        "distance_to_smelter_km": 36.9,
        "area_ha": 0.79,
        "region_id": "NW",
        "fe_oxide_index": 1.275,
        "clay_index": 1.015,
        "ndvi_stress_index": 0.701,
        "tmi_structural_nT": 44991.4,
        "tmi_anomaly_nT": -8.6,
        "elevation_mdpl": 248.7,
        "geochem_assay_ratio": 5.16
      },
      "geometry": {
        "type": "Polygon",
        "coordinates": [
          [
            [
              121.822,
              -2.842
            ],
            [
              121.83,
              -2.842
            ],
            [
              121.83,
              -2.834
            ],
            [
              121.822,
              -2.834
            ],
            [
              121.822,
              -2.842
            ]
          ]
        ]
      }
    },
    {
      "type": "Feature",
      "properties": {
        "grid_id": "MOR226",
        "site": "morowali",
        "location_label": "Morowali Central Ultramafic Belt (IMIP Block) - Sulawesi Tengah nickel laterite",
        "lithology": "serpentinite_simulated",
        "slope_deg": 6.8,
        "distance_to_river_m": 1589,
        "distance_to_road_m": 1024,
        "legal_status": "allowed",
        "distance_to_smelter_km": 32.8,
        "area_ha": 0.79,
        "region_id": "NW",
        "fe_oxide_index": 2.652,
        "clay_index": 2.193,
        "ndvi_stress_index": 0.368,
        "tmi_structural_nT": 45793.7,
        "tmi_anomaly_nT": 793.7,
        "elevation_mdpl": 262.2,
        "geochem_assay_ratio": 1.54
      },
      "geometry": {
        "type": "Polygon",
        "coordinates": [
          [
            [
              121.83,
              -2.842
            ],
            [
              121.838,
              -2.842
            ],
            [
              121.838,
              -2.834
            ],
            [
              121.83,
              -2.834
            ],
            [
              121.83,
              -2.842
            ]
          ]
        ]
      }
    },
    {
      "type": "Feature",
      "properties": {
        "grid_id": "MOR227",
        "site": "morowali",
        "location_label": "Morowali Central Ultramafic Belt (IMIP Block) - Sulawesi Tengah nickel laterite",
        "lithology": "mafic_volcanic_simulated",
        "slope_deg": 11.2,
        "distance_to_river_m": 396,
        "distance_to_road_m": 356,
        "legal_status": "allowed",
        "distance_to_smelter_km": 28.7,
        "area_ha": 0.79,
        "region_id": "NW",
        "fe_oxide_index": 1.478,
        "clay_index": 1.021,
        "ndvi_stress_index": 0.746,
        "tmi_structural_nT": 44603.6,
        "tmi_anomaly_nT": -396.4,
        "elevation_mdpl": 231.3,
        "geochem_assay_ratio": 4.85
      },
      "geometry": {
        "type": "Polygon",
        "coordinates": [
          [
            [
              121.838,
              -2.842
            ],
            [
              121.846,
              -2.842
            ],
            [
              121.846,
              -2.834
            ],
            [
              121.838,
              -2.834
            ],
            [
              121.838,
              -2.842
            ]
          ]
        ]
      }
    },
    {
      "type": "Feature",
      "properties": {
        "grid_id": "MOR228",
        "site": "morowali",
        "location_label": "Morowali Central Ultramafic Belt (IMIP Block) - Sulawesi Tengah nickel laterite",
        "lithology": "peridotite_simulated",
        "slope_deg": 10.4,
        "distance_to_river_m": 966,
        "distance_to_road_m": 2695,
        "legal_status": "allowed",
        "distance_to_smelter_km": 24.8,
        "area_ha": 0.79,
        "region_id": "NW",
        "fe_oxide_index": 2.089,
        "clay_index": 1.664,
        "ndvi_stress_index": 0.31,
        "tmi_structural_nT": 45523.0,
        "tmi_anomaly_nT": 523.0,
        "elevation_mdpl": 239.2,
        "geochem_assay_ratio": 1.6
      },
      "geometry": {
        "type": "Polygon",
        "coordinates": [
          [
            [
              121.846,
              -2.842
            ],
            [
              121.854,
              -2.842
            ],
            [
              121.854,
              -2.834
            ],
            [
              121.846,
              -2.834
            ],
            [
              121.846,
              -2.842
            ]
          ]
        ]
      }
    },
    {
      "type": "Feature",
      "properties": {
        "grid_id": "MOR229",
        "site": "morowali",
        "location_label": "Morowali Central Ultramafic Belt (IMIP Block) - Sulawesi Tengah nickel laterite",
        "lithology": "peridotite_simulated",
        "slope_deg": 11.2,
        "distance_to_river_m": 1669,
        "distance_to_road_m": 1736,
        "legal_status": "allowed",
        "distance_to_smelter_km": 21.3,
        "area_ha": 0.79,
        "region_id": "NW",
        "fe_oxide_index": 2.309,
        "clay_index": 1.605,
        "ndvi_stress_index": 0.223,
        "tmi_structural_nT": 45835.8,
        "tmi_anomaly_nT": 835.8,
        "elevation_mdpl": 209.5,
        "geochem_assay_ratio": 2.59
      },
      "geometry": {
        "type": "Polygon",
        "coordinates": [
          [
            [
              121.854,
              -2.842
            ],
            [
              121.862,
              -2.842
            ],
            [
              121.862,
              -2.834
            ],
            [
              121.854,
              -2.834
            ],
            [
              121.854,
              -2.842
            ]
          ]
        ]
      }
    },
    {
      "type": "Feature",
      "properties": {
        "grid_id": "MOR230",
        "site": "morowali",
        "location_label": "Morowali Central Ultramafic Belt (IMIP Block) - Sulawesi Tengah nickel laterite",
        "lithology": "mafic_volcanic_simulated",
        "slope_deg": 7.2,
        "distance_to_river_m": 1051,
        "distance_to_road_m": 902,
        "legal_status": "allowed",
        "distance_to_smelter_km": 18.9,
        "area_ha": 0.79,
        "region_id": "NW",
        "fe_oxide_index": 1.125,
        "clay_index": 1.177,
        "ndvi_stress_index": 0.696,
        "tmi_structural_nT": 44824.9,
        "tmi_anomaly_nT": -175.1,
        "elevation_mdpl": 230.1,
        "geochem_assay_ratio": 3.7
      },
      "geometry": {
        "type": "Polygon",
        "coordinates": [
          [
            [
              121.862,
              -2.842
            ],
            [
              121.87,
              -2.842
            ],
            [
              121.87,
              -2.834
            ],
            [
              121.862,
              -2.834
            ],
            [
              121.862,
              -2.842
            ]
          ]
        ]
      }
    },
    {
      "type": "Feature",
      "properties": {
        "grid_id": "MOR231",
        "site": "morowali",
        "location_label": "Morowali Central Ultramafic Belt (IMIP Block) - Sulawesi Tengah nickel laterite",
        "lithology": "ultramafic_simulated",
        "slope_deg": 8.5,
        "distance_to_river_m": 2498,
        "distance_to_road_m": 4337,
        "legal_status": "allowed",
        "distance_to_smelter_km": 18.9,
        "area_ha": 0.79,
        "region_id": "NE",
        "fe_oxide_index": 2.614,
        "clay_index": 2.425,
        "ndvi_stress_index": 0.278,
        "tmi_structural_nT": 45685.3,
        "tmi_anomaly_nT": 685.3,
        "elevation_mdpl": 192.9,
        "geochem_assay_ratio": 2.45
      },
      "geometry": {
        "type": "Polygon",
        "coordinates": [
          [
            [
              121.87,
              -2.842
            ],
            [
              121.878,
              -2.842
            ],
            [
              121.878,
              -2.834
            ],
            [
              121.87,
              -2.834
            ],
            [
              121.87,
              -2.842
            ]
          ]
        ]
      }
    },
    {
      "type": "Feature",
      "properties": {
        "grid_id": "MOR232",
        "site": "morowali",
        "location_label": "Morowali Central Ultramafic Belt (IMIP Block) - Sulawesi Tengah nickel laterite",
        "lithology": "serpentinite_simulated",
        "slope_deg": 14.8,
        "distance_to_river_m": 2288,
        "distance_to_road_m": 4284,
        "legal_status": "allowed",
        "distance_to_smelter_km": 21.3,
        "area_ha": 0.79,
        "region_id": "NE",
        "fe_oxide_index": 2.761,
        "clay_index": 2.113,
        "ndvi_stress_index": 0.408,
        "tmi_structural_nT": 45648.2,
        "tmi_anomaly_nT": 648.2,
        "elevation_mdpl": 201.5,
        "geochem_assay_ratio": 2.75
      },
      "geometry": {
        "type": "Polygon",
        "coordinates": [
          [
            [
              121.878,
              -2.842
            ],
            [
              121.886,
              -2.842
            ],
            [
              121.886,
              -2.834
            ],
            [
              121.878,
              -2.834
            ],
            [
              121.878,
              -2.842
            ]
          ]
        ]
      }
    },
    {
      "type": "Feature",
      "properties": {
        "grid_id": "MOR233",
        "site": "morowali",
        "location_label": "Morowali Central Ultramafic Belt (IMIP Block) - Sulawesi Tengah nickel laterite",
        "lithology": "ultramafic_simulated",
        "slope_deg": 4.9,
        "distance_to_river_m": 2479,
        "distance_to_road_m": 2020,
        "legal_status": "allowed",
        "distance_to_smelter_km": 24.8,
        "area_ha": 0.79,
        "region_id": "NE",
        "fe_oxide_index": 2.828,
        "clay_index": 2.194,
        "ndvi_stress_index": 0.403,
        "tmi_structural_nT": 45246.8,
        "tmi_anomaly_nT": 246.8,
        "elevation_mdpl": 241.7,
        "geochem_assay_ratio": 2.74
      },
      "geometry": {
        "type": "Polygon",
        "coordinates": [
          [
            [
              121.886,
              -2.842
            ],
            [
              121.894,
              -2.842
            ],
            [
              121.894,
              -2.834
            ],
            [
              121.886,
              -2.834
            ],
            [
              121.886,
              -2.842
            ]
          ]
        ]
      }
    },
    {
      "type": "Feature",
      "properties": {
        "grid_id": "MOR234",
        "site": "morowali",
        "location_label": "Morowali Central Ultramafic Belt (IMIP Block) - Sulawesi Tengah nickel laterite",
        "lithology": "peridotite_simulated",
        "slope_deg": 5.8,
        "distance_to_river_m": 2003,
        "distance_to_road_m": 4250,
        "legal_status": "allowed",
        "distance_to_smelter_km": 28.7,
        "area_ha": 0.79,
        "region_id": "NE",
        "fe_oxide_index": 1.992,
        "clay_index": 1.886,
        "ndvi_stress_index": 0.236,
        "tmi_structural_nT": 45670.2,
        "tmi_anomaly_nT": 670.2,
        "elevation_mdpl": 228.4,
        "geochem_assay_ratio": 2.17
      },
      "geometry": {
        "type": "Polygon",
        "coordinates": [
          [
            [
              121.894,
              -2.842
            ],
            [
              121.902,
              -2.842
            ],
            [
              121.902,
              -2.834
            ],
            [
              121.894,
              -2.834
            ],
            [
              121.894,
              -2.842
            ]
          ]
        ]
      }
    },
    {
      "type": "Feature",
      "properties": {
        "grid_id": "MOR235",
        "site": "morowali",
        "location_label": "Morowali Central Ultramafic Belt (IMIP Block) - Sulawesi Tengah nickel laterite",
        "lithology": "peridotite_simulated",
        "slope_deg": 8.5,
        "distance_to_river_m": 413,
        "distance_to_road_m": 2534,
        "legal_status": "allowed",
        "distance_to_smelter_km": 32.8,
        "area_ha": 0.79,
        "region_id": "NE",
        "fe_oxide_index": 2.61,
        "clay_index": 2.322,
        "ndvi_stress_index": 0.182,
        "tmi_structural_nT": 45347.9,
        "tmi_anomaly_nT": 347.9,
        "elevation_mdpl": 273.9,
        "geochem_assay_ratio": 2.28
      },
      "geometry": {
        "type": "Polygon",
        "coordinates": [
          [
            [
              121.902,
              -2.842
            ],
            [
              121.91,
              -2.842
            ],
            [
              121.91,
              -2.834
            ],
            [
              121.902,
              -2.834
            ],
            [
              121.902,
              -2.842
            ]
          ]
        ]
      }
    },
    {
      "type": "Feature",
      "properties": {
        "grid_id": "MOR236",
        "site": "morowali",
        "location_label": "Morowali Central Ultramafic Belt (IMIP Block) - Sulawesi Tengah nickel laterite",
        "lithology": "serpentinite_simulated",
        "slope_deg": 10.8,
        "distance_to_river_m": 2119,
        "distance_to_road_m": 2830,
        "legal_status": "allowed",
        "distance_to_smelter_km": 36.9,
        "area_ha": 0.79,
        "region_id": "NE",
        "fe_oxide_index": 2.308,
        "clay_index": 1.778,
        "ndvi_stress_index": 0.19,
        "tmi_structural_nT": 45398.3,
        "tmi_anomaly_nT": 398.3,
        "elevation_mdpl": 198.4,
        "geochem_assay_ratio": 1.93
      },
      "geometry": {
        "type": "Polygon",
        "coordinates": [
          [
            [
              121.91,
              -2.842
            ],
            [
              121.918,
              -2.842
            ],
            [
              121.918,
              -2.834
            ],
            [
              121.91,
              -2.834
            ],
            [
              121.91,
              -2.842
            ]
          ]
        ]
      }
    },
    {
      "type": "Feature",
      "properties": {
        "grid_id": "MOR237",
        "site": "morowali",
        "location_label": "Morowali Central Ultramafic Belt (IMIP Block) - Sulawesi Tengah nickel laterite",
        "lithology": "peridotite_simulated",
        "slope_deg": 14.8,
        "distance_to_river_m": 1776,
        "distance_to_road_m": 3891,
        "legal_status": "allowed",
        "distance_to_smelter_km": 41.2,
        "area_ha": 0.79,
        "region_id": "NE",
        "fe_oxide_index": 2.164,
        "clay_index": 1.828,
        "ndvi_stress_index": 0.272,
        "tmi_structural_nT": 46071.6,
        "tmi_anomaly_nT": 1071.6,
        "elevation_mdpl": 183.7,
        "geochem_assay_ratio": 2.87
      },
      "geometry": {
        "type": "Polygon",
        "coordinates": [
          [
            [
              121.918,
              -2.842
            ],
            [
              121.926,
              -2.842
            ],
            [
              121.926,
              -2.834
            ],
            [
              121.918,
              -2.834
            ],
            [
              121.918,
              -2.842
            ]
          ]
        ]
      }
    },
    {
      "type": "Feature",
      "properties": {
        "grid_id": "MOR238",
        "site": "morowali",
        "location_label": "Morowali Central Ultramafic Belt (IMIP Block) - Sulawesi Tengah nickel laterite",
        "lithology": "serpentinite_simulated",
        "slope_deg": 13.1,
        "distance_to_river_m": 209,
        "distance_to_road_m": 1643,
        "legal_status": "allowed",
        "distance_to_smelter_km": 45.5,
        "area_ha": 0.79,
        "region_id": "NE",
        "fe_oxide_index": 2.628,
        "clay_index": 2.064,
        "ndvi_stress_index": 0.223,
        "tmi_structural_nT": 45904.3,
        "tmi_anomaly_nT": 904.3,
        "elevation_mdpl": 182.4,
        "geochem_assay_ratio": 1.78
      },
      "geometry": {
        "type": "Polygon",
        "coordinates": [
          [
            [
              121.926,
              -2.842
            ],
            [
              121.934,
              -2.842
            ],
            [
              121.934,
              -2.834
            ],
            [
              121.926,
              -2.834
            ],
            [
              121.926,
              -2.842
            ]
          ]
        ]
      }
    },
    {
      "type": "Feature",
      "properties": {
        "grid_id": "MOR239",
        "site": "morowali",
        "location_label": "Morowali Central Ultramafic Belt (IMIP Block) - Sulawesi Tengah nickel laterite",
        "lithology": "ultramafic_simulated",
        "slope_deg": 11.8,
        "distance_to_river_m": 659,
        "distance_to_road_m": 1195,
        "legal_status": "allowed",
        "distance_to_smelter_km": 49.8,
        "area_ha": 0.79,
        "region_id": "NE",
        "fe_oxide_index": 1.939,
        "clay_index": 1.647,
        "ndvi_stress_index": 0.226,
        "tmi_structural_nT": 46085.5,
        "tmi_anomaly_nT": 1085.5,
        "elevation_mdpl": 210.0,
        "geochem_assay_ratio": 2.93
      },
      "geometry": {
        "type": "Polygon",
        "coordinates": [
          [
            [
              121.934,
              -2.842
            ],
            [
              121.942,
              -2.842
            ],
            [
              121.942,
              -2.834
            ],
            [
              121.934,
              -2.834
            ],
            [
              121.934,
              -2.842
            ]
          ]
        ]
      }
    },
    {
      "type": "Feature",
      "properties": {
        "grid_id": "MOR240",
        "site": "morowali",
        "location_label": "Morowali Central Ultramafic Belt (IMIP Block) - Sulawesi Tengah nickel laterite",
        "lithology": "serpentinite_simulated",
        "slope_deg": 6.2,
        "distance_to_river_m": 2166,
        "distance_to_road_m": 953,
        "legal_status": "allowed",
        "distance_to_smelter_km": 54.1,
        "area_ha": 0.79,
        "region_id": "NE",
        "fe_oxide_index": 2.152,
        "clay_index": 1.834,
        "ndvi_stress_index": 0.261,
        "tmi_structural_nT": 45147.0,
        "tmi_anomaly_nT": 147.0,
        "elevation_mdpl": 196.3,
        "geochem_assay_ratio": 2.12
      },
      "geometry": {
        "type": "Polygon",
        "coordinates": [
          [
            [
              121.942,
              -2.842
            ],
            [
              121.95,
              -2.842
            ],
            [
              121.95,
              -2.834
            ],
            [
              121.942,
              -2.834
            ],
            [
              121.942,
              -2.842
            ]
          ]
        ]
      }
    },
    {
      "type": "Feature",
      "properties": {
        "grid_id": "MOR241",
        "site": "morowali",
        "location_label": "Morowali Central Ultramafic Belt (IMIP Block) - Sulawesi Tengah nickel laterite",
        "lithology": "mafic_volcanic_simulated",
        "slope_deg": 12.5,
        "distance_to_river_m": 2311,
        "distance_to_road_m": 4066,
        "legal_status": "allowed",
        "distance_to_smelter_km": 55.0,
        "area_ha": 0.79,
        "region_id": "NW",
        "fe_oxide_index": 1.594,
        "clay_index": 1.286,
        "ndvi_stress_index": 0.704,
        "tmi_structural_nT": 44976.6,
        "tmi_anomaly_nT": -23.4,
        "elevation_mdpl": 222.1,
        "geochem_assay_ratio": 5.48
      },
      "geometry": {
        "type": "Polygon",
        "coordinates": [
          [
            [
              121.79,
              -2.834
            ],
            [
              121.798,
              -2.834
            ],
            [
              121.798,
              -2.826
            ],
            [
              121.79,
              -2.826
            ],
            [
              121.79,
              -2.834
            ]
          ]
        ]
      }
    },
    {
      "type": "Feature",
      "properties": {
        "grid_id": "MOR242",
        "site": "morowali",
        "location_label": "Morowali Central Ultramafic Belt (IMIP Block) - Sulawesi Tengah nickel laterite",
        "lithology": "serpentinite_simulated",
        "slope_deg": 8.3,
        "distance_to_river_m": 1111,
        "distance_to_road_m": 1722,
        "legal_status": "allowed",
        "distance_to_smelter_km": 50.8,
        "area_ha": 0.79,
        "region_id": "NW",
        "fe_oxide_index": 1.844,
        "clay_index": 1.936,
        "ndvi_stress_index": 0.284,
        "tmi_structural_nT": 45108.4,
        "tmi_anomaly_nT": 108.4,
        "elevation_mdpl": 184.4,
        "geochem_assay_ratio": 2.72
      },
      "geometry": {
        "type": "Polygon",
        "coordinates": [
          [
            [
              121.798,
              -2.834
            ],
            [
              121.806,
              -2.834
            ],
            [
              121.806,
              -2.826
            ],
            [
              121.798,
              -2.826
            ],
            [
              121.798,
              -2.834
            ]
          ]
        ]
      }
    },
    {
      "type": "Feature",
      "properties": {
        "grid_id": "MOR243",
        "site": "morowali",
        "location_label": "Morowali Central Ultramafic Belt (IMIP Block) - Sulawesi Tengah nickel laterite",
        "lithology": "serpentinite_simulated",
        "slope_deg": 9.1,
        "distance_to_river_m": 1566,
        "distance_to_road_m": 1310,
        "legal_status": "allowed",
        "distance_to_smelter_km": 46.6,
        "area_ha": 0.79,
        "region_id": "NW",
        "fe_oxide_index": 1.996,
        "clay_index": 1.934,
        "ndvi_stress_index": 0.192,
        "tmi_structural_nT": 45816.6,
        "tmi_anomaly_nT": 816.6,
        "elevation_mdpl": 223.0,
        "geochem_assay_ratio": 1.64
      },
      "geometry": {
        "type": "Polygon",
        "coordinates": [
          [
            [
              121.806,
              -2.834
            ],
            [
              121.814,
              -2.834
            ],
            [
              121.814,
              -2.826
            ],
            [
              121.806,
              -2.826
            ],
            [
              121.806,
              -2.834
            ]
          ]
        ]
      }
    },
    {
      "type": "Feature",
      "properties": {
        "grid_id": "MOR244",
        "site": "morowali",
        "location_label": "Morowali Central Ultramafic Belt (IMIP Block) - Sulawesi Tengah nickel laterite",
        "lithology": "peridotite_simulated",
        "slope_deg": 7.8,
        "distance_to_river_m": 993,
        "distance_to_road_m": 1227,
        "legal_status": "allowed",
        "distance_to_smelter_km": 42.5,
        "area_ha": 0.79,
        "region_id": "NW",
        "fe_oxide_index": 2.226,
        "clay_index": 2.337,
        "ndvi_stress_index": 0.323,
        "tmi_structural_nT": 45785.8,
        "tmi_anomaly_nT": 785.8,
        "elevation_mdpl": 194.9,
        "geochem_assay_ratio": 2.29
      },
      "geometry": {
        "type": "Polygon",
        "coordinates": [
          [
            [
              121.814,
              -2.834
            ],
            [
              121.822,
              -2.834
            ],
            [
              121.822,
              -2.826
            ],
            [
              121.814,
              -2.826
            ],
            [
              121.814,
              -2.834
            ]
          ]
        ]
      }
    },
    {
      "type": "Feature",
      "properties": {
        "grid_id": "MOR245",
        "site": "morowali",
        "location_label": "Morowali Central Ultramafic Belt (IMIP Block) - Sulawesi Tengah nickel laterite",
        "lithology": "serpentinite_simulated",
        "slope_deg": 8.1,
        "distance_to_river_m": 642,
        "distance_to_road_m": 368,
        "legal_status": "allowed",
        "distance_to_smelter_km": 38.4,
        "area_ha": 0.79,
        "region_id": "NW",
        "fe_oxide_index": 2.467,
        "clay_index": 1.677,
        "ndvi_stress_index": 0.299,
        "tmi_structural_nT": 45193.9,
        "tmi_anomaly_nT": 193.9,
        "elevation_mdpl": 222.3,
        "geochem_assay_ratio": 2.02
      },
      "geometry": {
        "type": "Polygon",
        "coordinates": [
          [
            [
              121.822,
              -2.834
            ],
            [
              121.83,
              -2.834
            ],
            [
              121.83,
              -2.826
            ],
            [
              121.822,
              -2.826
            ],
            [
              121.822,
              -2.834
            ]
          ]
        ]
      }
    },
    {
      "type": "Feature",
      "properties": {
        "grid_id": "MOR246",
        "site": "morowali",
        "location_label": "Morowali Central Ultramafic Belt (IMIP Block) - Sulawesi Tengah nickel laterite",
        "lithology": "mafic_volcanic_simulated",
        "slope_deg": 4.9,
        "distance_to_river_m": 1672,
        "distance_to_road_m": 2528,
        "legal_status": "allowed",
        "distance_to_smelter_km": 34.5,
        "area_ha": 0.79,
        "region_id": "NW",
        "fe_oxide_index": 1.679,
        "clay_index": 1.468,
        "ndvi_stress_index": 0.737,
        "tmi_structural_nT": 44804.6,
        "tmi_anomaly_nT": -195.4,
        "elevation_mdpl": 201.5,
        "geochem_assay_ratio": 4.33
      },
      "geometry": {
        "type": "Polygon",
        "coordinates": [
          [
            [
              121.83,
              -2.834
            ],
            [
              121.838,
              -2.834
            ],
            [
              121.838,
              -2.826
            ],
            [
              121.83,
              -2.826
            ],
            [
              121.83,
              -2.834
            ]
          ]
        ]
      }
    },
    {
      "type": "Feature",
      "properties": {
        "grid_id": "MOR247",
        "site": "morowali",
        "location_label": "Morowali Central Ultramafic Belt (IMIP Block) - Sulawesi Tengah nickel laterite",
        "lithology": "peridotite_simulated",
        "slope_deg": 6.7,
        "distance_to_river_m": 194,
        "distance_to_road_m": 3016,
        "legal_status": "allowed",
        "distance_to_smelter_km": 30.8,
        "area_ha": 0.79,
        "region_id": "NW",
        "fe_oxide_index": 2.434,
        "clay_index": 1.968,
        "ndvi_stress_index": 0.238,
        "tmi_structural_nT": 45289.7,
        "tmi_anomaly_nT": 289.7,
        "elevation_mdpl": 261.7,
        "geochem_assay_ratio": 2.64
      },
      "geometry": {
        "type": "Polygon",
        "coordinates": [
          [
            [
              121.838,
              -2.834
            ],
            [
              121.846,
              -2.834
            ],
            [
              121.846,
              -2.826
            ],
            [
              121.838,
              -2.826
            ],
            [
              121.838,
              -2.834
            ]
          ]
        ]
      }
    },
    {
      "type": "Feature",
      "properties": {
        "grid_id": "MOR248",
        "site": "morowali",
        "location_label": "Morowali Central Ultramafic Belt (IMIP Block) - Sulawesi Tengah nickel laterite",
        "lithology": "serpentinite_simulated",
        "slope_deg": 14.3,
        "distance_to_river_m": 550,
        "distance_to_road_m": 3342,
        "legal_status": "allowed",
        "distance_to_smelter_km": 27.5,
        "area_ha": 0.79,
        "region_id": "NW",
        "fe_oxide_index": 1.849,
        "clay_index": 1.803,
        "ndvi_stress_index": 0.224,
        "tmi_structural_nT": 45675.2,
        "tmi_anomaly_nT": 675.2,
        "elevation_mdpl": 205.1,
        "geochem_assay_ratio": 3.18
      },
      "geometry": {
        "type": "Polygon",
        "coordinates": [
          [
            [
              121.846,
              -2.834
            ],
            [
              121.854,
              -2.834
            ],
            [
              121.854,
              -2.826
            ],
            [
              121.846,
              -2.826
            ],
            [
              121.846,
              -2.834
            ]
          ]
        ]
      }
    },
    {
      "type": "Feature",
      "properties": {
        "grid_id": "MOR249",
        "site": "morowali",
        "location_label": "Morowali Central Ultramafic Belt (IMIP Block) - Sulawesi Tengah nickel laterite",
        "lithology": "mafic_volcanic_simulated",
        "slope_deg": 8.9,
        "distance_to_river_m": 1192,
        "distance_to_road_m": 3212,
        "legal_status": "allowed",
        "distance_to_smelter_km": 24.8,
        "area_ha": 0.79,
        "region_id": "NW",
        "fe_oxide_index": 1.676,
        "clay_index": 1.062,
        "ndvi_stress_index": 0.501,
        "tmi_structural_nT": 45232.3,
        "tmi_anomaly_nT": 232.3,
        "elevation_mdpl": 258.9,
        "geochem_assay_ratio": 5.96
      },
      "geometry": {
        "type": "Polygon",
        "coordinates": [
          [
            [
              121.854,
              -2.834
            ],
            [
              121.862,
              -2.834
            ],
            [
              121.862,
              -2.826
            ],
            [
              121.854,
              -2.826
            ],
            [
              121.854,
              -2.834
            ]
          ]
        ]
      }
    },
    {
      "type": "Feature",
      "properties": {
        "grid_id": "MOR250",
        "site": "morowali",
        "location_label": "Morowali Central Ultramafic Belt (IMIP Block) - Sulawesi Tengah nickel laterite",
        "lithology": "serpentinite_simulated",
        "slope_deg": 12.8,
        "distance_to_river_m": 188,
        "distance_to_road_m": 2668,
        "legal_status": "allowed",
        "distance_to_smelter_km": 23.2,
        "area_ha": 0.79,
        "region_id": "NW",
        "fe_oxide_index": 1.836,
        "clay_index": 2.122,
        "ndvi_stress_index": 0.221,
        "tmi_structural_nT": 45603.4,
        "tmi_anomaly_nT": 603.4,
        "elevation_mdpl": 210.4,
        "geochem_assay_ratio": 2.53
      },
      "geometry": {
        "type": "Polygon",
        "coordinates": [
          [
            [
              121.862,
              -2.834
            ],
            [
              121.87,
              -2.834
            ],
            [
              121.87,
              -2.826
            ],
            [
              121.862,
              -2.826
            ],
            [
              121.862,
              -2.834
            ]
          ]
        ]
      }
    },
    {
      "type": "Feature",
      "properties": {
        "grid_id": "MOR251",
        "site": "morowali",
        "location_label": "Morowali Central Ultramafic Belt (IMIP Block) - Sulawesi Tengah nickel laterite",
        "lithology": "serpentinite_simulated",
        "slope_deg": 8.5,
        "distance_to_river_m": 2047,
        "distance_to_road_m": 3099,
        "legal_status": "allowed",
        "distance_to_smelter_km": 23.2,
        "area_ha": 0.79,
        "region_id": "NE",
        "fe_oxide_index": 2.65,
        "clay_index": 1.943,
        "ndvi_stress_index": 0.409,
        "tmi_structural_nT": 45362.4,
        "tmi_anomaly_nT": 362.4,
        "elevation_mdpl": 221.2,
        "geochem_assay_ratio": 1.53
      },
      "geometry": {
        "type": "Polygon",
        "coordinates": [
          [
            [
              121.87,
              -2.834
            ],
            [
              121.878,
              -2.834
            ],
            [
              121.878,
              -2.826
            ],
            [
              121.87,
              -2.826
            ],
            [
              121.87,
              -2.834
            ]
          ]
        ]
      }
    },
    {
      "type": "Feature",
      "properties": {
        "grid_id": "MOR252",
        "site": "morowali",
        "location_label": "Morowali Central Ultramafic Belt (IMIP Block) - Sulawesi Tengah nickel laterite",
        "lithology": "serpentinite_simulated",
        "slope_deg": 7.4,
        "distance_to_river_m": 2191,
        "distance_to_road_m": 2828,
        "legal_status": "allowed",
        "distance_to_smelter_km": 24.8,
        "area_ha": 0.79,
        "region_id": "NE",
        "fe_oxide_index": 2.665,
        "clay_index": 2.259,
        "ndvi_stress_index": 0.285,
        "tmi_structural_nT": 45316.5,
        "tmi_anomaly_nT": 316.5,
        "elevation_mdpl": 193.2,
        "geochem_assay_ratio": 1.8
      },
      "geometry": {
        "type": "Polygon",
        "coordinates": [
          [
            [
              121.878,
              -2.834
            ],
            [
              121.886,
              -2.834
            ],
            [
              121.886,
              -2.826
            ],
            [
              121.878,
              -2.826
            ],
            [
              121.878,
              -2.834
            ]
          ]
        ]
      }
    },
    {
      "type": "Feature",
      "properties": {
        "grid_id": "MOR253",
        "site": "morowali",
        "location_label": "Morowali Central Ultramafic Belt (IMIP Block) - Sulawesi Tengah nickel laterite",
        "lithology": "mafic_volcanic_simulated",
        "slope_deg": 5.5,
        "distance_to_river_m": 628,
        "distance_to_road_m": 2805,
        "legal_status": "allowed",
        "distance_to_smelter_km": 27.5,
        "area_ha": 0.79,
        "region_id": "NE",
        "fe_oxide_index": 1.663,
        "clay_index": 1.15,
        "ndvi_stress_index": 0.731,
        "tmi_structural_nT": 45329.1,
        "tmi_anomaly_nT": 329.1,
        "elevation_mdpl": 196.2,
        "geochem_assay_ratio": 4.49
      },
      "geometry": {
        "type": "Polygon",
        "coordinates": [
          [
            [
              121.886,
              -2.834
            ],
            [
              121.894,
              -2.834
            ],
            [
              121.894,
              -2.826
            ],
            [
              121.886,
              -2.826
            ],
            [
              121.886,
              -2.834
            ]
          ]
        ]
      }
    },
    {
      "type": "Feature",
      "properties": {
        "grid_id": "MOR254",
        "site": "morowali",
        "location_label": "Morowali Central Ultramafic Belt (IMIP Block) - Sulawesi Tengah nickel laterite",
        "lithology": "alluvium",
        "slope_deg": 6.2,
        "distance_to_river_m": 1858,
        "distance_to_road_m": 2738,
        "legal_status": "allowed",
        "distance_to_smelter_km": 30.8,
        "area_ha": 0.79,
        "region_id": "NE",
        "fe_oxide_index": 1.549,
        "clay_index": 1.287,
        "ndvi_stress_index": 0.65,
        "tmi_structural_nT": 45269.8,
        "tmi_anomaly_nT": 269.8,
        "elevation_mdpl": 207.1,
        "geochem_assay_ratio": 3.56
      },
      "geometry": {
        "type": "Polygon",
        "coordinates": [
          [
            [
              121.894,
              -2.834
            ],
            [
              121.902,
              -2.834
            ],
            [
              121.902,
              -2.826
            ],
            [
              121.894,
              -2.826
            ],
            [
              121.894,
              -2.834
            ]
          ]
        ]
      }
    },
    {
      "type": "Feature",
      "properties": {
        "grid_id": "MOR255",
        "site": "morowali",
        "location_label": "Morowali Central Ultramafic Belt (IMIP Block) - Sulawesi Tengah nickel laterite",
        "lithology": "peridotite_simulated",
        "slope_deg": 8.2,
        "distance_to_river_m": 487,
        "distance_to_road_m": 761,
        "legal_status": "allowed",
        "distance_to_smelter_km": 34.5,
        "area_ha": 0.79,
        "region_id": "NE",
        "fe_oxide_index": 2.227,
        "clay_index": 1.836,
        "ndvi_stress_index": 0.3,
        "tmi_structural_nT": 46026.8,
        "tmi_anomaly_nT": 1026.8,
        "elevation_mdpl": 274.7,
        "geochem_assay_ratio": 1.98
      },
      "geometry": {
        "type": "Polygon",
        "coordinates": [
          [
            [
              121.902,
              -2.834
            ],
            [
              121.91,
              -2.834
            ],
            [
              121.91,
              -2.826
            ],
            [
              121.902,
              -2.826
            ],
            [
              121.902,
              -2.834
            ]
          ]
        ]
      }
    },
    {
      "type": "Feature",
      "properties": {
        "grid_id": "MOR256",
        "site": "morowali",
        "location_label": "Morowali Central Ultramafic Belt (IMIP Block) - Sulawesi Tengah nickel laterite",
        "lithology": "mafic_volcanic_simulated",
        "slope_deg": 13.5,
        "distance_to_river_m": 783,
        "distance_to_road_m": 3545,
        "legal_status": "allowed",
        "distance_to_smelter_km": 38.4,
        "area_ha": 0.79,
        "region_id": "NE",
        "fe_oxide_index": 1.278,
        "clay_index": 1.072,
        "ndvi_stress_index": 0.737,
        "tmi_structural_nT": 44601.7,
        "tmi_anomaly_nT": -398.3,
        "elevation_mdpl": 232.9,
        "geochem_assay_ratio": 5.78
      },
      "geometry": {
        "type": "Polygon",
        "coordinates": [
          [
            [
              121.91,
              -2.834
            ],
            [
              121.918,
              -2.834
            ],
            [
              121.918,
              -2.826
            ],
            [
              121.91,
              -2.826
            ],
            [
              121.91,
              -2.834
            ]
          ]
        ]
      }
    },
    {
      "type": "Feature",
      "properties": {
        "grid_id": "MOR257",
        "site": "morowali",
        "location_label": "Morowali Central Ultramafic Belt (IMIP Block) - Sulawesi Tengah nickel laterite",
        "lithology": "ultramafic_simulated",
        "slope_deg": 7.7,
        "distance_to_river_m": 293,
        "distance_to_road_m": 2888,
        "legal_status": "allowed",
        "distance_to_smelter_km": 42.5,
        "area_ha": 0.79,
        "region_id": "NE",
        "fe_oxide_index": 2.439,
        "clay_index": 2.342,
        "ndvi_stress_index": 0.359,
        "tmi_structural_nT": 45312.6,
        "tmi_anomaly_nT": 312.6,
        "elevation_mdpl": 246.8,
        "geochem_assay_ratio": 1.42
      },
      "geometry": {
        "type": "Polygon",
        "coordinates": [
          [
            [
              121.918,
              -2.834
            ],
            [
              121.926,
              -2.834
            ],
            [
              121.926,
              -2.826
            ],
            [
              121.918,
              -2.826
            ],
            [
              121.918,
              -2.834
            ]
          ]
        ]
      }
    },
    {
      "type": "Feature",
      "properties": {
        "grid_id": "MOR258",
        "site": "morowali",
        "location_label": "Morowali Central Ultramafic Belt (IMIP Block) - Sulawesi Tengah nickel laterite",
        "lithology": "serpentinite_simulated",
        "slope_deg": 11.6,
        "distance_to_river_m": 874,
        "distance_to_road_m": 2464,
        "legal_status": "allowed",
        "distance_to_smelter_km": 46.6,
        "area_ha": 0.79,
        "region_id": "NE",
        "fe_oxide_index": 2.034,
        "clay_index": 1.814,
        "ndvi_stress_index": 0.185,
        "tmi_structural_nT": 45436.8,
        "tmi_anomaly_nT": 436.8,
        "elevation_mdpl": 262.8,
        "geochem_assay_ratio": 2.77
      },
      "geometry": {
        "type": "Polygon",
        "coordinates": [
          [
            [
              121.926,
              -2.834
            ],
            [
              121.934,
              -2.834
            ],
            [
              121.934,
              -2.826
            ],
            [
              121.926,
              -2.826
            ],
            [
              121.926,
              -2.834
            ]
          ]
        ]
      }
    },
    {
      "type": "Feature",
      "properties": {
        "grid_id": "MOR259",
        "site": "morowali",
        "location_label": "Morowali Central Ultramafic Belt (IMIP Block) - Sulawesi Tengah nickel laterite",
        "lithology": "serpentinite_simulated",
        "slope_deg": 12.2,
        "distance_to_river_m": 1723,
        "distance_to_road_m": 2305,
        "legal_status": "allowed",
        "distance_to_smelter_km": 50.8,
        "area_ha": 0.79,
        "region_id": "NE",
        "fe_oxide_index": 2.44,
        "clay_index": 2.412,
        "ndvi_stress_index": 0.207,
        "tmi_structural_nT": 45408.8,
        "tmi_anomaly_nT": 408.8,
        "elevation_mdpl": 231.3,
        "geochem_assay_ratio": 2.17
      },
      "geometry": {
        "type": "Polygon",
        "coordinates": [
          [
            [
              121.934,
              -2.834
            ],
            [
              121.942,
              -2.834
            ],
            [
              121.942,
              -2.826
            ],
            [
              121.934,
              -2.826
            ],
            [
              121.934,
              -2.834
            ]
          ]
        ]
      }
    },
    {
      "type": "Feature",
      "properties": {
        "grid_id": "MOR260",
        "site": "morowali",
        "location_label": "Morowali Central Ultramafic Belt (IMIP Block) - Sulawesi Tengah nickel laterite",
        "lithology": "serpentinite_simulated",
        "slope_deg": 10.0,
        "distance_to_river_m": 1842,
        "distance_to_road_m": 3490,
        "legal_status": "allowed",
        "distance_to_smelter_km": 55.0,
        "area_ha": 0.79,
        "region_id": "NE",
        "fe_oxide_index": 2.305,
        "clay_index": 2.389,
        "ndvi_stress_index": 0.23,
        "tmi_structural_nT": 45949.3,
        "tmi_anomaly_nT": 949.3,
        "elevation_mdpl": 224.3,
        "geochem_assay_ratio": 2.66
      },
      "geometry": {
        "type": "Polygon",
        "coordinates": [
          [
            [
              121.942,
              -2.834
            ],
            [
              121.95,
              -2.834
            ],
            [
              121.95,
              -2.826
            ],
            [
              121.942,
              -2.826
            ],
            [
              121.942,
              -2.834
            ]
          ]
        ]
      }
    },
    {
      "type": "Feature",
      "properties": {
        "grid_id": "MOR261",
        "site": "morowali",
        "location_label": "Morowali Central Ultramafic Belt (IMIP Block) - Sulawesi Tengah nickel laterite",
        "lithology": "serpentinite_simulated",
        "slope_deg": 8.6,
        "distance_to_river_m": 534,
        "distance_to_road_m": 904,
        "legal_status": "allowed",
        "distance_to_smelter_km": 56.3,
        "area_ha": 0.79,
        "region_id": "NW",
        "fe_oxide_index": 2.297,
        "clay_index": 1.983,
        "ndvi_stress_index": 0.301,
        "tmi_structural_nT": 45679.3,
        "tmi_anomaly_nT": 679.3,
        "elevation_mdpl": 278.1,
        "geochem_assay_ratio": 2.99
      },
      "geometry": {
        "type": "Polygon",
        "coordinates": [
          [
            [
              121.79,
              -2.826
            ],
            [
              121.798,
              -2.826
            ],
            [
              121.798,
              -2.818
            ],
            [
              121.79,
              -2.818
            ],
            [
              121.79,
              -2.826
            ]
          ]
        ]
      }
    },
    {
      "type": "Feature",
      "properties": {
        "grid_id": "MOR262",
        "site": "morowali",
        "location_label": "Morowali Central Ultramafic Belt (IMIP Block) - Sulawesi Tengah nickel laterite",
        "lithology": "serpentinite_simulated",
        "slope_deg": 6.2,
        "distance_to_river_m": 1398,
        "distance_to_road_m": 4454,
        "legal_status": "allowed",
        "distance_to_smelter_km": 52.2,
        "area_ha": 0.79,
        "region_id": "NW",
        "fe_oxide_index": 2.456,
        "clay_index": 1.634,
        "ndvi_stress_index": 0.289,
        "tmi_structural_nT": 45310.1,
        "tmi_anomaly_nT": 310.1,
        "elevation_mdpl": 231.4,
        "geochem_assay_ratio": 2.03
      },
      "geometry": {
        "type": "Polygon",
        "coordinates": [
          [
            [
              121.798,
              -2.826
            ],
            [
              121.806,
              -2.826
            ],
            [
              121.806,
              -2.818
            ],
            [
              121.798,
              -2.818
            ],
            [
              121.798,
              -2.826
            ]
          ]
        ]
      }
    },
    {
      "type": "Feature",
      "properties": {
        "grid_id": "MOR263",
        "site": "morowali",
        "location_label": "Morowali Central Ultramafic Belt (IMIP Block) - Sulawesi Tengah nickel laterite",
        "lithology": "ultramafic_simulated",
        "slope_deg": 6.0,
        "distance_to_river_m": 2351,
        "distance_to_road_m": 3613,
        "legal_status": "allowed",
        "distance_to_smelter_km": 48.2,
        "area_ha": 0.79,
        "region_id": "NW",
        "fe_oxide_index": 2.15,
        "clay_index": 1.675,
        "ndvi_stress_index": 0.391,
        "tmi_structural_nT": 45646.8,
        "tmi_anomaly_nT": 646.8,
        "elevation_mdpl": 195.5,
        "geochem_assay_ratio": 2.42
      },
      "geometry": {
        "type": "Polygon",
        "coordinates": [
          [
            [
              121.806,
              -2.826
            ],
            [
              121.814,
              -2.826
            ],
            [
              121.814,
              -2.818
            ],
            [
              121.806,
              -2.818
            ],
            [
              121.806,
              -2.826
            ]
          ]
        ]
      }
    },
    {
      "type": "Feature",
      "properties": {
        "grid_id": "MOR264",
        "site": "morowali",
        "location_label": "Morowali Central Ultramafic Belt (IMIP Block) - Sulawesi Tengah nickel laterite",
        "lithology": "peridotite_simulated",
        "slope_deg": 10.7,
        "distance_to_river_m": 716,
        "distance_to_road_m": 1491,
        "legal_status": "allowed",
        "distance_to_smelter_km": 44.3,
        "area_ha": 0.79,
        "region_id": "NW",
        "fe_oxide_index": 2.692,
        "clay_index": 2.162,
        "ndvi_stress_index": 0.326,
        "tmi_structural_nT": 45554.1,
        "tmi_anomaly_nT": 554.1,
        "elevation_mdpl": 184.6,
        "geochem_assay_ratio": 2.68
      },
      "geometry": {
        "type": "Polygon",
        "coordinates": [
          [
            [
              121.814,
              -2.826
            ],
            [
              121.822,
              -2.826
            ],
            [
              121.822,
              -2.818
            ],
            [
              121.814,
              -2.818
            ],
            [
              121.814,
              -2.826
            ]
          ]
        ]
      }
    },
    {
      "type": "Feature",
      "properties": {
        "grid_id": "MOR265",
        "site": "morowali",
        "location_label": "Morowali Central Ultramafic Belt (IMIP Block) - Sulawesi Tengah nickel laterite",
        "lithology": "ultramafic_simulated",
        "slope_deg": 12.4,
        "distance_to_river_m": 1201,
        "distance_to_road_m": 4106,
        "legal_status": "allowed",
        "distance_to_smelter_km": 40.5,
        "area_ha": 0.79,
        "region_id": "NW",
        "fe_oxide_index": 2.351,
        "clay_index": 2.125,
        "ndvi_stress_index": 0.342,
        "tmi_structural_nT": 45839.2,
        "tmi_anomaly_nT": 839.2,
        "elevation_mdpl": 231.7,
        "geochem_assay_ratio": 2.68
      },
      "geometry": {
        "type": "Polygon",
        "coordinates": [
          [
            [
              121.822,
              -2.826
            ],
            [
              121.83,
              -2.826
            ],
            [
              121.83,
              -2.818
            ],
            [
              121.822,
              -2.818
            ],
            [
              121.822,
              -2.826
            ]
          ]
        ]
      }
    },
    {
      "type": "Feature",
      "properties": {
        "grid_id": "MOR266",
        "site": "morowali",
        "location_label": "Morowali Central Ultramafic Belt (IMIP Block) - Sulawesi Tengah nickel laterite",
        "lithology": "peridotite_simulated",
        "slope_deg": 14.3,
        "distance_to_river_m": 1418,
        "distance_to_road_m": 660,
        "legal_status": "allowed",
        "distance_to_smelter_km": 36.9,
        "area_ha": 0.79,
        "region_id": "NW",
        "fe_oxide_index": 2.269,
        "clay_index": 1.645,
        "ndvi_stress_index": 0.392,
        "tmi_structural_nT": 45332.1,
        "tmi_anomaly_nT": 332.1,
        "elevation_mdpl": 277.4,
        "geochem_assay_ratio": 2.85
      },
      "geometry": {
        "type": "Polygon",
        "coordinates": [
          [
            [
              121.83,
              -2.826
            ],
            [
              121.838,
              -2.826
            ],
            [
              121.838,
              -2.818
            ],
            [
              121.83,
              -2.818
            ],
            [
              121.83,
              -2.826
            ]
          ]
        ]
      }
    },
    {
      "type": "Feature",
      "properties": {
        "grid_id": "MOR267",
        "site": "morowali",
        "location_label": "Morowali Central Ultramafic Belt (IMIP Block) - Sulawesi Tengah nickel laterite",
        "lithology": "mafic_volcanic_simulated",
        "slope_deg": 7.9,
        "distance_to_river_m": 2372,
        "distance_to_road_m": 1869,
        "legal_status": "allowed",
        "distance_to_smelter_km": 33.7,
        "area_ha": 0.79,
        "region_id": "NW",
        "fe_oxide_index": 1.646,
        "clay_index": 1.335,
        "ndvi_stress_index": 0.686,
        "tmi_structural_nT": 44633.5,
        "tmi_anomaly_nT": -366.5,
        "elevation_mdpl": 230.9,
        "geochem_assay_ratio": 5.9
      },
      "geometry": {
        "type": "Polygon",
        "coordinates": [
          [
            [
              121.838,
              -2.826
            ],
            [
              121.846,
              -2.826
            ],
            [
              121.846,
              -2.818
            ],
            [
              121.838,
              -2.818
            ],
            [
              121.838,
              -2.826
            ]
          ]
        ]
      }
    },
    {
      "type": "Feature",
      "properties": {
        "grid_id": "MOR268",
        "site": "morowali",
        "location_label": "Morowali Central Ultramafic Belt (IMIP Block) - Sulawesi Tengah nickel laterite",
        "lithology": "peridotite_simulated",
        "slope_deg": 10.4,
        "distance_to_river_m": 2029,
        "distance_to_road_m": 449,
        "legal_status": "allowed",
        "distance_to_smelter_km": 30.8,
        "area_ha": 0.79,
        "region_id": "NW",
        "fe_oxide_index": 2.106,
        "clay_index": 1.927,
        "ndvi_stress_index": 0.293,
        "tmi_structural_nT": 45354.6,
        "tmi_anomaly_nT": 354.6,
        "elevation_mdpl": 197.7,
        "geochem_assay_ratio": 1.62
      },
      "geometry": {
        "type": "Polygon",
        "coordinates": [
          [
            [
              121.846,
              -2.826
            ],
            [
              121.854,
              -2.826
            ],
            [
              121.854,
              -2.818
            ],
            [
              121.846,
              -2.818
            ],
            [
              121.846,
              -2.826
            ]
          ]
        ]
      }
    },
    {
      "type": "Feature",
      "properties": {
        "grid_id": "MOR269",
        "site": "morowali",
        "location_label": "Morowali Central Ultramafic Belt (IMIP Block) - Sulawesi Tengah nickel laterite",
        "lithology": "serpentinite_simulated",
        "slope_deg": 12.7,
        "distance_to_river_m": 876,
        "distance_to_road_m": 1485,
        "legal_status": "allowed",
        "distance_to_smelter_km": 28.7,
        "area_ha": 0.79,
        "region_id": "NW",
        "fe_oxide_index": 1.862,
        "clay_index": 2.102,
        "ndvi_stress_index": 0.376,
        "tmi_structural_nT": 45303.4,
        "tmi_anomaly_nT": 303.4,
        "elevation_mdpl": 228.7,
        "geochem_assay_ratio": 2.21
      },
      "geometry": {
        "type": "Polygon",
        "coordinates": [
          [
            [
              121.854,
              -2.826
            ],
            [
              121.862,
              -2.826
            ],
            [
              121.862,
              -2.818
            ],
            [
              121.854,
              -2.818
            ],
            [
              121.854,
              -2.826
            ]
          ]
        ]
      }
    },
    {
      "type": "Feature",
      "properties": {
        "grid_id": "MOR270",
        "site": "morowali",
        "location_label": "Morowali Central Ultramafic Belt (IMIP Block) - Sulawesi Tengah nickel laterite",
        "lithology": "mafic_volcanic_simulated",
        "slope_deg": 8.6,
        "distance_to_river_m": 1230,
        "distance_to_road_m": 861,
        "legal_status": "allowed",
        "distance_to_smelter_km": 27.5,
        "area_ha": 0.79,
        "region_id": "NW",
        "fe_oxide_index": 1.101,
        "clay_index": 1.499,
        "ndvi_stress_index": 0.709,
        "tmi_structural_nT": 45315.3,
        "tmi_anomaly_nT": 315.3,
        "elevation_mdpl": 207.8,
        "geochem_assay_ratio": 5.53
      },
      "geometry": {
        "type": "Polygon",
        "coordinates": [
          [
            [
              121.862,
              -2.826
            ],
            [
              121.87,
              -2.826
            ],
            [
              121.87,
              -2.818
            ],
            [
              121.862,
              -2.818
            ],
            [
              121.862,
              -2.826
            ]
          ]
        ]
      }
    },
    {
      "type": "Feature",
      "properties": {
        "grid_id": "MOR271",
        "site": "morowali",
        "location_label": "Morowali Central Ultramafic Belt (IMIP Block) - Sulawesi Tengah nickel laterite",
        "lithology": "mafic_volcanic_simulated",
        "slope_deg": 10.8,
        "distance_to_river_m": 940,
        "distance_to_road_m": 2988,
        "legal_status": "allowed",
        "distance_to_smelter_km": 27.5,
        "area_ha": 0.79,
        "region_id": "NE",
        "fe_oxide_index": 1.265,
        "clay_index": 1.013,
        "ndvi_stress_index": 0.546,
        "tmi_structural_nT": 44645.3,
        "tmi_anomaly_nT": -354.7,
        "elevation_mdpl": 265.8,
        "geochem_assay_ratio": 3.66
      },
      "geometry": {
        "type": "Polygon",
        "coordinates": [
          [
            [
              121.87,
              -2.826
            ],
            [
              121.878,
              -2.826
            ],
            [
              121.878,
              -2.818
            ],
            [
              121.87,
              -2.818
            ],
            [
              121.87,
              -2.826
            ]
          ]
        ]
      }
    },
    {
      "type": "Feature",
      "properties": {
        "grid_id": "MOR272",
        "site": "morowali",
        "location_label": "Morowali Central Ultramafic Belt (IMIP Block) - Sulawesi Tengah nickel laterite",
        "lithology": "serpentinite_simulated",
        "slope_deg": 10.4,
        "distance_to_river_m": 546,
        "distance_to_road_m": 1108,
        "legal_status": "allowed",
        "distance_to_smelter_km": 28.7,
        "area_ha": 0.79,
        "region_id": "NE",
        "fe_oxide_index": 2.725,
        "clay_index": 2.29,
        "ndvi_stress_index": 0.252,
        "tmi_structural_nT": 45145.0,
        "tmi_anomaly_nT": 145.0,
        "elevation_mdpl": 201.6,
        "geochem_assay_ratio": 2.94
      },
      "geometry": {
        "type": "Polygon",
        "coordinates": [
          [
            [
              121.878,
              -2.826
            ],
            [
              121.886,
              -2.826
            ],
            [
              121.886,
              -2.818
            ],
            [
              121.878,
              -2.818
            ],
            [
              121.878,
              -2.826
            ]
          ]
        ]
      }
    },
    {
      "type": "Feature",
      "properties": {
        "grid_id": "MOR273",
        "site": "morowali",
        "location_label": "Morowali Central Ultramafic Belt (IMIP Block) - Sulawesi Tengah nickel laterite",
        "lithology": "serpentinite_simulated",
        "slope_deg": 6.6,
        "distance_to_river_m": 766,
        "distance_to_road_m": 1849,
        "legal_status": "allowed",
        "distance_to_smelter_km": 30.8,
        "area_ha": 0.79,
        "region_id": "NE",
        "fe_oxide_index": 1.888,
        "clay_index": 2.184,
        "ndvi_stress_index": 0.25,
        "tmi_structural_nT": 45929.5,
        "tmi_anomaly_nT": 929.5,
        "elevation_mdpl": 194.9,
        "geochem_assay_ratio": 1.57
      },
      "geometry": {
        "type": "Polygon",
        "coordinates": [
          [
            [
              121.886,
              -2.826
            ],
            [
              121.894,
              -2.826
            ],
            [
              121.894,
              -2.818
            ],
            [
              121.886,
              -2.818
            ],
            [
              121.886,
              -2.826
            ]
          ]
        ]
      }
    },
    {
      "type": "Feature",
      "properties": {
        "grid_id": "MOR274",
        "site": "morowali",
        "location_label": "Morowali Central Ultramafic Belt (IMIP Block) - Sulawesi Tengah nickel laterite",
        "lithology": "peridotite_simulated",
        "slope_deg": 14.6,
        "distance_to_river_m": 379,
        "distance_to_road_m": 1205,
        "legal_status": "allowed",
        "distance_to_smelter_km": 33.7,
        "area_ha": 0.79,
        "region_id": "NE",
        "fe_oxide_index": 2.305,
        "clay_index": 1.951,
        "ndvi_stress_index": 0.332,
        "tmi_structural_nT": 46045.3,
        "tmi_anomaly_nT": 1045.3,
        "elevation_mdpl": 181.5,
        "geochem_assay_ratio": 2.84
      },
      "geometry": {
        "type": "Polygon",
        "coordinates": [
          [
            [
              121.894,
              -2.826
            ],
            [
              121.902,
              -2.826
            ],
            [
              121.902,
              -2.818
            ],
            [
              121.894,
              -2.818
            ],
            [
              121.894,
              -2.826
            ]
          ]
        ]
      }
    },
    {
      "type": "Feature",
      "properties": {
        "grid_id": "MOR275",
        "site": "morowali",
        "location_label": "Morowali Central Ultramafic Belt (IMIP Block) - Sulawesi Tengah nickel laterite",
        "lithology": "ultramafic_simulated",
        "slope_deg": 4.1,
        "distance_to_river_m": 257,
        "distance_to_road_m": 1116,
        "legal_status": "allowed",
        "distance_to_smelter_km": 36.9,
        "area_ha": 0.79,
        "region_id": "NE",
        "fe_oxide_index": 2.479,
        "clay_index": 2.401,
        "ndvi_stress_index": 0.398,
        "tmi_structural_nT": 45118.9,
        "tmi_anomaly_nT": 118.9,
        "elevation_mdpl": 212.6,
        "geochem_assay_ratio": 2.9
      },
      "geometry": {
        "type": "Polygon",
        "coordinates": [
          [
            [
              121.902,
              -2.826
            ],
            [
              121.91,
              -2.826
            ],
            [
              121.91,
              -2.818
            ],
            [
              121.902,
              -2.818
            ],
            [
              121.902,
              -2.826
            ]
          ]
        ]
      }
    },
    {
      "type": "Feature",
      "properties": {
        "grid_id": "MOR276",
        "site": "morowali",
        "location_label": "Morowali Central Ultramafic Belt (IMIP Block) - Sulawesi Tengah nickel laterite",
        "lithology": "alluvium",
        "slope_deg": 6.6,
        "distance_to_river_m": 2447,
        "distance_to_road_m": 892,
        "legal_status": "allowed",
        "distance_to_smelter_km": 40.5,
        "area_ha": 0.79,
        "region_id": "NE",
        "fe_oxide_index": 1.327,
        "clay_index": 1.328,
        "ndvi_stress_index": 0.527,
        "tmi_structural_nT": 45063.3,
        "tmi_anomaly_nT": 63.3,
        "elevation_mdpl": 241.4,
        "geochem_assay_ratio": 3.62
      },
      "geometry": {
        "type": "Polygon",
        "coordinates": [
          [
            [
              121.91,
              -2.826
            ],
            [
              121.918,
              -2.826
            ],
            [
              121.918,
              -2.818
            ],
            [
              121.91,
              -2.818
            ],
            [
              121.91,
              -2.826
            ]
          ]
        ]
      }
    },
    {
      "type": "Feature",
      "properties": {
        "grid_id": "MOR277",
        "site": "morowali",
        "location_label": "Morowali Central Ultramafic Belt (IMIP Block) - Sulawesi Tengah nickel laterite",
        "lithology": "serpentinite_simulated",
        "slope_deg": 7.3,
        "distance_to_river_m": 1341,
        "distance_to_road_m": 1588,
        "legal_status": "allowed",
        "distance_to_smelter_km": 44.3,
        "area_ha": 0.79,
        "region_id": "NE",
        "fe_oxide_index": 2.25,
        "clay_index": 1.604,
        "ndvi_stress_index": 0.243,
        "tmi_structural_nT": 45612.0,
        "tmi_anomaly_nT": 612.0,
        "elevation_mdpl": 222.9,
        "geochem_assay_ratio": 1.88
      },
      "geometry": {
        "type": "Polygon",
        "coordinates": [
          [
            [
              121.918,
              -2.826
            ],
            [
              121.926,
              -2.826
            ],
            [
              121.926,
              -2.818
            ],
            [
              121.918,
              -2.818
            ],
            [
              121.918,
              -2.826
            ]
          ]
        ]
      }
    },
    {
      "type": "Feature",
      "properties": {
        "grid_id": "MOR278",
        "site": "morowali",
        "location_label": "Morowali Central Ultramafic Belt (IMIP Block) - Sulawesi Tengah nickel laterite",
        "lithology": "alluvium",
        "slope_deg": 8.1,
        "distance_to_river_m": 951,
        "distance_to_road_m": 3865,
        "legal_status": "allowed",
        "distance_to_smelter_km": 48.2,
        "area_ha": 0.79,
        "region_id": "NE",
        "fe_oxide_index": 1.334,
        "clay_index": 1.079,
        "ndvi_stress_index": 0.721,
        "tmi_structural_nT": 45272.3,
        "tmi_anomaly_nT": 272.3,
        "elevation_mdpl": 231.1,
        "geochem_assay_ratio": 5.05
      },
      "geometry": {
        "type": "Polygon",
        "coordinates": [
          [
            [
              121.926,
              -2.826
            ],
            [
              121.934,
              -2.826
            ],
            [
              121.934,
              -2.818
            ],
            [
              121.926,
              -2.818
            ],
            [
              121.926,
              -2.826
            ]
          ]
        ]
      }
    },
    {
      "type": "Feature",
      "properties": {
        "grid_id": "MOR279",
        "site": "morowali",
        "location_label": "Morowali Central Ultramafic Belt (IMIP Block) - Sulawesi Tengah nickel laterite",
        "lithology": "ultramafic_simulated",
        "slope_deg": 11.7,
        "distance_to_river_m": 1126,
        "distance_to_road_m": 3512,
        "legal_status": "allowed",
        "distance_to_smelter_km": 52.2,
        "area_ha": 0.79,
        "region_id": "NE",
        "fe_oxide_index": 2.733,
        "clay_index": 2.236,
        "ndvi_stress_index": 0.217,
        "tmi_structural_nT": 45302.5,
        "tmi_anomaly_nT": 302.5,
        "elevation_mdpl": 271.1,
        "geochem_assay_ratio": 2.76
      },
      "geometry": {
        "type": "Polygon",
        "coordinates": [
          [
            [
              121.934,
              -2.826
            ],
            [
              121.942,
              -2.826
            ],
            [
              121.942,
              -2.818
            ],
            [
              121.934,
              -2.818
            ],
            [
              121.934,
              -2.826
            ]
          ]
        ]
      }
    },
    {
      "type": "Feature",
      "properties": {
        "grid_id": "MOR280",
        "site": "morowali",
        "location_label": "Morowali Central Ultramafic Belt (IMIP Block) - Sulawesi Tengah nickel laterite",
        "lithology": "ultramafic_simulated",
        "slope_deg": 8.3,
        "distance_to_river_m": 1429,
        "distance_to_road_m": 1579,
        "legal_status": "allowed",
        "distance_to_smelter_km": 56.3,
        "area_ha": 0.79,
        "region_id": "NE",
        "fe_oxide_index": 2.447,
        "clay_index": 2.239,
        "ndvi_stress_index": 0.362,
        "tmi_structural_nT": 45887.3,
        "tmi_anomaly_nT": 887.3,
        "elevation_mdpl": 187.7,
        "geochem_assay_ratio": 1.57
      },
      "geometry": {
        "type": "Polygon",
        "coordinates": [
          [
            [
              121.942,
              -2.826
            ],
            [
              121.95,
              -2.826
            ],
            [
              121.95,
              -2.818
            ],
            [
              121.942,
              -2.818
            ],
            [
              121.942,
              -2.826
            ]
          ]
        ]
      }
    },
    {
      "type": "Feature",
      "properties": {
        "grid_id": "MOR281",
        "site": "morowali",
        "location_label": "Morowali Central Ultramafic Belt (IMIP Block) - Sulawesi Tengah nickel laterite",
        "lithology": "peridotite_simulated",
        "slope_deg": 11.8,
        "distance_to_river_m": 1470,
        "distance_to_road_m": 931,
        "legal_status": "allowed",
        "distance_to_smelter_km": 58.0,
        "area_ha": 0.79,
        "region_id": "NW",
        "fe_oxide_index": 1.924,
        "clay_index": 2.432,
        "ndvi_stress_index": 0.415,
        "tmi_structural_nT": 45498.2,
        "tmi_anomaly_nT": 498.2,
        "elevation_mdpl": 199.6,
        "geochem_assay_ratio": 2.78
      },
      "geometry": {
        "type": "Polygon",
        "coordinates": [
          [
            [
              121.79,
              -2.818
            ],
            [
              121.798,
              -2.818
            ],
            [
              121.798,
              -2.81
            ],
            [
              121.79,
              -2.81
            ],
            [
              121.79,
              -2.818
            ]
          ]
        ]
      }
    },
    {
      "type": "Feature",
      "properties": {
        "grid_id": "MOR282",
        "site": "morowali",
        "location_label": "Morowali Central Ultramafic Belt (IMIP Block) - Sulawesi Tengah nickel laterite",
        "lithology": "peridotite_simulated",
        "slope_deg": 10.3,
        "distance_to_river_m": 1353,
        "distance_to_road_m": 3110,
        "legal_status": "allowed",
        "distance_to_smelter_km": 54.1,
        "area_ha": 0.79,
        "region_id": "NW",
        "fe_oxide_index": 2.202,
        "clay_index": 1.848,
        "ndvi_stress_index": 0.29,
        "tmi_structural_nT": 45720.4,
        "tmi_anomaly_nT": 720.4,
        "elevation_mdpl": 225.1,
        "geochem_assay_ratio": 2.61
      },
      "geometry": {
        "type": "Polygon",
        "coordinates": [
          [
            [
              121.798,
              -2.818
            ],
            [
              121.806,
              -2.818
            ],
            [
              121.806,
              -2.81
            ],
            [
              121.798,
              -2.81
            ],
            [
              121.798,
              -2.818
            ]
          ]
        ]
      }
    },
    {
      "type": "Feature",
      "properties": {
        "grid_id": "MOR283",
        "site": "morowali",
        "location_label": "Morowali Central Ultramafic Belt (IMIP Block) - Sulawesi Tengah nickel laterite",
        "lithology": "peridotite_simulated",
        "slope_deg": 11.3,
        "distance_to_river_m": 2113,
        "distance_to_road_m": 3076,
        "legal_status": "allowed",
        "distance_to_smelter_km": 50.3,
        "area_ha": 0.79,
        "region_id": "NW",
        "fe_oxide_index": 2.36,
        "clay_index": 1.685,
        "ndvi_stress_index": 0.191,
        "tmi_structural_nT": 45663.4,
        "tmi_anomaly_nT": 663.4,
        "elevation_mdpl": 259.7,
        "geochem_assay_ratio": 1.88
      },
      "geometry": {
        "type": "Polygon",
        "coordinates": [
          [
            [
              121.806,
              -2.818
            ],
            [
              121.814,
              -2.818
            ],
            [
              121.814,
              -2.81
            ],
            [
              121.806,
              -2.81
            ],
            [
              121.806,
              -2.818
            ]
          ]
        ]
      }
    },
    {
      "type": "Feature",
      "properties": {
        "grid_id": "MOR284",
        "site": "morowali",
        "location_label": "Morowali Central Ultramafic Belt (IMIP Block) - Sulawesi Tengah nickel laterite",
        "lithology": "peridotite_simulated",
        "slope_deg": 13.7,
        "distance_to_river_m": 2159,
        "distance_to_road_m": 4192,
        "legal_status": "allowed",
        "distance_to_smelter_km": 46.6,
        "area_ha": 0.79,
        "region_id": "NW",
        "fe_oxide_index": 1.835,
        "clay_index": 2.42,
        "ndvi_stress_index": 0.39,
        "tmi_structural_nT": 45702.2,
        "tmi_anomaly_nT": 702.2,
        "elevation_mdpl": 204.6,
        "geochem_assay_ratio": 1.66
      },
      "geometry": {
        "type": "Polygon",
        "coordinates": [
          [
            [
              121.814,
              -2.818
            ],
            [
              121.822,
              -2.818
            ],
            [
              121.822,
              -2.81
            ],
            [
              121.814,
              -2.81
            ],
            [
              121.814,
              -2.818
            ]
          ]
        ]
      }
    },
    {
      "type": "Feature",
      "properties": {
        "grid_id": "MOR285",
        "site": "morowali",
        "location_label": "Morowali Central Ultramafic Belt (IMIP Block) - Sulawesi Tengah nickel laterite",
        "lithology": "ultramafic_simulated",
        "slope_deg": 5.1,
        "distance_to_river_m": 1808,
        "distance_to_road_m": 709,
        "legal_status": "allowed",
        "distance_to_smelter_km": 43.1,
        "area_ha": 0.79,
        "region_id": "NW",
        "fe_oxide_index": 1.942,
        "clay_index": 2.2,
        "ndvi_stress_index": 0.32,
        "tmi_structural_nT": 45409.4,
        "tmi_anomaly_nT": 409.4,
        "elevation_mdpl": 264.8,
        "geochem_assay_ratio": 1.43
      },
      "geometry": {
        "type": "Polygon",
        "coordinates": [
          [
            [
              121.822,
              -2.818
            ],
            [
              121.83,
              -2.818
            ],
            [
              121.83,
              -2.81
            ],
            [
              121.822,
              -2.81
            ],
            [
              121.822,
              -2.818
            ]
          ]
        ]
      }
    },
    {
      "type": "Feature",
      "properties": {
        "grid_id": "MOR286",
        "site": "morowali",
        "location_label": "Morowali Central Ultramafic Belt (IMIP Block) - Sulawesi Tengah nickel laterite",
        "lithology": "peridotite_simulated",
        "slope_deg": 7.2,
        "distance_to_river_m": 1175,
        "distance_to_road_m": 2862,
        "legal_status": "allowed",
        "distance_to_smelter_km": 39.8,
        "area_ha": 0.79,
        "region_id": "NW",
        "fe_oxide_index": 1.884,
        "clay_index": 2.38,
        "ndvi_stress_index": 0.3,
        "tmi_structural_nT": 45714.7,
        "tmi_anomaly_nT": 714.7,
        "elevation_mdpl": 191.1,
        "geochem_assay_ratio": 3.17
      },
      "geometry": {
        "type": "Polygon",
        "coordinates": [
          [
            [
              121.83,
              -2.818
            ],
            [
              121.838,
              -2.818
            ],
            [
              121.838,
              -2.81
            ],
            [
              121.83,
              -2.81
            ],
            [
              121.83,
              -2.818
            ]
          ]
        ]
      }
    },
    {
      "type": "Feature",
      "properties": {
        "grid_id": "MOR287",
        "site": "morowali",
        "location_label": "Morowali Central Ultramafic Belt (IMIP Block) - Sulawesi Tengah nickel laterite",
        "lithology": "ultramafic_simulated",
        "slope_deg": 9.5,
        "distance_to_river_m": 904,
        "distance_to_road_m": 661,
        "legal_status": "allowed",
        "distance_to_smelter_km": 36.9,
        "area_ha": 0.79,
        "region_id": "NW",
        "fe_oxide_index": 2.311,
        "clay_index": 2.287,
        "ndvi_stress_index": 0.404,
        "tmi_structural_nT": 45566.5,
        "tmi_anomaly_nT": 566.5,
        "elevation_mdpl": 234.3,
        "geochem_assay_ratio": 2.67
      },
      "geometry": {
        "type": "Polygon",
        "coordinates": [
          [
            [
              121.838,
              -2.818
            ],
            [
              121.846,
              -2.818
            ],
            [
              121.846,
              -2.81
            ],
            [
              121.838,
              -2.81
            ],
            [
              121.838,
              -2.818
            ]
          ]
        ]
      }
    },
    {
      "type": "Feature",
      "properties": {
        "grid_id": "MOR288",
        "site": "morowali",
        "location_label": "Morowali Central Ultramafic Belt (IMIP Block) - Sulawesi Tengah nickel laterite",
        "lithology": "mafic_volcanic_simulated",
        "slope_deg": 6.0,
        "distance_to_river_m": 1661,
        "distance_to_road_m": 709,
        "legal_status": "allowed",
        "distance_to_smelter_km": 34.5,
        "area_ha": 0.79,
        "region_id": "NW",
        "fe_oxide_index": 1.556,
        "clay_index": 1.181,
        "ndvi_stress_index": 0.603,
        "tmi_structural_nT": 44659.0,
        "tmi_anomaly_nT": -341.0,
        "elevation_mdpl": 267.4,
        "geochem_assay_ratio": 4.69
      },
      "geometry": {
        "type": "Polygon",
        "coordinates": [
          [
            [
              121.846,
              -2.818
            ],
            [
              121.854,
              -2.818
            ],
            [
              121.854,
              -2.81
            ],
            [
              121.846,
              -2.81
            ],
            [
              121.846,
              -2.818
            ]
          ]
        ]
      }
    },
    {
      "type": "Feature",
      "properties": {
        "grid_id": "MOR289",
        "site": "morowali",
        "location_label": "Morowali Central Ultramafic Belt (IMIP Block) - Sulawesi Tengah nickel laterite",
        "lithology": "peridotite_simulated",
        "slope_deg": 12.9,
        "distance_to_river_m": 1129,
        "distance_to_road_m": 2838,
        "legal_status": "allowed",
        "distance_to_smelter_km": 32.8,
        "area_ha": 0.79,
        "region_id": "NW",
        "fe_oxide_index": 1.942,
        "clay_index": 1.72,
        "ndvi_stress_index": 0.293,
        "tmi_structural_nT": 45268.5,
        "tmi_anomaly_nT": 268.5,
        "elevation_mdpl": 230.2,
        "geochem_assay_ratio": 1.6
      },
      "geometry": {
        "type": "Polygon",
        "coordinates": [
          [
            [
              121.854,
              -2.818
            ],
            [
              121.862,
              -2.818
            ],
            [
              121.862,
              -2.81
            ],
            [
              121.854,
              -2.81
            ],
            [
              121.854,
              -2.818
            ]
          ]
        ]
      }
    },
    {
      "type": "Feature",
      "properties": {
        "grid_id": "MOR290",
        "site": "morowali",
        "location_label": "Morowali Central Ultramafic Belt (IMIP Block) - Sulawesi Tengah nickel laterite",
        "lithology": "serpentinite_simulated",
        "slope_deg": 8.1,
        "distance_to_river_m": 1994,
        "distance_to_road_m": 3274,
        "legal_status": "allowed",
        "distance_to_smelter_km": 31.8,
        "area_ha": 0.79,
        "region_id": "NW",
        "fe_oxide_index": 1.831,
        "clay_index": 2.325,
        "ndvi_stress_index": 0.366,
        "tmi_structural_nT": 45294.2,
        "tmi_anomaly_nT": 294.2,
        "elevation_mdpl": 276.7,
        "geochem_assay_ratio": 3.1
      },
      "geometry": {
        "type": "Polygon",
        "coordinates": [
          [
            [
              121.862,
              -2.818
            ],
            [
              121.87,
              -2.818
            ],
            [
              121.87,
              -2.81
            ],
            [
              121.862,
              -2.81
            ],
            [
              121.862,
              -2.818
            ]
          ]
        ]
      }
    },
    {
      "type": "Feature",
      "properties": {
        "grid_id": "MOR291",
        "site": "morowali",
        "location_label": "Morowali Central Ultramafic Belt (IMIP Block) - Sulawesi Tengah nickel laterite",
        "lithology": "peridotite_simulated",
        "slope_deg": 14.0,
        "distance_to_river_m": 1833,
        "distance_to_road_m": 1717,
        "legal_status": "allowed",
        "distance_to_smelter_km": 31.8,
        "area_ha": 0.79,
        "region_id": "NE",
        "fe_oxide_index": 2.715,
        "clay_index": 1.707,
        "ndvi_stress_index": 0.363,
        "tmi_structural_nT": 45861.0,
        "tmi_anomaly_nT": 861.0,
        "elevation_mdpl": 189.6,
        "geochem_assay_ratio": 2.58
      },
      "geometry": {
        "type": "Polygon",
        "coordinates": [
          [
            [
              121.87,
              -2.818
            ],
            [
              121.878,
              -2.818
            ],
            [
              121.878,
              -2.81
            ],
            [
              121.87,
              -2.81
            ],
            [
              121.87,
              -2.818
            ]
          ]
        ]
      }
    },
    {
      "type": "Feature",
      "properties": {
        "grid_id": "MOR292",
        "site": "morowali",
        "location_label": "Morowali Central Ultramafic Belt (IMIP Block) - Sulawesi Tengah nickel laterite",
        "lithology": "serpentinite_simulated",
        "slope_deg": 5.6,
        "distance_to_river_m": 695,
        "distance_to_road_m": 3092,
        "legal_status": "allowed",
        "distance_to_smelter_km": 32.8,
        "area_ha": 0.79,
        "region_id": "NE",
        "fe_oxide_index": 2.063,
        "clay_index": 2.38,
        "ndvi_stress_index": 0.237,
        "tmi_structural_nT": 45820.5,
        "tmi_anomaly_nT": 820.5,
        "elevation_mdpl": 239.6,
        "geochem_assay_ratio": 1.42
      },
      "geometry": {
        "type": "Polygon",
        "coordinates": [
          [
            [
              121.878,
              -2.818
            ],
            [
              121.886,
              -2.818
            ],
            [
              121.886,
              -2.81
            ],
            [
              121.878,
              -2.81
            ],
            [
              121.878,
              -2.818
            ]
          ]
        ]
      }
    },
    {
      "type": "Feature",
      "properties": {
        "grid_id": "MOR293",
        "site": "morowali",
        "location_label": "Morowali Central Ultramafic Belt (IMIP Block) - Sulawesi Tengah nickel laterite",
        "lithology": "serpentinite_simulated",
        "slope_deg": 4.7,
        "distance_to_river_m": 292,
        "distance_to_road_m": 1726,
        "legal_status": "allowed",
        "distance_to_smelter_km": 34.5,
        "area_ha": 0.79,
        "region_id": "NE",
        "fe_oxide_index": 2.594,
        "clay_index": 1.916,
        "ndvi_stress_index": 0.394,
        "tmi_structural_nT": 45183.0,
        "tmi_anomaly_nT": 183.0,
        "elevation_mdpl": 211.8,
        "geochem_assay_ratio": 2.2
      },
      "geometry": {
        "type": "Polygon",
        "coordinates": [
          [
            [
              121.886,
              -2.818
            ],
            [
              121.894,
              -2.818
            ],
            [
              121.894,
              -2.81
            ],
            [
              121.886,
              -2.81
            ],
            [
              121.886,
              -2.818
            ]
          ]
        ]
      }
    },
    {
      "type": "Feature",
      "properties": {
        "grid_id": "MOR294",
        "site": "morowali",
        "location_label": "Morowali Central Ultramafic Belt (IMIP Block) - Sulawesi Tengah nickel laterite",
        "lithology": "mafic_volcanic_simulated",
        "slope_deg": 4.1,
        "distance_to_river_m": 834,
        "distance_to_road_m": 1114,
        "legal_status": "allowed",
        "distance_to_smelter_km": 36.9,
        "area_ha": 0.79,
        "region_id": "NE",
        "fe_oxide_index": 1.103,
        "clay_index": 1.016,
        "ndvi_stress_index": 0.522,
        "tmi_structural_nT": 45109.4,
        "tmi_anomaly_nT": 109.4,
        "elevation_mdpl": 210.8,
        "geochem_assay_ratio": 5.3
      },
      "geometry": {
        "type": "Polygon",
        "coordinates": [
          [
            [
              121.894,
              -2.818
            ],
            [
              121.902,
              -2.818
            ],
            [
              121.902,
              -2.81
            ],
            [
              121.894,
              -2.81
            ],
            [
              121.894,
              -2.818
            ]
          ]
        ]
      }
    },
    {
      "type": "Feature",
      "properties": {
        "grid_id": "MOR295",
        "site": "morowali",
        "location_label": "Morowali Central Ultramafic Belt (IMIP Block) - Sulawesi Tengah nickel laterite",
        "lithology": "serpentinite_simulated",
        "slope_deg": 5.6,
        "distance_to_river_m": 2024,
        "distance_to_road_m": 3154,
        "legal_status": "allowed",
        "distance_to_smelter_km": 39.8,
        "area_ha": 0.79,
        "region_id": "NE",
        "fe_oxide_index": 2.033,
        "clay_index": 1.67,
        "ndvi_stress_index": 0.334,
        "tmi_structural_nT": 46021.6,
        "tmi_anomaly_nT": 1021.6,
        "elevation_mdpl": 193.9,
        "geochem_assay_ratio": 2.1
      },
      "geometry": {
        "type": "Polygon",
        "coordinates": [
          [
            [
              121.902,
              -2.818
            ],
            [
              121.91,
              -2.818
            ],
            [
              121.91,
              -2.81
            ],
            [
              121.902,
              -2.81
            ],
            [
              121.902,
              -2.818
            ]
          ]
        ]
      }
    },
    {
      "type": "Feature",
      "properties": {
        "grid_id": "MOR296",
        "site": "morowali",
        "location_label": "Morowali Central Ultramafic Belt (IMIP Block) - Sulawesi Tengah nickel laterite",
        "lithology": "serpentinite_simulated",
        "slope_deg": 8.5,
        "distance_to_river_m": 1582,
        "distance_to_road_m": 2321,
        "legal_status": "allowed",
        "distance_to_smelter_km": 43.1,
        "area_ha": 0.79,
        "region_id": "NE",
        "fe_oxide_index": 2.173,
        "clay_index": 1.628,
        "ndvi_stress_index": 0.232,
        "tmi_structural_nT": 45939.0,
        "tmi_anomaly_nT": 939.0,
        "elevation_mdpl": 238.6,
        "geochem_assay_ratio": 2.3
      },
      "geometry": {
        "type": "Polygon",
        "coordinates": [
          [
            [
              121.91,
              -2.818
            ],
            [
              121.918,
              -2.818
            ],
            [
              121.918,
              -2.81
            ],
            [
              121.91,
              -2.81
            ],
            [
              121.91,
              -2.818
            ]
          ]
        ]
      }
    },
    {
      "type": "Feature",
      "properties": {
        "grid_id": "MOR297",
        "site": "morowali",
        "location_label": "Morowali Central Ultramafic Belt (IMIP Block) - Sulawesi Tengah nickel laterite",
        "lithology": "serpentinite_simulated",
        "slope_deg": 13.3,
        "distance_to_river_m": 1054,
        "distance_to_road_m": 3329,
        "legal_status": "allowed",
        "distance_to_smelter_km": 46.6,
        "area_ha": 0.79,
        "region_id": "NE",
        "fe_oxide_index": 2.34,
        "clay_index": 1.913,
        "ndvi_stress_index": 0.413,
        "tmi_structural_nT": 45409.1,
        "tmi_anomaly_nT": 409.1,
        "elevation_mdpl": 252.7,
        "geochem_assay_ratio": 2.44
      },
      "geometry": {
        "type": "Polygon",
        "coordinates": [
          [
            [
              121.918,
              -2.818
            ],
            [
              121.926,
              -2.818
            ],
            [
              121.926,
              -2.81
            ],
            [
              121.918,
              -2.81
            ],
            [
              121.918,
              -2.818
            ]
          ]
        ]
      }
    },
    {
      "type": "Feature",
      "properties": {
        "grid_id": "MOR298",
        "site": "morowali",
        "location_label": "Morowali Central Ultramafic Belt (IMIP Block) - Sulawesi Tengah nickel laterite",
        "lithology": "serpentinite_simulated",
        "slope_deg": 7.3,
        "distance_to_river_m": 1936,
        "distance_to_road_m": 1163,
        "legal_status": "allowed",
        "distance_to_smelter_km": 50.3,
        "area_ha": 0.79,
        "region_id": "NE",
        "fe_oxide_index": 2.766,
        "clay_index": 2.17,
        "ndvi_stress_index": 0.414,
        "tmi_structural_nT": 45527.9,
        "tmi_anomaly_nT": 527.9,
        "elevation_mdpl": 222.1,
        "geochem_assay_ratio": 2.17
      },
      "geometry": {
        "type": "Polygon",
        "coordinates": [
          [
            [
              121.926,
              -2.818
            ],
            [
              121.934,
              -2.818
            ],
            [
              121.934,
              -2.81
            ],
            [
              121.926,
              -2.81
            ],
            [
              121.926,
              -2.818
            ]
          ]
        ]
      }
    },
    {
      "type": "Feature",
      "properties": {
        "grid_id": "MOR299",
        "site": "morowali",
        "location_label": "Morowali Central Ultramafic Belt (IMIP Block) - Sulawesi Tengah nickel laterite",
        "lithology": "mafic_volcanic_simulated",
        "slope_deg": 4.3,
        "distance_to_river_m": 1640,
        "distance_to_road_m": 2333,
        "legal_status": "allowed",
        "distance_to_smelter_km": 54.1,
        "area_ha": 0.79,
        "region_id": "NE",
        "fe_oxide_index": 1.181,
        "clay_index": 1.099,
        "ndvi_stress_index": 0.636,
        "tmi_structural_nT": 44939.2,
        "tmi_anomaly_nT": -60.8,
        "elevation_mdpl": 238.6,
        "geochem_assay_ratio": 3.68
      },
      "geometry": {
        "type": "Polygon",
        "coordinates": [
          [
            [
              121.934,
              -2.818
            ],
            [
              121.942,
              -2.818
            ],
            [
              121.942,
              -2.81
            ],
            [
              121.934,
              -2.81
            ],
            [
              121.934,
              -2.818
            ]
          ]
        ]
      }
    },
    {
      "type": "Feature",
      "properties": {
        "grid_id": "MOR300",
        "site": "morowali",
        "location_label": "Morowali Central Ultramafic Belt (IMIP Block) - Sulawesi Tengah nickel laterite",
        "lithology": "peridotite_simulated",
        "slope_deg": 14.0,
        "distance_to_river_m": 525,
        "distance_to_road_m": 1360,
        "legal_status": "allowed",
        "distance_to_smelter_km": 58.0,
        "area_ha": 0.79,
        "region_id": "NE",
        "fe_oxide_index": 2.073,
        "clay_index": 1.893,
        "ndvi_stress_index": 0.338,
        "tmi_structural_nT": 45602.2,
        "tmi_anomaly_nT": 602.2,
        "elevation_mdpl": 218.0,
        "geochem_assay_ratio": 2.5
      },
      "geometry": {
        "type": "Polygon",
        "coordinates": [
          [
            [
              121.942,
              -2.818
            ],
            [
              121.95,
              -2.818
            ],
            [
              121.95,
              -2.81
            ],
            [
              121.942,
              -2.81
            ],
            [
              121.942,
              -2.818
            ]
          ]
        ]
      }
    },
    {
      "type": "Feature",
      "properties": {
        "grid_id": "MOR301",
        "site": "morowali",
        "location_label": "Morowali Central Ultramafic Belt (IMIP Block) - Sulawesi Tengah nickel laterite",
        "lithology": "peridotite_simulated",
        "slope_deg": 7.2,
        "distance_to_river_m": 1180,
        "distance_to_road_m": 3943,
        "legal_status": "allowed",
        "distance_to_smelter_km": 60.0,
        "area_ha": 0.79,
        "region_id": "NW",
        "fe_oxide_index": 2.312,
        "clay_index": 2.444,
        "ndvi_stress_index": 0.256,
        "tmi_structural_nT": 45445.4,
        "tmi_anomaly_nT": 445.4,
        "elevation_mdpl": 276.2,
        "geochem_assay_ratio": 3.04
      },
      "geometry": {
        "type": "Polygon",
        "coordinates": [
          [
            [
              121.79,
              -2.81
            ],
            [
              121.798,
              -2.81
            ],
            [
              121.798,
              -2.802
            ],
            [
              121.79,
              -2.802
            ],
            [
              121.79,
              -2.81
            ]
          ]
        ]
      }
    },
    {
      "type": "Feature",
      "properties": {
        "grid_id": "MOR302",
        "site": "morowali",
        "location_label": "Morowali Central Ultramafic Belt (IMIP Block) - Sulawesi Tengah nickel laterite",
        "lithology": "serpentinite_simulated",
        "slope_deg": 10.2,
        "distance_to_river_m": 939,
        "distance_to_road_m": 2565,
        "legal_status": "allowed",
        "distance_to_smelter_km": 56.3,
        "area_ha": 0.79,
        "region_id": "NW",
        "fe_oxide_index": 2.659,
        "clay_index": 1.646,
        "ndvi_stress_index": 0.281,
        "tmi_structural_nT": 45226.4,
        "tmi_anomaly_nT": 226.4,
        "elevation_mdpl": 224.7,
        "geochem_assay_ratio": 2.15
      },
      "geometry": {
        "type": "Polygon",
        "coordinates": [
          [
            [
              121.798,
              -2.81
            ],
            [
              121.806,
              -2.81
            ],
            [
              121.806,
              -2.802
            ],
            [
              121.798,
              -2.802
            ],
            [
              121.798,
              -2.81
            ]
          ]
        ]
      }
    },
    {
      "type": "Feature",
      "properties": {
        "grid_id": "MOR303",
        "site": "morowali",
        "location_label": "Morowali Central Ultramafic Belt (IMIP Block) - Sulawesi Tengah nickel laterite",
        "lithology": "mafic_volcanic_simulated",
        "slope_deg": 14.3,
        "distance_to_river_m": 1802,
        "distance_to_road_m": 3379,
        "legal_status": "allowed",
        "distance_to_smelter_km": 52.7,
        "area_ha": 0.79,
        "region_id": "NW",
        "fe_oxide_index": 1.324,
        "clay_index": 1.432,
        "ndvi_stress_index": 0.582,
        "tmi_structural_nT": 45055.4,
        "tmi_anomaly_nT": 55.4,
        "elevation_mdpl": 225.9,
        "geochem_assay_ratio": 4.01
      },
      "geometry": {
        "type": "Polygon",
        "coordinates": [
          [
            [
              121.806,
              -2.81
            ],
            [
              121.814,
              -2.81
            ],
            [
              121.814,
              -2.802
            ],
            [
              121.806,
              -2.802
            ],
            [
              121.806,
              -2.81
            ]
          ]
        ]
      }
    },
    {
      "type": "Feature",
      "properties": {
        "grid_id": "MOR304",
        "site": "morowali",
        "location_label": "Morowali Central Ultramafic Belt (IMIP Block) - Sulawesi Tengah nickel laterite",
        "lithology": "peridotite_simulated",
        "slope_deg": 12.0,
        "distance_to_river_m": 207,
        "distance_to_road_m": 1168,
        "legal_status": "allowed",
        "distance_to_smelter_km": 49.3,
        "area_ha": 0.79,
        "region_id": "NW",
        "fe_oxide_index": 2.691,
        "clay_index": 2.266,
        "ndvi_stress_index": 0.374,
        "tmi_structural_nT": 45526.3,
        "tmi_anomaly_nT": 526.3,
        "elevation_mdpl": 180.4,
        "geochem_assay_ratio": 1.52
      },
      "geometry": {
        "type": "Polygon",
        "coordinates": [
          [
            [
              121.814,
              -2.81
            ],
            [
              121.822,
              -2.81
            ],
            [
              121.822,
              -2.802
            ],
            [
              121.814,
              -2.802
            ],
            [
              121.814,
              -2.81
            ]
          ]
        ]
      }
    },
    {
      "type": "Feature",
      "properties": {
        "grid_id": "MOR305",
        "site": "morowali",
        "location_label": "Morowali Central Ultramafic Belt (IMIP Block) - Sulawesi Tengah nickel laterite",
        "lithology": "serpentinite_simulated",
        "slope_deg": 14.8,
        "distance_to_river_m": 1433,
        "distance_to_road_m": 2033,
        "legal_status": "allowed",
        "distance_to_smelter_km": 46.0,
        "area_ha": 0.79,
        "region_id": "NW",
        "fe_oxide_index": 2.532,
        "clay_index": 1.924,
        "ndvi_stress_index": 0.384,
        "tmi_structural_nT": 45740.1,
        "tmi_anomaly_nT": 740.1,
        "elevation_mdpl": 205.3,
        "geochem_assay_ratio": 3.05
      },
      "geometry": {
        "type": "Polygon",
        "coordinates": [
          [
            [
              121.822,
              -2.81
            ],
            [
              121.83,
              -2.81
            ],
            [
              121.83,
              -2.802
            ],
            [
              121.822,
              -2.802
            ],
            [
              121.822,
              -2.81
            ]
          ]
        ]
      }
    },
    {
      "type": "Feature",
      "properties": {
        "grid_id": "MOR306",
        "site": "morowali",
        "location_label": "Morowali Central Ultramafic Belt (IMIP Block) - Sulawesi Tengah nickel laterite",
        "lithology": "serpentinite_simulated",
        "slope_deg": 8.3,
        "distance_to_river_m": 1282,
        "distance_to_road_m": 3616,
        "legal_status": "allowed",
        "distance_to_smelter_km": 43.1,
        "area_ha": 0.79,
        "region_id": "NW",
        "fe_oxide_index": 2.544,
        "clay_index": 1.651,
        "ndvi_stress_index": 0.391,
        "tmi_structural_nT": 45316.7,
        "tmi_anomaly_nT": 316.7,
        "elevation_mdpl": 232.4,
        "geochem_assay_ratio": 2.32
      },
      "geometry": {
        "type": "Polygon",
        "coordinates": [
          [
            [
              121.83,
              -2.81
            ],
            [
              121.838,
              -2.81
            ],
            [
              121.838,
              -2.802
            ],
            [
              121.83,
              -2.802
            ],
            [
              121.83,
              -2.81
            ]
          ]
        ]
      }
    },
    {
      "type": "Feature",
      "properties": {
        "grid_id": "MOR307",
        "site": "morowali",
        "location_label": "Morowali Central Ultramafic Belt (IMIP Block) - Sulawesi Tengah nickel laterite",
        "lithology": "serpentinite_simulated",
        "slope_deg": 10.9,
        "distance_to_river_m": 208,
        "distance_to_road_m": 4177,
        "legal_status": "allowed",
        "distance_to_smelter_km": 40.5,
        "area_ha": 0.79,
        "region_id": "NW",
        "fe_oxide_index": 2.096,
        "clay_index": 1.693,
        "ndvi_stress_index": 0.382,
        "tmi_structural_nT": 45550.8,
        "tmi_anomaly_nT": 550.8,
        "elevation_mdpl": 206.2,
        "geochem_assay_ratio": 1.56
      },
      "geometry": {
        "type": "Polygon",
        "coordinates": [
          [
            [
              121.838,
              -2.81
            ],
            [
              121.846,
              -2.81
            ],
            [
              121.846,
              -2.802
            ],
            [
              121.838,
              -2.802
            ],
            [
              121.838,
              -2.81
            ]
          ]
        ]
      }
    },
    {
      "type": "Feature",
      "properties": {
        "grid_id": "MOR308",
        "site": "morowali",
        "location_label": "Morowali Central Ultramafic Belt (IMIP Block) - Sulawesi Tengah nickel laterite",
        "lithology": "peridotite_simulated",
        "slope_deg": 7.9,
        "distance_to_river_m": 1887,
        "distance_to_road_m": 2513,
        "legal_status": "allowed",
        "distance_to_smelter_km": 38.4,
        "area_ha": 0.79,
        "region_id": "NW",
        "fe_oxide_index": 1.869,
        "clay_index": 2.339,
        "ndvi_stress_index": 0.353,
        "tmi_structural_nT": 45964.8,
        "tmi_anomaly_nT": 964.8,
        "elevation_mdpl": 213.3,
        "geochem_assay_ratio": 3.16
      },
      "geometry": {
        "type": "Polygon",
        "coordinates": [
          [
            [
              121.846,
              -2.81
            ],
            [
              121.854,
              -2.81
            ],
            [
              121.854,
              -2.802
            ],
            [
              121.846,
              -2.802
            ],
            [
              121.846,
              -2.81
            ]
          ]
        ]
      }
    },
    {
      "type": "Feature",
      "properties": {
        "grid_id": "MOR309",
        "site": "morowali",
        "location_label": "Morowali Central Ultramafic Belt (IMIP Block) - Sulawesi Tengah nickel laterite",
        "lithology": "serpentinite_simulated",
        "slope_deg": 4.5,
        "distance_to_river_m": 1761,
        "distance_to_road_m": 2589,
        "legal_status": "allowed",
        "distance_to_smelter_km": 36.9,
        "area_ha": 0.79,
        "region_id": "NW",
        "fe_oxide_index": 2.375,
        "clay_index": 2.114,
        "ndvi_stress_index": 0.23,
        "tmi_structural_nT": 45914.8,
        "tmi_anomaly_nT": 914.8,
        "elevation_mdpl": 257.6,
        "geochem_assay_ratio": 1.41
      },
      "geometry": {
        "type": "Polygon",
        "coordinates": [
          [
            [
              121.854,
              -2.81
            ],
            [
              121.862,
              -2.81
            ],
            [
              121.862,
              -2.802
            ],
            [
              121.854,
              -2.802
            ],
            [
              121.854,
              -2.81
            ]
          ]
        ]
      }
    },
    {
      "type": "Feature",
      "properties": {
        "grid_id": "MOR310",
        "site": "morowali",
        "location_label": "Morowali Central Ultramafic Belt (IMIP Block) - Sulawesi Tengah nickel laterite",
        "lithology": "peridotite_simulated",
        "slope_deg": 6.1,
        "distance_to_river_m": 2303,
        "distance_to_road_m": 2571,
        "legal_status": "allowed",
        "distance_to_smelter_km": 36.2,
        "area_ha": 0.79,
        "region_id": "NW",
        "fe_oxide_index": 2.73,
        "clay_index": 2.316,
        "ndvi_stress_index": 0.333,
        "tmi_structural_nT": 45865.5,
        "tmi_anomaly_nT": 865.5,
        "elevation_mdpl": 202.4,
        "geochem_assay_ratio": 2.96
      },
      "geometry": {
        "type": "Polygon",
        "coordinates": [
          [
            [
              121.862,
              -2.81
            ],
            [
              121.87,
              -2.81
            ],
            [
              121.87,
              -2.802
            ],
            [
              121.862,
              -2.802
            ],
            [
              121.862,
              -2.81
            ]
          ]
        ]
      }
    },
    {
      "type": "Feature",
      "properties": {
        "grid_id": "MOR311",
        "site": "morowali",
        "location_label": "Morowali Central Ultramafic Belt (IMIP Block) - Sulawesi Tengah nickel laterite",
        "lithology": "ultramafic_simulated",
        "slope_deg": 7.1,
        "distance_to_river_m": 629,
        "distance_to_road_m": 3152,
        "legal_status": "allowed",
        "distance_to_smelter_km": 36.2,
        "area_ha": 0.79,
        "region_id": "NE",
        "fe_oxide_index": 2.813,
        "clay_index": 1.896,
        "ndvi_stress_index": 0.338,
        "tmi_structural_nT": 45948.8,
        "tmi_anomaly_nT": 948.8,
        "elevation_mdpl": 249.2,
        "geochem_assay_ratio": 2.2
      },
      "geometry": {
        "type": "Polygon",
        "coordinates": [
          [
            [
              121.87,
              -2.81
            ],
            [
              121.878,
              -2.81
            ],
            [
              121.878,
              -2.802
            ],
            [
              121.87,
              -2.802
            ],
            [
              121.87,
              -2.81
            ]
          ]
        ]
      }
    },
    {
      "type": "Feature",
      "properties": {
        "grid_id": "MOR312",
        "site": "morowali",
        "location_label": "Morowali Central Ultramafic Belt (IMIP Block) - Sulawesi Tengah nickel laterite",
        "lithology": "ultramafic_simulated",
        "slope_deg": 4.2,
        "distance_to_river_m": 1607,
        "distance_to_road_m": 1872,
        "legal_status": "allowed",
        "distance_to_smelter_km": 36.9,
        "area_ha": 0.79,
        "region_id": "NE",
        "fe_oxide_index": 2.508,
        "clay_index": 2.18,
        "ndvi_stress_index": 0.267,
        "tmi_structural_nT": 45880.3,
        "tmi_anomaly_nT": 880.3,
        "elevation_mdpl": 242.4,
        "geochem_assay_ratio": 3.12
      },
      "geometry": {
        "type": "Polygon",
        "coordinates": [
          [
            [
              121.878,
              -2.81
            ],
            [
              121.886,
              -2.81
            ],
            [
              121.886,
              -2.802
            ],
            [
              121.878,
              -2.802
            ],
            [
              121.878,
              -2.81
            ]
          ]
        ]
      }
    },
    {
      "type": "Feature",
      "properties": {
        "grid_id": "MOR313",
        "site": "morowali",
        "location_label": "Morowali Central Ultramafic Belt (IMIP Block) - Sulawesi Tengah nickel laterite",
        "lithology": "ultramafic_simulated",
        "slope_deg": 14.0,
        "distance_to_river_m": 1152,
        "distance_to_road_m": 478,
        "legal_status": "allowed",
        "distance_to_smelter_km": 38.4,
        "area_ha": 0.79,
        "region_id": "NE",
        "fe_oxide_index": 2.389,
        "clay_index": 2.21,
        "ndvi_stress_index": 0.341,
        "tmi_structural_nT": 45944.7,
        "tmi_anomaly_nT": 944.7,
        "elevation_mdpl": 271.0,
        "geochem_assay_ratio": 2.48
      },
      "geometry": {
        "type": "Polygon",
        "coordinates": [
          [
            [
              121.886,
              -2.81
            ],
            [
              121.894,
              -2.81
            ],
            [
              121.894,
              -2.802
            ],
            [
              121.886,
              -2.802
            ],
            [
              121.886,
              -2.81
            ]
          ]
        ]
      }
    },
    {
      "type": "Feature",
      "properties": {
        "grid_id": "MOR314",
        "site": "morowali",
        "location_label": "Morowali Central Ultramafic Belt (IMIP Block) - Sulawesi Tengah nickel laterite",
        "lithology": "serpentinite_simulated",
        "slope_deg": 5.7,
        "distance_to_river_m": 2214,
        "distance_to_road_m": 730,
        "legal_status": "allowed",
        "distance_to_smelter_km": 40.5,
        "area_ha": 0.79,
        "region_id": "NE",
        "fe_oxide_index": 2.244,
        "clay_index": 1.724,
        "ndvi_stress_index": 0.304,
        "tmi_structural_nT": 45410.4,
        "tmi_anomaly_nT": 410.4,
        "elevation_mdpl": 233.9,
        "geochem_assay_ratio": 1.87
      },
      "geometry": {
        "type": "Polygon",
        "coordinates": [
          [
            [
              121.894,
              -2.81
            ],
            [
              121.902,
              -2.81
            ],
            [
              121.902,
              -2.802
            ],
            [
              121.894,
              -2.802
            ],
            [
              121.894,
              -2.81
            ]
          ]
        ]
      }
    },
    {
      "type": "Feature",
      "properties": {
        "grid_id": "MOR315",
        "site": "morowali",
        "location_label": "Morowali Central Ultramafic Belt (IMIP Block) - Sulawesi Tengah nickel laterite",
        "lithology": "serpentinite_simulated",
        "slope_deg": 13.7,
        "distance_to_river_m": 1109,
        "distance_to_road_m": 3055,
        "legal_status": "allowed",
        "distance_to_smelter_km": 43.1,
        "area_ha": 0.79,
        "region_id": "NE",
        "fe_oxide_index": 2.046,
        "clay_index": 2.364,
        "ndvi_stress_index": 0.383,
        "tmi_structural_nT": 46009.6,
        "tmi_anomaly_nT": 1009.6,
        "elevation_mdpl": 218.1,
        "geochem_assay_ratio": 2.68
      },
      "geometry": {
        "type": "Polygon",
        "coordinates": [
          [
            [
              121.902,
              -2.81
            ],
            [
              121.91,
              -2.81
            ],
            [
              121.91,
              -2.802
            ],
            [
              121.902,
              -2.802
            ],
            [
              121.902,
              -2.81
            ]
          ]
        ]
      }
    },
    {
      "type": "Feature",
      "properties": {
        "grid_id": "MOR316",
        "site": "morowali",
        "location_label": "Morowali Central Ultramafic Belt (IMIP Block) - Sulawesi Tengah nickel laterite",
        "lithology": "serpentinite_simulated",
        "slope_deg": 7.7,
        "distance_to_river_m": 2223,
        "distance_to_road_m": 2841,
        "legal_status": "allowed",
        "distance_to_smelter_km": 46.0,
        "area_ha": 0.79,
        "region_id": "NE",
        "fe_oxide_index": 2.453,
        "clay_index": 1.796,
        "ndvi_stress_index": 0.402,
        "tmi_structural_nT": 45806.3,
        "tmi_anomaly_nT": 806.3,
        "elevation_mdpl": 243.3,
        "geochem_assay_ratio": 2.15
      },
      "geometry": {
        "type": "Polygon",
        "coordinates": [
          [
            [
              121.91,
              -2.81
            ],
            [
              121.918,
              -2.81
            ],
            [
              121.918,
              -2.802
            ],
            [
              121.91,
              -2.802
            ],
            [
              121.91,
              -2.81
            ]
          ]
        ]
      }
    },
    {
      "type": "Feature",
      "properties": {
        "grid_id": "MOR317",
        "site": "morowali",
        "location_label": "Morowali Central Ultramafic Belt (IMIP Block) - Sulawesi Tengah nickel laterite",
        "lithology": "ultramafic_simulated",
        "slope_deg": 4.8,
        "distance_to_river_m": 2101,
        "distance_to_road_m": 4491,
        "legal_status": "allowed",
        "distance_to_smelter_km": 49.3,
        "area_ha": 0.79,
        "region_id": "NE",
        "fe_oxide_index": 2.376,
        "clay_index": 1.78,
        "ndvi_stress_index": 0.367,
        "tmi_structural_nT": 45344.5,
        "tmi_anomaly_nT": 344.5,
        "elevation_mdpl": 266.2,
        "geochem_assay_ratio": 2.18
      },
      "geometry": {
        "type": "Polygon",
        "coordinates": [
          [
            [
              121.918,
              -2.81
            ],
            [
              121.926,
              -2.81
            ],
            [
              121.926,
              -2.802
            ],
            [
              121.918,
              -2.802
            ],
            [
              121.918,
              -2.81
            ]
          ]
        ]
      }
    },
    {
      "type": "Feature",
      "properties": {
        "grid_id": "MOR318",
        "site": "morowali",
        "location_label": "Morowali Central Ultramafic Belt (IMIP Block) - Sulawesi Tengah nickel laterite",
        "lithology": "peridotite_simulated",
        "slope_deg": 13.6,
        "distance_to_river_m": 471,
        "distance_to_road_m": 2553,
        "legal_status": "allowed",
        "distance_to_smelter_km": 52.7,
        "area_ha": 0.79,
        "region_id": "NE",
        "fe_oxide_index": 2.773,
        "clay_index": 1.968,
        "ndvi_stress_index": 0.306,
        "tmi_structural_nT": 45764.8,
        "tmi_anomaly_nT": 764.8,
        "elevation_mdpl": 215.8,
        "geochem_assay_ratio": 1.56
      },
      "geometry": {
        "type": "Polygon",
        "coordinates": [
          [
            [
              121.926,
              -2.81
            ],
            [
              121.934,
              -2.81
            ],
            [
              121.934,
              -2.802
            ],
            [
              121.926,
              -2.802
            ],
            [
              121.926,
              -2.81
            ]
          ]
        ]
      }
    },
    {
      "type": "Feature",
      "properties": {
        "grid_id": "MOR319",
        "site": "morowali",
        "location_label": "Morowali Central Ultramafic Belt (IMIP Block) - Sulawesi Tengah nickel laterite",
        "lithology": "ultramafic_simulated",
        "slope_deg": 11.9,
        "distance_to_river_m": 2424,
        "distance_to_road_m": 353,
        "legal_status": "allowed",
        "distance_to_smelter_km": 56.3,
        "area_ha": 0.79,
        "region_id": "NE",
        "fe_oxide_index": 2.649,
        "clay_index": 2.081,
        "ndvi_stress_index": 0.205,
        "tmi_structural_nT": 45423.5,
        "tmi_anomaly_nT": 423.5,
        "elevation_mdpl": 242.2,
        "geochem_assay_ratio": 2.26
      },
      "geometry": {
        "type": "Polygon",
        "coordinates": [
          [
            [
              121.934,
              -2.81
            ],
            [
              121.942,
              -2.81
            ],
            [
              121.942,
              -2.802
            ],
            [
              121.934,
              -2.802
            ],
            [
              121.934,
              -2.81
            ]
          ]
        ]
      }
    },
    {
      "type": "Feature",
      "properties": {
        "grid_id": "MOR320",
        "site": "morowali",
        "location_label": "Morowali Central Ultramafic Belt (IMIP Block) - Sulawesi Tengah nickel laterite",
        "lithology": "peridotite_simulated",
        "slope_deg": 14.5,
        "distance_to_river_m": 503,
        "distance_to_road_m": 4323,
        "legal_status": "allowed",
        "distance_to_smelter_km": 60.0,
        "area_ha": 0.79,
        "region_id": "NE",
        "fe_oxide_index": 2.36,
        "clay_index": 1.668,
        "ndvi_stress_index": 0.207,
        "tmi_structural_nT": 46077.0,
        "tmi_anomaly_nT": 1077.0,
        "elevation_mdpl": 232.6,
        "geochem_assay_ratio": 1.47
      },
      "geometry": {
        "type": "Polygon",
        "coordinates": [
          [
            [
              121.942,
              -2.81
            ],
            [
              121.95,
              -2.81
            ],
            [
              121.95,
              -2.802
            ],
            [
              121.942,
              -2.802
            ],
            [
              121.942,
              -2.81
            ]
          ]
        ]
      }
    },
    {
      "type": "Feature",
      "properties": {
        "grid_id": "MOR321",
        "site": "morowali",
        "location_label": "Morowali Central Ultramafic Belt (IMIP Block) - Sulawesi Tengah nickel laterite",
        "lithology": "peridotite_simulated",
        "slope_deg": 4.7,
        "distance_to_river_m": 1357,
        "distance_to_road_m": 3818,
        "legal_status": "allowed",
        "distance_to_smelter_km": 62.4,
        "area_ha": 0.79,
        "region_id": "NW",
        "fe_oxide_index": 2.4,
        "clay_index": 2.424,
        "ndvi_stress_index": 0.276,
        "tmi_structural_nT": 45743.1,
        "tmi_anomaly_nT": 743.1,
        "elevation_mdpl": 214.5,
        "geochem_assay_ratio": 3.19
      },
      "geometry": {
        "type": "Polygon",
        "coordinates": [
          [
            [
              121.79,
              -2.802
            ],
            [
              121.798,
              -2.802
            ],
            [
              121.798,
              -2.794
            ],
            [
              121.79,
              -2.794
            ],
            [
              121.79,
              -2.802
            ]
          ]
        ]
      }
    },
    {
      "type": "Feature",
      "properties": {
        "grid_id": "MOR322",
        "site": "morowali",
        "location_label": "Morowali Central Ultramafic Belt (IMIP Block) - Sulawesi Tengah nickel laterite",
        "lithology": "peridotite_simulated",
        "slope_deg": 12.7,
        "distance_to_river_m": 1653,
        "distance_to_road_m": 4476,
        "legal_status": "allowed",
        "distance_to_smelter_km": 58.8,
        "area_ha": 0.79,
        "region_id": "NW",
        "fe_oxide_index": 2.728,
        "clay_index": 2.187,
        "ndvi_stress_index": 0.374,
        "tmi_structural_nT": 45862.6,
        "tmi_anomaly_nT": 862.6,
        "elevation_mdpl": 210.5,
        "geochem_assay_ratio": 3.1
      },
      "geometry": {
        "type": "Polygon",
        "coordinates": [
          [
            [
              121.798,
              -2.802
            ],
            [
              121.806,
              -2.802
            ],
            [
              121.806,
              -2.794
            ],
            [
              121.798,
              -2.794
            ],
            [
              121.798,
              -2.802
            ]
          ]
        ]
      }
    },
    {
      "type": "Feature",
      "properties": {
        "grid_id": "MOR323",
        "site": "morowali",
        "location_label": "Morowali Central Ultramafic Belt (IMIP Block) - Sulawesi Tengah nickel laterite",
        "lithology": "mafic_volcanic_simulated",
        "slope_deg": 6.2,
        "distance_to_river_m": 1914,
        "distance_to_road_m": 1461,
        "legal_status": "allowed",
        "distance_to_smelter_km": 55.4,
        "area_ha": 0.79,
        "region_id": "NW",
        "fe_oxide_index": 1.545,
        "clay_index": 1.114,
        "ndvi_stress_index": 0.763,
        "tmi_structural_nT": 44753.2,
        "tmi_anomaly_nT": -246.8,
        "elevation_mdpl": 234.7,
        "geochem_assay_ratio": 4.57
      },
      "geometry": {
        "type": "Polygon",
        "coordinates": [
          [
            [
              121.806,
              -2.802
            ],
            [
              121.814,
              -2.802
            ],
            [
              121.814,
              -2.794
            ],
            [
              121.806,
              -2.794
            ],
            [
              121.806,
              -2.802
            ]
          ]
        ]
      }
    },
    {
      "type": "Feature",
      "properties": {
        "grid_id": "MOR324",
        "site": "morowali",
        "location_label": "Morowali Central Ultramafic Belt (IMIP Block) - Sulawesi Tengah nickel laterite",
        "lithology": "ultramafic_simulated",
        "slope_deg": 10.7,
        "distance_to_river_m": 687,
        "distance_to_road_m": 3791,
        "legal_status": "allowed",
        "distance_to_smelter_km": 52.2,
        "area_ha": 0.79,
        "region_id": "NW",
        "fe_oxide_index": 2.824,
        "clay_index": 1.966,
        "ndvi_stress_index": 0.323,
        "tmi_structural_nT": 45437.2,
        "tmi_anomaly_nT": 437.2,
        "elevation_mdpl": 233.6,
        "geochem_assay_ratio": 2.04
      },
      "geometry": {
        "type": "Polygon",
        "coordinates": [
          [
            [
              121.814,
              -2.802
            ],
            [
              121.822,
              -2.802
            ],
            [
              121.822,
              -2.794
            ],
            [
              121.814,
              -2.794
            ],
            [
              121.814,
              -2.802
            ]
          ]
        ]
      }
    },
    {
      "type": "Feature",
      "properties": {
        "grid_id": "MOR325",
        "site": "morowali",
        "location_label": "Morowali Central Ultramafic Belt (IMIP Block) - Sulawesi Tengah nickel laterite",
        "lithology": "serpentinite_simulated",
        "slope_deg": 14.7,
        "distance_to_river_m": 910,
        "distance_to_road_m": 2985,
        "legal_status": "allowed",
        "distance_to_smelter_km": 49.3,
        "area_ha": 0.79,
        "region_id": "NW",
        "fe_oxide_index": 2.243,
        "clay_index": 1.885,
        "ndvi_stress_index": 0.418,
        "tmi_structural_nT": 45209.9,
        "tmi_anomaly_nT": 209.9,
        "elevation_mdpl": 183.8,
        "geochem_assay_ratio": 1.64
      },
      "geometry": {
        "type": "Polygon",
        "coordinates": [
          [
            [
              121.822,
              -2.802
            ],
            [
              121.83,
              -2.802
            ],
            [
              121.83,
              -2.794
            ],
            [
              121.822,
              -2.794
            ],
            [
              121.822,
              -2.802
            ]
          ]
        ]
      }
    },
    {
      "type": "Feature",
      "properties": {
        "grid_id": "MOR326",
        "site": "morowali",
        "location_label": "Morowali Central Ultramafic Belt (IMIP Block) - Sulawesi Tengah nickel laterite",
        "lithology": "ultramafic_simulated",
        "slope_deg": 5.1,
        "distance_to_river_m": 510,
        "distance_to_road_m": 3076,
        "legal_status": "allowed",
        "distance_to_smelter_km": 46.6,
        "area_ha": 0.79,
        "region_id": "NW",
        "fe_oxide_index": 2.712,
        "clay_index": 1.941,
        "ndvi_stress_index": 0.224,
        "tmi_structural_nT": 45560.7,
        "tmi_anomaly_nT": 560.7,
        "elevation_mdpl": 206.4,
        "geochem_assay_ratio": 2.39
      },
      "geometry": {
        "type": "Polygon",
        "coordinates": [
          [
            [
              121.83,
              -2.802
            ],
            [
              121.838,
              -2.802
            ],
            [
              121.838,
              -2.794
            ],
            [
              121.83,
              -2.794
            ],
            [
              121.83,
              -2.802
            ]
          ]
        ]
      }
    },
    {
      "type": "Feature",
      "properties": {
        "grid_id": "MOR327",
        "site": "morowali",
        "location_label": "Morowali Central Ultramafic Belt (IMIP Block) - Sulawesi Tengah nickel laterite",
        "lithology": "serpentinite_simulated",
        "slope_deg": 11.3,
        "distance_to_river_m": 2322,
        "distance_to_road_m": 1778,
        "legal_status": "allowed",
        "distance_to_smelter_km": 44.3,
        "area_ha": 0.79,
        "region_id": "NW",
        "fe_oxide_index": 2.031,
        "clay_index": 1.986,
        "ndvi_stress_index": 0.188,
        "tmi_structural_nT": 45864.9,
        "tmi_anomaly_nT": 864.9,
        "elevation_mdpl": 193.6,
        "geochem_assay_ratio": 1.74
      },
      "geometry": {
        "type": "Polygon",
        "coordinates": [
          [
            [
              121.838,
              -2.802
            ],
            [
              121.846,
              -2.802
            ],
            [
              121.846,
              -2.794
            ],
            [
              121.838,
              -2.794
            ],
            [
              121.838,
              -2.802
            ]
          ]
        ]
      }
    },
    {
      "type": "Feature",
      "properties": {
        "grid_id": "MOR328",
        "site": "morowali",
        "location_label": "Morowali Central Ultramafic Belt (IMIP Block) - Sulawesi Tengah nickel laterite",
        "lithology": "alluvium",
        "slope_deg": 11.2,
        "distance_to_river_m": 1090,
        "distance_to_road_m": 409,
        "legal_status": "allowed",
        "distance_to_smelter_km": 42.5,
        "area_ha": 0.79,
        "region_id": "NW",
        "fe_oxide_index": 1.443,
        "clay_index": 1.042,
        "ndvi_stress_index": 0.733,
        "tmi_structural_nT": 44640.5,
        "tmi_anomaly_nT": -359.5,
        "elevation_mdpl": 259.0,
        "geochem_assay_ratio": 4.09
      },
      "geometry": {
        "type": "Polygon",
        "coordinates": [
          [
            [
              121.846,
              -2.802
            ],
            [
              121.854,
              -2.802
            ],
            [
              121.854,
              -2.794
            ],
            [
              121.846,
              -2.794
            ],
            [
              121.846,
              -2.802
            ]
          ]
        ]
      }
    },
    {
      "type": "Feature",
      "properties": {
        "grid_id": "MOR329",
        "site": "morowali",
        "location_label": "Morowali Central Ultramafic Belt (IMIP Block) - Sulawesi Tengah nickel laterite",
        "lithology": "alluvium",
        "slope_deg": 6.4,
        "distance_to_river_m": 1993,
        "distance_to_road_m": 3785,
        "legal_status": "allowed",
        "distance_to_smelter_km": 41.2,
        "area_ha": 0.79,
        "region_id": "NW",
        "fe_oxide_index": 1.674,
        "clay_index": 1.154,
        "ndvi_stress_index": 0.596,
        "tmi_structural_nT": 45335.8,
        "tmi_anomaly_nT": 335.8,
        "elevation_mdpl": 245.8,
        "geochem_assay_ratio": 5.13
      },
      "geometry": {
        "type": "Polygon",
        "coordinates": [
          [
            [
              121.854,
              -2.802
            ],
            [
              121.862,
              -2.802
            ],
            [
              121.862,
              -2.794
            ],
            [
              121.854,
              -2.794
            ],
            [
              121.854,
              -2.802
            ]
          ]
        ]
      }
    },
    {
      "type": "Feature",
      "properties": {
        "grid_id": "MOR330",
        "site": "morowali",
        "location_label": "Morowali Central Ultramafic Belt (IMIP Block) - Sulawesi Tengah nickel laterite",
        "lithology": "serpentinite_simulated",
        "slope_deg": 4.3,
        "distance_to_river_m": 842,
        "distance_to_road_m": 1424,
        "legal_status": "allowed",
        "distance_to_smelter_km": 40.5,
        "area_ha": 0.79,
        "region_id": "NW",
        "fe_oxide_index": 2.543,
        "clay_index": 2.15,
        "ndvi_stress_index": 0.24,
        "tmi_structural_nT": 45982.9,
        "tmi_anomaly_nT": 982.9,
        "elevation_mdpl": 217.3,
        "geochem_assay_ratio": 3.05
      },
      "geometry": {
        "type": "Polygon",
        "coordinates": [
          [
            [
              121.862,
              -2.802
            ],
            [
              121.87,
              -2.802
            ],
            [
              121.87,
              -2.794
            ],
            [
              121.862,
              -2.794
            ],
            [
              121.862,
              -2.802
            ]
          ]
        ]
      }
    },
    {
      "type": "Feature",
      "properties": {
        "grid_id": "MOR331",
        "site": "morowali",
        "location_label": "Morowali Central Ultramafic Belt (IMIP Block) - Sulawesi Tengah nickel laterite",
        "lithology": "serpentinite_simulated",
        "slope_deg": 8.7,
        "distance_to_river_m": 1770,
        "distance_to_road_m": 696,
        "legal_status": "allowed",
        "distance_to_smelter_km": 40.5,
        "area_ha": 0.79,
        "region_id": "NE",
        "fe_oxide_index": 2.04,
        "clay_index": 2.126,
        "ndvi_stress_index": 0.218,
        "tmi_structural_nT": 45693.7,
        "tmi_anomaly_nT": 693.7,
        "elevation_mdpl": 204.6,
        "geochem_assay_ratio": 2.42
      },
      "geometry": {
        "type": "Polygon",
        "coordinates": [
          [
            [
              121.87,
              -2.802
            ],
            [
              121.878,
              -2.802
            ],
            [
              121.878,
              -2.794
            ],
            [
              121.87,
              -2.794
            ],
            [
              121.87,
              -2.802
            ]
          ]
        ]
      }
    },
    {
      "type": "Feature",
      "properties": {
        "grid_id": "MOR332",
        "site": "morowali",
        "location_label": "Morowali Central Ultramafic Belt (IMIP Block) - Sulawesi Tengah nickel laterite",
        "lithology": "alluvium",
        "slope_deg": 4.1,
        "distance_to_river_m": 1981,
        "distance_to_road_m": 1916,
        "legal_status": "allowed",
        "distance_to_smelter_km": 41.2,
        "area_ha": 0.79,
        "region_id": "NE",
        "fe_oxide_index": 1.397,
        "clay_index": 1.306,
        "ndvi_stress_index": 0.748,
        "tmi_structural_nT": 45144.8,
        "tmi_anomaly_nT": 144.8,
        "elevation_mdpl": 211.0,
        "geochem_assay_ratio": 4.37
      },
      "geometry": {
        "type": "Polygon",
        "coordinates": [
          [
            [
              121.878,
              -2.802
            ],
            [
              121.886,
              -2.802
            ],
            [
              121.886,
              -2.794
            ],
            [
              121.878,
              -2.794
            ],
            [
              121.878,
              -2.802
            ]
          ]
        ]
      }
    },
    {
      "type": "Feature",
      "properties": {
        "grid_id": "MOR333",
        "site": "morowali",
        "location_label": "Morowali Central Ultramafic Belt (IMIP Block) - Sulawesi Tengah nickel laterite",
        "lithology": "ultramafic_simulated",
        "slope_deg": 10.0,
        "distance_to_river_m": 403,
        "distance_to_road_m": 663,
        "legal_status": "allowed",
        "distance_to_smelter_km": 42.5,
        "area_ha": 0.79,
        "region_id": "NE",
        "fe_oxide_index": 1.939,
        "clay_index": 1.747,
        "ndvi_stress_index": 0.192,
        "tmi_structural_nT": 45850.3,
        "tmi_anomaly_nT": 850.3,
        "elevation_mdpl": 190.0,
        "geochem_assay_ratio": 1.84
      },
      "geometry": {
        "type": "Polygon",
        "coordinates": [
          [
            [
              121.886,
              -2.802
            ],
            [
              121.894,
              -2.802
            ],
            [
              121.894,
              -2.794
            ],
            [
              121.886,
              -2.794
            ],
            [
              121.886,
              -2.802
            ]
          ]
        ]
      }
    },
    {
      "type": "Feature",
      "properties": {
        "grid_id": "MOR334",
        "site": "morowali",
        "location_label": "Morowali Central Ultramafic Belt (IMIP Block) - Sulawesi Tengah nickel laterite",
        "lithology": "peridotite_simulated",
        "slope_deg": 11.3,
        "distance_to_river_m": 379,
        "distance_to_road_m": 4244,
        "legal_status": "allowed",
        "distance_to_smelter_km": 44.3,
        "area_ha": 0.79,
        "region_id": "NE",
        "fe_oxide_index": 2.199,
        "clay_index": 1.611,
        "ndvi_stress_index": 0.36,
        "tmi_structural_nT": 45692.5,
        "tmi_anomaly_nT": 692.5,
        "elevation_mdpl": 210.6,
        "geochem_assay_ratio": 2.27
      },
      "geometry": {
        "type": "Polygon",
        "coordinates": [
          [
            [
              121.894,
              -2.802
            ],
            [
              121.902,
              -2.802
            ],
            [
              121.902,
              -2.794
            ],
            [
              121.894,
              -2.794
            ],
            [
              121.894,
              -2.802
            ]
          ]
        ]
      }
    },
    {
      "type": "Feature",
      "properties": {
        "grid_id": "MOR335",
        "site": "morowali",
        "location_label": "Morowali Central Ultramafic Belt (IMIP Block) - Sulawesi Tengah nickel laterite",
        "lithology": "serpentinite_simulated",
        "slope_deg": 5.2,
        "distance_to_river_m": 1992,
        "distance_to_road_m": 3477,
        "legal_status": "allowed",
        "distance_to_smelter_km": 46.6,
        "area_ha": 0.79,
        "region_id": "NE",
        "fe_oxide_index": 2.119,
        "clay_index": 1.821,
        "ndvi_stress_index": 0.267,
        "tmi_structural_nT": 45705.5,
        "tmi_anomaly_nT": 705.5,
        "elevation_mdpl": 194.2,
        "geochem_assay_ratio": 2.11
      },
      "geometry": {
        "type": "Polygon",
        "coordinates": [
          [
            [
              121.902,
              -2.802
            ],
            [
              121.91,
              -2.802
            ],
            [
              121.91,
              -2.794
            ],
            [
              121.902,
              -2.794
            ],
            [
              121.902,
              -2.802
            ]
          ]
        ]
      }
    },
    {
      "type": "Feature",
      "properties": {
        "grid_id": "MOR336",
        "site": "morowali",
        "location_label": "Morowali Central Ultramafic Belt (IMIP Block) - Sulawesi Tengah nickel laterite",
        "lithology": "serpentinite_simulated",
        "slope_deg": 4.3,
        "distance_to_river_m": 1023,
        "distance_to_road_m": 1211,
        "legal_status": "allowed",
        "distance_to_smelter_km": 49.3,
        "area_ha": 0.79,
        "region_id": "NE",
        "fe_oxide_index": 2.695,
        "clay_index": 2.006,
        "ndvi_stress_index": 0.249,
        "tmi_structural_nT": 46092.8,
        "tmi_anomaly_nT": 1092.8,
        "elevation_mdpl": 196.6,
        "geochem_assay_ratio": 1.65
      },
      "geometry": {
        "type": "Polygon",
        "coordinates": [
          [
            [
              121.91,
              -2.802
            ],
            [
              121.918,
              -2.802
            ],
            [
              121.918,
              -2.794
            ],
            [
              121.91,
              -2.794
            ],
            [
              121.91,
              -2.802
            ]
          ]
        ]
      }
    },
    {
      "type": "Feature",
      "properties": {
        "grid_id": "MOR337",
        "site": "morowali",
        "location_label": "Morowali Central Ultramafic Belt (IMIP Block) - Sulawesi Tengah nickel laterite",
        "lithology": "serpentinite_simulated",
        "slope_deg": 6.5,
        "distance_to_river_m": 1574,
        "distance_to_road_m": 4460,
        "legal_status": "allowed",
        "distance_to_smelter_km": 52.2,
        "area_ha": 0.79,
        "region_id": "NE",
        "fe_oxide_index": 2.769,
        "clay_index": 1.823,
        "ndvi_stress_index": 0.187,
        "tmi_structural_nT": 45350.3,
        "tmi_anomaly_nT": 350.3,
        "elevation_mdpl": 211.3,
        "geochem_assay_ratio": 2.37
      },
      "geometry": {
        "type": "Polygon",
        "coordinates": [
          [
            [
              121.918,
              -2.802
            ],
            [
              121.926,
              -2.802
            ],
            [
              121.926,
              -2.794
            ],
            [
              121.918,
              -2.794
            ],
            [
              121.918,
              -2.802
            ]
          ]
        ]
      }
    },
    {
      "type": "Feature",
      "properties": {
        "grid_id": "MOR338",
        "site": "morowali",
        "location_label": "Morowali Central Ultramafic Belt (IMIP Block) - Sulawesi Tengah nickel laterite",
        "lithology": "ultramafic_simulated",
        "slope_deg": 14.4,
        "distance_to_river_m": 444,
        "distance_to_road_m": 3022,
        "legal_status": "allowed",
        "distance_to_smelter_km": 55.4,
        "area_ha": 0.79,
        "region_id": "NE",
        "fe_oxide_index": 2.146,
        "clay_index": 1.79,
        "ndvi_stress_index": 0.195,
        "tmi_structural_nT": 46007.8,
        "tmi_anomaly_nT": 1007.8,
        "elevation_mdpl": 185.0,
        "geochem_assay_ratio": 2.74
      },
      "geometry": {
        "type": "Polygon",
        "coordinates": [
          [
            [
              121.926,
              -2.802
            ],
            [
              121.934,
              -2.802
            ],
            [
              121.934,
              -2.794
            ],
            [
              121.926,
              -2.794
            ],
            [
              121.926,
              -2.802
            ]
          ]
        ]
      }
    },
    {
      "type": "Feature",
      "properties": {
        "grid_id": "MOR339",
        "site": "morowali",
        "location_label": "Morowali Central Ultramafic Belt (IMIP Block) - Sulawesi Tengah nickel laterite",
        "lithology": "ultramafic_simulated",
        "slope_deg": 13.2,
        "distance_to_river_m": 1287,
        "distance_to_road_m": 1532,
        "legal_status": "allowed",
        "distance_to_smelter_km": 58.8,
        "area_ha": 0.79,
        "region_id": "NE",
        "fe_oxide_index": 1.86,
        "clay_index": 1.737,
        "ndvi_stress_index": 0.388,
        "tmi_structural_nT": 45206.5,
        "tmi_anomaly_nT": 206.5,
        "elevation_mdpl": 192.4,
        "geochem_assay_ratio": 1.9
      },
      "geometry": {
        "type": "Polygon",
        "coordinates": [
          [
            [
              121.934,
              -2.802
            ],
            [
              121.942,
              -2.802
            ],
            [
              121.942,
              -2.794
            ],
            [
              121.934,
              -2.794
            ],
            [
              121.934,
              -2.802
            ]
          ]
        ]
      }
    },
    {
      "type": "Feature",
      "properties": {
        "grid_id": "MOR340",
        "site": "morowali",
        "location_label": "Morowali Central Ultramafic Belt (IMIP Block) - Sulawesi Tengah nickel laterite",
        "lithology": "peridotite_simulated",
        "slope_deg": 14.8,
        "distance_to_river_m": 1030,
        "distance_to_road_m": 1812,
        "legal_status": "allowed",
        "distance_to_smelter_km": 62.4,
        "area_ha": 0.79,
        "region_id": "NE",
        "fe_oxide_index": 2.591,
        "clay_index": 1.688,
        "ndvi_stress_index": 0.323,
        "tmi_structural_nT": 45708.8,
        "tmi_anomaly_nT": 708.8,
        "elevation_mdpl": 201.8,
        "geochem_assay_ratio": 3.04
      },
      "geometry": {
        "type": "Polygon",
        "coordinates": [
          [
            [
              121.942,
              -2.802
            ],
            [
              121.95,
              -2.802
            ],
            [
              121.95,
              -2.794
            ],
            [
              121.942,
              -2.794
            ],
            [
              121.942,
              -2.802
            ]
          ]
        ]
      }
    },
    {
      "type": "Feature",
      "properties": {
        "grid_id": "MOR341",
        "site": "morowali",
        "location_label": "Morowali Central Ultramafic Belt (IMIP Block) - Sulawesi Tengah nickel laterite",
        "lithology": "peridotite_simulated",
        "slope_deg": 12.8,
        "distance_to_river_m": 1783,
        "distance_to_road_m": 2100,
        "legal_status": "allowed",
        "distance_to_smelter_km": 65.0,
        "area_ha": 0.79,
        "region_id": "NW",
        "fe_oxide_index": 2.353,
        "clay_index": 1.828,
        "ndvi_stress_index": 0.189,
        "tmi_structural_nT": 45947.9,
        "tmi_anomaly_nT": 947.9,
        "elevation_mdpl": 211.0,
        "geochem_assay_ratio": 2.48
      },
      "geometry": {
        "type": "Polygon",
        "coordinates": [
          [
            [
              121.79,
              -2.794
            ],
            [
              121.798,
              -2.794
            ],
            [
              121.798,
              -2.786
            ],
            [
              121.79,
              -2.786
            ],
            [
              121.79,
              -2.794
            ]
          ]
        ]
      }
    },
    {
      "type": "Feature",
      "properties": {
        "grid_id": "MOR342",
        "site": "morowali",
        "location_label": "Morowali Central Ultramafic Belt (IMIP Block) - Sulawesi Tengah nickel laterite",
        "lithology": "mafic_volcanic_simulated",
        "slope_deg": 12.5,
        "distance_to_river_m": 2249,
        "distance_to_road_m": 789,
        "legal_status": "allowed",
        "distance_to_smelter_km": 61.6,
        "area_ha": 0.79,
        "region_id": "NW",
        "fe_oxide_index": 1.294,
        "clay_index": 1.44,
        "ndvi_stress_index": 0.519,
        "tmi_structural_nT": 45139.1,
        "tmi_anomaly_nT": 139.1,
        "elevation_mdpl": 278.1,
        "geochem_assay_ratio": 5.87
      },
      "geometry": {
        "type": "Polygon",
        "coordinates": [
          [
            [
              121.798,
              -2.794
            ],
            [
              121.806,
              -2.794
            ],
            [
              121.806,
              -2.786
            ],
            [
              121.798,
              -2.786
            ],
            [
              121.798,
              -2.794
            ]
          ]
        ]
      }
    },
    {
      "type": "Feature",
      "properties": {
        "grid_id": "MOR343",
        "site": "morowali",
        "location_label": "Morowali Central Ultramafic Belt (IMIP Block) - Sulawesi Tengah nickel laterite",
        "lithology": "serpentinite_simulated",
        "slope_deg": 5.0,
        "distance_to_river_m": 1084,
        "distance_to_road_m": 3570,
        "legal_status": "allowed",
        "distance_to_smelter_km": 58.4,
        "area_ha": 0.79,
        "region_id": "NW",
        "fe_oxide_index": 2.61,
        "clay_index": 2.0,
        "ndvi_stress_index": 0.276,
        "tmi_structural_nT": 45761.5,
        "tmi_anomaly_nT": 761.5,
        "elevation_mdpl": 213.8,
        "geochem_assay_ratio": 3.12
      },
      "geometry": {
        "type": "Polygon",
        "coordinates": [
          [
            [
              121.806,
              -2.794
            ],
            [
              121.814,
              -2.794
            ],
            [
              121.814,
              -2.786
            ],
            [
              121.806,
              -2.786
            ],
            [
              121.806,
              -2.794
            ]
          ]
        ]
      }
    },
    {
      "type": "Feature",
      "properties": {
        "grid_id": "MOR344",
        "site": "morowali",
        "location_label": "Morowali Central Ultramafic Belt (IMIP Block) - Sulawesi Tengah nickel laterite",
        "lithology": "peridotite_simulated",
        "slope_deg": 4.7,
        "distance_to_river_m": 658,
        "distance_to_road_m": 4346,
        "legal_status": "allowed",
        "distance_to_smelter_km": 55.4,
        "area_ha": 0.79,
        "region_id": "NW",
        "fe_oxide_index": 2.275,
        "clay_index": 2.006,
        "ndvi_stress_index": 0.213,
        "tmi_structural_nT": 45578.8,
        "tmi_anomaly_nT": 578.8,
        "elevation_mdpl": 202.6,
        "geochem_assay_ratio": 1.93
      },
      "geometry": {
        "type": "Polygon",
        "coordinates": [
          [
            [
              121.814,
              -2.794
            ],
            [
              121.822,
              -2.794
            ],
            [
              121.822,
              -2.786
            ],
            [
              121.814,
              -2.786
            ],
            [
              121.814,
              -2.794
            ]
          ]
        ]
      }
    },
    {
      "type": "Feature",
      "properties": {
        "grid_id": "MOR345",
        "site": "morowali",
        "location_label": "Morowali Central Ultramafic Belt (IMIP Block) - Sulawesi Tengah nickel laterite",
        "lithology": "peridotite_simulated",
        "slope_deg": 7.4,
        "distance_to_river_m": 803,
        "distance_to_road_m": 1581,
        "legal_status": "allowed",
        "distance_to_smelter_km": 52.7,
        "area_ha": 0.79,
        "region_id": "NW",
        "fe_oxide_index": 2.502,
        "clay_index": 1.734,
        "ndvi_stress_index": 0.247,
        "tmi_structural_nT": 45908.5,
        "tmi_anomaly_nT": 908.5,
        "elevation_mdpl": 255.4,
        "geochem_assay_ratio": 1.41
      },
      "geometry": {
        "type": "Polygon",
        "coordinates": [
          [
            [
              121.822,
              -2.794
            ],
            [
              121.83,
              -2.794
            ],
            [
              121.83,
              -2.786
            ],
            [
              121.822,
              -2.786
            ],
            [
              121.822,
              -2.794
            ]
          ]
        ]
      }
    },
    {
      "type": "Feature",
      "properties": {
        "grid_id": "MOR346",
        "site": "morowali",
        "location_label": "Morowali Central Ultramafic Belt (IMIP Block) - Sulawesi Tengah nickel laterite",
        "lithology": "ultramafic_simulated",
        "slope_deg": 5.5,
        "distance_to_river_m": 2126,
        "distance_to_road_m": 4459,
        "legal_status": "allowed",
        "distance_to_smelter_km": 50.3,
        "area_ha": 0.79,
        "region_id": "NW",
        "fe_oxide_index": 2.334,
        "clay_index": 2.301,
        "ndvi_stress_index": 0.273,
        "tmi_structural_nT": 45176.1,
        "tmi_anomaly_nT": 176.1,
        "elevation_mdpl": 270.2,
        "geochem_assay_ratio": 2.8
      },
      "geometry": {
        "type": "Polygon",
        "coordinates": [
          [
            [
              121.83,
              -2.794
            ],
            [
              121.838,
              -2.794
            ],
            [
              121.838,
              -2.786
            ],
            [
              121.83,
              -2.786
            ],
            [
              121.83,
              -2.794
            ]
          ]
        ]
      }
    },
    {
      "type": "Feature",
      "properties": {
        "grid_id": "MOR347",
        "site": "morowali",
        "location_label": "Morowali Central Ultramafic Belt (IMIP Block) - Sulawesi Tengah nickel laterite",
        "lithology": "serpentinite_simulated",
        "slope_deg": 4.7,
        "distance_to_river_m": 2089,
        "distance_to_road_m": 3597,
        "legal_status": "allowed",
        "distance_to_smelter_km": 48.2,
        "area_ha": 0.79,
        "region_id": "NW",
        "fe_oxide_index": 2.678,
        "clay_index": 2.274,
        "ndvi_stress_index": 0.368,
        "tmi_structural_nT": 45405.5,
        "tmi_anomaly_nT": 405.5,
        "elevation_mdpl": 208.0,
        "geochem_assay_ratio": 2.54
      },
      "geometry": {
        "type": "Polygon",
        "coordinates": [
          [
            [
              121.838,
              -2.794
            ],
            [
              121.846,
              -2.794
            ],
            [
              121.846,
              -2.786
            ],
            [
              121.838,
              -2.786
            ],
            [
              121.838,
              -2.794
            ]
          ]
        ]
      }
    },
    {
      "type": "Feature",
      "properties": {
        "grid_id": "MOR348",
        "site": "morowali",
        "location_label": "Morowali Central Ultramafic Belt (IMIP Block) - Sulawesi Tengah nickel laterite",
        "lithology": "ultramafic_simulated",
        "slope_deg": 12.9,
        "distance_to_river_m": 588,
        "distance_to_road_m": 1384,
        "legal_status": "allowed",
        "distance_to_smelter_km": 46.6,
        "area_ha": 0.79,
        "region_id": "NW",
        "fe_oxide_index": 2.451,
        "clay_index": 1.714,
        "ndvi_stress_index": 0.259,
        "tmi_structural_nT": 45120.8,
        "tmi_anomaly_nT": 120.8,
        "elevation_mdpl": 206.9,
        "geochem_assay_ratio": 2.01
      },
      "geometry": {
        "type": "Polygon",
        "coordinates": [
          [
            [
              121.846,
              -2.794
            ],
            [
              121.854,
              -2.794
            ],
            [
              121.854,
              -2.786
            ],
            [
              121.846,
              -2.786
            ],
            [
              121.846,
              -2.794
            ]
          ]
        ]
      }
    },
    {
      "type": "Feature",
      "properties": {
        "grid_id": "MOR349",
        "site": "morowali",
        "location_label": "Morowali Central Ultramafic Belt (IMIP Block) - Sulawesi Tengah nickel laterite",
        "lithology": "serpentinite_simulated",
        "slope_deg": 13.5,
        "distance_to_river_m": 1119,
        "distance_to_road_m": 536,
        "legal_status": "allowed",
        "distance_to_smelter_km": 45.5,
        "area_ha": 0.79,
        "region_id": "NW",
        "fe_oxide_index": 2.349,
        "clay_index": 1.604,
        "ndvi_stress_index": 0.363,
        "tmi_structural_nT": 45898.2,
        "tmi_anomaly_nT": 898.2,
        "elevation_mdpl": 214.0,
        "geochem_assay_ratio": 1.65
      },
      "geometry": {
        "type": "Polygon",
        "coordinates": [
          [
            [
              121.854,
              -2.794
            ],
            [
              121.862,
              -2.794
            ],
            [
              121.862,
              -2.786
            ],
            [
              121.854,
              -2.786
            ],
            [
              121.854,
              -2.794
            ]
          ]
        ]
      }
    },
    {
      "type": "Feature",
      "properties": {
        "grid_id": "MOR350",
        "site": "morowali",
        "location_label": "Morowali Central Ultramafic Belt (IMIP Block) - Sulawesi Tengah nickel laterite",
        "lithology": "serpentinite_simulated",
        "slope_deg": 13.3,
        "distance_to_river_m": 1621,
        "distance_to_road_m": 4119,
        "legal_status": "allowed",
        "distance_to_smelter_km": 44.9,
        "area_ha": 0.79,
        "region_id": "NW",
        "fe_oxide_index": 2.636,
        "clay_index": 2.408,
        "ndvi_stress_index": 0.404,
        "tmi_structural_nT": 45548.0,
        "tmi_anomaly_nT": 548.0,
        "elevation_mdpl": 213.7,
        "geochem_assay_ratio": 2.26
      },
      "geometry": {
        "type": "Polygon",
        "coordinates": [
          [
            [
              121.862,
              -2.794
            ],
            [
              121.87,
              -2.794
            ],
            [
              121.87,
              -2.786
            ],
            [
              121.862,
              -2.786
            ],
            [
              121.862,
              -2.794
            ]
          ]
        ]
      }
    },
    {
      "type": "Feature",
      "properties": {
        "grid_id": "MOR351",
        "site": "morowali",
        "location_label": "Morowali Central Ultramafic Belt (IMIP Block) - Sulawesi Tengah nickel laterite",
        "lithology": "serpentinite_simulated",
        "slope_deg": 14.7,
        "distance_to_river_m": 2329,
        "distance_to_road_m": 1695,
        "legal_status": "allowed",
        "distance_to_smelter_km": 44.9,
        "area_ha": 0.79,
        "region_id": "NE",
        "fe_oxide_index": 2.621,
        "clay_index": 1.947,
        "ndvi_stress_index": 0.35,
        "tmi_structural_nT": 45891.0,
        "tmi_anomaly_nT": 891.0,
        "elevation_mdpl": 202.9,
        "geochem_assay_ratio": 2.02
      },
      "geometry": {
        "type": "Polygon",
        "coordinates": [
          [
            [
              121.87,
              -2.794
            ],
            [
              121.878,
              -2.794
            ],
            [
              121.878,
              -2.786
            ],
            [
              121.87,
              -2.786
            ],
            [
              121.87,
              -2.794
            ]
          ]
        ]
      }
    },
    {
      "type": "Feature",
      "properties": {
        "grid_id": "MOR352",
        "site": "morowali",
        "location_label": "Morowali Central Ultramafic Belt (IMIP Block) - Sulawesi Tengah nickel laterite",
        "lithology": "peridotite_simulated",
        "slope_deg": 5.9,
        "distance_to_river_m": 1053,
        "distance_to_road_m": 3798,
        "legal_status": "allowed",
        "distance_to_smelter_km": 45.5,
        "area_ha": 0.79,
        "region_id": "NE",
        "fe_oxide_index": 2.461,
        "clay_index": 2.247,
        "ndvi_stress_index": 0.24,
        "tmi_structural_nT": 45746.8,
        "tmi_anomaly_nT": 746.8,
        "elevation_mdpl": 237.3,
        "geochem_assay_ratio": 2.77
      },
      "geometry": {
        "type": "Polygon",
        "coordinates": [
          [
            [
              121.878,
              -2.794
            ],
            [
              121.886,
              -2.794
            ],
            [
              121.886,
              -2.786
            ],
            [
              121.878,
              -2.786
            ],
            [
              121.878,
              -2.794
            ]
          ]
        ]
      }
    },
    {
      "type": "Feature",
      "properties": {
        "grid_id": "MOR353",
        "site": "morowali",
        "location_label": "Morowali Central Ultramafic Belt (IMIP Block) - Sulawesi Tengah nickel laterite",
        "lithology": "serpentinite_simulated",
        "slope_deg": 13.6,
        "distance_to_river_m": 1823,
        "distance_to_road_m": 2258,
        "legal_status": "allowed",
        "distance_to_smelter_km": 46.6,
        "area_ha": 0.79,
        "region_id": "NE",
        "fe_oxide_index": 1.851,
        "clay_index": 1.784,
        "ndvi_stress_index": 0.259,
        "tmi_structural_nT": 45246.7,
        "tmi_anomaly_nT": 246.7,
        "elevation_mdpl": 274.5,
        "geochem_assay_ratio": 2.75
      },
      "geometry": {
        "type": "Polygon",
        "coordinates": [
          [
            [
              121.886,
              -2.794
            ],
            [
              121.894,
              -2.794
            ],
            [
              121.894,
              -2.786
            ],
            [
              121.886,
              -2.786
            ],
            [
              121.886,
              -2.794
            ]
          ]
        ]
      }
    },
    {
      "type": "Feature",
      "properties": {
        "grid_id": "MOR354",
        "site": "morowali",
        "location_label": "Morowali Central Ultramafic Belt (IMIP Block) - Sulawesi Tengah nickel laterite",
        "lithology": "serpentinite_simulated",
        "slope_deg": 8.9,
        "distance_to_river_m": 829,
        "distance_to_road_m": 1833,
        "legal_status": "allowed",
        "distance_to_smelter_km": 48.2,
        "area_ha": 0.79,
        "region_id": "NE",
        "fe_oxide_index": 2.509,
        "clay_index": 2.357,
        "ndvi_stress_index": 0.273,
        "tmi_structural_nT": 46043.2,
        "tmi_anomaly_nT": 1043.2,
        "elevation_mdpl": 224.4,
        "geochem_assay_ratio": 1.96
      },
      "geometry": {
        "type": "Polygon",
        "coordinates": [
          [
            [
              121.894,
              -2.794
            ],
            [
              121.902,
              -2.794
            ],
            [
              121.902,
              -2.786
            ],
            [
              121.894,
              -2.786
            ],
            [
              121.894,
              -2.794
            ]
          ]
        ]
      }
    },
    {
      "type": "Feature",
      "properties": {
        "grid_id": "MOR355",
        "site": "morowali",
        "location_label": "Morowali Central Ultramafic Belt (IMIP Block) - Sulawesi Tengah nickel laterite",
        "lithology": "ultramafic_simulated",
        "slope_deg": 4.3,
        "distance_to_river_m": 1928,
        "distance_to_road_m": 1346,
        "legal_status": "allowed",
        "distance_to_smelter_km": 50.3,
        "area_ha": 0.79,
        "region_id": "NE",
        "fe_oxide_index": 2.299,
        "clay_index": 1.621,
        "ndvi_stress_index": 0.389,
        "tmi_structural_nT": 45122.5,
        "tmi_anomaly_nT": 122.5,
        "elevation_mdpl": 266.7,
        "geochem_assay_ratio": 2.16
      },
      "geometry": {
        "type": "Polygon",
        "coordinates": [
          [
            [
              121.902,
              -2.794
            ],
            [
              121.91,
              -2.794
            ],
            [
              121.91,
              -2.786
            ],
            [
              121.902,
              -2.786
            ],
            [
              121.902,
              -2.794
            ]
          ]
        ]
      }
    },
    {
      "type": "Feature",
      "properties": {
        "grid_id": "MOR356",
        "site": "morowali",
        "location_label": "Morowali Central Ultramafic Belt (IMIP Block) - Sulawesi Tengah nickel laterite",
        "lithology": "serpentinite_simulated",
        "slope_deg": 6.9,
        "distance_to_river_m": 746,
        "distance_to_road_m": 4430,
        "legal_status": "allowed",
        "distance_to_smelter_km": 52.7,
        "area_ha": 0.79,
        "region_id": "NE",
        "fe_oxide_index": 2.244,
        "clay_index": 1.809,
        "ndvi_stress_index": 0.409,
        "tmi_structural_nT": 46013.8,
        "tmi_anomaly_nT": 1013.8,
        "elevation_mdpl": 266.5,
        "geochem_assay_ratio": 1.63
      },
      "geometry": {
        "type": "Polygon",
        "coordinates": [
          [
            [
              121.91,
              -2.794
            ],
            [
              121.918,
              -2.794
            ],
            [
              121.918,
              -2.786
            ],
            [
              121.91,
              -2.786
            ],
            [
              121.91,
              -2.794
            ]
          ]
        ]
      }
    },
    {
      "type": "Feature",
      "properties": {
        "grid_id": "MOR357",
        "site": "morowali",
        "location_label": "Morowali Central Ultramafic Belt (IMIP Block) - Sulawesi Tengah nickel laterite",
        "lithology": "peridotite_simulated",
        "slope_deg": 12.1,
        "distance_to_river_m": 2114,
        "distance_to_road_m": 4474,
        "legal_status": "allowed",
        "distance_to_smelter_km": 55.4,
        "area_ha": 0.79,
        "region_id": "NE",
        "fe_oxide_index": 2.586,
        "clay_index": 1.981,
        "ndvi_stress_index": 0.403,
        "tmi_structural_nT": 45501.8,
        "tmi_anomaly_nT": 501.8,
        "elevation_mdpl": 187.7,
        "geochem_assay_ratio": 2.71
      },
      "geometry": {
        "type": "Polygon",
        "coordinates": [
          [
            [
              121.918,
              -2.794
            ],
            [
              121.926,
              -2.794
            ],
            [
              121.926,
              -2.786
            ],
            [
              121.918,
              -2.786
            ],
            [
              121.918,
              -2.794
            ]
          ]
        ]
      }
    },
    {
      "type": "Feature",
      "properties": {
        "grid_id": "MOR358",
        "site": "morowali",
        "location_label": "Morowali Central Ultramafic Belt (IMIP Block) - Sulawesi Tengah nickel laterite",
        "lithology": "peridotite_simulated",
        "slope_deg": 4.2,
        "distance_to_river_m": 1669,
        "distance_to_road_m": 631,
        "legal_status": "allowed",
        "distance_to_smelter_km": 58.4,
        "area_ha": 0.79,
        "region_id": "NE",
        "fe_oxide_index": 2.526,
        "clay_index": 1.603,
        "ndvi_stress_index": 0.223,
        "tmi_structural_nT": 45804.4,
        "tmi_anomaly_nT": 804.4,
        "elevation_mdpl": 229.6,
        "geochem_assay_ratio": 3.03
      },
      "geometry": {
        "type": "Polygon",
        "coordinates": [
          [
            [
              121.926,
              -2.794
            ],
            [
              121.934,
              -2.794
            ],
            [
              121.934,
              -2.786
            ],
            [
              121.926,
              -2.786
            ],
            [
              121.926,
              -2.794
            ]
          ]
        ]
      }
    },
    {
      "type": "Feature",
      "properties": {
        "grid_id": "MOR359",
        "site": "morowali",
        "location_label": "Morowali Central Ultramafic Belt (IMIP Block) - Sulawesi Tengah nickel laterite",
        "lithology": "serpentinite_simulated",
        "slope_deg": 6.9,
        "distance_to_river_m": 874,
        "distance_to_road_m": 1605,
        "legal_status": "allowed",
        "distance_to_smelter_km": 61.6,
        "area_ha": 0.79,
        "region_id": "NE",
        "fe_oxide_index": 2.436,
        "clay_index": 1.84,
        "ndvi_stress_index": 0.184,
        "tmi_structural_nT": 45997.2,
        "tmi_anomaly_nT": 997.2,
        "elevation_mdpl": 267.4,
        "geochem_assay_ratio": 1.7
      },
      "geometry": {
        "type": "Polygon",
        "coordinates": [
          [
            [
              121.934,
              -2.794
            ],
            [
              121.942,
              -2.794
            ],
            [
              121.942,
              -2.786
            ],
            [
              121.934,
              -2.786
            ],
            [
              121.934,
              -2.794
            ]
          ]
        ]
      }
    },
    {
      "type": "Feature",
      "properties": {
        "grid_id": "MOR360",
        "site": "morowali",
        "location_label": "Morowali Central Ultramafic Belt (IMIP Block) - Sulawesi Tengah nickel laterite",
        "lithology": "serpentinite_simulated",
        "slope_deg": 6.9,
        "distance_to_river_m": 2372,
        "distance_to_road_m": 2086,
        "legal_status": "allowed",
        "distance_to_smelter_km": 65.0,
        "area_ha": 0.79,
        "region_id": "NE",
        "fe_oxide_index": 2.167,
        "clay_index": 2.408,
        "ndvi_stress_index": 0.405,
        "tmi_structural_nT": 45875.8,
        "tmi_anomaly_nT": 875.8,
        "elevation_mdpl": 216.5,
        "geochem_assay_ratio": 1.7
      },
      "geometry": {
        "type": "Polygon",
        "coordinates": [
          [
            [
              121.942,
              -2.794
            ],
            [
              121.95,
              -2.794
            ],
            [
              121.95,
              -2.786
            ],
            [
              121.942,
              -2.786
            ],
            [
              121.942,
              -2.794
            ]
          ]
        ]
      }
    },
    {
      "type": "Feature",
      "properties": {
        "grid_id": "MOR361",
        "site": "morowali",
        "location_label": "Morowali Central Ultramafic Belt (IMIP Block) - Sulawesi Tengah nickel laterite",
        "lithology": "serpentinite_simulated",
        "slope_deg": 9.9,
        "distance_to_river_m": 2367,
        "distance_to_road_m": 753,
        "legal_status": "allowed",
        "distance_to_smelter_km": 67.8,
        "area_ha": 0.79,
        "region_id": "NW",
        "fe_oxide_index": 2.802,
        "clay_index": 1.678,
        "ndvi_stress_index": 0.394,
        "tmi_structural_nT": 45865.4,
        "tmi_anomaly_nT": 865.4,
        "elevation_mdpl": 253.2,
        "geochem_assay_ratio": 3.19
      },
      "geometry": {
        "type": "Polygon",
        "coordinates": [
          [
            [
              121.79,
              -2.786
            ],
            [
              121.798,
              -2.786
            ],
            [
              121.798,
              -2.778
            ],
            [
              121.79,
              -2.778
            ],
            [
              121.79,
              -2.786
            ]
          ]
        ]
      }
    },
    {
      "type": "Feature",
      "properties": {
        "grid_id": "MOR362",
        "site": "morowali",
        "location_label": "Morowali Central Ultramafic Belt (IMIP Block) - Sulawesi Tengah nickel laterite",
        "lithology": "peridotite_simulated",
        "slope_deg": 6.1,
        "distance_to_river_m": 390,
        "distance_to_road_m": 712,
        "legal_status": "allowed",
        "distance_to_smelter_km": 64.6,
        "area_ha": 0.79,
        "region_id": "NW",
        "fe_oxide_index": 2.062,
        "clay_index": 1.882,
        "ndvi_stress_index": 0.334,
        "tmi_structural_nT": 45462.4,
        "tmi_anomaly_nT": 462.4,
        "elevation_mdpl": 264.9,
        "geochem_assay_ratio": 3.11
      },
      "geometry": {
        "type": "Polygon",
        "coordinates": [
          [
            [
              121.798,
              -2.786
            ],
            [
              121.806,
              -2.786
            ],
            [
              121.806,
              -2.778
            ],
            [
              121.798,
              -2.778
            ],
            [
              121.798,
              -2.786
            ]
          ]
        ]
      }
    },
    {
      "type": "Feature",
      "properties": {
        "grid_id": "MOR363",
        "site": "morowali",
        "location_label": "Morowali Central Ultramafic Belt (IMIP Block) - Sulawesi Tengah nickel laterite",
        "lithology": "alluvium",
        "slope_deg": 7.3,
        "distance_to_river_m": 1997,
        "distance_to_road_m": 3429,
        "legal_status": "allowed",
        "distance_to_smelter_km": 61.6,
        "area_ha": 0.79,
        "region_id": "NW",
        "fe_oxide_index": 1.185,
        "clay_index": 1.469,
        "ndvi_stress_index": 0.74,
        "tmi_structural_nT": 44998.0,
        "tmi_anomaly_nT": -2.0,
        "elevation_mdpl": 214.1,
        "geochem_assay_ratio": 3.64
      },
      "geometry": {
        "type": "Polygon",
        "coordinates": [
          [
            [
              121.806,
              -2.786
            ],
            [
              121.814,
              -2.786
            ],
            [
              121.814,
              -2.778
            ],
            [
              121.806,
              -2.778
            ],
            [
              121.806,
              -2.786
            ]
          ]
        ]
      }
    },
    {
      "type": "Feature",
      "properties": {
        "grid_id": "MOR364",
        "site": "morowali",
        "location_label": "Morowali Central Ultramafic Belt (IMIP Block) - Sulawesi Tengah nickel laterite",
        "lithology": "ultramafic_simulated",
        "slope_deg": 5.5,
        "distance_to_river_m": 1897,
        "distance_to_road_m": 2029,
        "legal_status": "allowed",
        "distance_to_smelter_km": 58.8,
        "area_ha": 0.79,
        "region_id": "NW",
        "fe_oxide_index": 1.979,
        "clay_index": 2.265,
        "ndvi_stress_index": 0.381,
        "tmi_structural_nT": 45668.5,
        "tmi_anomaly_nT": 668.5,
        "elevation_mdpl": 218.1,
        "geochem_assay_ratio": 1.66
      },
      "geometry": {
        "type": "Polygon",
        "coordinates": [
          [
            [
              121.814,
              -2.786
            ],
            [
              121.822,
              -2.786
            ],
            [
              121.822,
              -2.778
            ],
            [
              121.814,
              -2.778
            ],
            [
              121.814,
              -2.786
            ]
          ]
        ]
      }
    },
    {
      "type": "Feature",
      "properties": {
        "grid_id": "MOR365",
        "site": "morowali",
        "location_label": "Morowali Central Ultramafic Belt (IMIP Block) - Sulawesi Tengah nickel laterite",
        "lithology": "ultramafic_simulated",
        "slope_deg": 14.0,
        "distance_to_river_m": 800,
        "distance_to_road_m": 1759,
        "legal_status": "allowed",
        "distance_to_smelter_km": 56.3,
        "area_ha": 0.79,
        "region_id": "NW",
        "fe_oxide_index": 2.645,
        "clay_index": 2.073,
        "ndvi_stress_index": 0.405,
        "tmi_structural_nT": 45244.7,
        "tmi_anomaly_nT": 244.7,
        "elevation_mdpl": 215.0,
        "geochem_assay_ratio": 1.93
      },
      "geometry": {
        "type": "Polygon",
        "coordinates": [
          [
            [
              121.822,
              -2.786
            ],
            [
              121.83,
              -2.786
            ],
            [
              121.83,
              -2.778
            ],
            [
              121.822,
              -2.778
            ],
            [
              121.822,
              -2.786
            ]
          ]
        ]
      }
    },
    {
      "type": "Feature",
      "properties": {
        "grid_id": "MOR366",
        "site": "morowali",
        "location_label": "Morowali Central Ultramafic Belt (IMIP Block) - Sulawesi Tengah nickel laterite",
        "lithology": "peridotite_simulated",
        "slope_deg": 9.0,
        "distance_to_river_m": 2047,
        "distance_to_road_m": 3224,
        "legal_status": "allowed",
        "distance_to_smelter_km": 54.1,
        "area_ha": 0.79,
        "region_id": "NW",
        "fe_oxide_index": 2.554,
        "clay_index": 1.62,
        "ndvi_stress_index": 0.389,
        "tmi_structural_nT": 45734.6,
        "tmi_anomaly_nT": 734.6,
        "elevation_mdpl": 277.2,
        "geochem_assay_ratio": 2.45
      },
      "geometry": {
        "type": "Polygon",
        "coordinates": [
          [
            [
              121.83,
              -2.786
            ],
            [
              121.838,
              -2.786
            ],
            [
              121.838,
              -2.778
            ],
            [
              121.83,
              -2.778
            ],
            [
              121.83,
              -2.786
            ]
          ]
        ]
      }
    },
    {
      "type": "Feature",
      "properties": {
        "grid_id": "MOR367",
        "site": "morowali",
        "location_label": "Morowali Central Ultramafic Belt (IMIP Block) - Sulawesi Tengah nickel laterite",
        "lithology": "peridotite_simulated",
        "slope_deg": 14.5,
        "distance_to_river_m": 1147,
        "distance_to_road_m": 881,
        "legal_status": "allowed",
        "distance_to_smelter_km": 52.2,
        "area_ha": 0.79,
        "region_id": "NW",
        "fe_oxide_index": 2.768,
        "clay_index": 2.01,
        "ndvi_stress_index": 0.321,
        "tmi_structural_nT": 45765.4,
        "tmi_anomaly_nT": 765.4,
        "elevation_mdpl": 224.7,
        "geochem_assay_ratio": 2.99
      },
      "geometry": {
        "type": "Polygon",
        "coordinates": [
          [
            [
              121.838,
              -2.786
            ],
            [
              121.846,
              -2.786
            ],
            [
              121.846,
              -2.778
            ],
            [
              121.838,
              -2.778
            ],
            [
              121.838,
              -2.786
            ]
          ]
        ]
      }
    },
    {
      "type": "Feature",
      "properties": {
        "grid_id": "MOR368",
        "site": "morowali",
        "location_label": "Morowali Central Ultramafic Belt (IMIP Block) - Sulawesi Tengah nickel laterite",
        "lithology": "alluvium",
        "slope_deg": 6.6,
        "distance_to_river_m": 1202,
        "distance_to_road_m": 2677,
        "legal_status": "allowed",
        "distance_to_smelter_km": 50.8,
        "area_ha": 0.79,
        "region_id": "NW",
        "fe_oxide_index": 1.674,
        "clay_index": 1.204,
        "ndvi_stress_index": 0.56,
        "tmi_structural_nT": 44456.3,
        "tmi_anomaly_nT": -543.7,
        "elevation_mdpl": 236.4,
        "geochem_assay_ratio": 5.32
      },
      "geometry": {
        "type": "Polygon",
        "coordinates": [
          [
            [
              121.846,
              -2.786
            ],
            [
              121.854,
              -2.786
            ],
            [
              121.854,
              -2.778
            ],
            [
              121.846,
              -2.778
            ],
            [
              121.846,
              -2.786
            ]
          ]
        ]
      }
    },
    {
      "type": "Feature",
      "properties": {
        "grid_id": "MOR369",
        "site": "morowali",
        "location_label": "Morowali Central Ultramafic Belt (IMIP Block) - Sulawesi Tengah nickel laterite",
        "lithology": "ultramafic_simulated",
        "slope_deg": 13.6,
        "distance_to_river_m": 549,
        "distance_to_road_m": 4111,
        "legal_status": "allowed",
        "distance_to_smelter_km": 49.8,
        "area_ha": 0.79,
        "region_id": "NW",
        "fe_oxide_index": 2.029,
        "clay_index": 1.809,
        "ndvi_stress_index": 0.23,
        "tmi_structural_nT": 45536.8,
        "tmi_anomaly_nT": 536.8,
        "elevation_mdpl": 231.0,
        "geochem_assay_ratio": 2.02
      },
      "geometry": {
        "type": "Polygon",
        "coordinates": [
          [
            [
              121.854,
              -2.786
            ],
            [
              121.862,
              -2.786
            ],
            [
              121.862,
              -2.778
            ],
            [
              121.854,
              -2.778
            ],
            [
              121.854,
              -2.786
            ]
          ]
        ]
      }
    },
    {
      "type": "Feature",
      "properties": {
        "grid_id": "MOR370",
        "site": "morowali",
        "location_label": "Morowali Central Ultramafic Belt (IMIP Block) - Sulawesi Tengah nickel laterite",
        "lithology": "serpentinite_simulated",
        "slope_deg": 7.8,
        "distance_to_river_m": 2007,
        "distance_to_road_m": 1718,
        "legal_status": "allowed",
        "distance_to_smelter_km": 49.3,
        "area_ha": 0.79,
        "region_id": "NW",
        "fe_oxide_index": 2.535,
        "clay_index": 2.015,
        "ndvi_stress_index": 0.309,
        "tmi_structural_nT": 45557.4,
        "tmi_anomaly_nT": 557.4,
        "elevation_mdpl": 207.6,
        "geochem_assay_ratio": 3.14
      },
      "geometry": {
        "type": "Polygon",
        "coordinates": [
          [
            [
              121.862,
              -2.786
            ],
            [
              121.87,
              -2.786
            ],
            [
              121.87,
              -2.778
            ],
            [
              121.862,
              -2.778
            ],
            [
              121.862,
              -2.786
            ]
          ]
        ]
      }
    },
    {
      "type": "Feature",
      "properties": {
        "grid_id": "MOR371",
        "site": "morowali",
        "location_label": "Morowali Central Ultramafic Belt (IMIP Block) - Sulawesi Tengah nickel laterite",
        "lithology": "mafic_volcanic_simulated",
        "slope_deg": 10.7,
        "distance_to_river_m": 1202,
        "distance_to_road_m": 2835,
        "legal_status": "allowed",
        "distance_to_smelter_km": 49.3,
        "area_ha": 0.79,
        "region_id": "NE",
        "fe_oxide_index": 1.648,
        "clay_index": 1.025,
        "ndvi_stress_index": 0.768,
        "tmi_structural_nT": 44751.0,
        "tmi_anomaly_nT": -249.0,
        "elevation_mdpl": 230.4,
        "geochem_assay_ratio": 3.96
      },
      "geometry": {
        "type": "Polygon",
        "coordinates": [
          [
            [
              121.87,
              -2.786
            ],
            [
              121.878,
              -2.786
            ],
            [
              121.878,
              -2.778
            ],
            [
              121.87,
              -2.778
            ],
            [
              121.87,
              -2.786
            ]
          ]
        ]
      }
    },
    {
      "type": "Feature",
      "properties": {
        "grid_id": "MOR372",
        "site": "morowali",
        "location_label": "Morowali Central Ultramafic Belt (IMIP Block) - Sulawesi Tengah nickel laterite",
        "lithology": "peridotite_simulated",
        "slope_deg": 10.2,
        "distance_to_river_m": 1386,
        "distance_to_road_m": 1404,
        "legal_status": "allowed",
        "distance_to_smelter_km": 49.8,
        "area_ha": 0.79,
        "region_id": "NE",
        "fe_oxide_index": 1.887,
        "clay_index": 2.139,
        "ndvi_stress_index": 0.301,
        "tmi_structural_nT": 45133.6,
        "tmi_anomaly_nT": 133.6,
        "elevation_mdpl": 180.8,
        "geochem_assay_ratio": 1.77
      },
      "geometry": {
        "type": "Polygon",
        "coordinates": [
          [
            [
              121.878,
              -2.786
            ],
            [
              121.886,
              -2.786
            ],
            [
              121.886,
              -2.778
            ],
            [
              121.878,
              -2.778
            ],
            [
              121.878,
              -2.786
            ]
          ]
        ]
      }
    },
    {
      "type": "Feature",
      "properties": {
        "grid_id": "MOR373",
        "site": "morowali",
        "location_label": "Morowali Central Ultramafic Belt (IMIP Block) - Sulawesi Tengah nickel laterite",
        "lithology": "mafic_volcanic_simulated",
        "slope_deg": 14.2,
        "distance_to_river_m": 2093,
        "distance_to_road_m": 2022,
        "legal_status": "allowed",
        "distance_to_smelter_km": 50.8,
        "area_ha": 0.79,
        "region_id": "NE",
        "fe_oxide_index": 1.129,
        "clay_index": 1.166,
        "ndvi_stress_index": 0.558,
        "tmi_structural_nT": 45325.2,
        "tmi_anomaly_nT": 325.2,
        "elevation_mdpl": 265.3,
        "geochem_assay_ratio": 4.25
      },
      "geometry": {
        "type": "Polygon",
        "coordinates": [
          [
            [
              121.886,
              -2.786
            ],
            [
              121.894,
              -2.786
            ],
            [
              121.894,
              -2.778
            ],
            [
              121.886,
              -2.778
            ],
            [
              121.886,
              -2.786
            ]
          ]
        ]
      }
    },
    {
      "type": "Feature",
      "properties": {
        "grid_id": "MOR374",
        "site": "morowali",
        "location_label": "Morowali Central Ultramafic Belt (IMIP Block) - Sulawesi Tengah nickel laterite",
        "lithology": "peridotite_simulated",
        "slope_deg": 11.2,
        "distance_to_river_m": 1472,
        "distance_to_road_m": 3923,
        "legal_status": "allowed",
        "distance_to_smelter_km": 52.2,
        "area_ha": 0.79,
        "region_id": "NE",
        "fe_oxide_index": 2.718,
        "clay_index": 2.067,
        "ndvi_stress_index": 0.201,
        "tmi_structural_nT": 45258.7,
        "tmi_anomaly_nT": 258.7,
        "elevation_mdpl": 198.2,
        "geochem_assay_ratio": 1.87
      },
      "geometry": {
        "type": "Polygon",
        "coordinates": [
          [
            [
              121.894,
              -2.786
            ],
            [
              121.902,
              -2.786
            ],
            [
              121.902,
              -2.778
            ],
            [
              121.894,
              -2.778
            ],
            [
              121.894,
              -2.786
            ]
          ]
        ]
      }
    },
    {
      "type": "Feature",
      "properties": {
        "grid_id": "MOR375",
        "site": "morowali",
        "location_label": "Morowali Central Ultramafic Belt (IMIP Block) - Sulawesi Tengah nickel laterite",
        "lithology": "ultramafic_simulated",
        "slope_deg": 7.3,
        "distance_to_river_m": 2021,
        "distance_to_road_m": 2857,
        "legal_status": "allowed",
        "distance_to_smelter_km": 54.1,
        "area_ha": 0.79,
        "region_id": "NE",
        "fe_oxide_index": 1.905,
        "clay_index": 2.38,
        "ndvi_stress_index": 0.329,
        "tmi_structural_nT": 45277.8,
        "tmi_anomaly_nT": 277.8,
        "elevation_mdpl": 255.9,
        "geochem_assay_ratio": 2.77
      },
      "geometry": {
        "type": "Polygon",
        "coordinates": [
          [
            [
              121.902,
              -2.786
            ],
            [
              121.91,
              -2.786
            ],
            [
              121.91,
              -2.778
            ],
            [
              121.902,
              -2.778
            ],
            [
              121.902,
              -2.786
            ]
          ]
        ]
      }
    },
    {
      "type": "Feature",
      "properties": {
        "grid_id": "MOR376",
        "site": "morowali",
        "location_label": "Morowali Central Ultramafic Belt (IMIP Block) - Sulawesi Tengah nickel laterite",
        "lithology": "serpentinite_simulated",
        "slope_deg": 8.5,
        "distance_to_river_m": 1488,
        "distance_to_road_m": 4296,
        "legal_status": "allowed",
        "distance_to_smelter_km": 56.3,
        "area_ha": 0.79,
        "region_id": "NE",
        "fe_oxide_index": 2.079,
        "clay_index": 2.121,
        "ndvi_stress_index": 0.395,
        "tmi_structural_nT": 45586.9,
        "tmi_anomaly_nT": 586.9,
        "elevation_mdpl": 274.7,
        "geochem_assay_ratio": 2.65
      },
      "geometry": {
        "type": "Polygon",
        "coordinates": [
          [
            [
              121.91,
              -2.786
            ],
            [
              121.918,
              -2.786
            ],
            [
              121.918,
              -2.778
            ],
            [
              121.91,
              -2.778
            ],
            [
              121.91,
              -2.786
            ]
          ]
        ]
      }
    },
    {
      "type": "Feature",
      "properties": {
        "grid_id": "MOR377",
        "site": "morowali",
        "location_label": "Morowali Central Ultramafic Belt (IMIP Block) - Sulawesi Tengah nickel laterite",
        "lithology": "mafic_volcanic_simulated",
        "slope_deg": 9.2,
        "distance_to_river_m": 1341,
        "distance_to_road_m": 2015,
        "legal_status": "allowed",
        "distance_to_smelter_km": 58.8,
        "area_ha": 0.79,
        "region_id": "NE",
        "fe_oxide_index": 1.489,
        "clay_index": 1.366,
        "ndvi_stress_index": 0.637,
        "tmi_structural_nT": 44495.2,
        "tmi_anomaly_nT": -504.8,
        "elevation_mdpl": 233.4,
        "geochem_assay_ratio": 5.69
      },
      "geometry": {
        "type": "Polygon",
        "coordinates": [
          [
            [
              121.918,
              -2.786
            ],
            [
              121.926,
              -2.786
            ],
            [
              121.926,
              -2.778
            ],
            [
              121.918,
              -2.778
            ],
            [
              121.918,
              -2.786
            ]
          ]
        ]
      }
    },
    {
      "type": "Feature",
      "properties": {
        "grid_id": "MOR378",
        "site": "morowali",
        "location_label": "Morowali Central Ultramafic Belt (IMIP Block) - Sulawesi Tengah nickel laterite",
        "lithology": "ultramafic_simulated",
        "slope_deg": 8.4,
        "distance_to_river_m": 540,
        "distance_to_road_m": 4076,
        "legal_status": "allowed",
        "distance_to_smelter_km": 61.6,
        "area_ha": 0.79,
        "region_id": "NE",
        "fe_oxide_index": 2.459,
        "clay_index": 1.7,
        "ndvi_stress_index": 0.226,
        "tmi_structural_nT": 45267.6,
        "tmi_anomaly_nT": 267.6,
        "elevation_mdpl": 201.3,
        "geochem_assay_ratio": 2.72
      },
      "geometry": {
        "type": "Polygon",
        "coordinates": [
          [
            [
              121.926,
              -2.786
            ],
            [
              121.934,
              -2.786
            ],
            [
              121.934,
              -2.778
            ],
            [
              121.926,
              -2.778
            ],
            [
              121.926,
              -2.786
            ]
          ]
        ]
      }
    },
    {
      "type": "Feature",
      "properties": {
        "grid_id": "MOR379",
        "site": "morowali",
        "location_label": "Morowali Central Ultramafic Belt (IMIP Block) - Sulawesi Tengah nickel laterite",
        "lithology": "alluvium",
        "slope_deg": 9.7,
        "distance_to_river_m": 683,
        "distance_to_road_m": 4246,
        "legal_status": "allowed",
        "distance_to_smelter_km": 64.6,
        "area_ha": 0.79,
        "region_id": "NE",
        "fe_oxide_index": 1.122,
        "clay_index": 1.231,
        "ndvi_stress_index": 0.553,
        "tmi_structural_nT": 45224.6,
        "tmi_anomaly_nT": 224.6,
        "elevation_mdpl": 190.1,
        "geochem_assay_ratio": 3.69
      },
      "geometry": {
        "type": "Polygon",
        "coordinates": [
          [
            [
              121.934,
              -2.786
            ],
            [
              121.942,
              -2.786
            ],
            [
              121.942,
              -2.778
            ],
            [
              121.934,
              -2.778
            ],
            [
              121.934,
              -2.786
            ]
          ]
        ]
      }
    },
    {
      "type": "Feature",
      "properties": {
        "grid_id": "MOR380",
        "site": "morowali",
        "location_label": "Morowali Central Ultramafic Belt (IMIP Block) - Sulawesi Tengah nickel laterite",
        "lithology": "serpentinite_simulated",
        "slope_deg": 12.2,
        "distance_to_river_m": 1027,
        "distance_to_road_m": 3713,
        "legal_status": "allowed",
        "distance_to_smelter_km": 67.8,
        "area_ha": 0.79,
        "region_id": "NE",
        "fe_oxide_index": 2.631,
        "clay_index": 2.098,
        "ndvi_stress_index": 0.287,
        "tmi_structural_nT": 45776.9,
        "tmi_anomaly_nT": 776.9,
        "elevation_mdpl": 215.3,
        "geochem_assay_ratio": 1.76
      },
      "geometry": {
        "type": "Polygon",
        "coordinates": [
          [
            [
              121.942,
              -2.786
            ],
            [
              121.95,
              -2.786
            ],
            [
              121.95,
              -2.778
            ],
            [
              121.942,
              -2.778
            ],
            [
              121.942,
              -2.786
            ]
          ]
        ]
      }
    },
    {
      "type": "Feature",
      "properties": {
        "grid_id": "MOR381",
        "site": "morowali",
        "location_label": "Morowali Central Ultramafic Belt (IMIP Block) - Sulawesi Tengah nickel laterite",
        "lithology": "mafic_volcanic_simulated",
        "slope_deg": 7.4,
        "distance_to_river_m": 1323,
        "distance_to_road_m": 1635,
        "legal_status": "allowed",
        "distance_to_smelter_km": 70.8,
        "area_ha": 0.79,
        "region_id": "NW",
        "fe_oxide_index": 1.611,
        "clay_index": 1.461,
        "ndvi_stress_index": 0.588,
        "tmi_structural_nT": 45112.3,
        "tmi_anomaly_nT": 112.3,
        "elevation_mdpl": 252.7,
        "geochem_assay_ratio": 4.54
      },
      "geometry": {
        "type": "Polygon",
        "coordinates": [
          [
            [
              121.79,
              -2.778
            ],
            [
              121.798,
              -2.778
            ],
            [
              121.798,
              -2.77
            ],
            [
              121.79,
              -2.77
            ],
            [
              121.79,
              -2.778
            ]
          ]
        ]
      }
    },
    {
      "type": "Feature",
      "properties": {
        "grid_id": "MOR382",
        "site": "morowali",
        "location_label": "Morowali Central Ultramafic Belt (IMIP Block) - Sulawesi Tengah nickel laterite",
        "lithology": "ultramafic_simulated",
        "slope_deg": 9.7,
        "distance_to_river_m": 2440,
        "distance_to_road_m": 1772,
        "legal_status": "allowed",
        "distance_to_smelter_km": 67.8,
        "area_ha": 0.79,
        "region_id": "NW",
        "fe_oxide_index": 2.65,
        "clay_index": 2.404,
        "ndvi_stress_index": 0.35,
        "tmi_structural_nT": 45899.9,
        "tmi_anomaly_nT": 899.9,
        "elevation_mdpl": 194.1,
        "geochem_assay_ratio": 2.31
      },
      "geometry": {
        "type": "Polygon",
        "coordinates": [
          [
            [
              121.798,
              -2.778
            ],
            [
              121.806,
              -2.778
            ],
            [
              121.806,
              -2.77
            ],
            [
              121.798,
              -2.77
            ],
            [
              121.798,
              -2.778
            ]
          ]
        ]
      }
    },
    {
      "type": "Feature",
      "properties": {
        "grid_id": "MOR383",
        "site": "morowali",
        "location_label": "Morowali Central Ultramafic Belt (IMIP Block) - Sulawesi Tengah nickel laterite",
        "lithology": "peridotite_simulated",
        "slope_deg": 7.4,
        "distance_to_river_m": 2446,
        "distance_to_road_m": 3499,
        "legal_status": "allowed",
        "distance_to_smelter_km": 65.0,
        "area_ha": 0.79,
        "region_id": "NW",
        "fe_oxide_index": 2.461,
        "clay_index": 1.921,
        "ndvi_stress_index": 0.269,
        "tmi_structural_nT": 45314.8,
        "tmi_anomaly_nT": 314.8,
        "elevation_mdpl": 217.5,
        "geochem_assay_ratio": 2.87
      },
      "geometry": {
        "type": "Polygon",
        "coordinates": [
          [
            [
              121.806,
              -2.778
            ],
            [
              121.814,
              -2.778
            ],
            [
              121.814,
              -2.77
            ],
            [
              121.806,
              -2.77
            ],
            [
              121.806,
              -2.778
            ]
          ]
        ]
      }
    },
    {
      "type": "Feature",
      "properties": {
        "grid_id": "MOR384",
        "site": "morowali",
        "location_label": "Morowali Central Ultramafic Belt (IMIP Block) - Sulawesi Tengah nickel laterite",
        "lithology": "alluvium",
        "slope_deg": 8.7,
        "distance_to_river_m": 878,
        "distance_to_road_m": 764,
        "legal_status": "allowed",
        "distance_to_smelter_km": 62.4,
        "area_ha": 0.79,
        "region_id": "NW",
        "fe_oxide_index": 1.398,
        "clay_index": 1.04,
        "ndvi_stress_index": 0.607,
        "tmi_structural_nT": 44534.6,
        "tmi_anomaly_nT": -465.4,
        "elevation_mdpl": 182.8,
        "geochem_assay_ratio": 3.69
      },
      "geometry": {
        "type": "Polygon",
        "coordinates": [
          [
            [
              121.814,
              -2.778
            ],
            [
              121.822,
              -2.778
            ],
            [
              121.822,
              -2.77
            ],
            [
              121.814,
              -2.77
            ],
            [
              121.814,
              -2.778
            ]
          ]
        ]
      }
    },
    {
      "type": "Feature",
      "properties": {
        "grid_id": "MOR385",
        "site": "morowali",
        "location_label": "Morowali Central Ultramafic Belt (IMIP Block) - Sulawesi Tengah nickel laterite",
        "lithology": "alluvium",
        "slope_deg": 11.3,
        "distance_to_river_m": 1301,
        "distance_to_road_m": 800,
        "legal_status": "allowed",
        "distance_to_smelter_km": 60.0,
        "area_ha": 0.79,
        "region_id": "NW",
        "fe_oxide_index": 1.326,
        "clay_index": 1.37,
        "ndvi_stress_index": 0.604,
        "tmi_structural_nT": 44883.2,
        "tmi_anomaly_nT": -116.8,
        "elevation_mdpl": 245.4,
        "geochem_assay_ratio": 5.22
      },
      "geometry": {
        "type": "Polygon",
        "coordinates": [
          [
            [
              121.822,
              -2.778
            ],
            [
              121.83,
              -2.778
            ],
            [
              121.83,
              -2.77
            ],
            [
              121.822,
              -2.77
            ],
            [
              121.822,
              -2.778
            ]
          ]
        ]
      }
    },
    {
      "type": "Feature",
      "properties": {
        "grid_id": "MOR386",
        "site": "morowali",
        "location_label": "Morowali Central Ultramafic Belt (IMIP Block) - Sulawesi Tengah nickel laterite",
        "lithology": "ultramafic_simulated",
        "slope_deg": 6.8,
        "distance_to_river_m": 1176,
        "distance_to_road_m": 1589,
        "legal_status": "allowed",
        "distance_to_smelter_km": 58.0,
        "area_ha": 0.79,
        "region_id": "NW",
        "fe_oxide_index": 1.839,
        "clay_index": 2.21,
        "ndvi_stress_index": 0.344,
        "tmi_structural_nT": 45330.7,
        "tmi_anomaly_nT": 330.7,
        "elevation_mdpl": 248.2,
        "geochem_assay_ratio": 2.1
      },
      "geometry": {
        "type": "Polygon",
        "coordinates": [
          [
            [
              121.83,
              -2.778
            ],
            [
              121.838,
              -2.778
            ],
            [
              121.838,
              -2.77
            ],
            [
              121.83,
              -2.77
            ],
            [
              121.83,
              -2.778
            ]
          ]
        ]
      }
    },
    {
      "type": "Feature",
      "properties": {
        "grid_id": "MOR387",
        "site": "morowali",
        "location_label": "Morowali Central Ultramafic Belt (IMIP Block) - Sulawesi Tengah nickel laterite",
        "lithology": "peridotite_simulated",
        "slope_deg": 9.1,
        "distance_to_river_m": 205,
        "distance_to_road_m": 1501,
        "legal_status": "allowed",
        "distance_to_smelter_km": 56.3,
        "area_ha": 0.79,
        "region_id": "NW",
        "fe_oxide_index": 2.059,
        "clay_index": 2.109,
        "ndvi_stress_index": 0.333,
        "tmi_structural_nT": 45498.0,
        "tmi_anomaly_nT": 498.0,
        "elevation_mdpl": 193.9,
        "geochem_assay_ratio": 2.97
      },
      "geometry": {
        "type": "Polygon",
        "coordinates": [
          [
            [
              121.838,
              -2.778
            ],
            [
              121.846,
              -2.778
            ],
            [
              121.846,
              -2.77
            ],
            [
              121.838,
              -2.77
            ],
            [
              121.838,
              -2.778
            ]
          ]
        ]
      }
    },
    {
      "type": "Feature",
      "properties": {
        "grid_id": "MOR388",
        "site": "morowali",
        "location_label": "Morowali Central Ultramafic Belt (IMIP Block) - Sulawesi Tengah nickel laterite",
        "lithology": "peridotite_simulated",
        "slope_deg": 4.9,
        "distance_to_river_m": 1127,
        "distance_to_road_m": 2212,
        "legal_status": "allowed",
        "distance_to_smelter_km": 55.0,
        "area_ha": 0.79,
        "region_id": "NW",
        "fe_oxide_index": 1.889,
        "clay_index": 1.865,
        "ndvi_stress_index": 0.4,
        "tmi_structural_nT": 45477.4,
        "tmi_anomaly_nT": 477.4,
        "elevation_mdpl": 201.8,
        "geochem_assay_ratio": 2.64
      },
      "geometry": {
        "type": "Polygon",
        "coordinates": [
          [
            [
              121.846,
              -2.778
            ],
            [
              121.854,
              -2.778
            ],
            [
              121.854,
              -2.77
            ],
            [
              121.846,
              -2.77
            ],
            [
              121.846,
              -2.778
            ]
          ]
        ]
      }
    },
    {
      "type": "Feature",
      "properties": {
        "grid_id": "MOR389",
        "site": "morowali",
        "location_label": "Morowali Central Ultramafic Belt (IMIP Block) - Sulawesi Tengah nickel laterite",
        "lithology": "peridotite_simulated",
        "slope_deg": 13.4,
        "distance_to_river_m": 1802,
        "distance_to_road_m": 1148,
        "legal_status": "allowed",
        "distance_to_smelter_km": 54.1,
        "area_ha": 0.79,
        "region_id": "NW",
        "fe_oxide_index": 2.753,
        "clay_index": 2.359,
        "ndvi_stress_index": 0.253,
        "tmi_structural_nT": 45229.6,
        "tmi_anomaly_nT": 229.6,
        "elevation_mdpl": 271.0,
        "geochem_assay_ratio": 2.66
      },
      "geometry": {
        "type": "Polygon",
        "coordinates": [
          [
            [
              121.854,
              -2.778
            ],
            [
              121.862,
              -2.778
            ],
            [
              121.862,
              -2.77
            ],
            [
              121.854,
              -2.77
            ],
            [
              121.854,
              -2.778
            ]
          ]
        ]
      }
    },
    {
      "type": "Feature",
      "properties": {
        "grid_id": "MOR390",
        "site": "morowali",
        "location_label": "Morowali Central Ultramafic Belt (IMIP Block) - Sulawesi Tengah nickel laterite",
        "lithology": "alluvium",
        "slope_deg": 13.3,
        "distance_to_river_m": 2340,
        "distance_to_road_m": 3666,
        "legal_status": "allowed",
        "distance_to_smelter_km": 53.6,
        "area_ha": 0.79,
        "region_id": "NW",
        "fe_oxide_index": 1.605,
        "clay_index": 1.421,
        "ndvi_stress_index": 0.679,
        "tmi_structural_nT": 44872.4,
        "tmi_anomaly_nT": -127.6,
        "elevation_mdpl": 203.6,
        "geochem_assay_ratio": 4.07
      },
      "geometry": {
        "type": "Polygon",
        "coordinates": [
          [
            [
              121.862,
              -2.778
            ],
            [
              121.87,
              -2.778
            ],
            [
              121.87,
              -2.77
            ],
            [
              121.862,
              -2.77
            ],
            [
              121.862,
              -2.778
            ]
          ]
        ]
      }
    },
    {
      "type": "Feature",
      "properties": {
        "grid_id": "MOR391",
        "site": "morowali",
        "location_label": "Morowali Central Ultramafic Belt (IMIP Block) - Sulawesi Tengah nickel laterite",
        "lithology": "peridotite_simulated",
        "slope_deg": 12.8,
        "distance_to_river_m": 2137,
        "distance_to_road_m": 2597,
        "legal_status": "allowed",
        "distance_to_smelter_km": 53.6,
        "area_ha": 0.79,
        "region_id": "NE",
        "fe_oxide_index": 2.699,
        "clay_index": 2.318,
        "ndvi_stress_index": 0.219,
        "tmi_structural_nT": 45151.5,
        "tmi_anomaly_nT": 151.5,
        "elevation_mdpl": 239.4,
        "geochem_assay_ratio": 2.93
      },
      "geometry": {
        "type": "Polygon",
        "coordinates": [
          [
            [
              121.87,
              -2.778
            ],
            [
              121.878,
              -2.778
            ],
            [
              121.878,
              -2.77
            ],
            [
              121.87,
              -2.77
            ],
            [
              121.87,
              -2.778
            ]
          ]
        ]
      }
    },
    {
      "type": "Feature",
      "properties": {
        "grid_id": "MOR392",
        "site": "morowali",
        "location_label": "Morowali Central Ultramafic Belt (IMIP Block) - Sulawesi Tengah nickel laterite",
        "lithology": "peridotite_simulated",
        "slope_deg": 7.3,
        "distance_to_river_m": 964,
        "distance_to_road_m": 4265,
        "legal_status": "allowed",
        "distance_to_smelter_km": 54.1,
        "area_ha": 0.79,
        "region_id": "NE",
        "fe_oxide_index": 2.409,
        "clay_index": 2.118,
        "ndvi_stress_index": 0.242,
        "tmi_structural_nT": 45785.3,
        "tmi_anomaly_nT": 785.3,
        "elevation_mdpl": 232.8,
        "geochem_assay_ratio": 2.03
      },
      "geometry": {
        "type": "Polygon",
        "coordinates": [
          [
            [
              121.878,
              -2.778
            ],
            [
              121.886,
              -2.778
            ],
            [
              121.886,
              -2.77
            ],
            [
              121.878,
              -2.77
            ],
            [
              121.878,
              -2.778
            ]
          ]
        ]
      }
    },
    {
      "type": "Feature",
      "properties": {
        "grid_id": "MOR393",
        "site": "morowali",
        "location_label": "Morowali Central Ultramafic Belt (IMIP Block) - Sulawesi Tengah nickel laterite",
        "lithology": "serpentinite_simulated",
        "slope_deg": 10.2,
        "distance_to_river_m": 2095,
        "distance_to_road_m": 949,
        "legal_status": "allowed",
        "distance_to_smelter_km": 55.0,
        "area_ha": 0.79,
        "region_id": "NE",
        "fe_oxide_index": 1.993,
        "clay_index": 2.234,
        "ndvi_stress_index": 0.362,
        "tmi_structural_nT": 45544.0,
        "tmi_anomaly_nT": 544.0,
        "elevation_mdpl": 247.0,
        "geochem_assay_ratio": 1.55
      },
      "geometry": {
        "type": "Polygon",
        "coordinates": [
          [
            [
              121.886,
              -2.778
            ],
            [
              121.894,
              -2.778
            ],
            [
              121.894,
              -2.77
            ],
            [
              121.886,
              -2.77
            ],
            [
              121.886,
              -2.778
            ]
          ]
        ]
      }
    },
    {
      "type": "Feature",
      "properties": {
        "grid_id": "MOR394",
        "site": "morowali",
        "location_label": "Morowali Central Ultramafic Belt (IMIP Block) - Sulawesi Tengah nickel laterite",
        "lithology": "serpentinite_simulated",
        "slope_deg": 12.7,
        "distance_to_river_m": 2069,
        "distance_to_road_m": 4042,
        "legal_status": "allowed",
        "distance_to_smelter_km": 56.3,
        "area_ha": 0.79,
        "region_id": "NE",
        "fe_oxide_index": 2.763,
        "clay_index": 1.939,
        "ndvi_stress_index": 0.263,
        "tmi_structural_nT": 45230.5,
        "tmi_anomaly_nT": 230.5,
        "elevation_mdpl": 214.1,
        "geochem_assay_ratio": 2.37
      },
      "geometry": {
        "type": "Polygon",
        "coordinates": [
          [
            [
              121.894,
              -2.778
            ],
            [
              121.902,
              -2.778
            ],
            [
              121.902,
              -2.77
            ],
            [
              121.894,
              -2.77
            ],
            [
              121.894,
              -2.778
            ]
          ]
        ]
      }
    },
    {
      "type": "Feature",
      "properties": {
        "grid_id": "MOR395",
        "site": "morowali",
        "location_label": "Morowali Central Ultramafic Belt (IMIP Block) - Sulawesi Tengah nickel laterite",
        "lithology": "peridotite_simulated",
        "slope_deg": 4.1,
        "distance_to_river_m": 567,
        "distance_to_road_m": 1803,
        "legal_status": "allowed",
        "distance_to_smelter_km": 58.0,
        "area_ha": 0.79,
        "region_id": "NE",
        "fe_oxide_index": 2.642,
        "clay_index": 1.875,
        "ndvi_stress_index": 0.414,
        "tmi_structural_nT": 45510.2,
        "tmi_anomaly_nT": 510.2,
        "elevation_mdpl": 279.3,
        "geochem_assay_ratio": 3.15
      },
      "geometry": {
        "type": "Polygon",
        "coordinates": [
          [
            [
              121.902,
              -2.778
            ],
            [
              121.91,
              -2.778
            ],
            [
              121.91,
              -2.77
            ],
            [
              121.902,
              -2.77
            ],
            [
              121.902,
              -2.778
            ]
          ]
        ]
      }
    },
    {
      "type": "Feature",
      "properties": {
        "grid_id": "MOR396",
        "site": "morowali",
        "location_label": "Morowali Central Ultramafic Belt (IMIP Block) - Sulawesi Tengah nickel laterite",
        "lithology": "peridotite_simulated",
        "slope_deg": 14.6,
        "distance_to_river_m": 2320,
        "distance_to_road_m": 4298,
        "legal_status": "allowed",
        "distance_to_smelter_km": 60.0,
        "area_ha": 0.79,
        "region_id": "NE",
        "fe_oxide_index": 2.367,
        "clay_index": 2.001,
        "ndvi_stress_index": 0.306,
        "tmi_structural_nT": 45584.0,
        "tmi_anomaly_nT": 584.0,
        "elevation_mdpl": 272.0,
        "geochem_assay_ratio": 2.33
      },
      "geometry": {
        "type": "Polygon",
        "coordinates": [
          [
            [
              121.91,
              -2.778
            ],
            [
              121.918,
              -2.778
            ],
            [
              121.918,
              -2.77
            ],
            [
              121.91,
              -2.77
            ],
            [
              121.91,
              -2.778
            ]
          ]
        ]
      }
    },
    {
      "type": "Feature",
      "properties": {
        "grid_id": "MOR397",
        "site": "morowali",
        "location_label": "Morowali Central Ultramafic Belt (IMIP Block) - Sulawesi Tengah nickel laterite",
        "lithology": "serpentinite_simulated",
        "slope_deg": 9.8,
        "distance_to_river_m": 904,
        "distance_to_road_m": 3192,
        "legal_status": "allowed",
        "distance_to_smelter_km": 62.4,
        "area_ha": 0.79,
        "region_id": "NE",
        "fe_oxide_index": 2.489,
        "clay_index": 1.603,
        "ndvi_stress_index": 0.354,
        "tmi_structural_nT": 45589.1,
        "tmi_anomaly_nT": 589.1,
        "elevation_mdpl": 209.8,
        "geochem_assay_ratio": 3.1
      },
      "geometry": {
        "type": "Polygon",
        "coordinates": [
          [
            [
              121.918,
              -2.778
            ],
            [
              121.926,
              -2.778
            ],
            [
              121.926,
              -2.77
            ],
            [
              121.918,
              -2.77
            ],
            [
              121.918,
              -2.778
            ]
          ]
        ]
      }
    },
    {
      "type": "Feature",
      "properties": {
        "grid_id": "MOR398",
        "site": "morowali",
        "location_label": "Morowali Central Ultramafic Belt (IMIP Block) - Sulawesi Tengah nickel laterite",
        "lithology": "serpentinite_simulated",
        "slope_deg": 9.9,
        "distance_to_river_m": 1959,
        "distance_to_road_m": 1563,
        "legal_status": "allowed",
        "distance_to_smelter_km": 65.0,
        "area_ha": 0.79,
        "region_id": "NE",
        "fe_oxide_index": 1.998,
        "clay_index": 1.611,
        "ndvi_stress_index": 0.412,
        "tmi_structural_nT": 45607.7,
        "tmi_anomaly_nT": 607.7,
        "elevation_mdpl": 229.3,
        "geochem_assay_ratio": 3.02
      },
      "geometry": {
        "type": "Polygon",
        "coordinates": [
          [
            [
              121.926,
              -2.778
            ],
            [
              121.934,
              -2.778
            ],
            [
              121.934,
              -2.77
            ],
            [
              121.926,
              -2.77
            ],
            [
              121.926,
              -2.778
            ]
          ]
        ]
      }
    },
    {
      "type": "Feature",
      "properties": {
        "grid_id": "MOR399",
        "site": "morowali",
        "location_label": "Morowali Central Ultramafic Belt (IMIP Block) - Sulawesi Tengah nickel laterite",
        "lithology": "peridotite_simulated",
        "slope_deg": 10.7,
        "distance_to_river_m": 2145,
        "distance_to_road_m": 2356,
        "legal_status": "allowed",
        "distance_to_smelter_km": 67.8,
        "area_ha": 0.79,
        "region_id": "NE",
        "fe_oxide_index": 2.168,
        "clay_index": 2.086,
        "ndvi_stress_index": 0.191,
        "tmi_structural_nT": 45948.4,
        "tmi_anomaly_nT": 948.4,
        "elevation_mdpl": 195.5,
        "geochem_assay_ratio": 2.7
      },
      "geometry": {
        "type": "Polygon",
        "coordinates": [
          [
            [
              121.934,
              -2.778
            ],
            [
              121.942,
              -2.778
            ],
            [
              121.942,
              -2.77
            ],
            [
              121.934,
              -2.77
            ],
            [
              121.934,
              -2.778
            ]
          ]
        ]
      }
    },
    {
      "type": "Feature",
      "properties": {
        "grid_id": "MOR400",
        "site": "morowali",
        "location_label": "Morowali Central Ultramafic Belt (IMIP Block) - Sulawesi Tengah nickel laterite",
        "lithology": "peridotite_simulated",
        "slope_deg": 8.9,
        "distance_to_river_m": 835,
        "distance_to_road_m": 1034,
        "legal_status": "allowed",
        "distance_to_smelter_km": 70.8,
        "area_ha": 0.79,
        "region_id": "NE",
        "fe_oxide_index": 2.845,
        "clay_index": 2.419,
        "ndvi_stress_index": 0.4,
        "tmi_structural_nT": 45399.0,
        "tmi_anomaly_nT": 399.0,
        "elevation_mdpl": 261.1,
        "geochem_assay_ratio": 2.89
      },
      "geometry": {
        "type": "Polygon",
        "coordinates": [
          [
            [
              121.942,
              -2.778
            ],
            [
              121.95,
              -2.778
            ],
            [
              121.95,
              -2.77
            ],
            [
              121.942,
              -2.77
            ],
            [
              121.942,
              -2.778
            ]
          ]
        ]
      }
    }
  ]
}