{
  "type": "FeatureCollection",
  "name": "study_grid_weda_bay",
  "features": [
    {
      "type": "Feature",
      "properties": {
        "grid_id": "WED001",
        "site": "weda_bay",
        "location_label": "Weda Bay Central Block (Halmahera Deposit) - Maluku Utara nickel laterite",
        "lithology": "serpentinite_simulated",
        "slope_deg": 20.9,
        "distance_to_river_m": 975,
        "distance_to_road_m": 1613,
        "legal_status": "allowed",
        "distance_to_smelter_km": 70.8,
        "area_ha": 1.77,
        "region_id": "SW",
        "fe_oxide_index": 1.973,
        "clay_index": 2.428,
        "ndvi_stress_index": 0.27,
        "tmi_structural_nT": 45576.6,
        "tmi_anomaly_nT": 576.6,
        "elevation_mdpl": 313.8,
        "geochem_assay_ratio": 2.13
      },
      "geometry": {
        "type": "Polygon",
        "coordinates": [
          [
            [
              127.82,
              0.37
            ],
            [
              127.832,
              0.37
            ],
            [
              127.832,
              0.382
            ],
            [
              127.82,
              0.382
            ],
            [
              127.82,
              0.37
            ]
          ]
        ]
      }
    },
    {
      "type": "Feature",
      "properties": {
        "grid_id": "WED002",
        "site": "weda_bay",
        "location_label": "Weda Bay Central Block (Halmahera Deposit) - Maluku Utara nickel laterite",
        "lithology": "serpentinite_simulated",
        "slope_deg": 21.7,
        "distance_to_river_m": 1300,
        "distance_to_road_m": 2333,
        "legal_status": "allowed",
        "distance_to_smelter_km": 67.8,
        "area_ha": 1.77,
        "region_id": "SW",
        "fe_oxide_index": 2.817,
        "clay_index": 2.308,
        "ndvi_stress_index": 0.21,
        "tmi_structural_nT": 45361.7,
        "tmi_anomaly_nT": 361.7,
        "elevation_mdpl": 295.4,
        "geochem_assay_ratio": 1.46
      },
      "geometry": {
        "type": "Polygon",
        "coordinates": [
          [
            [
              127.832,
              0.37
            ],
            [
              127.844,
              0.37
            ],
            [
              127.844,
              0.382
            ],
            [
              127.832,
              0.382
            ],
            [
              127.832,
              0.37
            ]
          ]
        ]
      }
    },
    {
      "type": "Feature",
      "properties": {
        "grid_id": "WED003",
        "site": "weda_bay",
        "location_label": "Weda Bay Central Block (Halmahera Deposit) - Maluku Utara nickel laterite",
        "lithology": "peridotite_simulated",
        "slope_deg": 22.7,
        "distance_to_river_m": 2219,
        "distance_to_road_m": 2982,
        "legal_status": "allowed",
        "distance_to_smelter_km": 65.0,
        "area_ha": 1.77,
        "region_id": "SW",
        "fe_oxide_index": 2.441,
        "clay_index": 1.789,
        "ndvi_stress_index": 0.415,
        "tmi_structural_nT": 45710.8,
        "tmi_anomaly_nT": 710.8,
        "elevation_mdpl": 378.5,
        "geochem_assay_ratio": 1.89
      },
      "geometry": {
        "type": "Polygon",
        "coordinates": [
          [
            [
              127.844,
              0.37
            ],
            [
              127.856,
              0.37
            ],
            [
              127.856,
              0.382
            ],
            [
              127.844,
              0.382
            ],
            [
              127.844,
              0.37
            ]
          ]
        ]
      }
    },
    {
      "type": "Feature",
      "properties": {
        "grid_id": "WED004",
        "site": "weda_bay",
        "location_label": "Weda Bay Central Block (Halmahera Deposit) - Maluku Utara nickel laterite",
        "lithology": "peridotite_simulated",
        "slope_deg": 22.6,
        "distance_to_river_m": 1114,
        "distance_to_road_m": 394,
        "legal_status": "allowed",
        "distance_to_smelter_km": 62.4,
        "area_ha": 1.77,
        "region_id": "SW",
        "fe_oxide_index": 2.391,
        "clay_index": 2.088,
        "ndvi_stress_index": 0.349,
        "tmi_structural_nT": 45736.2,
        "tmi_anomaly_nT": 736.2,
        "elevation_mdpl": 323.2,
        "geochem_assay_ratio": 2.92
      },
      "geometry": {
        "type": "Polygon",
        "coordinates": [
          [
            [
              127.856,
              0.37
            ],
            [
              127.868,
              0.37
            ],
            [
              127.868,
              0.382
            ],
            [
              127.856,
              0.382
            ],
            [
              127.856,
              0.37
            ]
          ]
        ]
      }
    },
    {
      "type": "Feature",
      "properties": {
        "grid_id": "WED005",
        "site": "weda_bay",
        "location_label": "Weda Bay Central Block (Halmahera Deposit) - Maluku Utara nickel laterite",
        "lithology": "ultramafic_simulated",
        "slope_deg": 16.9,
        "distance_to_river_m": 1504,
        "distance_to_road_m": 2931,
        "legal_status": "allowed",
        "distance_to_smelter_km": 60.0,
        "area_ha": 1.77,
        "region_id": "SW",
        "fe_oxide_index": 2.403,
        "clay_index": 2.099,
        "ndvi_stress_index": 0.247,
        "tmi_structural_nT": 45953.7,
        "tmi_anomaly_nT": 953.7,
        "elevation_mdpl": 353.9,
        "geochem_assay_ratio": 2.61
      },
      "geometry": {
        "type": "Polygon",
        "coordinates": [
          [
            [
              127.868,
              0.37
            ],
            [
              127.88,
              0.37
            ],
            [
              127.88,
              0.382
            ],
            [
              127.868,
              0.382
            ],
            [
              127.868,
              0.37
            ]
          ]
        ]
      }
    },
    {
      "type": "Feature",
      "properties": {
        "grid_id": "WED006",
        "site": "weda_bay",
        "location_label": "Weda Bay Central Block (Halmahera Deposit) - Maluku Utara nickel laterite",
        "lithology": "serpentinite_simulated",
        "slope_deg": 16.0,
        "distance_to_river_m": 860,
        "distance_to_road_m": 2324,
        "legal_status": "allowed",
        "distance_to_smelter_km": 58.0,
        "area_ha": 1.77,
        "region_id": "SW",
        "fe_oxide_index": 2.366,
        "clay_index": 1.762,
        "ndvi_stress_index": 0.377,
        "tmi_structural_nT": 45257.3,
        "tmi_anomaly_nT": 257.3,
        "elevation_mdpl": 304.2,
        "geochem_assay_ratio": 2.02
      },
      "geometry": {
        "type": "Polygon",
        "coordinates": [
          [
            [
              127.88,
              0.37
            ],
            [
              127.892,
              0.37
            ],
            [
              127.892,
              0.382
            ],
            [
              127.88,
              0.382
            ],
            [
              127.88,
              0.37
            ]
          ]
        ]
      }
    },
    {
      "type": "Feature",
      "properties": {
        "grid_id": "WED007",
        "site": "weda_bay",
        "location_label": "Weda Bay Central Block (Halmahera Deposit) - Maluku Utara nickel laterite",
        "lithology": "mafic_volcanic_simulated",
        "slope_deg": 18.3,
        "distance_to_river_m": 345,
        "distance_to_road_m": 2814,
        "legal_status": "allowed",
        "distance_to_smelter_km": 56.3,
        "area_ha": 1.77,
        "region_id": "SW",
        "fe_oxide_index": 1.24,
        "clay_index": 1.4,
        "ndvi_stress_index": 0.51,
        "tmi_structural_nT": 44886.3,
        "tmi_anomaly_nT": -113.7,
        "elevation_mdpl": 331.7,
        "geochem_assay_ratio": 4.97
      },
      "geometry": {
        "type": "Polygon",
        "coordinates": [
          [
            [
              127.892,
              0.37
            ],
            [
              127.904,
              0.37
            ],
            [
              127.904,
              0.382
            ],
            [
              127.892,
              0.382
            ],
            [
              127.892,
              0.37
            ]
          ]
        ]
      }
    },
    {
      "type": "Feature",
      "properties": {
        "grid_id": "WED008",
        "site": "weda_bay",
        "location_label": "Weda Bay Central Block (Halmahera Deposit) - Maluku Utara nickel laterite",
        "lithology": "peridotite_simulated",
        "slope_deg": 15.3,
        "distance_to_river_m": 2342,
        "distance_to_road_m": 2144,
        "legal_status": "allowed",
        "distance_to_smelter_km": 55.0,
        "area_ha": 1.77,
        "region_id": "SW",
        "fe_oxide_index": 2.092,
        "clay_index": 1.809,
        "ndvi_stress_index": 0.382,
        "tmi_structural_nT": 45530.6,
        "tmi_anomaly_nT": 530.6,
        "elevation_mdpl": 354.5,
        "geochem_assay_ratio": 1.64
      },
      "geometry": {
        "type": "Polygon",
        "coordinates": [
          [
            [
              127.904,
              0.37
            ],
            [
              127.916,
              0.37
            ],
            [
              127.916,
              0.382
            ],
            [
              127.904,
              0.382
            ],
            [
              127.904,
              0.37
            ]
          ]
        ]
      }
    },
    {
      "type": "Feature",
      "properties": {
        "grid_id": "WED009",
        "site": "weda_bay",
        "location_label": "Weda Bay Central Block (Halmahera Deposit) - Maluku Utara nickel laterite",
        "lithology": "mafic_volcanic_simulated",
        "slope_deg": 17.4,
        "distance_to_river_m": 1771,
        "distance_to_road_m": 3225,
        "legal_status": "allowed",
        "distance_to_smelter_km": 54.1,
        "area_ha": 1.77,
        "region_id": "SW",
        "fe_oxide_index": 1.403,
        "clay_index": 1.373,
        "ndvi_stress_index": 0.666,
        "tmi_structural_nT": 44509.3,
        "tmi_anomaly_nT": -490.7,
        "elevation_mdpl": 287.9,
        "geochem_assay_ratio": 4.21
      },
      "geometry": {
        "type": "Polygon",
        "coordinates": [
          [
            [
              127.916,
              0.37
            ],
            [
              127.928,
              0.37
            ],
            [
              127.928,
              0.382
            ],
            [
              127.916,
              0.382
            ],
            [
              127.916,
              0.37
            ]
          ]
        ]
      }
    },
    {
      "type": "Feature",
      "properties": {
        "grid_id": "WED010",
        "site": "weda_bay",
        "location_label": "Weda Bay Central Block (Halmahera Deposit) - Maluku Utara nickel laterite",
        "lithology": "peridotite_simulated",
        "slope_deg": 21.8,
        "distance_to_river_m": 1883,
        "distance_to_road_m": 718,
        "legal_status": "allowed",
        "distance_to_smelter_km": 53.6,
        "area_ha": 1.77,
        "region_id": "SW",
        "fe_oxide_index": 2.241,
        "clay_index": 2.107,
        "ndvi_stress_index": 0.418,
        "tmi_structural_nT": 45727.7,
        "tmi_anomaly_nT": 727.7,
        "elevation_mdpl": 346.1,
        "geochem_assay_ratio": 2.09
      },
      "geometry": {
        "type": "Polygon",
        "coordinates": [
          [
            [
              127.928,
              0.37
            ],
            [
              127.94,
              0.37
            ],
            [
              127.94,
              0.382
            ],
            [
              127.928,
              0.382
            ],
            [
              127.928,
              0.37
            ]
          ]
        ]
      }
    },
    {
      "type": "Feature",
      "properties": {
        "grid_id": "WED011",
        "site": "weda_bay",
        "location_label": "Weda Bay Central Block (Halmahera Deposit) - Maluku Utara nickel laterite",
        "lithology": "peridotite_simulated",
        "slope_deg": 22.0,
        "distance_to_river_m": 1832,
        "distance_to_road_m": 469,
        "legal_status": "allowed",
        "distance_to_smelter_km": 53.6,
        "area_ha": 1.77,
        "region_id": "SE",
        "fe_oxide_index": 2.22,
        "clay_index": 1.977,
        "ndvi_stress_index": 0.392,
        "tmi_structural_nT": 45860.2,
        "tmi_anomaly_nT": 860.2,
        "elevation_mdpl": 338.4,
        "geochem_assay_ratio": 3.18
      },
      "geometry": {
        "type": "Polygon",
        "coordinates": [
          [
            [
              127.94,
              0.37
            ],
            [
              127.952,
              0.37
            ],
            [
              127.952,
              0.382
            ],
            [
              127.94,
              0.382
            ],
            [
              127.94,
              0.37
            ]
          ]
        ]
      }
    },
    {
      "type": "Feature",
      "properties": {
        "grid_id": "WED012",
        "site": "weda_bay",
        "location_label": "Weda Bay Central Block (Halmahera Deposit) - Maluku Utara nickel laterite",
        "lithology": "serpentinite_simulated",
        "slope_deg": 21.4,
        "distance_to_river_m": 2026,
        "distance_to_road_m": 3757,
        "legal_status": "allowed",
        "distance_to_smelter_km": 54.1,
        "area_ha": 1.77,
        "region_id": "SE",
        "fe_oxide_index": 2.772,
        "clay_index": 1.676,
        "ndvi_stress_index": 0.192,
        "tmi_structural_nT": 45725.8,
        "tmi_anomaly_nT": 725.8,
        "elevation_mdpl": 323.9,
        "geochem_assay_ratio": 2.46
      },
      "geometry": {
        "type": "Polygon",
        "coordinates": [
          [
            [
              127.952,
              0.37
            ],
            [
              127.964,
              0.37
            ],
            [
              127.964,
              0.382
            ],
            [
              127.952,
              0.382
            ],
            [
              127.952,
              0.37
            ]
          ]
        ]
      }
    },
    {
      "type": "Feature",
      "properties": {
        "grid_id": "WED013",
        "site": "weda_bay",
        "location_label": "Weda Bay Central Block (Halmahera Deposit) - Maluku Utara nickel laterite",
        "lithology": "peridotite_simulated",
        "slope_deg": 15.7,
        "distance_to_river_m": 2157,
        "distance_to_road_m": 946,
        "legal_status": "allowed",
        "distance_to_smelter_km": 55.0,
        "area_ha": 1.77,
        "region_id": "SE",
        "fe_oxide_index": 2.194,
        "clay_index": 2.295,
        "ndvi_stress_index": 0.261,
        "tmi_structural_nT": 45123.8,
        "tmi_anomaly_nT": 123.8,
        "elevation_mdpl": 285.8,
        "geochem_assay_ratio": 2.02
      },
      "geometry": {
        "type": "Polygon",
        "coordinates": [
          [
            [
              127.964,
              0.37
            ],
            [
              127.976,
              0.37
            ],
            [
              127.976,
              0.382
            ],
            [
              127.964,
              0.382
            ],
            [
              127.964,
              0.37
            ]
          ]
        ]
      }
    },
    {
      "type": "Feature",
      "properties": {
        "grid_id": "WED014",
        "site": "weda_bay",
        "location_label": "Weda Bay Central Block (Halmahera Deposit) - Maluku Utara nickel laterite",
        "lithology": "serpentinite_simulated",
        "slope_deg": 14.3,
        "distance_to_river_m": 364,
        "distance_to_road_m": 1277,
        "legal_status": "allowed",
        "distance_to_smelter_km": 56.3,
        "area_ha": 1.77,
        "region_id": "SE",
        "fe_oxide_index": 2.784,
        "clay_index": 2.438,
        "ndvi_stress_index": 0.298,
        "tmi_structural_nT": 46073.7,
        "tmi_anomaly_nT": 1073.7,
        "elevation_mdpl": 307.8,
        "geochem_assay_ratio": 2.19
      },
      "geometry": {
        "type": "Polygon",
        "coordinates": [
          [
            [
              127.976,
              0.37
            ],
            [
              127.988,
              0.37
            ],
            [
              127.988,
              0.382
            ],
            [
              127.976,
              0.382
            ],
            [
              127.976,
              0.37
            ]
          ]
        ]
      }
    },
    {
      "type": "Feature",
      "properties": {
        "grid_id": "WED015",
        "site": "weda_bay",
        "location_label": "Weda Bay Central Block (Halmahera Deposit) - Maluku Utara nickel laterite",
        "lithology": "serpentinite_simulated",
        "slope_deg": 18.1,
        "distance_to_river_m": 1905,
        "distance_to_road_m": 2224,
        "legal_status": "allowed",
        "distance_to_smelter_km": 58.0,
        "area_ha": 1.77,
        "region_id": "SE",
        "fe_oxide_index": 1.846,
        "clay_index": 1.823,
        "ndvi_stress_index": 0.402,
        "tmi_structural_nT": 45950.8,
        "tmi_anomaly_nT": 950.8,
        "elevation_mdpl": 296.6,
        "geochem_assay_ratio": 2.95
      },
      "geometry": {
        "type": "Polygon",
        "coordinates": [
          [
            [
              127.988,
              0.37
            ],
            [
              128.0,
              0.37
            ],
            [
              128.0,
              0.382
            ],
            [
              127.988,
              0.382
            ],
            [
              127.988,
              0.37
            ]
          ]
        ]
      }
    },
    {
      "type": "Feature",
      "properties": {
        "grid_id": "WED016",
        "site": "weda_bay",
        "location_label": "Weda Bay Central Block (Halmahera Deposit) - Maluku Utara nickel laterite",
        "lithology": "peridotite_simulated",
        "slope_deg": 22.9,
        "distance_to_river_m": 2170,
        "distance_to_road_m": 1606,
        "legal_status": "allowed",
        "distance_to_smelter_km": 60.0,
        "area_ha": 1.77,
        "region_id": "SE",
        "fe_oxide_index": 2.639,
        "clay_index": 1.821,
        "ndvi_stress_index": 0.313,
        "tmi_structural_nT": 45351.1,
        "tmi_anomaly_nT": 351.1,
        "elevation_mdpl": 334.4,
        "geochem_assay_ratio": 2.11
      },
      "geometry": {
        "type": "Polygon",
        "coordinates": [
          [
            [
              128.0,
              0.37
            ],
            [
              128.012,
              0.37
            ],
            [
              128.012,
              0.382
            ],
            [
              128.0,
              0.382
            ],
            [
              128.0,
              0.37
            ]
          ]
        ]
      }
    },
    {
      "type": "Feature",
      "properties": {
        "grid_id": "WED017",
        "site": "weda_bay",
        "location_label": "Weda Bay Central Block (Halmahera Deposit) - Maluku Utara nickel laterite",
        "lithology": "serpentinite_simulated",
        "slope_deg": 16.9,
        "distance_to_river_m": 2339,
        "distance_to_road_m": 3620,
        "legal_status": "allowed",
        "distance_to_smelter_km": 62.4,
        "area_ha": 1.77,
        "region_id": "SE",
        "fe_oxide_index": 2.582,
        "clay_index": 2.306,
        "ndvi_stress_index": 0.375,
        "tmi_structural_nT": 45904.2,
        "tmi_anomaly_nT": 904.2,
        "elevation_mdpl": 341.6,
        "geochem_assay_ratio": 2.72
      },
      "geometry": {
        "type": "Polygon",
        "coordinates": [
          [
            [
              128.012,
              0.37
            ],
            [
              128.024,
              0.37
            ],
            [
              128.024,
              0.382
            ],
            [
              128.012,
              0.382
            ],
            [
              128.012,
              0.37
            ]
          ]
        ]
      }
    },
    {
      "type": "Feature",
      "properties": {
        "grid_id": "WED018",
        "site": "weda_bay",
        "location_label": "Weda Bay Central Block (Halmahera Deposit) - Maluku Utara nickel laterite",
        "lithology": "mafic_volcanic_simulated",
        "slope_deg": 17.8,
        "distance_to_river_m": 379,
        "distance_to_road_m": 3271,
        "legal_status": "allowed",
        "distance_to_smelter_km": 65.0,
        "area_ha": 1.77,
        "region_id": "SE",
        "fe_oxide_index": 1.367,
        "clay_index": 1.294,
        "ndvi_stress_index": 0.501,
        "tmi_structural_nT": 44711.8,
        "tmi_anomaly_nT": -288.2,
        "elevation_mdpl": 283.9,
        "geochem_assay_ratio": 4.4
      },
      "geometry": {
        "type": "Polygon",
        "coordinates": [
          [
            [
              128.024,
              0.37
            ],
            [
              128.036,
              0.37
            ],
            [
              128.036,
              0.382
            ],
            [
              128.024,
              0.382
            ],
            [
              128.024,
              0.37
            ]
          ]
        ]
      }
    },
    {
      "type": "Feature",
      "properties": {
        "grid_id": "WED019",
        "site": "weda_bay",
        "location_label": "Weda Bay Central Block (Halmahera Deposit) - Maluku Utara nickel laterite",
        "lithology": "serpentinite_simulated",
        "slope_deg": 17.6,
        "distance_to_river_m": 2446,
        "distance_to_road_m": 2839,
        "legal_status": "allowed",
        "distance_to_smelter_km": 67.8,
        "area_ha": 1.77,
        "region_id": "SE",
        "fe_oxide_index": 2.081,
        "clay_index": 1.789,
        "ndvi_stress_index": 0.386,
        "tmi_structural_nT": 46037.4,
        "tmi_anomaly_nT": 1037.4,
        "elevation_mdpl": 306.6,
        "geochem_assay_ratio": 2.51
      },
      "geometry": {
        "type": "Polygon",
        "coordinates": [
          [
            [
              128.036,
              0.37
            ],
            [
              128.048,
              0.37
            ],
            [
              128.048,
              0.382
            ],
            [
              128.036,
              0.382
            ],
            [
              128.036,
              0.37
            ]
          ]
        ]
      }
    },
    {
      "type": "Feature",
      "properties": {
        "grid_id": "WED020",
        "site": "weda_bay",
        "location_label": "Weda Bay Central Block (Halmahera Deposit) - Maluku Utara nickel laterite",
        "lithology": "serpentinite_simulated",
        "slope_deg": 21.1,
        "distance_to_river_m": 285,
        "distance_to_road_m": 2379,
        "legal_status": "allowed",
        "distance_to_smelter_km": 70.8,
        "area_ha": 1.77,
        "region_id": "SE",
        "fe_oxide_index": 2.52,
        "clay_index": 1.631,
        "ndvi_stress_index": 0.186,
        "tmi_structural_nT": 45633.8,
        "tmi_anomaly_nT": 633.8,
        "elevation_mdpl": 320.6,
        "geochem_assay_ratio": 2.0
      },
      "geometry": {
        "type": "Polygon",
        "coordinates": [
          [
            [
              128.048,
              0.37
            ],
            [
              128.06,
              0.37
            ],
            [
              128.06,
              0.382
            ],
            [
              128.048,
              0.382
            ],
            [
              128.048,
              0.37
            ]
          ]
        ]
      }
    },
    {
      "type": "Feature",
      "properties": {
        "grid_id": "WED021",
        "site": "weda_bay",
        "location_label": "Weda Bay Central Block (Halmahera Deposit) - Maluku Utara nickel laterite",
        "lithology": "peridotite_simulated",
        "slope_deg": 15.2,
        "distance_to_river_m": 2473,
        "distance_to_road_m": 4174,
        "legal_status": "allowed",
        "distance_to_smelter_km": 67.8,
        "area_ha": 1.77,
        "region_id": "SW",
        "fe_oxide_index": 2.591,
        "clay_index": 1.978,
        "ndvi_stress_index": 0.408,
        "tmi_structural_nT": 45865.2,
        "tmi_anomaly_nT": 865.2,
        "elevation_mdpl": 302.2,
        "geochem_assay_ratio": 2.26
      },
      "geometry": {
        "type": "Polygon",
        "coordinates": [
          [
            [
              127.82,
              0.382
            ],
            [
              127.832,
              0.382
            ],
            [
              127.832,
              0.394
            ],
            [
              127.82,
              0.394
            ],
            [
              127.82,
              0.382
            ]
          ]
        ]
      }
    },
    {
      "type": "Feature",
      "properties": {
        "grid_id": "WED022",
        "site": "weda_bay",
        "location_label": "Weda Bay Central Block (Halmahera Deposit) - Maluku Utara nickel laterite",
        "lithology": "serpentinite_simulated",
        "slope_deg": 20.5,
        "distance_to_river_m": 1219,
        "distance_to_road_m": 1294,
        "legal_status": "allowed",
        "distance_to_smelter_km": 64.6,
        "area_ha": 1.77,
        "region_id": "SW",
        "fe_oxide_index": 2.118,
        "clay_index": 2.08,
        "ndvi_stress_index": 0.278,
        "tmi_structural_nT": 45801.3,
        "tmi_anomaly_nT": 801.3,
        "elevation_mdpl": 314.2,
        "geochem_assay_ratio": 3.09
      },
      "geometry": {
        "type": "Polygon",
        "coordinates": [
          [
            [
              127.832,
              0.382
            ],
            [
              127.844,
              0.382
            ],
            [
              127.844,
              0.394
            ],
            [
              127.832,
              0.394
            ],
            [
              127.832,
              0.382
            ]
          ]
        ]
      }
    },
    {
      "type": "Feature",
      "properties": {
        "grid_id": "WED023",
        "site": "weda_bay",
        "location_label": "Weda Bay Central Block (Halmahera Deposit) - Maluku Utara nickel laterite",
        "lithology": "ultramafic_simulated",
        "slope_deg": 16.6,
        "distance_to_river_m": 2487,
        "distance_to_road_m": 1248,
        "legal_status": "allowed",
        "distance_to_smelter_km": 61.6,
        "area_ha": 1.77,
        "region_id": "SW",
        "fe_oxide_index": 2.249,
        "clay_index": 2.376,
        "ndvi_stress_index": 0.246,
        "tmi_structural_nT": 45595.3,
        "tmi_anomaly_nT": 595.3,
        "elevation_mdpl": 352.3,
        "geochem_assay_ratio": 3.07
      },
      "geometry": {
        "type": "Polygon",
        "coordinates": [
          [
            [
              127.844,
              0.382
            ],
            [
              127.856,
              0.382
            ],
            [
              127.856,
              0.394
            ],
            [
              127.844,
              0.394
            ],
            [
              127.844,
              0.382
            ]
          ]
        ]
      }
    },
    {
      "type": "Feature",
      "properties": {
        "grid_id": "WED024",
        "site": "weda_bay",
        "location_label": "Weda Bay Central Block (Halmahera Deposit) - Maluku Utara nickel laterite",
        "lithology": "mafic_volcanic_simulated",
        "slope_deg": 18.3,
        "distance_to_river_m": 2354,
        "distance_to_road_m": 2136,
        "legal_status": "allowed",
        "distance_to_smelter_km": 58.8,
        "area_ha": 1.77,
        "region_id": "SW",
        "fe_oxide_index": 1.161,
        "clay_index": 1.436,
        "ndvi_stress_index": 0.731,
        "tmi_structural_nT": 44862.5,
        "tmi_anomaly_nT": -137.5,
        "elevation_mdpl": 292.5,
        "geochem_assay_ratio": 5.7
      },
      "geometry": {
        "type": "Polygon",
        "coordinates": [
          [
            [
              127.856,
              0.382
            ],
            [
              127.868,
              0.382
            ],
            [
              127.868,
              0.394
            ],
            [
              127.856,
              0.394
            ],
            [
              127.856,
              0.382
            ]
          ]
        ]
      }
    },
    {
      "type": "Feature",
      "properties": {
        "grid_id": "WED025",
        "site": "weda_bay",
        "location_label": "Weda Bay Central Block (Halmahera Deposit) - Maluku Utara nickel laterite",
        "lithology": "serpentinite_simulated",
        "slope_deg": 14.1,
        "distance_to_river_m": 2208,
        "distance_to_road_m": 2837,
        "legal_status": "allowed",
        "distance_to_smelter_km": 56.3,
        "area_ha": 1.77,
        "region_id": "SW",
        "fe_oxide_index": 2.299,
        "clay_index": 2.314,
        "ndvi_stress_index": 0.204,
        "tmi_structural_nT": 45641.0,
        "tmi_anomaly_nT": 641.0,
        "elevation_mdpl": 319.5,
        "geochem_assay_ratio": 3.12
      },
      "geometry": {
        "type": "Polygon",
        "coordinates": [
          [
            [
              127.868,
              0.382
            ],
            [
              127.88,
              0.382
            ],
            [
              127.88,
              0.394
            ],
            [
              127.868,
              0.394
            ],
            [
              127.868,
              0.382
            ]
          ]
        ]
      }
    },
    {
      "type": "Feature",
      "properties": {
        "grid_id": "WED026",
        "site": "weda_bay",
        "location_label": "Weda Bay Central Block (Halmahera Deposit) - Maluku Utara nickel laterite",
        "lithology": "serpentinite_simulated",
        "slope_deg": 16.8,
        "distance_to_river_m": 766,
        "distance_to_road_m": 3551,
        "legal_status": "allowed",
        "distance_to_smelter_km": 54.1,
        "area_ha": 1.77,
        "region_id": "SW",
        "fe_oxide_index": 1.946,
        "clay_index": 1.675,
        "ndvi_stress_index": 0.235,
        "tmi_structural_nT": 45146.9,
        "tmi_anomaly_nT": 146.9,
        "elevation_mdpl": 354.0,
        "geochem_assay_ratio": 2.32
      },
      "geometry": {
        "type": "Polygon",
        "coordinates": [
          [
            [
              127.88,
              0.382
            ],
            [
              127.892,
              0.382
            ],
            [
              127.892,
              0.394
            ],
            [
              127.88,
              0.394
            ],
            [
              127.88,
              0.382
            ]
          ]
        ]
      }
    },
    {
      "type": "Feature",
      "properties": {
        "grid_id": "WED027",
        "site": "weda_bay",
        "location_label": "Weda Bay Central Block (Halmahera Deposit) - Maluku Utara nickel laterite",
        "lithology": "peridotite_simulated",
        "slope_deg": 20.9,
        "distance_to_river_m": 1637,
        "distance_to_road_m": 2063,
        "legal_status": "allowed",
        "distance_to_smelter_km": 52.2,
        "area_ha": 1.77,
        "region_id": "SW",
        "fe_oxide_index": 2.133,
        "clay_index": 1.956,
        "ndvi_stress_index": 0.325,
        "tmi_structural_nT": 45226.4,
        "tmi_anomaly_nT": 226.4,
        "elevation_mdpl": 287.2,
        "geochem_assay_ratio": 3.18
      },
      "geometry": {
        "type": "Polygon",
        "coordinates": [
          [
            [
              127.892,
              0.382
            ],
            [
              127.904,
              0.382
            ],
            [
              127.904,
              0.394
            ],
            [
              127.892,
              0.394
            ],
            [
              127.892,
              0.382
            ]
          ]
        ]
      }
    },
    {
      "type": "Feature",
      "properties": {
        "grid_id": "WED028",
        "site": "weda_bay",
        "location_label": "Weda Bay Central Block (Halmahera Deposit) - Maluku Utara nickel laterite",
        "lithology": "mafic_volcanic_simulated",
        "slope_deg": 20.7,
        "distance_to_river_m": 333,
        "distance_to_road_m": 3868,
        "legal_status": "allowed",
        "distance_to_smelter_km": 50.8,
        "area_ha": 1.77,
        "region_id": "SW",
        "fe_oxide_index": 1.246,
        "clay_index": 1.113,
        "ndvi_stress_index": 0.662,
        "tmi_structural_nT": 44467.7,
        "tmi_anomaly_nT": -532.3,
        "elevation_mdpl": 337.2,
        "geochem_assay_ratio": 4.07
      },
      "geometry": {
        "type": "Polygon",
        "coordinates": [
          [
            [
              127.904,
              0.382
            ],
            [
              127.916,
              0.382
            ],
            [
              127.916,
              0.394
            ],
            [
              127.904,
              0.394
            ],
            [
              127.904,
              0.382
            ]
          ]
        ]
      }
    },
    {
      "type": "Feature",
      "properties": {
        "grid_id": "WED029",
        "site": "weda_bay",
        "location_label": "Weda Bay Central Block (Halmahera Deposit) - Maluku Utara nickel laterite",
        "lithology": "serpentinite_simulated",
        "slope_deg": 20.8,
        "distance_to_river_m": 1947,
        "distance_to_road_m": 1421,
        "legal_status": "allowed",
        "distance_to_smelter_km": 49.8,
        "area_ha": 1.77,
        "region_id": "SW",
        "fe_oxide_index": 2.81,
        "clay_index": 2.281,
        "ndvi_stress_index": 0.359,
        "tmi_structural_nT": 45529.2,
        "tmi_anomaly_nT": 529.2,
        "elevation_mdpl": 350.3,
        "geochem_assay_ratio": 2.38
      },
      "geometry": {
        "type": "Polygon",
        "coordinates": [
          [
            [
              127.916,
              0.382
            ],
            [
              127.928,
              0.382
            ],
            [
              127.928,
              0.394
            ],
            [
              127.916,
              0.394
            ],
            [
              127.916,
              0.382
            ]
          ]
        ]
      }
    },
    {
      "type": "Feature",
      "properties": {
        "grid_id": "WED030",
        "site": "weda_bay",
        "location_label": "Weda Bay Central Block (Halmahera Deposit) - Maluku Utara nickel laterite",
        "lithology": "serpentinite_simulated",
        "slope_deg": 19.3,
        "distance_to_river_m": 1291,
        "distance_to_road_m": 2880,
        "legal_status": "allowed",
        "distance_to_smelter_km": 49.3,
        "area_ha": 1.77,
        "region_id": "SW",
        "fe_oxide_index": 1.903,
        "clay_index": 1.729,
        "ndvi_stress_index": 0.351,
        "tmi_structural_nT": 45366.4,
        "tmi_anomaly_nT": 366.4,
        "elevation_mdpl": 319.0,
        "geochem_assay_ratio": 1.82
      },
      "geometry": {
        "type": "Polygon",
        "coordinates": [
          [
            [
              127.928,
              0.382
            ],
            [
              127.94,
              0.382
            ],
            [
              127.94,
              0.394
            ],
            [
              127.928,
              0.394
            ],
            [
              127.928,
              0.382
            ]
          ]
        ]
      }
    },
    {
      "type": "Feature",
      "properties": {
        "grid_id": "WED031",
        "site": "weda_bay",
        "location_label": "Weda Bay Central Block (Halmahera Deposit) - Maluku Utara nickel laterite",
        "lithology": "ultramafic_simulated",
        "slope_deg": 24.7,
        "distance_to_river_m": 2158,
        "distance_to_road_m": 1661,
        "legal_status": "allowed",
        "distance_to_smelter_km": 49.3,
        "area_ha": 1.77,
        "region_id": "SE",
        "fe_oxide_index": 2.476,
        "clay_index": 1.724,
        "ndvi_stress_index": 0.353,
        "tmi_structural_nT": 45369.4,
        "tmi_anomaly_nT": 369.4,
        "elevation_mdpl": 288.5,
        "geochem_assay_ratio": 1.52
      },
      "geometry": {
        "type": "Polygon",
        "coordinates": [
          [
            [
              127.94,
              0.382
            ],
            [
              127.952,
              0.382
            ],
            [
              127.952,
              0.394
            ],
            [
              127.94,
              0.394
            ],
            [
              127.94,
              0.382
            ]
          ]
        ]
      }
    },
    {
      "type": "Feature",
      "properties": {
        "grid_id": "WED032",
        "site": "weda_bay",
        "location_label": "Weda Bay Central Block (Halmahera Deposit) - Maluku Utara nickel laterite",
        "lithology": "serpentinite_simulated",
        "slope_deg": 24.4,
        "distance_to_river_m": 1803,
        "distance_to_road_m": 2749,
        "legal_status": "allowed",
        "distance_to_smelter_km": 49.8,
        "area_ha": 1.77,
        "region_id": "SE",
        "fe_oxide_index": 2.469,
        "clay_index": 1.718,
        "ndvi_stress_index": 0.292,
        "tmi_structural_nT": 46061.5,
        "tmi_anomaly_nT": 1061.5,
        "elevation_mdpl": 363.9,
        "geochem_assay_ratio": 1.71
      },
      "geometry": {
        "type": "Polygon",
        "coordinates": [
          [
            [
              127.952,
              0.382
            ],
            [
              127.964,
              0.382
            ],
            [
              127.964,
              0.394
            ],
            [
              127.952,
              0.394
            ],
            [
              127.952,
              0.382
            ]
          ]
        ]
      }
    },
    {
      "type": "Feature",
      "properties": {
        "grid_id": "WED033",
        "site": "weda_bay",
        "location_label": "Weda Bay Central Block (Halmahera Deposit) - Maluku Utara nickel laterite",
        "lithology": "serpentinite_simulated",
        "slope_deg": 21.5,
        "distance_to_river_m": 552,
        "distance_to_road_m": 2894,
        "legal_status": "allowed",
        "distance_to_smelter_km": 50.8,
        "area_ha": 1.77,
        "region_id": "SE",
        "fe_oxide_index": 2.461,
        "clay_index": 1.877,
        "ndvi_stress_index": 0.218,
        "tmi_structural_nT": 45831.4,
        "tmi_anomaly_nT": 831.4,
        "elevation_mdpl": 312.7,
        "geochem_assay_ratio": 2.0
      },
      "geometry": {
        "type": "Polygon",
        "coordinates": [
          [
            [
              127.964,
              0.382
            ],
            [
              127.976,
              0.382
            ],
            [
              127.976,
              0.394
            ],
            [
              127.964,
              0.394
            ],
            [
              127.964,
              0.382
            ]
          ]
        ]
      }
    },
    {
      "type": "Feature",
      "properties": {
        "grid_id": "WED034",
        "site": "weda_bay",
        "location_label": "Weda Bay Central Block (Halmahera Deposit) - Maluku Utara nickel laterite",
        "lithology": "serpentinite_simulated",
        "slope_deg": 23.9,
        "distance_to_river_m": 1734,
        "distance_to_road_m": 3184,
        "legal_status": "allowed",
        "distance_to_smelter_km": 52.2,
        "area_ha": 1.77,
        "region_id": "SE",
        "fe_oxide_index": 2.007,
        "clay_index": 1.988,
        "ndvi_stress_index": 0.374,
        "tmi_structural_nT": 45674.3,
        "tmi_anomaly_nT": 674.3,
        "elevation_mdpl": 378.1,
        "geochem_assay_ratio": 2.78
      },
      "geometry": {
        "type": "Polygon",
        "coordinates": [
          [
            [
              127.976,
              0.382
            ],
            [
              127.988,
              0.382
            ],
            [
              127.988,
              0.394
            ],
            [
              127.976,
              0.394
            ],
            [
              127.976,
              0.382
            ]
          ]
        ]
      }
    },
    {
      "type": "Feature",
      "properties": {
        "grid_id": "WED035",
        "site": "weda_bay",
        "location_label": "Weda Bay Central Block (Halmahera Deposit) - Maluku Utara nickel laterite",
        "lithology": "peridotite_simulated",
        "slope_deg": 16.9,
        "distance_to_river_m": 1257,
        "distance_to_road_m": 477,
        "legal_status": "allowed",
        "distance_to_smelter_km": 54.1,
        "area_ha": 1.77,
        "region_id": "SE",
        "fe_oxide_index": 2.571,
        "clay_index": 2.069,
        "ndvi_stress_index": 0.204,
        "tmi_structural_nT": 45828.9,
        "tmi_anomaly_nT": 828.9,
        "elevation_mdpl": 289.5,
        "geochem_assay_ratio": 2.13
      },
      "geometry": {
        "type": "Polygon",
        "coordinates": [
          [
            [
              127.988,
              0.382
            ],
            [
              128.0,
              0.382
            ],
            [
              128.0,
              0.394
            ],
            [
              127.988,
              0.394
            ],
            [
              127.988,
              0.382
            ]
          ]
        ]
      }
    },
    {
      "type": "Feature",
      "properties": {
        "grid_id": "WED036",
        "site": "weda_bay",
        "location_label": "Weda Bay Central Block (Halmahera Deposit) - Maluku Utara nickel laterite",
        "lithology": "ultramafic_simulated",
        "slope_deg": 21.7,
        "distance_to_river_m": 489,
        "distance_to_road_m": 3642,
        "legal_status": "allowed",
        "distance_to_smelter_km": 56.3,
        "area_ha": 1.77,
        "region_id": "SE",
        "fe_oxide_index": 2.328,
        "clay_index": 2.066,
        "ndvi_stress_index": 0.416,
        "tmi_structural_nT": 45747.9,
        "tmi_anomaly_nT": 747.9,
        "elevation_mdpl": 343.6,
        "geochem_assay_ratio": 1.82
      },
      "geometry": {
        "type": "Polygon",
        "coordinates": [
          [
            [
              128.0,
              0.382
            ],
            [
              128.012,
              0.382
            ],
            [
              128.012,
              0.394
            ],
            [
              128.0,
              0.394
            ],
            [
              128.0,
              0.382
            ]
          ]
        ]
      }
    },
    {
      "type": "Feature",
      "properties": {
        "grid_id": "WED037",
        "site": "weda_bay",
        "location_label": "Weda Bay Central Block (Halmahera Deposit) - Maluku Utara nickel laterite",
        "lithology": "peridotite_simulated",
        "slope_deg": 15.9,
        "distance_to_river_m": 274,
        "distance_to_road_m": 692,
        "legal_status": "allowed",
        "distance_to_smelter_km": 58.8,
        "area_ha": 1.77,
        "region_id": "SE",
        "fe_oxide_index": 1.82,
        "clay_index": 1.802,
        "ndvi_stress_index": 0.241,
        "tmi_structural_nT": 46063.8,
        "tmi_anomaly_nT": 1063.8,
        "elevation_mdpl": 360.2,
        "geochem_assay_ratio": 2.36
      },
      "geometry": {
        "type": "Polygon",
        "coordinates": [
          [
            [
              128.012,
              0.382
            ],
            [
              128.024,
              0.382
            ],
            [
              128.024,
              0.394
            ],
            [
              128.012,
              0.394
            ],
            [
              128.012,
              0.382
            ]
          ]
        ]
      }
    },
    {
      "type": "Feature",
      "properties": {
        "grid_id": "WED038",
        "site": "weda_bay",
        "location_label": "Weda Bay Central Block (Halmahera Deposit) - Maluku Utara nickel laterite",
        "lithology": "ultramafic_simulated",
        "slope_deg": 20.2,
        "distance_to_river_m": 1208,
        "distance_to_road_m": 2196,
        "legal_status": "allowed",
        "distance_to_smelter_km": 61.6,
        "area_ha": 1.77,
        "region_id": "SE",
        "fe_oxide_index": 2.544,
        "clay_index": 2.245,
        "ndvi_stress_index": 0.292,
        "tmi_structural_nT": 46071.6,
        "tmi_anomaly_nT": 1071.6,
        "elevation_mdpl": 324.2,
        "geochem_assay_ratio": 1.85
      },
      "geometry": {
        "type": "Polygon",
        "coordinates": [
          [
            [
              128.024,
              0.382
            ],
            [
              128.036,
              0.382
            ],
            [
              128.036,
              0.394
            ],
            [
              128.024,
              0.394
            ],
            [
              128.024,
              0.382
            ]
          ]
        ]
      }
    },
    {
      "type": "Feature",
      "properties": {
        "grid_id": "WED039",
        "site": "weda_bay",
        "location_label": "Weda Bay Central Block (Halmahera Deposit) - Maluku Utara nickel laterite",
        "lithology": "serpentinite_simulated",
        "slope_deg": 19.7,
        "distance_to_river_m": 812,
        "distance_to_road_m": 2145,
        "legal_status": "allowed",
        "distance_to_smelter_km": 64.6,
        "area_ha": 1.77,
        "region_id": "SE",
        "fe_oxide_index": 2.333,
        "clay_index": 2.091,
        "ndvi_stress_index": 0.304,
        "tmi_structural_nT": 45717.4,
        "tmi_anomaly_nT": 717.4,
        "elevation_mdpl": 302.7,
        "geochem_assay_ratio": 2.64
      },
      "geometry": {
        "type": "Polygon",
        "coordinates": [
          [
            [
              128.036,
              0.382
            ],
            [
              128.048,
              0.382
            ],
            [
              128.048,
              0.394
            ],
            [
              128.036,
              0.394
            ],
            [
              128.036,
              0.382
            ]
          ]
        ]
      }
    },
    {
      "type": "Feature",
      "properties": {
        "grid_id": "WED040",
        "site": "weda_bay",
        "location_label": "Weda Bay Central Block (Halmahera Deposit) - Maluku Utara nickel laterite",
        "lithology": "ultramafic_simulated",
        "slope_deg": 23.7,
        "distance_to_river_m": 1750,
        "distance_to_road_m": 4012,
        "legal_status": "allowed",
        "distance_to_smelter_km": 67.8,
        "area_ha": 1.77,
        "region_id": "SE",
        "fe_oxide_index": 2.475,
        "clay_index": 2.402,
        "ndvi_stress_index": 0.387,
        "tmi_structural_nT": 45612.1,
        "tmi_anomaly_nT": 612.1,
        "elevation_mdpl": 331.3,
        "geochem_assay_ratio": 1.59
      },
      "geometry": {
        "type": "Polygon",
        "coordinates": [
          [
            [
              128.048,
              0.382
            ],
            [
              128.06,
              0.382
            ],
            [
              128.06,
              0.394
            ],
            [
              128.048,
              0.394
            ],
            [
              128.048,
              0.382
            ]
          ]
        ]
      }
    },
    {
      "type": "Feature",
      "properties": {
        "grid_id": "WED041",
        "site": "weda_bay",
        "location_label": "Weda Bay Central Block (Halmahera Deposit) - Maluku Utara nickel laterite",
        "lithology": "ultramafic_simulated",
        "slope_deg": 23.6,
        "distance_to_river_m": 899,
        "distance_to_road_m": 808,
        "legal_status": "allowed",
        "distance_to_smelter_km": 65.0,
        "area_ha": 1.77,
        "region_id": "SW",
        "fe_oxide_index": 2.411,
        "clay_index": 2.304,
        "ndvi_stress_index": 0.359,
        "tmi_structural_nT": 45235.4,
        "tmi_anomaly_nT": 235.4,
        "elevation_mdpl": 344.0,
        "geochem_assay_ratio": 3.07
      },
      "geometry": {
        "type": "Polygon",
        "coordinates": [
          [
            [
              127.82,
              0.394
            ],
            [
              127.832,
              0.394
            ],
            [
              127.832,
              0.406
            ],
            [
              127.82,
              0.406
            ],
            [
              127.82,
              0.394
            ]
          ]
        ]
      }
    },
    {
      "type": "Feature",
      "properties": {
        "grid_id": "WED042",
        "site": "weda_bay",
        "location_label": "Weda Bay Central Block (Halmahera Deposit) - Maluku Utara nickel laterite",
        "lithology": "peridotite_simulated",
        "slope_deg": 18.7,
        "distance_to_river_m": 1355,
        "distance_to_road_m": 1654,
        "legal_status": "allowed",
        "distance_to_smelter_km": 61.6,
        "area_ha": 1.77,
        "region_id": "SW",
        "fe_oxide_index": 2.506,
        "clay_index": 1.88,
        "ndvi_stress_index": 0.34,
        "tmi_structural_nT": 45897.4,
        "tmi_anomaly_nT": 897.4,
        "elevation_mdpl": 287.2,
        "geochem_assay_ratio": 2.26
      },
      "geometry": {
        "type": "Polygon",
        "coordinates": [
          [
            [
              127.832,
              0.394
            ],
            [
              127.844,
              0.394
            ],
            [
              127.844,
              0.406
            ],
            [
              127.832,
              0.406
            ],
            [
              127.832,
              0.394
            ]
          ]
        ]
      }
    },
    {
      "type": "Feature",
      "properties": {
        "grid_id": "WED043",
        "site": "weda_bay",
        "location_label": "Weda Bay Central Block (Halmahera Deposit) - Maluku Utara nickel laterite",
        "lithology": "serpentinite_simulated",
        "slope_deg": 20.4,
        "distance_to_river_m": 525,
        "distance_to_road_m": 1169,
        "legal_status": "allowed",
        "distance_to_smelter_km": 58.4,
        "area_ha": 1.77,
        "region_id": "SW",
        "fe_oxide_index": 1.814,
        "clay_index": 2.369,
        "ndvi_stress_index": 0.278,
        "tmi_structural_nT": 45687.9,
        "tmi_anomaly_nT": 687.9,
        "elevation_mdpl": 314.0,
        "geochem_assay_ratio": 3.12
      },
      "geometry": {
        "type": "Polygon",
        "coordinates": [
          [
            [
              127.844,
              0.394
            ],
            [
              127.856,
              0.394
            ],
            [
              127.856,
              0.406
            ],
            [
              127.844,
              0.406
            ],
            [
              127.844,
              0.394
            ]
          ]
        ]
      }
    },
    {
      "type": "Feature",
      "properties": {
        "grid_id": "WED044",
        "site": "weda_bay",
        "location_label": "Weda Bay Central Block (Halmahera Deposit) - Maluku Utara nickel laterite",
        "lithology": "serpentinite_simulated",
        "slope_deg": 19.4,
        "distance_to_river_m": 857,
        "distance_to_road_m": 3638,
        "legal_status": "allowed",
        "distance_to_smelter_km": 55.4,
        "area_ha": 1.77,
        "region_id": "SW",
        "fe_oxide_index": 2.055,
        "clay_index": 1.903,
        "ndvi_stress_index": 0.268,
        "tmi_structural_nT": 45794.9,
        "tmi_anomaly_nT": 794.9,
        "elevation_mdpl": 378.7,
        "geochem_assay_ratio": 1.48
      },
      "geometry": {
        "type": "Polygon",
        "coordinates": [
          [
            [
              127.856,
              0.394
            ],
            [
              127.868,
              0.394
            ],
            [
              127.868,
              0.406
            ],
            [
              127.856,
              0.406
            ],
            [
              127.856,
              0.394
            ]
          ]
        ]
      }
    },
    {
      "type": "Feature",
      "properties": {
        "grid_id": "WED045",
        "site": "weda_bay",
        "location_label": "Weda Bay Central Block (Halmahera Deposit) - Maluku Utara nickel laterite",
        "lithology": "ultramafic_simulated",
        "slope_deg": 23.3,
        "distance_to_river_m": 934,
        "distance_to_road_m": 2166,
        "legal_status": "allowed",
        "distance_to_smelter_km": 52.7,
        "area_ha": 1.77,
        "region_id": "SW",
        "fe_oxide_index": 1.977,
        "clay_index": 1.727,
        "ndvi_stress_index": 0.415,
        "tmi_structural_nT": 45749.1,
        "tmi_anomaly_nT": 749.1,
        "elevation_mdpl": 345.6,
        "geochem_assay_ratio": 2.54
      },
      "geometry": {
        "type": "Polygon",
        "coordinates": [
          [
            [
              127.868,
              0.394
            ],
            [
              127.88,
              0.394
            ],
            [
              127.88,
              0.406
            ],
            [
              127.868,
              0.406
            ],
            [
              127.868,
              0.394
            ]
          ]
        ]
      }
    },
    {
      "type": "Feature",
      "properties": {
        "grid_id": "WED046",
        "site": "weda_bay",
        "location_label": "Weda Bay Central Block (Halmahera Deposit) - Maluku Utara nickel laterite",
        "lithology": "serpentinite_simulated",
        "slope_deg": 15.5,
        "distance_to_river_m": 1131,
        "distance_to_road_m": 4443,
        "legal_status": "allowed",
        "distance_to_smelter_km": 50.3,
        "area_ha": 1.77,
        "region_id": "SW",
        "fe_oxide_index": 2.076,
        "clay_index": 2.3,
        "ndvi_stress_index": 0.188,
        "tmi_structural_nT": 45619.5,
        "tmi_anomaly_nT": 619.5,
        "elevation_mdpl": 349.4,
        "geochem_assay_ratio": 2.88
      },
      "geometry": {
        "type": "Polygon",
        "coordinates": [
          [
            [
              127.88,
              0.394
            ],
            [
              127.892,
              0.394
            ],
            [
              127.892,
              0.406
            ],
            [
              127.88,
              0.406
            ],
            [
              127.88,
              0.394
            ]
          ]
        ]
      }
    },
    {
      "type": "Feature",
      "properties": {
        "grid_id": "WED047",
        "site": "weda_bay",
        "location_label": "Weda Bay Central Block (Halmahera Deposit) - Maluku Utara nickel laterite",
        "lithology": "ultramafic_simulated",
        "slope_deg": 24.5,
        "distance_to_river_m": 1753,
        "distance_to_road_m": 1066,
        "legal_status": "allowed",
        "distance_to_smelter_km": 48.2,
        "area_ha": 1.77,
        "region_id": "SW",
        "fe_oxide_index": 2.019,
        "clay_index": 1.863,
        "ndvi_stress_index": 0.188,
        "tmi_structural_nT": 45536.4,
        "tmi_anomaly_nT": 536.4,
        "elevation_mdpl": 327.6,
        "geochem_assay_ratio": 1.69
      },
      "geometry": {
        "type": "Polygon",
        "coordinates": [
          [
            [
              127.892,
              0.394
            ],
            [
              127.904,
              0.394
            ],
            [
              127.904,
              0.406
            ],
            [
              127.892,
              0.406
            ],
            [
              127.892,
              0.394
            ]
          ]
        ]
      }
    },
    {
      "type": "Feature",
      "properties": {
        "grid_id": "WED048",
        "site": "weda_bay",
        "location_label": "Weda Bay Central Block (Halmahera Deposit) - Maluku Utara nickel laterite",
        "lithology": "serpentinite_simulated",
        "slope_deg": 14.6,
        "distance_to_river_m": 1477,
        "distance_to_road_m": 4021,
        "legal_status": "allowed",
        "distance_to_smelter_km": 46.6,
        "area_ha": 1.77,
        "region_id": "SW",
        "fe_oxide_index": 2.267,
        "clay_index": 1.838,
        "ndvi_stress_index": 0.289,
        "tmi_structural_nT": 45154.1,
        "tmi_anomaly_nT": 154.1,
        "elevation_mdpl": 308.6,
        "geochem_assay_ratio": 2.41
      },
      "geometry": {
        "type": "Polygon",
        "coordinates": [
          [
            [
              127.904,
              0.394
            ],
            [
              127.916,
              0.394
            ],
            [
              127.916,
              0.406
            ],
            [
              127.904,
              0.406
            ],
            [
              127.904,
              0.394
            ]
          ]
        ]
      }
    },
    {
      "type": "Feature",
      "properties": {
        "grid_id": "WED049",
        "site": "weda_bay",
        "location_label": "Weda Bay Central Block (Halmahera Deposit) - Maluku Utara nickel laterite",
        "lithology": "peridotite_simulated",
        "slope_deg": 17.6,
        "distance_to_river_m": 1898,
        "distance_to_road_m": 1474,
        "legal_status": "allowed",
        "distance_to_smelter_km": 45.5,
        "area_ha": 1.77,
        "region_id": "SW",
        "fe_oxide_index": 2.238,
        "clay_index": 2.189,
        "ndvi_stress_index": 0.185,
        "tmi_structural_nT": 45526.6,
        "tmi_anomaly_nT": 526.6,
        "elevation_mdpl": 363.0,
        "geochem_assay_ratio": 1.88
      },
      "geometry": {
        "type": "Polygon",
        "coordinates": [
          [
            [
              127.916,
              0.394
            ],
            [
              127.928,
              0.394
            ],
            [
              127.928,
              0.406
            ],
            [
              127.916,
              0.406
            ],
            [
              127.916,
              0.394
            ]
          ]
        ]
      }
    },
    {
      "type": "Feature",
      "properties": {
        "grid_id": "WED050",
        "site": "weda_bay",
        "location_label": "Weda Bay Central Block (Halmahera Deposit) - Maluku Utara nickel laterite",
        "lithology": "serpentinite_simulated",
        "slope_deg": 20.8,
        "distance_to_river_m": 1340,
        "distance_to_road_m": 2233,
        "legal_status": "allowed",
        "distance_to_smelter_km": 44.9,
        "area_ha": 1.77,
        "region_id": "SW",
        "fe_oxide_index": 1.963,
        "clay_index": 2.044,
        "ndvi_stress_index": 0.371,
        "tmi_structural_nT": 45236.3,
        "tmi_anomaly_nT": 236.3,
        "elevation_mdpl": 359.7,
        "geochem_assay_ratio": 1.66
      },
      "geometry": {
        "type": "Polygon",
        "coordinates": [
          [
            [
              127.928,
              0.394
            ],
            [
              127.94,
              0.394
            ],
            [
              127.94,
              0.406
            ],
            [
              127.928,
              0.406
            ],
            [
              127.928,
              0.394
            ]
          ]
        ]
      }
    },
    {
      "type": "Feature",
      "properties": {
        "grid_id": "WED051",
        "site": "weda_bay",
        "location_label": "Weda Bay Central Block (Halmahera Deposit) - Maluku Utara nickel laterite",
        "lithology": "peridotite_simulated",
        "slope_deg": 23.6,
        "distance_to_river_m": 2124,
        "distance_to_road_m": 2989,
        "legal_status": "allowed",
        "distance_to_smelter_km": 44.9,
        "area_ha": 1.77,
        "region_id": "SE",
        "fe_oxide_index": 2.0,
        "clay_index": 1.705,
        "ndvi_stress_index": 0.222,
        "tmi_structural_nT": 45861.8,
        "tmi_anomaly_nT": 861.8,
        "elevation_mdpl": 306.3,
        "geochem_assay_ratio": 2.4
      },
      "geometry": {
        "type": "Polygon",
        "coordinates": [
          [
            [
              127.94,
              0.394
            ],
            [
              127.952,
              0.394
            ],
            [
              127.952,
              0.406
            ],
            [
              127.94,
              0.406
            ],
            [
              127.94,
              0.394
            ]
          ]
        ]
      }
    },
    {
      "type": "Feature",
      "properties": {
        "grid_id": "WED052",
        "site": "weda_bay",
        "location_label": "Weda Bay Central Block (Halmahera Deposit) - Maluku Utara nickel laterite",
        "lithology": "serpentinite_simulated",
        "slope_deg": 19.3,
        "distance_to_river_m": 1685,
        "distance_to_road_m": 3357,
        "legal_status": "allowed",
        "distance_to_smelter_km": 45.5,
        "area_ha": 1.77,
        "region_id": "SE",
        "fe_oxide_index": 2.246,
        "clay_index": 2.066,
        "ndvi_stress_index": 0.27,
        "tmi_structural_nT": 45542.6,
        "tmi_anomaly_nT": 542.6,
        "elevation_mdpl": 317.9,
        "geochem_assay_ratio": 2.66
      },
      "geometry": {
        "type": "Polygon",
        "coordinates": [
          [
            [
              127.952,
              0.394
            ],
            [
              127.964,
              0.394
            ],
            [
              127.964,
              0.406
            ],
            [
              127.952,
              0.406
            ],
            [
              127.952,
              0.394
            ]
          ]
        ]
      }
    },
    {
      "type": "Feature",
      "properties": {
        "grid_id": "WED053",
        "site": "weda_bay",
        "location_label": "Weda Bay Central Block (Halmahera Deposit) - Maluku Utara nickel laterite",
        "lithology": "mafic_volcanic_simulated",
        "slope_deg": 16.5,
        "distance_to_river_m": 1764,
        "distance_to_road_m": 1079,
        "legal_status": "allowed",
        "distance_to_smelter_km": 46.6,
        "area_ha": 1.77,
        "region_id": "SE",
        "fe_oxide_index": 1.574,
        "clay_index": 1.237,
        "ndvi_stress_index": 0.682,
        "tmi_structural_nT": 45074.4,
        "tmi_anomaly_nT": 74.4,
        "elevation_mdpl": 345.4,
        "geochem_assay_ratio": 5.65
      },
      "geometry": {
        "type": "Polygon",
        "coordinates": [
          [
            [
              127.964,
              0.394
            ],
            [
              127.976,
              0.394
            ],
            [
              127.976,
              0.406
            ],
            [
              127.964,
              0.406
            ],
            [
              127.964,
              0.394
            ]
          ]
        ]
      }
    },
    {
      "type": "Feature",
      "properties": {
        "grid_id": "WED054",
        "site": "weda_bay",
        "location_label": "Weda Bay Central Block (Halmahera Deposit) - Maluku Utara nickel laterite",
        "lithology": "serpentinite_simulated",
        "slope_deg": 22.6,
        "distance_to_river_m": 670,
        "distance_to_road_m": 1561,
        "legal_status": "allowed",
        "distance_to_smelter_km": 48.2,
        "area_ha": 1.77,
        "region_id": "SE",
        "fe_oxide_index": 2.282,
        "clay_index": 2.264,
        "ndvi_stress_index": 0.327,
        "tmi_structural_nT": 45329.8,
        "tmi_anomaly_nT": 329.8,
        "elevation_mdpl": 324.4,
        "geochem_assay_ratio": 2.16
      },
      "geometry": {
        "type": "Polygon",
        "coordinates": [
          [
            [
              127.976,
              0.394
            ],
            [
              127.988,
              0.394
            ],
            [
              127.988,
              0.406
            ],
            [
              127.976,
              0.406
            ],
            [
              127.976,
              0.394
            ]
          ]
        ]
      }
    },
    {
      "type": "Feature",
      "properties": {
        "grid_id": "WED055",
        "site": "weda_bay",
        "location_label": "Weda Bay Central Block (Halmahera Deposit) - Maluku Utara nickel laterite",
        "lithology": "serpentinite_simulated",
        "slope_deg": 17.0,
        "distance_to_river_m": 1600,
        "distance_to_road_m": 2489,
        "legal_status": "allowed",
        "distance_to_smelter_km": 50.3,
        "area_ha": 1.77,
        "region_id": "SE",
        "fe_oxide_index": 2.097,
        "clay_index": 1.638,
        "ndvi_stress_index": 0.265,
        "tmi_structural_nT": 45355.5,
        "tmi_anomaly_nT": 355.5,
        "elevation_mdpl": 313.1,
        "geochem_assay_ratio": 2.42
      },
      "geometry": {
        "type": "Polygon",
        "coordinates": [
          [
            [
              127.988,
              0.394
            ],
            [
              128.0,
              0.394
            ],
            [
              128.0,
              0.406
            ],
            [
              127.988,
              0.406
            ],
            [
              127.988,
              0.394
            ]
          ]
        ]
      }
    },
    {
      "type": "Feature",
      "properties": {
        "grid_id": "WED056",
        "site": "weda_bay",
        "location_label": "Weda Bay Central Block (Halmahera Deposit) - Maluku Utara nickel laterite",
        "lithology": "alluvium",
        "slope_deg": 17.5,
        "distance_to_river_m": 696,
        "distance_to_road_m": 1039,
        "legal_status": "allowed",
        "distance_to_smelter_km": 52.7,
        "area_ha": 1.77,
        "region_id": "SE",
        "fe_oxide_index": 1.347,
        "clay_index": 1.25,
        "ndvi_stress_index": 0.559,
        "tmi_structural_nT": 45218.7,
        "tmi_anomaly_nT": 218.7,
        "elevation_mdpl": 325.4,
        "geochem_assay_ratio": 5.24
      },
      "geometry": {
        "type": "Polygon",
        "coordinates": [
          [
            [
              128.0,
              0.394
            ],
            [
              128.012,
              0.394
            ],
            [
              128.012,
              0.406
            ],
            [
              128.0,
              0.406
            ],
            [
              128.0,
              0.394
            ]
          ]
        ]
      }
    },
    {
      "type": "Feature",
      "properties": {
        "grid_id": "WED057",
        "site": "weda_bay",
        "location_label": "Weda Bay Central Block (Halmahera Deposit) - Maluku Utara nickel laterite",
        "lithology": "peridotite_simulated",
        "slope_deg": 23.7,
        "distance_to_river_m": 1304,
        "distance_to_road_m": 3635,
        "legal_status": "allowed",
        "distance_to_smelter_km": 55.4,
        "area_ha": 1.77,
        "region_id": "SE",
        "fe_oxide_index": 1.948,
        "clay_index": 1.655,
        "ndvi_stress_index": 0.362,
        "tmi_structural_nT": 45381.9,
        "tmi_anomaly_nT": 381.9,
        "elevation_mdpl": 377.2,
        "geochem_assay_ratio": 1.86
      },
      "geometry": {
        "type": "Polygon",
        "coordinates": [
          [
            [
              128.012,
              0.394
            ],
            [
              128.024,
              0.394
            ],
            [
              128.024,
              0.406
            ],
            [
              128.012,
              0.406
            ],
            [
              128.012,
              0.394
            ]
          ]
        ]
      }
    },
    {
      "type": "Feature",
      "properties": {
        "grid_id": "WED058",
        "site": "weda_bay",
        "location_label": "Weda Bay Central Block (Halmahera Deposit) - Maluku Utara nickel laterite",
        "lithology": "ultramafic_simulated",
        "slope_deg": 16.0,
        "distance_to_river_m": 1215,
        "distance_to_road_m": 4262,
        "legal_status": "allowed",
        "distance_to_smelter_km": 58.4,
        "area_ha": 1.77,
        "region_id": "SE",
        "fe_oxide_index": 2.344,
        "clay_index": 2.126,
        "ndvi_stress_index": 0.322,
        "tmi_structural_nT": 45641.8,
        "tmi_anomaly_nT": 641.8,
        "elevation_mdpl": 326.1,
        "geochem_assay_ratio": 2.25
      },
      "geometry": {
        "type": "Polygon",
        "coordinates": [
          [
            [
              128.024,
              0.394
            ],
            [
              128.036,
              0.394
            ],
            [
              128.036,
              0.406
            ],
            [
              128.024,
              0.406
            ],
            [
              128.024,
              0.394
            ]
          ]
        ]
      }
    },
    {
      "type": "Feature",
      "properties": {
        "grid_id": "WED059",
        "site": "weda_bay",
        "location_label": "Weda Bay Central Block (Halmahera Deposit) - Maluku Utara nickel laterite",
        "lithology": "alluvium",
        "slope_deg": 24.9,
        "distance_to_river_m": 1529,
        "distance_to_road_m": 1392,
        "legal_status": "allowed",
        "distance_to_smelter_km": 61.6,
        "area_ha": 1.77,
        "region_id": "SE",
        "fe_oxide_index": 1.116,
        "clay_index": 1.077,
        "ndvi_stress_index": 0.578,
        "tmi_structural_nT": 45377.5,
        "tmi_anomaly_nT": 377.5,
        "elevation_mdpl": 308.6,
        "geochem_assay_ratio": 4.24
      },
      "geometry": {
        "type": "Polygon",
        "coordinates": [
          [
            [
              128.036,
              0.394
            ],
            [
              128.048,
              0.394
            ],
            [
              128.048,
              0.406
            ],
            [
              128.036,
              0.406
            ],
            [
              128.036,
              0.394
            ]
          ]
        ]
      }
    },
    {
      "type": "Feature",
      "properties": {
        "grid_id": "WED060",
        "site": "weda_bay",
        "location_label": "Weda Bay Central Block (Halmahera Deposit) - Maluku Utara nickel laterite",
        "lithology": "serpentinite_simulated",
        "slope_deg": 14.3,
        "distance_to_river_m": 913,
        "distance_to_road_m": 1313,
        "legal_status": "allowed",
        "distance_to_smelter_km": 65.0,
        "area_ha": 1.77,
        "region_id": "SE",
        "fe_oxide_index": 1.937,
        "clay_index": 2.14,
        "ndvi_stress_index": 0.252,
        "tmi_structural_nT": 45348.1,
        "tmi_anomaly_nT": 348.1,
        "elevation_mdpl": 301.3,
        "geochem_assay_ratio": 2.19
      },
      "geometry": {
        "type": "Polygon",
        "coordinates": [
          [
            [
              128.048,
              0.394
            ],
            [
              128.06,
              0.394
            ],
            [
              128.06,
              0.406
            ],
            [
              128.048,
              0.406
            ],
            [
              128.048,
              0.394
            ]
          ]
        ]
      }
    },
    {
      "type": "Feature",
      "properties": {
        "grid_id": "WED061",
        "site": "weda_bay",
        "location_label": "Weda Bay Central Block (Halmahera Deposit) - Maluku Utara nickel laterite",
        "lithology": "peridotite_simulated",
        "slope_deg": 22.3,
        "distance_to_river_m": 290,
        "distance_to_road_m": 1990,
        "legal_status": "allowed",
        "distance_to_smelter_km": 62.4,
        "area_ha": 1.77,
        "region_id": "SW",
        "fe_oxide_index": 2.336,
        "clay_index": 2.037,
        "ndvi_stress_index": 0.27,
        "tmi_structural_nT": 45453.6,
        "tmi_anomaly_nT": 453.6,
        "elevation_mdpl": 312.6,
        "geochem_assay_ratio": 2.9
      },
      "geometry": {
        "type": "Polygon",
        "coordinates": [
          [
            [
              127.82,
              0.406
            ],
            [
              127.832,
              0.406
            ],
            [
              127.832,
              0.418
            ],
            [
              127.82,
              0.418
            ],
            [
              127.82,
              0.406
            ]
          ]
        ]
      }
    },
    {
      "type": "Feature",
      "properties": {
        "grid_id": "WED062",
        "site": "weda_bay",
        "location_label": "Weda Bay Central Block (Halmahera Deposit) - Maluku Utara nickel laterite",
        "lithology": "peridotite_simulated",
        "slope_deg": 15.7,
        "distance_to_river_m": 1787,
        "distance_to_road_m": 2560,
        "legal_status": "allowed",
        "distance_to_smelter_km": 58.8,
        "area_ha": 1.77,
        "region_id": "SW",
        "fe_oxide_index": 1.883,
        "clay_index": 1.787,
        "ndvi_stress_index": 0.342,
        "tmi_structural_nT": 45914.5,
        "tmi_anomaly_nT": 914.5,
        "elevation_mdpl": 334.0,
        "geochem_assay_ratio": 2.96
      },
      "geometry": {
        "type": "Polygon",
        "coordinates": [
          [
            [
              127.832,
              0.406
            ],
            [
              127.844,
              0.406
            ],
            [
              127.844,
              0.418
            ],
            [
              127.832,
              0.418
            ],
            [
              127.832,
              0.406
            ]
          ]
        ]
      }
    },
    {
      "type": "Feature",
      "properties": {
        "grid_id": "WED063",
        "site": "weda_bay",
        "location_label": "Weda Bay Central Block (Halmahera Deposit) - Maluku Utara nickel laterite",
        "lithology": "peridotite_simulated",
        "slope_deg": 18.2,
        "distance_to_river_m": 247,
        "distance_to_road_m": 1359,
        "legal_status": "allowed",
        "distance_to_smelter_km": 55.4,
        "area_ha": 1.77,
        "region_id": "SW",
        "fe_oxide_index": 2.673,
        "clay_index": 1.972,
        "ndvi_stress_index": 0.199,
        "tmi_structural_nT": 45843.4,
        "tmi_anomaly_nT": 843.4,
        "elevation_mdpl": 320.7,
        "geochem_assay_ratio": 2.6
      },
      "geometry": {
        "type": "Polygon",
        "coordinates": [
          [
            [
              127.844,
              0.406
            ],
            [
              127.856,
              0.406
            ],
            [
              127.856,
              0.418
            ],
            [
              127.844,
              0.418
            ],
            [
              127.844,
              0.406
            ]
          ]
        ]
      }
    },
    {
      "type": "Feature",
      "properties": {
        "grid_id": "WED064",
        "site": "weda_bay",
        "location_label": "Weda Bay Central Block (Halmahera Deposit) - Maluku Utara nickel laterite",
        "lithology": "serpentinite_simulated",
        "slope_deg": 20.4,
        "distance_to_river_m": 687,
        "distance_to_road_m": 4257,
        "legal_status": "allowed",
        "distance_to_smelter_km": 52.2,
        "area_ha": 1.77,
        "region_id": "SW",
        "fe_oxide_index": 2.468,
        "clay_index": 2.301,
        "ndvi_stress_index": 0.221,
        "tmi_structural_nT": 45444.4,
        "tmi_anomaly_nT": 444.4,
        "elevation_mdpl": 372.4,
        "geochem_assay_ratio": 2.21
      },
      "geometry": {
        "type": "Polygon",
        "coordinates": [
          [
            [
              127.856,
              0.406
            ],
            [
              127.868,
              0.406
            ],
            [
              127.868,
              0.418
            ],
            [
              127.856,
              0.418
            ],
            [
              127.856,
              0.406
            ]
          ]
        ]
      }
    },
    {
      "type": "Feature",
      "properties": {
        "grid_id": "WED065",
        "site": "weda_bay",
        "location_label": "Weda Bay Central Block (Halmahera Deposit) - Maluku Utara nickel laterite",
        "lithology": "peridotite_simulated",
        "slope_deg": 24.5,
        "distance_to_river_m": 1014,
        "distance_to_road_m": 2773,
        "legal_status": "allowed",
        "distance_to_smelter_km": 49.3,
        "area_ha": 1.77,
        "region_id": "SW",
        "fe_oxide_index": 2.22,
        "clay_index": 2.148,
        "ndvi_stress_index": 0.236,
        "tmi_structural_nT": 45491.0,
        "tmi_anomaly_nT": 491.0,
        "elevation_mdpl": 358.7,
        "geochem_assay_ratio": 2.97
      },
      "geometry": {
        "type": "Polygon",
        "coordinates": [
          [
            [
              127.868,
              0.406
            ],
            [
              127.88,
              0.406
            ],
            [
              127.88,
              0.418
            ],
            [
              127.868,
              0.418
            ],
            [
              127.868,
              0.406
            ]
          ]
        ]
      }
    },
    {
      "type": "Feature",
      "properties": {
        "grid_id": "WED066",
        "site": "weda_bay",
        "location_label": "Weda Bay Central Block (Halmahera Deposit) - Maluku Utara nickel laterite",
        "lithology": "peridotite_simulated",
        "slope_deg": 15.8,
        "distance_to_river_m": 1752,
        "distance_to_road_m": 1436,
        "legal_status": "allowed",
        "distance_to_smelter_km": 46.6,
        "area_ha": 1.77,
        "region_id": "SW",
        "fe_oxide_index": 2.511,
        "clay_index": 1.837,
        "ndvi_stress_index": 0.218,
        "tmi_structural_nT": 45374.6,
        "tmi_anomaly_nT": 374.6,
        "elevation_mdpl": 328.8,
        "geochem_assay_ratio": 1.44
      },
      "geometry": {
        "type": "Polygon",
        "coordinates": [
          [
            [
              127.88,
              0.406
            ],
            [
              127.892,
              0.406
            ],
            [
              127.892,
              0.418
            ],
            [
              127.88,
              0.418
            ],
            [
              127.88,
              0.406
            ]
          ]
        ]
      }
    },
    {
      "type": "Feature",
      "properties": {
        "grid_id": "WED067",
        "site": "weda_bay",
        "location_label": "Weda Bay Central Block (Halmahera Deposit) - Maluku Utara nickel laterite",
        "lithology": "alluvium",
        "slope_deg": 14.4,
        "distance_to_river_m": 1743,
        "distance_to_road_m": 4279,
        "legal_status": "allowed",
        "distance_to_smelter_km": 44.3,
        "area_ha": 1.77,
        "region_id": "SW",
        "fe_oxide_index": 1.374,
        "clay_index": 1.419,
        "ndvi_stress_index": 0.555,
        "tmi_structural_nT": 44803.7,
        "tmi_anomaly_nT": -196.3,
        "elevation_mdpl": 282.1,
        "geochem_assay_ratio": 5.09
      },
      "geometry": {
        "type": "Polygon",
        "coordinates": [
          [
            [
              127.892,
              0.406
            ],
            [
              127.904,
              0.406
            ],
            [
              127.904,
              0.418
            ],
            [
              127.892,
              0.418
            ],
            [
              127.892,
              0.406
            ]
          ]
        ]
      }
    },
    {
      "type": "Feature",
      "properties": {
        "grid_id": "WED068",
        "site": "weda_bay",
        "location_label": "Weda Bay Central Block (Halmahera Deposit) - Maluku Utara nickel laterite",
        "lithology": "mafic_volcanic_simulated",
        "slope_deg": 17.6,
        "distance_to_river_m": 1685,
        "distance_to_road_m": 3207,
        "legal_status": "allowed",
        "distance_to_smelter_km": 42.5,
        "area_ha": 1.77,
        "region_id": "SW",
        "fe_oxide_index": 1.479,
        "clay_index": 1.222,
        "ndvi_stress_index": 0.584,
        "tmi_structural_nT": 44764.5,
        "tmi_anomaly_nT": -235.5,
        "elevation_mdpl": 369.0,
        "geochem_assay_ratio": 5.6
      },
      "geometry": {
        "type": "Polygon",
        "coordinates": [
          [
            [
              127.904,
              0.406
            ],
            [
              127.916,
              0.406
            ],
            [
              127.916,
              0.418
            ],
            [
              127.904,
              0.418
            ],
            [
              127.904,
              0.406
            ]
          ]
        ]
      }
    },
    {
      "type": "Feature",
      "properties": {
        "grid_id": "WED069",
        "site": "weda_bay",
        "location_label": "Weda Bay Central Block (Halmahera Deposit) - Maluku Utara nickel laterite",
        "lithology": "serpentinite_simulated",
        "slope_deg": 14.7,
        "distance_to_river_m": 1640,
        "distance_to_road_m": 1118,
        "legal_status": "allowed",
        "distance_to_smelter_km": 41.2,
        "area_ha": 1.77,
        "region_id": "SW",
        "fe_oxide_index": 2.136,
        "clay_index": 1.651,
        "ndvi_stress_index": 0.229,
        "tmi_structural_nT": 45889.5,
        "tmi_anomaly_nT": 889.5,
        "elevation_mdpl": 346.5,
        "geochem_assay_ratio": 2.25
      },
      "geometry": {
        "type": "Polygon",
        "coordinates": [
          [
            [
              127.916,
              0.406
            ],
            [
              127.928,
              0.406
            ],
            [
              127.928,
              0.418
            ],
            [
              127.916,
              0.418
            ],
            [
              127.916,
              0.406
            ]
          ]
        ]
      }
    },
    {
      "type": "Feature",
      "properties": {
        "grid_id": "WED070",
        "site": "weda_bay",
        "location_label": "Weda Bay Central Block (Halmahera Deposit) - Maluku Utara nickel laterite",
        "lithology": "ultramafic_simulated",
        "slope_deg": 16.6,
        "distance_to_river_m": 1674,
        "distance_to_road_m": 3646,
        "legal_status": "allowed",
        "distance_to_smelter_km": 40.5,
        "area_ha": 1.77,
        "region_id": "SW",
        "fe_oxide_index": 2.664,
        "clay_index": 2.366,
        "ndvi_stress_index": 0.267,
        "tmi_structural_nT": 45930.5,
        "tmi_anomaly_nT": 930.5,
        "elevation_mdpl": 296.5,
        "geochem_assay_ratio": 2.26
      },
      "geometry": {
        "type": "Polygon",
        "coordinates": [
          [
            [
              127.928,
              0.406
            ],
            [
              127.94,
              0.406
            ],
            [
              127.94,
              0.418
            ],
            [
              127.928,
              0.418
            ],
            [
              127.928,
              0.406
            ]
          ]
        ]
      }
    },
    {
      "type": "Feature",
      "properties": {
        "grid_id": "WED071",
        "site": "weda_bay",
        "location_label": "Weda Bay Central Block (Halmahera Deposit) - Maluku Utara nickel laterite",
        "lithology": "serpentinite_simulated",
        "slope_deg": 19.5,
        "distance_to_river_m": 1031,
        "distance_to_road_m": 635,
        "legal_status": "allowed",
        "distance_to_smelter_km": 40.5,
        "area_ha": 1.77,
        "region_id": "SE",
        "fe_oxide_index": 2.455,
        "clay_index": 2.188,
        "ndvi_stress_index": 0.394,
        "tmi_structural_nT": 45527.5,
        "tmi_anomaly_nT": 527.5,
        "elevation_mdpl": 321.6,
        "geochem_assay_ratio": 1.73
      },
      "geometry": {
        "type": "Polygon",
        "coordinates": [
          [
            [
              127.94,
              0.406
            ],
            [
              127.952,
              0.406
            ],
            [
              127.952,
              0.418
            ],
            [
              127.94,
              0.418
            ],
            [
              127.94,
              0.406
            ]
          ]
        ]
      }
    },
    {
      "type": "Feature",
      "properties": {
        "grid_id": "WED072",
        "site": "weda_bay",
        "location_label": "Weda Bay Central Block (Halmahera Deposit) - Maluku Utara nickel laterite",
        "lithology": "serpentinite_simulated",
        "slope_deg": 18.5,
        "distance_to_river_m": 2058,
        "distance_to_road_m": 1005,
        "legal_status": "allowed",
        "distance_to_smelter_km": 41.2,
        "area_ha": 1.77,
        "region_id": "SE",
        "fe_oxide_index": 2.51,
        "clay_index": 2.339,
        "ndvi_stress_index": 0.189,
        "tmi_structural_nT": 45254.1,
        "tmi_anomaly_nT": 254.1,
        "elevation_mdpl": 347.1,
        "geochem_assay_ratio": 1.75
      },
      "geometry": {
        "type": "Polygon",
        "coordinates": [
          [
            [
              127.952,
              0.406
            ],
            [
              127.964,
              0.406
            ],
            [
              127.964,
              0.418
            ],
            [
              127.952,
              0.418
            ],
            [
              127.952,
              0.406
            ]
          ]
        ]
      }
    },
    {
      "type": "Feature",
      "properties": {
        "grid_id": "WED073",
        "site": "weda_bay",
        "location_label": "Weda Bay Central Block (Halmahera Deposit) - Maluku Utara nickel laterite",
        "lithology": "serpentinite_simulated",
        "slope_deg": 19.6,
        "distance_to_river_m": 1950,
        "distance_to_road_m": 1556,
        "legal_status": "allowed",
        "distance_to_smelter_km": 42.5,
        "area_ha": 1.77,
        "region_id": "SE",
        "fe_oxide_index": 1.918,
        "clay_index": 2.214,
        "ndvi_stress_index": 0.368,
        "tmi_structural_nT": 45122.9,
        "tmi_anomaly_nT": 122.9,
        "elevation_mdpl": 368.7,
        "geochem_assay_ratio": 1.85
      },
      "geometry": {
        "type": "Polygon",
        "coordinates": [
          [
            [
              127.964,
              0.406
            ],
            [
              127.976,
              0.406
            ],
            [
              127.976,
              0.418
            ],
            [
              127.964,
              0.418
            ],
            [
              127.964,
              0.406
            ]
          ]
        ]
      }
    },
    {
      "type": "Feature",
      "properties": {
        "grid_id": "WED074",
        "site": "weda_bay",
        "location_label": "Weda Bay Central Block (Halmahera Deposit) - Maluku Utara nickel laterite",
        "lithology": "ultramafic_simulated",
        "slope_deg": 21.3,
        "distance_to_river_m": 2406,
        "distance_to_road_m": 2441,
        "legal_status": "allowed",
        "distance_to_smelter_km": 44.3,
        "area_ha": 1.77,
        "region_id": "SE",
        "fe_oxide_index": 2.733,
        "clay_index": 2.242,
        "ndvi_stress_index": 0.414,
        "tmi_structural_nT": 46071.0,
        "tmi_anomaly_nT": 1071.0,
        "elevation_mdpl": 375.4,
        "geochem_assay_ratio": 2.77
      },
      "geometry": {
        "type": "Polygon",
        "coordinates": [
          [
            [
              127.976,
              0.406
            ],
            [
              127.988,
              0.406
            ],
            [
              127.988,
              0.418
            ],
            [
              127.976,
              0.418
            ],
            [
              127.976,
              0.406
            ]
          ]
        ]
      }
    },
    {
      "type": "Feature",
      "properties": {
        "grid_id": "WED075",
        "site": "weda_bay",
        "location_label": "Weda Bay Central Block (Halmahera Deposit) - Maluku Utara nickel laterite",
        "lithology": "ultramafic_simulated",
        "slope_deg": 19.8,
        "distance_to_river_m": 201,
        "distance_to_road_m": 460,
        "legal_status": "allowed",
        "distance_to_smelter_km": 46.6,
        "area_ha": 1.77,
        "region_id": "SE",
        "fe_oxide_index": 2.088,
        "clay_index": 1.641,
        "ndvi_stress_index": 0.281,
        "tmi_structural_nT": 45349.6,
        "tmi_anomaly_nT": 349.6,
        "elevation_mdpl": 301.6,
        "geochem_assay_ratio": 1.79
      },
      "geometry": {
        "type": "Polygon",
        "coordinates": [
          [
            [
              127.988,
              0.406
            ],
            [
              128.0,
              0.406
            ],
            [
              128.0,
              0.418
            ],
            [
              127.988,
              0.418
            ],
            [
              127.988,
              0.406
            ]
          ]
        ]
      }
    },
    {
      "type": "Feature",
      "properties": {
        "grid_id": "WED076",
        "site": "weda_bay",
        "location_label": "Weda Bay Central Block (Halmahera Deposit) - Maluku Utara nickel laterite",
        "lithology": "ultramafic_simulated",
        "slope_deg": 20.1,
        "distance_to_river_m": 963,
        "distance_to_road_m": 1489,
        "legal_status": "allowed",
        "distance_to_smelter_km": 49.3,
        "area_ha": 1.77,
        "region_id": "SE",
        "fe_oxide_index": 2.022,
        "clay_index": 2.254,
        "ndvi_stress_index": 0.395,
        "tmi_structural_nT": 46054.8,
        "tmi_anomaly_nT": 1054.8,
        "elevation_mdpl": 358.2,
        "geochem_assay_ratio": 3.13
      },
      "geometry": {
        "type": "Polygon",
        "coordinates": [
          [
            [
              128.0,
              0.406
            ],
            [
              128.012,
              0.406
            ],
            [
              128.012,
              0.418
            ],
            [
              128.0,
              0.418
            ],
            [
              128.0,
              0.406
            ]
          ]
        ]
      }
    },
    {
      "type": "Feature",
      "properties": {
        "grid_id": "WED077",
        "site": "weda_bay",
        "location_label": "Weda Bay Central Block (Halmahera Deposit) - Maluku Utara nickel laterite",
        "lithology": "ultramafic_simulated",
        "slope_deg": 19.7,
        "distance_to_river_m": 1892,
        "distance_to_road_m": 4266,
        "legal_status": "allowed",
        "distance_to_smelter_km": 52.2,
        "area_ha": 1.77,
        "region_id": "SE",
        "fe_oxide_index": 2.316,
        "clay_index": 1.675,
        "ndvi_stress_index": 0.189,
        "tmi_structural_nT": 45328.0,
        "tmi_anomaly_nT": 328.0,
        "elevation_mdpl": 325.7,
        "geochem_assay_ratio": 2.02
      },
      "geometry": {
        "type": "Polygon",
        "coordinates": [
          [
            [
              128.012,
              0.406
            ],
            [
              128.024,
              0.406
            ],
            [
              128.024,
              0.418
            ],
            [
              128.012,
              0.418
            ],
            [
              128.012,
              0.406
            ]
          ]
        ]
      }
    },
    {
      "type": "Feature",
      "properties": {
        "grid_id": "WED078",
        "site": "weda_bay",
        "location_label": "Weda Bay Central Block (Halmahera Deposit) - Maluku Utara nickel laterite",
        "lithology": "mafic_volcanic_simulated",
        "slope_deg": 23.5,
        "distance_to_river_m": 2216,
        "distance_to_road_m": 666,
        "legal_status": "allowed",
        "distance_to_smelter_km": 55.4,
        "area_ha": 1.77,
        "region_id": "SE",
        "fe_oxide_index": 1.549,
        "clay_index": 1.011,
        "ndvi_stress_index": 0.593,
        "tmi_structural_nT": 44739.8,
        "tmi_anomaly_nT": -260.2,
        "elevation_mdpl": 343.1,
        "geochem_assay_ratio": 4.45
      },
      "geometry": {
        "type": "Polygon",
        "coordinates": [
          [
            [
              128.024,
              0.406
            ],
            [
              128.036,
              0.406
            ],
            [
              128.036,
              0.418
            ],
            [
              128.024,
              0.418
            ],
            [
              128.024,
              0.406
            ]
          ]
        ]
      }
    },
    {
      "type": "Feature",
      "properties": {
        "grid_id": "WED079",
        "site": "weda_bay",
        "location_label": "Weda Bay Central Block (Halmahera Deposit) - Maluku Utara nickel laterite",
        "lithology": "serpentinite_simulated",
        "slope_deg": 24.9,
        "distance_to_river_m": 2146,
        "distance_to_road_m": 1820,
        "legal_status": "allowed",
        "distance_to_smelter_km": 58.8,
        "area_ha": 1.77,
        "region_id": "SE",
        "fe_oxide_index": 1.809,
        "clay_index": 2.444,
        "ndvi_stress_index": 0.384,
        "tmi_structural_nT": 45192.7,
        "tmi_anomaly_nT": 192.7,
        "elevation_mdpl": 375.5,
        "geochem_assay_ratio": 2.56
      },
      "geometry": {
        "type": "Polygon",
        "coordinates": [
          [
            [
              128.036,
              0.406
            ],
            [
              128.048,
              0.406
            ],
            [
              128.048,
              0.418
            ],
            [
              128.036,
              0.418
            ],
            [
              128.036,
              0.406
            ]
          ]
        ]
      }
    },
    {
      "type": "Feature",
      "properties": {
        "grid_id": "WED080",
        "site": "weda_bay",
        "location_label": "Weda Bay Central Block (Halmahera Deposit) - Maluku Utara nickel laterite",
        "lithology": "ultramafic_simulated",
        "slope_deg": 20.9,
        "distance_to_river_m": 230,
        "distance_to_road_m": 3628,
        "legal_status": "allowed",
        "distance_to_smelter_km": 62.4,
        "area_ha": 1.77,
        "region_id": "SE",
        "fe_oxide_index": 2.227,
        "clay_index": 2.381,
        "ndvi_stress_index": 0.267,
        "tmi_structural_nT": 45643.6,
        "tmi_anomaly_nT": 643.6,
        "elevation_mdpl": 287.0,
        "geochem_assay_ratio": 2.14
      },
      "geometry": {
        "type": "Polygon",
        "coordinates": [
          [
            [
              128.048,
              0.406
            ],
            [
              128.06,
              0.406
            ],
            [
              128.06,
              0.418
            ],
            [
              128.048,
              0.418
            ],
            [
              128.048,
              0.406
            ]
          ]
        ]
      }
    },
    {
      "type": "Feature",
      "properties": {
        "grid_id": "WED081",
        "site": "weda_bay",
        "location_label": "Weda Bay Central Block (Halmahera Deposit) - Maluku Utara nickel laterite",
        "lithology": "ultramafic_simulated",
        "slope_deg": 20.5,
        "distance_to_river_m": 1005,
        "distance_to_road_m": 1533,
        "legal_status": "allowed",
        "distance_to_smelter_km": 60.0,
        "area_ha": 1.77,
        "region_id": "SW",
        "fe_oxide_index": 2.146,
        "clay_index": 1.717,
        "ndvi_stress_index": 0.2,
        "tmi_structural_nT": 45841.9,
        "tmi_anomaly_nT": 841.9,
        "elevation_mdpl": 349.7,
        "geochem_assay_ratio": 2.92
      },
      "geometry": {
        "type": "Polygon",
        "coordinates": [
          [
            [
              127.82,
              0.418
            ],
            [
              127.832,
              0.418
            ],
            [
              127.832,
              0.43
            ],
            [
              127.82,
              0.43
            ],
            [
              127.82,
              0.418
            ]
          ]
        ]
      }
    },
    {
      "type": "Feature",
      "properties": {
        "grid_id": "WED082",
        "site": "weda_bay",
        "location_label": "Weda Bay Central Block (Halmahera Deposit) - Maluku Utara nickel laterite",
        "lithology": "serpentinite_simulated",
        "slope_deg": 15.3,
        "distance_to_river_m": 1130,
        "distance_to_road_m": 1233,
        "legal_status": "allowed",
        "distance_to_smelter_km": 56.3,
        "area_ha": 1.77,
        "region_id": "SW",
        "fe_oxide_index": 2.092,
        "clay_index": 2.222,
        "ndvi_stress_index": 0.325,
        "tmi_structural_nT": 45818.4,
        "tmi_anomaly_nT": 818.4,
        "elevation_mdpl": 348.7,
        "geochem_assay_ratio": 2.63
      },
      "geometry": {
        "type": "Polygon",
        "coordinates": [
          [
            [
              127.832,
              0.418
            ],
            [
              127.844,
              0.418
            ],
            [
              127.844,
              0.43
            ],
            [
              127.832,
              0.43
            ],
            [
              127.832,
              0.418
            ]
          ]
        ]
      }
    },
    {
      "type": "Feature",
      "properties": {
        "grid_id": "WED083",
        "site": "weda_bay",
        "location_label": "Weda Bay Central Block (Halmahera Deposit) - Maluku Utara nickel laterite",
        "lithology": "serpentinite_simulated",
        "slope_deg": 21.8,
        "distance_to_river_m": 1658,
        "distance_to_road_m": 4042,
        "legal_status": "allowed",
        "distance_to_smelter_km": 52.7,
        "area_ha": 1.77,
        "region_id": "SW",
        "fe_oxide_index": 2.613,
        "clay_index": 2.269,
        "ndvi_stress_index": 0.393,
        "tmi_structural_nT": 45991.9,
        "tmi_anomaly_nT": 991.9,
        "elevation_mdpl": 300.2,
        "geochem_assay_ratio": 1.78
      },
      "geometry": {
        "type": "Polygon",
        "coordinates": [
          [
            [
              127.844,
              0.418
            ],
            [
              127.856,
              0.418
            ],
            [
              127.856,
              0.43
            ],
            [
              127.844,
              0.43
            ],
            [
              127.844,
              0.418
            ]
          ]
        ]
      }
    },
    {
      "type": "Feature",
      "properties": {
        "grid_id": "WED084",
        "site": "weda_bay",
        "location_label": "Weda Bay Central Block (Halmahera Deposit) - Maluku Utara nickel laterite",
        "lithology": "ultramafic_simulated",
        "slope_deg": 23.5,
        "distance_to_river_m": 2408,
        "distance_to_road_m": 4333,
        "legal_status": "allowed",
        "distance_to_smelter_km": 49.3,
        "area_ha": 1.77,
        "region_id": "SW",
        "fe_oxide_index": 2.424,
        "clay_index": 1.662,
        "ndvi_stress_index": 0.353,
        "tmi_structural_nT": 45102.0,
        "tmi_anomaly_nT": 102.0,
        "elevation_mdpl": 352.8,
        "geochem_assay_ratio": 1.62
      },
      "geometry": {
        "type": "Polygon",
        "coordinates": [
          [
            [
              127.856,
              0.418
            ],
            [
              127.868,
              0.418
            ],
            [
              127.868,
              0.43
            ],
            [
              127.856,
              0.43
            ],
            [
              127.856,
              0.418
            ]
          ]
        ]
      }
    },
    {
      "type": "Feature",
      "properties": {
        "grid_id": "WED085",
        "site": "weda_bay",
        "location_label": "Weda Bay Central Block (Halmahera Deposit) - Maluku Utara nickel laterite",
        "lithology": "peridotite_simulated",
        "slope_deg": 21.2,
        "distance_to_river_m": 961,
        "distance_to_road_m": 3298,
        "legal_status": "allowed",
        "distance_to_smelter_km": 46.0,
        "area_ha": 1.77,
        "region_id": "SW",
        "fe_oxide_index": 2.564,
        "clay_index": 1.99,
        "ndvi_stress_index": 0.194,
        "tmi_structural_nT": 45660.3,
        "tmi_anomaly_nT": 660.3,
        "elevation_mdpl": 368.7,
        "geochem_assay_ratio": 2.54
      },
      "geometry": {
        "type": "Polygon",
        "coordinates": [
          [
            [
              127.868,
              0.418
            ],
            [
              127.88,
              0.418
            ],
            [
              127.88,
              0.43
            ],
            [
              127.868,
              0.43
            ],
            [
              127.868,
              0.418
            ]
          ]
        ]
      }
    },
    {
      "type": "Feature",
      "properties": {
        "grid_id": "WED086",
        "site": "weda_bay",
        "location_label": "Weda Bay Central Block (Halmahera Deposit) - Maluku Utara nickel laterite",
        "lithology": "alluvium",
        "slope_deg": 23.1,
        "distance_to_river_m": 1680,
        "distance_to_road_m": 1848,
        "legal_status": "allowed",
        "distance_to_smelter_km": 43.1,
        "area_ha": 1.77,
        "region_id": "SW",
        "fe_oxide_index": 1.555,
        "clay_index": 1.334,
        "ndvi_stress_index": 0.537,
        "tmi_structural_nT": 44508.4,
        "tmi_anomaly_nT": -491.6,
        "elevation_mdpl": 351.7,
        "geochem_assay_ratio": 5.57
      },
      "geometry": {
        "type": "Polygon",
        "coordinates": [
          [
            [
              127.88,
              0.418
            ],
            [
              127.892,
              0.418
            ],
            [
              127.892,
              0.43
            ],
            [
              127.88,
              0.43
            ],
            [
              127.88,
              0.418
            ]
          ]
        ]
      }
    },
    {
      "type": "Feature",
      "properties": {
        "grid_id": "WED087",
        "site": "weda_bay",
        "location_label": "Weda Bay Central Block (Halmahera Deposit) - Maluku Utara nickel laterite",
        "lithology": "serpentinite_simulated",
        "slope_deg": 14.4,
        "distance_to_river_m": 2037,
        "distance_to_road_m": 3647,
        "legal_status": "allowed",
        "distance_to_smelter_km": 40.5,
        "area_ha": 1.77,
        "region_id": "SW",
        "fe_oxide_index": 2.734,
        "clay_index": 2.038,
        "ndvi_stress_index": 0.246,
        "tmi_structural_nT": 45371.3,
        "tmi_anomaly_nT": 371.3,
        "elevation_mdpl": 295.5,
        "geochem_assay_ratio": 2.65
      },
      "geometry": {
        "type": "Polygon",
        "coordinates": [
          [
            [
              127.892,
              0.418
            ],
            [
              127.904,
              0.418
            ],
            [
              127.904,
              0.43
            ],
            [
              127.892,
              0.43
            ],
            [
              127.892,
              0.418
            ]
          ]
        ]
      }
    },
    {
      "type": "Feature",
      "properties": {
        "grid_id": "WED088",
        "site": "weda_bay",
        "location_label": "Weda Bay Central Block (Halmahera Deposit) - Maluku Utara nickel laterite",
        "lithology": "alluvium",
        "slope_deg": 17.0,
        "distance_to_river_m": 1286,
        "distance_to_road_m": 1803,
        "legal_status": "allowed",
        "distance_to_smelter_km": 38.4,
        "area_ha": 1.77,
        "region_id": "SW",
        "fe_oxide_index": 1.179,
        "clay_index": 1.075,
        "ndvi_stress_index": 0.552,
        "tmi_structural_nT": 45375.0,
        "tmi_anomaly_nT": 375.0,
        "elevation_mdpl": 319.7,
        "geochem_assay_ratio": 5.98
      },
      "geometry": {
        "type": "Polygon",
        "coordinates": [
          [
            [
              127.904,
              0.418
            ],
            [
              127.916,
              0.418
            ],
            [
              127.916,
              0.43
            ],
            [
              127.904,
              0.43
            ],
            [
              127.904,
              0.418
            ]
          ]
        ]
      }
    },
    {
      "type": "Feature",
      "properties": {
        "grid_id": "WED089",
        "site": "weda_bay",
        "location_label": "Weda Bay Central Block (Halmahera Deposit) - Maluku Utara nickel laterite",
        "lithology": "ultramafic_simulated",
        "slope_deg": 16.5,
        "distance_to_river_m": 381,
        "distance_to_road_m": 2487,
        "legal_status": "allowed",
        "distance_to_smelter_km": 36.9,
        "area_ha": 1.77,
        "region_id": "SW",
        "fe_oxide_index": 2.288,
        "clay_index": 2.233,
        "ndvi_stress_index": 0.268,
        "tmi_structural_nT": 45225.1,
        "tmi_anomaly_nT": 225.1,
        "elevation_mdpl": 350.8,
        "geochem_assay_ratio": 1.76
      },
      "geometry": {
        "type": "Polygon",
        "coordinates": [
          [
            [
              127.916,
              0.418
            ],
            [
              127.928,
              0.418
            ],
            [
              127.928,
              0.43
            ],
            [
              127.916,
              0.43
            ],
            [
              127.916,
              0.418
            ]
          ]
        ]
      }
    },
    {
      "type": "Feature",
      "properties": {
        "grid_id": "WED090",
        "site": "weda_bay",
        "location_label": "Weda Bay Central Block (Halmahera Deposit) - Maluku Utara nickel laterite",
        "lithology": "serpentinite_simulated",
        "slope_deg": 15.5,
        "distance_to_river_m": 2005,
        "distance_to_road_m": 3898,
        "legal_status": "allowed",
        "distance_to_smelter_km": 36.2,
        "area_ha": 1.77,
        "region_id": "SW",
        "fe_oxide_index": 1.996,
        "clay_index": 2.238,
        "ndvi_stress_index": 0.23,
        "tmi_structural_nT": 45135.3,
        "tmi_anomaly_nT": 135.3,
        "elevation_mdpl": 361.0,
        "geochem_assay_ratio": 2.69
      },
      "geometry": {
        "type": "Polygon",
        "coordinates": [
          [
            [
              127.928,
              0.418
            ],
            [
              127.94,
              0.418
            ],
            [
              127.94,
              0.43
            ],
            [
              127.928,
              0.43
            ],
            [
              127.928,
              0.418
            ]
          ]
        ]
      }
    },
    {
      "type": "Feature",
      "properties": {
        "grid_id": "WED091",
        "site": "weda_bay",
        "location_label": "Weda Bay Central Block (Halmahera Deposit) - Maluku Utara nickel laterite",
        "lithology": "peridotite_simulated",
        "slope_deg": 22.4,
        "distance_to_river_m": 371,
        "distance_to_road_m": 1844,
        "legal_status": "allowed",
        "distance_to_smelter_km": 36.2,
        "area_ha": 1.77,
        "region_id": "SE",
        "fe_oxide_index": 2.768,
        "clay_index": 1.829,
        "ndvi_stress_index": 0.233,
        "tmi_structural_nT": 45201.0,
        "tmi_anomaly_nT": 201.0,
        "elevation_mdpl": 332.4,
        "geochem_assay_ratio": 2.68
      },
      "geometry": {
        "type": "Polygon",
        "coordinates": [
          [
            [
              127.94,
              0.418
            ],
            [
              127.952,
              0.418
            ],
            [
              127.952,
              0.43
            ],
            [
              127.94,
              0.43
            ],
            [
              127.94,
              0.418
            ]
          ]
        ]
      }
    },
    {
      "type": "Feature",
      "properties": {
        "grid_id": "WED092",
        "site": "weda_bay",
        "location_label": "Weda Bay Central Block (Halmahera Deposit) - Maluku Utara nickel laterite",
        "lithology": "serpentinite_simulated",
        "slope_deg": 17.2,
        "distance_to_river_m": 930,
        "distance_to_road_m": 3310,
        "legal_status": "allowed",
        "distance_to_smelter_km": 36.9,
        "area_ha": 1.77,
        "region_id": "SE",
        "fe_oxide_index": 2.48,
        "clay_index": 2.442,
        "ndvi_stress_index": 0.325,
        "tmi_structural_nT": 45622.4,
        "tmi_anomaly_nT": 622.4,
        "elevation_mdpl": 316.3,
        "geochem_assay_ratio": 1.77
      },
      "geometry": {
        "type": "Polygon",
        "coordinates": [
          [
            [
              127.952,
              0.418
            ],
            [
              127.964,
              0.418
            ],
            [
              127.964,
              0.43
            ],
            [
              127.952,
              0.43
            ],
            [
              127.952,
              0.418
            ]
          ]
        ]
      }
    },
    {
      "type": "Feature",
      "properties": {
        "grid_id": "WED093",
        "site": "weda_bay",
        "location_label": "Weda Bay Central Block (Halmahera Deposit) - Maluku Utara nickel laterite",
        "lithology": "alluvium",
        "slope_deg": 22.8,
        "distance_to_river_m": 1988,
        "distance_to_road_m": 3176,
        "legal_status": "allowed",
        "distance_to_smelter_km": 38.4,
        "area_ha": 1.77,
        "region_id": "SE",
        "fe_oxide_index": 1.107,
        "clay_index": 1.218,
        "ndvi_stress_index": 0.746,
        "tmi_structural_nT": 45136.4,
        "tmi_anomaly_nT": 136.4,
        "elevation_mdpl": 332.4,
        "geochem_assay_ratio": 5.09
      },
      "geometry": {
        "type": "Polygon",
        "coordinates": [
          [
            [
              127.964,
              0.418
            ],
            [
              127.976,
              0.418
            ],
            [
              127.976,
              0.43
            ],
            [
              127.964,
              0.43
            ],
            [
              127.964,
              0.418
            ]
          ]
        ]
      }
    },
    {
      "type": "Feature",
      "properties": {
        "grid_id": "WED094",
        "site": "weda_bay",
        "location_label": "Weda Bay Central Block (Halmahera Deposit) - Maluku Utara nickel laterite",
        "lithology": "serpentinite_simulated",
        "slope_deg": 19.2,
        "distance_to_river_m": 572,
        "distance_to_road_m": 778,
        "legal_status": "allowed",
        "distance_to_smelter_km": 40.5,
        "area_ha": 1.77,
        "region_id": "SE",
        "fe_oxide_index": 2.054,
        "clay_index": 2.175,
        "ndvi_stress_index": 0.251,
        "tmi_structural_nT": 45672.8,
        "tmi_anomaly_nT": 672.8,
        "elevation_mdpl": 378.6,
        "geochem_assay_ratio": 1.81
      },
      "geometry": {
        "type": "Polygon",
        "coordinates": [
          [
            [
              127.976,
              0.418
            ],
            [
              127.988,
              0.418
            ],
            [
              127.988,
              0.43
            ],
            [
              127.976,
              0.43
            ],
            [
              127.976,
              0.418
            ]
          ]
        ]
      }
    },
    {
      "type": "Feature",
      "properties": {
        "grid_id": "WED095",
        "site": "weda_bay",
        "location_label": "Weda Bay Central Block (Halmahera Deposit) - Maluku Utara nickel laterite",
        "lithology": "peridotite_simulated",
        "slope_deg": 16.2,
        "distance_to_river_m": 1738,
        "distance_to_road_m": 1269,
        "legal_status": "allowed",
        "distance_to_smelter_km": 43.1,
        "area_ha": 1.77,
        "region_id": "SE",
        "fe_oxide_index": 2.573,
        "clay_index": 2.158,
        "ndvi_stress_index": 0.291,
        "tmi_structural_nT": 45819.8,
        "tmi_anomaly_nT": 819.8,
        "elevation_mdpl": 362.7,
        "geochem_assay_ratio": 1.71
      },
      "geometry": {
        "type": "Polygon",
        "coordinates": [
          [
            [
              127.988,
              0.418
            ],
            [
              128.0,
              0.418
            ],
            [
              128.0,
              0.43
            ],
            [
              127.988,
              0.43
            ],
            [
              127.988,
              0.418
            ]
          ]
        ]
      }
    },
    {
      "type": "Feature",
      "properties": {
        "grid_id": "WED096",
        "site": "weda_bay",
        "location_label": "Weda Bay Central Block (Halmahera Deposit) - Maluku Utara nickel laterite",
        "lithology": "mafic_volcanic_simulated",
        "slope_deg": 18.9,
        "distance_to_river_m": 1964,
        "distance_to_road_m": 4029,
        "legal_status": "allowed",
        "distance_to_smelter_km": 46.0,
        "area_ha": 1.77,
        "region_id": "SE",
        "fe_oxide_index": 1.381,
        "clay_index": 1.179,
        "ndvi_stress_index": 0.602,
        "tmi_structural_nT": 45339.4,
        "tmi_anomaly_nT": 339.4,
        "elevation_mdpl": 289.1,
        "geochem_assay_ratio": 5.98
      },
      "geometry": {
        "type": "Polygon",
        "coordinates": [
          [
            [
              128.0,
              0.418
            ],
            [
              128.012,
              0.418
            ],
            [
              128.012,
              0.43
            ],
            [
              128.0,
              0.43
            ],
            [
              128.0,
              0.418
            ]
          ]
        ]
      }
    },
    {
      "type": "Feature",
      "properties": {
        "grid_id": "WED097",
        "site": "weda_bay",
        "location_label": "Weda Bay Central Block (Halmahera Deposit) - Maluku Utara nickel laterite",
        "lithology": "alluvium",
        "slope_deg": 23.2,
        "distance_to_river_m": 771,
        "distance_to_road_m": 2399,
        "legal_status": "allowed",
        "distance_to_smelter_km": 49.3,
        "area_ha": 1.77,
        "region_id": "SE",
        "fe_oxide_index": 1.429,
        "clay_index": 1.028,
        "ndvi_stress_index": 0.716,
        "tmi_structural_nT": 45291.9,
        "tmi_anomaly_nT": 291.9,
        "elevation_mdpl": 351.2,
        "geochem_assay_ratio": 3.83
      },
      "geometry": {
        "type": "Polygon",
        "coordinates": [
          [
            [
              128.012,
              0.418
            ],
            [
              128.024,
              0.418
            ],
            [
              128.024,
              0.43
            ],
            [
              128.012,
              0.43
            ],
            [
              128.012,
              0.418
            ]
          ]
        ]
      }
    },
    {
      "type": "Feature",
      "properties": {
        "grid_id": "WED098",
        "site": "weda_bay",
        "location_label": "Weda Bay Central Block (Halmahera Deposit) - Maluku Utara nickel laterite",
        "lithology": "serpentinite_simulated",
        "slope_deg": 23.0,
        "distance_to_river_m": 1359,
        "distance_to_road_m": 2919,
        "legal_status": "allowed",
        "distance_to_smelter_km": 52.7,
        "area_ha": 1.77,
        "region_id": "SE",
        "fe_oxide_index": 2.584,
        "clay_index": 1.649,
        "ndvi_stress_index": 0.238,
        "tmi_structural_nT": 45611.5,
        "tmi_anomaly_nT": 611.5,
        "elevation_mdpl": 337.1,
        "geochem_assay_ratio": 2.47
      },
      "geometry": {
        "type": "Polygon",
        "coordinates": [
          [
            [
              128.024,
              0.418
            ],
            [
              128.036,
              0.418
            ],
            [
              128.036,
              0.43
            ],
            [
              128.024,
              0.43
            ],
            [
              128.024,
              0.418
            ]
          ]
        ]
      }
    },
    {
      "type": "Feature",
      "properties": {
        "grid_id": "WED099",
        "site": "weda_bay",
        "location_label": "Weda Bay Central Block (Halmahera Deposit) - Maluku Utara nickel laterite",
        "lithology": "serpentinite_simulated",
        "slope_deg": 17.4,
        "distance_to_river_m": 1623,
        "distance_to_road_m": 1934,
        "legal_status": "allowed",
        "distance_to_smelter_km": 56.3,
        "area_ha": 1.77,
        "region_id": "SE",
        "fe_oxide_index": 2.222,
        "clay_index": 1.975,
        "ndvi_stress_index": 0.29,
        "tmi_structural_nT": 45834.7,
        "tmi_anomaly_nT": 834.7,
        "elevation_mdpl": 338.3,
        "geochem_assay_ratio": 2.58
      },
      "geometry": {
        "type": "Polygon",
        "coordinates": [
          [
            [
              128.036,
              0.418
            ],
            [
              128.048,
              0.418
            ],
            [
              128.048,
              0.43
            ],
            [
              128.036,
              0.43
            ],
            [
              128.036,
              0.418
            ]
          ]
        ]
      }
    },
    {
      "type": "Feature",
      "properties": {
        "grid_id": "WED100",
        "site": "weda_bay",
        "location_label": "Weda Bay Central Block (Halmahera Deposit) - Maluku Utara nickel laterite",
        "lithology": "peridotite_simulated",
        "slope_deg": 16.4,
        "distance_to_river_m": 683,
        "distance_to_road_m": 894,
        "legal_status": "allowed",
        "distance_to_smelter_km": 60.0,
        "area_ha": 1.77,
        "region_id": "SE",
        "fe_oxide_index": 2.495,
        "clay_index": 1.601,
        "ndvi_stress_index": 0.376,
        "tmi_structural_nT": 45615.6,
        "tmi_anomaly_nT": 615.6,
        "elevation_mdpl": 311.6,
        "geochem_assay_ratio": 1.4
      },
      "geometry": {
        "type": "Polygon",
        "coordinates": [
          [
            [
              128.048,
              0.418
            ],
            [
              128.06,
              0.418
            ],
            [
              128.06,
              0.43
            ],
            [
              128.048,
              0.43
            ],
            [
              128.048,
              0.418
            ]
          ]
        ]
      }
    },
    {
      "type": "Feature",
      "properties": {
        "grid_id": "WED101",
        "site": "weda_bay",
        "location_label": "Weda Bay Central Block (Halmahera Deposit) - Maluku Utara nickel laterite",
        "lithology": "peridotite_simulated",
        "slope_deg": 20.4,
        "distance_to_river_m": 620,
        "distance_to_road_m": 2015,
        "legal_status": "allowed",
        "distance_to_smelter_km": 58.0,
        "area_ha": 1.77,
        "region_id": "SW",
        "fe_oxide_index": 2.721,
        "clay_index": 1.886,
        "ndvi_stress_index": 0.318,
        "tmi_structural_nT": 45771.8,
        "tmi_anomaly_nT": 771.8,
        "elevation_mdpl": 354.0,
        "geochem_assay_ratio": 2.47
      },
      "geometry": {
        "type": "Polygon",
        "coordinates": [
          [
            [
              127.82,
              0.43
            ],
            [
              127.832,
              0.43
            ],
            [
              127.832,
              0.442
            ],
            [
              127.82,
              0.442
            ],
            [
              127.82,
              0.43
            ]
          ]
        ]
      }
    },
    {
      "type": "Feature",
      "properties": {
        "grid_id": "WED102",
        "site": "weda_bay",
        "location_label": "Weda Bay Central Block (Halmahera Deposit) - Maluku Utara nickel laterite",
        "lithology": "peridotite_simulated",
        "slope_deg": 24.0,
        "distance_to_river_m": 415,
        "distance_to_road_m": 2104,
        "legal_status": "allowed",
        "distance_to_smelter_km": 54.1,
        "area_ha": 1.77,
        "region_id": "SW",
        "fe_oxide_index": 2.018,
        "clay_index": 1.719,
        "ndvi_stress_index": 0.363,
        "tmi_structural_nT": 45379.4,
        "tmi_anomaly_nT": 379.4,
        "elevation_mdpl": 315.3,
        "geochem_assay_ratio": 3.13
      },
      "geometry": {
        "type": "Polygon",
        "coordinates": [
          [
            [
              127.832,
              0.43
            ],
            [
              127.844,
              0.43
            ],
            [
              127.844,
              0.442
            ],
            [
              127.832,
              0.442
            ],
            [
              127.832,
              0.43
            ]
          ]
        ]
      }
    },
    {
      "type": "Feature",
      "properties": {
        "grid_id": "WED103",
        "site": "weda_bay",
        "location_label": "Weda Bay Central Block (Halmahera Deposit) - Maluku Utara nickel laterite",
        "lithology": "alluvium",
        "slope_deg": 24.0,
        "distance_to_river_m": 2010,
        "distance_to_road_m": 3424,
        "legal_status": "allowed",
        "distance_to_smelter_km": 50.3,
        "area_ha": 1.77,
        "region_id": "SW",
        "fe_oxide_index": 1.65,
        "clay_index": 1.497,
        "ndvi_stress_index": 0.666,
        "tmi_structural_nT": 45230.2,
        "tmi_anomaly_nT": 230.2,
        "elevation_mdpl": 374.3,
        "geochem_assay_ratio": 4.57
      },
      "geometry": {
        "type": "Polygon",
        "coordinates": [
          [
            [
              127.844,
              0.43
            ],
            [
              127.856,
              0.43
            ],
            [
              127.856,
              0.442
            ],
            [
              127.844,
              0.442
            ],
            [
              127.844,
              0.43
            ]
          ]
        ]
      }
    },
    {
      "type": "Feature",
      "properties": {
        "grid_id": "WED104",
        "site": "weda_bay",
        "location_label": "Weda Bay Central Block (Halmahera Deposit) - Maluku Utara nickel laterite",
        "lithology": "serpentinite_simulated",
        "slope_deg": 23.6,
        "distance_to_river_m": 1358,
        "distance_to_road_m": 2406,
        "legal_status": "allowed",
        "distance_to_smelter_km": 46.6,
        "area_ha": 1.77,
        "region_id": "SW",
        "fe_oxide_index": 2.251,
        "clay_index": 1.728,
        "ndvi_stress_index": 0.208,
        "tmi_structural_nT": 45384.5,
        "tmi_anomaly_nT": 384.5,
        "elevation_mdpl": 346.3,
        "geochem_assay_ratio": 2.48
      },
      "geometry": {
        "type": "Polygon",
        "coordinates": [
          [
            [
              127.856,
              0.43
            ],
            [
              127.868,
              0.43
            ],
            [
              127.868,
              0.442
            ],
            [
              127.856,
              0.442
            ],
            [
              127.856,
              0.43
            ]
          ]
        ]
      }
    },
    {
      "type": "Feature",
      "properties": {
        "grid_id": "WED105",
        "site": "weda_bay",
        "location_label": "Weda Bay Central Block (Halmahera Deposit) - Maluku Utara nickel laterite",
        "lithology": "peridotite_simulated",
        "slope_deg": 17.0,
        "distance_to_river_m": 419,
        "distance_to_road_m": 3210,
        "legal_status": "allowed",
        "distance_to_smelter_km": 43.1,
        "area_ha": 1.77,
        "region_id": "SW",
        "fe_oxide_index": 2.068,
        "clay_index": 2.277,
        "ndvi_stress_index": 0.278,
        "tmi_structural_nT": 45142.5,
        "tmi_anomaly_nT": 142.5,
        "elevation_mdpl": 334.1,
        "geochem_assay_ratio": 1.54
      },
      "geometry": {
        "type": "Polygon",
        "coordinates": [
          [
            [
              127.868,
              0.43
            ],
            [
              127.88,
              0.43
            ],
            [
              127.88,
              0.442
            ],
            [
              127.868,
              0.442
            ],
            [
              127.868,
              0.43
            ]
          ]
        ]
      }
    },
    {
      "type": "Feature",
      "properties": {
        "grid_id": "WED106",
        "site": "weda_bay",
        "location_label": "Weda Bay Central Block (Halmahera Deposit) - Maluku Utara nickel laterite",
        "lithology": "serpentinite_simulated",
        "slope_deg": 18.8,
        "distance_to_river_m": 1473,
        "distance_to_road_m": 3190,
        "legal_status": "allowed",
        "distance_to_smelter_km": 39.8,
        "area_ha": 1.77,
        "region_id": "SW",
        "fe_oxide_index": 2.166,
        "clay_index": 2.156,
        "ndvi_stress_index": 0.297,
        "tmi_structural_nT": 45241.7,
        "tmi_anomaly_nT": 241.7,
        "elevation_mdpl": 378.3,
        "geochem_assay_ratio": 1.54
      },
      "geometry": {
        "type": "Polygon",
        "coordinates": [
          [
            [
              127.88,
              0.43
            ],
            [
              127.892,
              0.43
            ],
            [
              127.892,
              0.442
            ],
            [
              127.88,
              0.442
            ],
            [
              127.88,
              0.43
            ]
          ]
        ]
      }
    },
    {
      "type": "Feature",
      "properties": {
        "grid_id": "WED107",
        "site": "weda_bay",
        "location_label": "Weda Bay Central Block (Halmahera Deposit) - Maluku Utara nickel laterite",
        "lithology": "serpentinite_simulated",
        "slope_deg": 15.5,
        "distance_to_river_m": 2455,
        "distance_to_road_m": 2014,
        "legal_status": "allowed",
        "distance_to_smelter_km": 36.9,
        "area_ha": 1.77,
        "region_id": "SW",
        "fe_oxide_index": 2.548,
        "clay_index": 2.357,
        "ndvi_stress_index": 0.257,
        "tmi_structural_nT": 46006.6,
        "tmi_anomaly_nT": 1006.6,
        "elevation_mdpl": 293.5,
        "geochem_assay_ratio": 2.81
      },
      "geometry": {
        "type": "Polygon",
        "coordinates": [
          [
            [
              127.892,
              0.43
            ],
            [
              127.904,
              0.43
            ],
            [
              127.904,
              0.442
            ],
            [
              127.892,
              0.442
            ],
            [
              127.892,
              0.43
            ]
          ]
        ]
      }
    },
    {
      "type": "Feature",
      "properties": {
        "grid_id": "WED108",
        "site": "weda_bay",
        "location_label": "Weda Bay Central Block (Halmahera Deposit) - Maluku Utara nickel laterite",
        "lithology": "serpentinite_simulated",
        "slope_deg": 18.1,
        "distance_to_river_m": 545,
        "distance_to_road_m": 2415,
        "legal_status": "allowed",
        "distance_to_smelter_km": 34.5,
        "area_ha": 1.77,
        "region_id": "SW",
        "fe_oxide_index": 1.847,
        "clay_index": 1.653,
        "ndvi_stress_index": 0.267,
        "tmi_structural_nT": 46034.8,
        "tmi_anomaly_nT": 1034.8,
        "elevation_mdpl": 375.2,
        "geochem_assay_ratio": 1.77
      },
      "geometry": {
        "type": "Polygon",
        "coordinates": [
          [
            [
              127.904,
              0.43
            ],
            [
              127.916,
              0.43
            ],
            [
              127.916,
              0.442
            ],
            [
              127.904,
              0.442
            ],
            [
              127.904,
              0.43
            ]
          ]
        ]
      }
    },
    {
      "type": "Feature",
      "properties": {
        "grid_id": "WED109",
        "site": "weda_bay",
        "location_label": "Weda Bay Central Block (Halmahera Deposit) - Maluku Utara nickel laterite",
        "lithology": "serpentinite_simulated",
        "slope_deg": 22.1,
        "distance_to_river_m": 708,
        "distance_to_road_m": 1177,
        "legal_status": "allowed",
        "distance_to_smelter_km": 32.8,
        "area_ha": 1.77,
        "region_id": "SW",
        "fe_oxide_index": 2.234,
        "clay_index": 1.88,
        "ndvi_stress_index": 0.411,
        "tmi_structural_nT": 45723.7,
        "tmi_anomaly_nT": 723.7,
        "elevation_mdpl": 308.8,
        "geochem_assay_ratio": 1.67
      },
      "geometry": {
        "type": "Polygon",
        "coordinates": [
          [
            [
              127.916,
              0.43
            ],
            [
              127.928,
              0.43
            ],
            [
              127.928,
              0.442
            ],
            [
              127.916,
              0.442
            ],
            [
              127.916,
              0.43
            ]
          ]
        ]
      }
    },
    {
      "type": "Feature",
      "properties": {
        "grid_id": "WED110",
        "site": "weda_bay",
        "location_label": "Weda Bay Central Block (Halmahera Deposit) - Maluku Utara nickel laterite",
        "lithology": "ultramafic_simulated",
        "slope_deg": 22.8,
        "distance_to_river_m": 637,
        "distance_to_road_m": 3848,
        "legal_status": "allowed",
        "distance_to_smelter_km": 31.8,
        "area_ha": 1.77,
        "region_id": "SW",
        "fe_oxide_index": 2.421,
        "clay_index": 2.062,
        "ndvi_stress_index": 0.345,
        "tmi_structural_nT": 45403.7,
        "tmi_anomaly_nT": 403.7,
        "elevation_mdpl": 355.6,
        "geochem_assay_ratio": 1.57
      },
      "geometry": {
        "type": "Polygon",
        "coordinates": [
          [
            [
              127.928,
              0.43
            ],
            [
              127.94,
              0.43
            ],
            [
              127.94,
              0.442
            ],
            [
              127.928,
              0.442
            ],
            [
              127.928,
              0.43
            ]
          ]
        ]
      }
    },
    {
      "type": "Feature",
      "properties": {
        "grid_id": "WED111",
        "site": "weda_bay",
        "location_label": "Weda Bay Central Block (Halmahera Deposit) - Maluku Utara nickel laterite",
        "lithology": "peridotite_simulated",
        "slope_deg": 16.4,
        "distance_to_river_m": 951,
        "distance_to_road_m": 2441,
        "legal_status": "allowed",
        "distance_to_smelter_km": 31.8,
        "area_ha": 1.77,
        "region_id": "SE",
        "fe_oxide_index": 2.791,
        "clay_index": 1.895,
        "ndvi_stress_index": 0.211,
        "tmi_structural_nT": 45313.2,
        "tmi_anomaly_nT": 313.2,
        "elevation_mdpl": 350.2,
        "geochem_assay_ratio": 2.3
      },
      "geometry": {
        "type": "Polygon",
        "coordinates": [
          [
            [
              127.94,
              0.43
            ],
            [
              127.952,
              0.43
            ],
            [
              127.952,
              0.442
            ],
            [
              127.94,
              0.442
            ],
            [
              127.94,
              0.43
            ]
          ]
        ]
      }
    },
    {
      "type": "Feature",
      "properties": {
        "grid_id": "WED112",
        "site": "weda_bay",
        "location_label": "Weda Bay Central Block (Halmahera Deposit) - Maluku Utara nickel laterite",
        "lithology": "ultramafic_simulated",
        "slope_deg": 16.1,
        "distance_to_river_m": 2412,
        "distance_to_road_m": 1009,
        "legal_status": "allowed",
        "distance_to_smelter_km": 32.8,
        "area_ha": 1.77,
        "region_id": "SE",
        "fe_oxide_index": 2.296,
        "clay_index": 1.923,
        "ndvi_stress_index": 0.271,
        "tmi_structural_nT": 45144.3,
        "tmi_anomaly_nT": 144.3,
        "elevation_mdpl": 292.9,
        "geochem_assay_ratio": 2.38
      },
      "geometry": {
        "type": "Polygon",
        "coordinates": [
          [
            [
              127.952,
              0.43
            ],
            [
              127.964,
              0.43
            ],
            [
              127.964,
              0.442
            ],
            [
              127.952,
              0.442
            ],
            [
              127.952,
              0.43
            ]
          ]
        ]
      }
    },
    {
      "type": "Feature",
      "properties": {
        "grid_id": "WED113",
        "site": "weda_bay",
        "location_label": "Weda Bay Central Block (Halmahera Deposit) - Maluku Utara nickel laterite",
        "lithology": "ultramafic_simulated",
        "slope_deg": 21.8,
        "distance_to_river_m": 2362,
        "distance_to_road_m": 1416,
        "legal_status": "allowed",
        "distance_to_smelter_km": 34.5,
        "area_ha": 1.77,
        "region_id": "SE",
        "fe_oxide_index": 2.646,
        "clay_index": 1.669,
        "ndvi_stress_index": 0.401,
        "tmi_structural_nT": 45455.5,
        "tmi_anomaly_nT": 455.5,
        "elevation_mdpl": 339.1,
        "geochem_assay_ratio": 2.96
      },
      "geometry": {
        "type": "Polygon",
        "coordinates": [
          [
            [
              127.964,
              0.43
            ],
            [
              127.976,
              0.43
            ],
            [
              127.976,
              0.442
            ],
            [
              127.964,
              0.442
            ],
            [
              127.964,
              0.43
            ]
          ]
        ]
      }
    },
    {
      "type": "Feature",
      "properties": {
        "grid_id": "WED114",
        "site": "weda_bay",
        "location_label": "Weda Bay Central Block (Halmahera Deposit) - Maluku Utara nickel laterite",
        "lithology": "ultramafic_simulated",
        "slope_deg": 22.2,
        "distance_to_river_m": 2017,
        "distance_to_road_m": 1606,
        "legal_status": "allowed",
        "distance_to_smelter_km": 36.9,
        "area_ha": 1.77,
        "region_id": "SE",
        "fe_oxide_index": 2.321,
        "clay_index": 2.228,
        "ndvi_stress_index": 0.31,
        "tmi_structural_nT": 45455.9,
        "tmi_anomaly_nT": 455.9,
        "elevation_mdpl": 335.2,
        "geochem_assay_ratio": 2.14
      },
      "geometry": {
        "type": "Polygon",
        "coordinates": [
          [
            [
              127.976,
              0.43
            ],
            [
              127.988,
              0.43
            ],
            [
              127.988,
              0.442
            ],
            [
              127.976,
              0.442
            ],
            [
              127.976,
              0.43
            ]
          ]
        ]
      }
    },
    {
      "type": "Feature",
      "properties": {
        "grid_id": "WED115",
        "site": "weda_bay",
        "location_label": "Weda Bay Central Block (Halmahera Deposit) - Maluku Utara nickel laterite",
        "lithology": "mafic_volcanic_simulated",
        "slope_deg": 16.4,
        "distance_to_river_m": 552,
        "distance_to_road_m": 1123,
        "legal_status": "allowed",
        "distance_to_smelter_km": 39.8,
        "area_ha": 1.77,
        "region_id": "SE",
        "fe_oxide_index": 1.434,
        "clay_index": 1.465,
        "ndvi_stress_index": 0.623,
        "tmi_structural_nT": 44689.8,
        "tmi_anomaly_nT": -310.2,
        "elevation_mdpl": 300.7,
        "geochem_assay_ratio": 3.79
      },
      "geometry": {
        "type": "Polygon",
        "coordinates": [
          [
            [
              127.988,
              0.43
            ],
            [
              128.0,
              0.43
            ],
            [
              128.0,
              0.442
            ],
            [
              127.988,
              0.442
            ],
            [
              127.988,
              0.43
            ]
          ]
        ]
      }
    },
    {
      "type": "Feature",
      "properties": {
        "grid_id": "WED116",
        "site": "weda_bay",
        "location_label": "Weda Bay Central Block (Halmahera Deposit) - Maluku Utara nickel laterite",
        "lithology": "alluvium",
        "slope_deg": 18.2,
        "distance_to_river_m": 1844,
        "distance_to_road_m": 1023,
        "legal_status": "allowed",
        "distance_to_smelter_km": 43.1,
        "area_ha": 1.77,
        "region_id": "SE",
        "fe_oxide_index": 1.176,
        "clay_index": 1.291,
        "ndvi_stress_index": 0.76,
        "tmi_structural_nT": 45258.7,
        "tmi_anomaly_nT": 258.7,
        "elevation_mdpl": 330.3,
        "geochem_assay_ratio": 5.66
      },
      "geometry": {
        "type": "Polygon",
        "coordinates": [
          [
            [
              128.0,
              0.43
            ],
            [
              128.012,
              0.43
            ],
            [
              128.012,
              0.442
            ],
            [
              128.0,
              0.442
            ],
            [
              128.0,
              0.43
            ]
          ]
        ]
      }
    },
    {
      "type": "Feature",
      "properties": {
        "grid_id": "WED117",
        "site": "weda_bay",
        "location_label": "Weda Bay Central Block (Halmahera Deposit) - Maluku Utara nickel laterite",
        "lithology": "peridotite_simulated",
        "slope_deg": 24.6,
        "distance_to_river_m": 255,
        "distance_to_road_m": 1484,
        "legal_status": "allowed",
        "distance_to_smelter_km": 46.6,
        "area_ha": 1.77,
        "region_id": "SE",
        "fe_oxide_index": 1.991,
        "clay_index": 1.815,
        "ndvi_stress_index": 0.399,
        "tmi_structural_nT": 45305.6,
        "tmi_anomaly_nT": 305.6,
        "elevation_mdpl": 314.0,
        "geochem_assay_ratio": 2.86
      },
      "geometry": {
        "type": "Polygon",
        "coordinates": [
          [
            [
              128.012,
              0.43
            ],
            [
              128.024,
              0.43
            ],
            [
              128.024,
              0.442
            ],
            [
              128.012,
              0.442
            ],
            [
              128.012,
              0.43
            ]
          ]
        ]
      }
    },
    {
      "type": "Feature",
      "properties": {
        "grid_id": "WED118",
        "site": "weda_bay",
        "location_label": "Weda Bay Central Block (Halmahera Deposit) - Maluku Utara nickel laterite",
        "lithology": "serpentinite_simulated",
        "slope_deg": 20.9,
        "distance_to_river_m": 1407,
        "distance_to_road_m": 695,
        "legal_status": "allowed",
        "distance_to_smelter_km": 50.3,
        "area_ha": 1.77,
        "region_id": "SE",
        "fe_oxide_index": 2.167,
        "clay_index": 1.907,
        "ndvi_stress_index": 0.416,
        "tmi_structural_nT": 45652.5,
        "tmi_anomaly_nT": 652.5,
        "elevation_mdpl": 342.5,
        "geochem_assay_ratio": 2.07
      },
      "geometry": {
        "type": "Polygon",
        "coordinates": [
          [
            [
              128.024,
              0.43
            ],
            [
              128.036,
              0.43
            ],
            [
              128.036,
              0.442
            ],
            [
              128.024,
              0.442
            ],
            [
              128.024,
              0.43
            ]
          ]
        ]
      }
    },
    {
      "type": "Feature",
      "properties": {
        "grid_id": "WED119",
        "site": "weda_bay",
        "location_label": "Weda Bay Central Block (Halmahera Deposit) - Maluku Utara nickel laterite",
        "lithology": "ultramafic_simulated",
        "slope_deg": 15.0,
        "distance_to_river_m": 776,
        "distance_to_road_m": 2822,
        "legal_status": "allowed",
        "distance_to_smelter_km": 54.1,
        "area_ha": 1.77,
        "region_id": "SE",
        "fe_oxide_index": 2.655,
        "clay_index": 2.072,
        "ndvi_stress_index": 0.41,
        "tmi_structural_nT": 45752.4,
        "tmi_anomaly_nT": 752.4,
        "elevation_mdpl": 359.9,
        "geochem_assay_ratio": 1.72
      },
      "geometry": {
        "type": "Polygon",
        "coordinates": [
          [
            [
              128.036,
              0.43
            ],
            [
              128.048,
              0.43
            ],
            [
              128.048,
              0.442
            ],
            [
              128.036,
              0.442
            ],
            [
              128.036,
              0.43
            ]
          ]
        ]
      }
    },
    {
      "type": "Feature",
      "properties": {
        "grid_id": "WED120",
        "site": "weda_bay",
        "location_label": "Weda Bay Central Block (Halmahera Deposit) - Maluku Utara nickel laterite",
        "lithology": "serpentinite_simulated",
        "slope_deg": 24.9,
        "distance_to_river_m": 1581,
        "distance_to_road_m": 711,
        "legal_status": "allowed",
        "distance_to_smelter_km": 58.0,
        "area_ha": 1.77,
        "region_id": "SE",
        "fe_oxide_index": 2.213,
        "clay_index": 2.28,
        "ndvi_stress_index": 0.272,
        "tmi_structural_nT": 45919.3,
        "tmi_anomaly_nT": 919.3,
        "elevation_mdpl": 362.3,
        "geochem_assay_ratio": 2.89
      },
      "geometry": {
        "type": "Polygon",
        "coordinates": [
          [
            [
              128.048,
              0.43
            ],
            [
              128.06,
              0.43
            ],
            [
              128.06,
              0.442
            ],
            [
              128.048,
              0.442
            ],
            [
              128.048,
              0.43
            ]
          ]
        ]
      }
    },
    {
      "type": "Feature",
      "properties": {
        "grid_id": "WED121",
        "site": "weda_bay",
        "location_label": "Weda Bay Central Block (Halmahera Deposit) - Maluku Utara nickel laterite",
        "lithology": "serpentinite_simulated",
        "slope_deg": 16.1,
        "distance_to_river_m": 600,
        "distance_to_road_m": 1618,
        "legal_status": "allowed",
        "distance_to_smelter_km": 56.3,
        "area_ha": 1.77,
        "region_id": "SW",
        "fe_oxide_index": 2.334,
        "clay_index": 1.929,
        "ndvi_stress_index": 0.316,
        "tmi_structural_nT": 46080.9,
        "tmi_anomaly_nT": 1080.9,
        "elevation_mdpl": 369.6,
        "geochem_assay_ratio": 3.04
      },
      "geometry": {
        "type": "Polygon",
        "coordinates": [
          [
            [
              127.82,
              0.442
            ],
            [
              127.832,
              0.442
            ],
            [
              127.832,
              0.454
            ],
            [
              127.82,
              0.454
            ],
            [
              127.82,
              0.442
            ]
          ]
        ]
      }
    },
    {
      "type": "Feature",
      "properties": {
        "grid_id": "WED122",
        "site": "weda_bay",
        "location_label": "Weda Bay Central Block (Halmahera Deposit) - Maluku Utara nickel laterite",
        "lithology": "serpentinite_simulated",
        "slope_deg": 24.6,
        "distance_to_river_m": 1164,
        "distance_to_road_m": 1762,
        "legal_status": "allowed",
        "distance_to_smelter_km": 52.2,
        "area_ha": 1.77,
        "region_id": "SW",
        "fe_oxide_index": 2.711,
        "clay_index": 2.184,
        "ndvi_stress_index": 0.281,
        "tmi_structural_nT": 45162.8,
        "tmi_anomaly_nT": 162.8,
        "elevation_mdpl": 372.8,
        "geochem_assay_ratio": 2.34
      },
      "geometry": {
        "type": "Polygon",
        "coordinates": [
          [
            [
              127.832,
              0.442
            ],
            [
              127.844,
              0.442
            ],
            [
              127.844,
              0.454
            ],
            [
              127.832,
              0.454
            ],
            [
              127.832,
              0.442
            ]
          ]
        ]
      }
    },
    {
      "type": "Feature",
      "properties": {
        "grid_id": "WED123",
        "site": "weda_bay",
        "location_label": "Weda Bay Central Block (Halmahera Deposit) - Maluku Utara nickel laterite",
        "lithology": "mafic_volcanic_simulated",
        "slope_deg": 22.4,
        "distance_to_river_m": 994,
        "distance_to_road_m": 1984,
        "legal_status": "allowed",
        "distance_to_smelter_km": 48.2,
        "area_ha": 1.77,
        "region_id": "SW",
        "fe_oxide_index": 1.301,
        "clay_index": 1.222,
        "ndvi_stress_index": 0.708,
        "tmi_structural_nT": 44785.0,
        "tmi_anomaly_nT": -215.0,
        "elevation_mdpl": 305.9,
        "geochem_assay_ratio": 4.96
      },
      "geometry": {
        "type": "Polygon",
        "coordinates": [
          [
            [
              127.844,
              0.442
            ],
            [
              127.856,
              0.442
            ],
            [
              127.856,
              0.454
            ],
            [
              127.844,
              0.454
            ],
            [
              127.844,
              0.442
            ]
          ]
        ]
      }
    },
    {
      "type": "Feature",
      "properties": {
        "grid_id": "WED124",
        "site": "weda_bay",
        "location_label": "Weda Bay Central Block (Halmahera Deposit) - Maluku Utara nickel laterite",
        "lithology": "ultramafic_simulated",
        "slope_deg": 21.5,
        "distance_to_river_m": 1915,
        "distance_to_road_m": 2886,
        "legal_status": "allowed",
        "distance_to_smelter_km": 44.3,
        "area_ha": 1.77,
        "region_id": "SW",
        "fe_oxide_index": 2.455,
        "clay_index": 1.883,
        "ndvi_stress_index": 0.186,
        "tmi_structural_nT": 45540.9,
        "tmi_anomaly_nT": 540.9,
        "elevation_mdpl": 361.5,
        "geochem_assay_ratio": 1.9
      },
      "geometry": {
        "type": "Polygon",
        "coordinates": [
          [
            [
              127.856,
              0.442
            ],
            [
              127.868,
              0.442
            ],
            [
              127.868,
              0.454
            ],
            [
              127.856,
              0.454
            ],
            [
              127.856,
              0.442
            ]
          ]
        ]
      }
    },
    {
      "type": "Feature",
      "properties": {
        "grid_id": "WED125",
        "site": "weda_bay",
        "location_label": "Weda Bay Central Block (Halmahera Deposit) - Maluku Utara nickel laterite",
        "lithology": "serpentinite_simulated",
        "slope_deg": 24.6,
        "distance_to_river_m": 2211,
        "distance_to_road_m": 713,
        "legal_status": "allowed",
        "distance_to_smelter_km": 40.5,
        "area_ha": 1.77,
        "region_id": "SW",
        "fe_oxide_index": 2.542,
        "clay_index": 2.313,
        "ndvi_stress_index": 0.255,
        "tmi_structural_nT": 45145.9,
        "tmi_anomaly_nT": 145.9,
        "elevation_mdpl": 353.8,
        "geochem_assay_ratio": 1.65
      },
      "geometry": {
        "type": "Polygon",
        "coordinates": [
          [
            [
              127.868,
              0.442
            ],
            [
              127.88,
              0.442
            ],
            [
              127.88,
              0.454
            ],
            [
              127.868,
              0.454
            ],
            [
              127.868,
              0.442
            ]
          ]
        ]
      }
    },
    {
      "type": "Feature",
      "properties": {
        "grid_id": "WED126",
        "site": "weda_bay",
        "location_label": "Weda Bay Central Block (Halmahera Deposit) - Maluku Utara nickel laterite",
        "lithology": "peridotite_simulated",
        "slope_deg": 19.2,
        "distance_to_river_m": 439,
        "distance_to_road_m": 2818,
        "legal_status": "allowed",
        "distance_to_smelter_km": 36.9,
        "area_ha": 1.77,
        "region_id": "SW",
        "fe_oxide_index": 2.596,
        "clay_index": 1.841,
        "ndvi_stress_index": 0.376,
        "tmi_structural_nT": 45153.4,
        "tmi_anomaly_nT": 153.4,
        "elevation_mdpl": 288.9,
        "geochem_assay_ratio": 1.72
      },
      "geometry": {
        "type": "Polygon",
        "coordinates": [
          [
            [
              127.88,
              0.442
            ],
            [
              127.892,
              0.442
            ],
            [
              127.892,
              0.454
            ],
            [
              127.88,
              0.454
            ],
            [
              127.88,
              0.442
            ]
          ]
        ]
      }
    },
    {
      "type": "Feature",
      "properties": {
        "grid_id": "WED127",
        "site": "weda_bay",
        "location_label": "Weda Bay Central Block (Halmahera Deposit) - Maluku Utara nickel laterite",
        "lithology": "serpentinite_simulated",
        "slope_deg": 21.8,
        "distance_to_river_m": 1277,
        "distance_to_road_m": 2799,
        "legal_status": "allowed",
        "distance_to_smelter_km": 33.7,
        "area_ha": 1.77,
        "region_id": "SW",
        "fe_oxide_index": 2.595,
        "clay_index": 2.145,
        "ndvi_stress_index": 0.224,
        "tmi_structural_nT": 45131.7,
        "tmi_anomaly_nT": 131.7,
        "elevation_mdpl": 356.1,
        "geochem_assay_ratio": 1.45
      },
      "geometry": {
        "type": "Polygon",
        "coordinates": [
          [
            [
              127.892,
              0.442
            ],
            [
              127.904,
              0.442
            ],
            [
              127.904,
              0.454
            ],
            [
              127.892,
              0.454
            ],
            [
              127.892,
              0.442
            ]
          ]
        ]
      }
    },
    {
      "type": "Feature",
      "properties": {
        "grid_id": "WED128",
        "site": "weda_bay",
        "location_label": "Weda Bay Central Block (Halmahera Deposit) - Maluku Utara nickel laterite",
        "lithology": "peridotite_simulated",
        "slope_deg": 17.3,
        "distance_to_river_m": 1739,
        "distance_to_road_m": 3255,
        "legal_status": "allowed",
        "distance_to_smelter_km": 30.8,
        "area_ha": 1.77,
        "region_id": "SW",
        "fe_oxide_index": 2.326,
        "clay_index": 1.608,
        "ndvi_stress_index": 0.4,
        "tmi_structural_nT": 45605.0,
        "tmi_anomaly_nT": 605.0,
        "elevation_mdpl": 377.9,
        "geochem_assay_ratio": 2.28
      },
      "geometry": {
        "type": "Polygon",
        "coordinates": [
          [
            [
              127.904,
              0.442
            ],
            [
              127.916,
              0.442
            ],
            [
              127.916,
              0.454
            ],
            [
              127.904,
              0.454
            ],
            [
              127.904,
              0.442
            ]
          ]
        ]
      }
    },
    {
      "type": "Feature",
      "properties": {
        "grid_id": "WED129",
        "site": "weda_bay",
        "location_label": "Weda Bay Central Block (Halmahera Deposit) - Maluku Utara nickel laterite",
        "lithology": "serpentinite_simulated",
        "slope_deg": 16.3,
        "distance_to_river_m": 2337,
        "distance_to_road_m": 1714,
        "legal_status": "allowed",
        "distance_to_smelter_km": 28.7,
        "area_ha": 1.77,
        "region_id": "SW",
        "fe_oxide_index": 2.711,
        "clay_index": 2.346,
        "ndvi_stress_index": 0.329,
        "tmi_structural_nT": 45579.2,
        "tmi_anomaly_nT": 579.2,
        "elevation_mdpl": 331.4,
        "geochem_assay_ratio": 2.51
      },
      "geometry": {
        "type": "Polygon",
        "coordinates": [
          [
            [
              127.916,
              0.442
            ],
            [
              127.928,
              0.442
            ],
            [
              127.928,
              0.454
            ],
            [
              127.916,
              0.454
            ],
            [
              127.916,
              0.442
            ]
          ]
        ]
      }
    },
    {
      "type": "Feature",
      "properties": {
        "grid_id": "WED130",
        "site": "weda_bay",
        "location_label": "Weda Bay Central Block (Halmahera Deposit) - Maluku Utara nickel laterite",
        "lithology": "alluvium",
        "slope_deg": 20.5,
        "distance_to_river_m": 236,
        "distance_to_road_m": 4483,
        "legal_status": "allowed",
        "distance_to_smelter_km": 27.5,
        "area_ha": 1.77,
        "region_id": "SW",
        "fe_oxide_index": 1.103,
        "clay_index": 1.357,
        "ndvi_stress_index": 0.596,
        "tmi_structural_nT": 44823.3,
        "tmi_anomaly_nT": -176.7,
        "elevation_mdpl": 342.5,
        "geochem_assay_ratio": 3.64
      },
      "geometry": {
        "type": "Polygon",
        "coordinates": [
          [
            [
              127.928,
              0.442
            ],
            [
              127.94,
              0.442
            ],
            [
              127.94,
              0.454
            ],
            [
              127.928,
              0.454
            ],
            [
              127.928,
              0.442
            ]
          ]
        ]
      }
    },
    {
      "type": "Feature",
      "properties": {
        "grid_id": "WED131",
        "site": "weda_bay",
        "location_label": "Weda Bay Central Block (Halmahera Deposit) - Maluku Utara nickel laterite",
        "lithology": "serpentinite_simulated",
        "slope_deg": 18.8,
        "distance_to_river_m": 1671,
        "distance_to_road_m": 837,
        "legal_status": "allowed",
        "distance_to_smelter_km": 27.5,
        "area_ha": 1.77,
        "region_id": "SE",
        "fe_oxide_index": 2.684,
        "clay_index": 2.284,
        "ndvi_stress_index": 0.344,
        "tmi_structural_nT": 45308.5,
        "tmi_anomaly_nT": 308.5,
        "elevation_mdpl": 296.3,
        "geochem_assay_ratio": 1.61
      },
      "geometry": {
        "type": "Polygon",
        "coordinates": [
          [
            [
              127.94,
              0.442
            ],
            [
              127.952,
              0.442
            ],
            [
              127.952,
              0.454
            ],
            [
              127.94,
              0.454
            ],
            [
              127.94,
              0.442
            ]
          ]
        ]
      }
    },
    {
      "type": "Feature",
      "properties": {
        "grid_id": "WED132",
        "site": "weda_bay",
        "location_label": "Weda Bay Central Block (Halmahera Deposit) - Maluku Utara nickel laterite",
        "lithology": "serpentinite_simulated",
        "slope_deg": 24.6,
        "distance_to_river_m": 2290,
        "distance_to_road_m": 1788,
        "legal_status": "allowed",
        "distance_to_smelter_km": 28.7,
        "area_ha": 1.77,
        "region_id": "SE",
        "fe_oxide_index": 2.028,
        "clay_index": 2.039,
        "ndvi_stress_index": 0.286,
        "tmi_structural_nT": 45924.6,
        "tmi_anomaly_nT": 924.6,
        "elevation_mdpl": 340.0,
        "geochem_assay_ratio": 2.99
      },
      "geometry": {
        "type": "Polygon",
        "coordinates": [
          [
            [
              127.952,
              0.442
            ],
            [
              127.964,
              0.442
            ],
            [
              127.964,
              0.454
            ],
            [
              127.952,
              0.454
            ],
            [
              127.952,
              0.442
            ]
          ]
        ]
      }
    },
    {
      "type": "Feature",
      "properties": {
        "grid_id": "WED133",
        "site": "weda_bay",
        "location_label": "Weda Bay Central Block (Halmahera Deposit) - Maluku Utara nickel laterite",
        "lithology": "serpentinite_simulated",
        "slope_deg": 23.6,
        "distance_to_river_m": 1027,
        "distance_to_road_m": 2288,
        "legal_status": "allowed",
        "distance_to_smelter_km": 30.8,
        "area_ha": 1.77,
        "region_id": "SE",
        "fe_oxide_index": 2.352,
        "clay_index": 2.215,
        "ndvi_stress_index": 0.261,
        "tmi_structural_nT": 45438.4,
        "tmi_anomaly_nT": 438.4,
        "elevation_mdpl": 284.1,
        "geochem_assay_ratio": 1.5
      },
      "geometry": {
        "type": "Polygon",
        "coordinates": [
          [
            [
              127.964,
              0.442
            ],
            [
              127.976,
              0.442
            ],
            [
              127.976,
              0.454
            ],
            [
              127.964,
              0.454
            ],
            [
              127.964,
              0.442
            ]
          ]
        ]
      }
    },
    {
      "type": "Feature",
      "properties": {
        "grid_id": "WED134",
        "site": "weda_bay",
        "location_label": "Weda Bay Central Block (Halmahera Deposit) - Maluku Utara nickel laterite",
        "lithology": "serpentinite_simulated",
        "slope_deg": 18.5,
        "distance_to_river_m": 854,
        "distance_to_road_m": 1335,
        "legal_status": "allowed",
        "distance_to_smelter_km": 33.7,
        "area_ha": 1.77,
        "region_id": "SE",
        "fe_oxide_index": 2.693,
        "clay_index": 2.106,
        "ndvi_stress_index": 0.267,
        "tmi_structural_nT": 45883.9,
        "tmi_anomaly_nT": 883.9,
        "elevation_mdpl": 340.1,
        "geochem_assay_ratio": 2.84
      },
      "geometry": {
        "type": "Polygon",
        "coordinates": [
          [
            [
              127.976,
              0.442
            ],
            [
              127.988,
              0.442
            ],
            [
              127.988,
              0.454
            ],
            [
              127.976,
              0.454
            ],
            [
              127.976,
              0.442
            ]
          ]
        ]
      }
    },
    {
      "type": "Feature",
      "properties": {
        "grid_id": "WED135",
        "site": "weda_bay",
        "location_label": "Weda Bay Central Block (Halmahera Deposit) - Maluku Utara nickel laterite",
        "lithology": "peridotite_simulated",
        "slope_deg": 23.4,
        "distance_to_river_m": 1889,
        "distance_to_road_m": 3721,
        "legal_status": "allowed",
        "distance_to_smelter_km": 36.9,
        "area_ha": 1.77,
        "region_id": "SE",
        "fe_oxide_index": 2.446,
        "clay_index": 1.614,
        "ndvi_stress_index": 0.195,
        "tmi_structural_nT": 45385.0,
        "tmi_anomaly_nT": 385.0,
        "elevation_mdpl": 313.1,
        "geochem_assay_ratio": 2.06
      },
      "geometry": {
        "type": "Polygon",
        "coordinates": [
          [
            [
              127.988,
              0.442
            ],
            [
              128.0,
              0.442
            ],
            [
              128.0,
              0.454
            ],
            [
              127.988,
              0.454
            ],
            [
              127.988,
              0.442
            ]
          ]
        ]
      }
    },
    {
      "type": "Feature",
      "properties": {
        "grid_id": "WED136",
        "site": "weda_bay",
        "location_label": "Weda Bay Central Block (Halmahera Deposit) - Maluku Utara nickel laterite",
        "lithology": "peridotite_simulated",
        "slope_deg": 16.9,
        "distance_to_river_m": 1883,
        "distance_to_road_m": 436,
        "legal_status": "allowed",
        "distance_to_smelter_km": 40.5,
        "area_ha": 1.77,
        "region_id": "SE",
        "fe_oxide_index": 2.757,
        "clay_index": 2.438,
        "ndvi_stress_index": 0.298,
        "tmi_structural_nT": 45779.5,
        "tmi_anomaly_nT": 779.5,
        "elevation_mdpl": 319.7,
        "geochem_assay_ratio": 1.76
      },
      "geometry": {
        "type": "Polygon",
        "coordinates": [
          [
            [
              128.0,
              0.442
            ],
            [
              128.012,
              0.442
            ],
            [
              128.012,
              0.454
            ],
            [
              128.0,
              0.454
            ],
            [
              128.0,
              0.442
            ]
          ]
        ]
      }
    },
    {
      "type": "Feature",
      "properties": {
        "grid_id": "WED137",
        "site": "weda_bay",
        "location_label": "Weda Bay Central Block (Halmahera Deposit) - Maluku Utara nickel laterite",
        "lithology": "peridotite_simulated",
        "slope_deg": 20.1,
        "distance_to_river_m": 2430,
        "distance_to_road_m": 1241,
        "legal_status": "allowed",
        "distance_to_smelter_km": 44.3,
        "area_ha": 1.77,
        "region_id": "SE",
        "fe_oxide_index": 2.704,
        "clay_index": 1.952,
        "ndvi_stress_index": 0.302,
        "tmi_structural_nT": 45660.5,
        "tmi_anomaly_nT": 660.5,
        "elevation_mdpl": 358.2,
        "geochem_assay_ratio": 2.04
      },
      "geometry": {
        "type": "Polygon",
        "coordinates": [
          [
            [
              128.012,
              0.442
            ],
            [
              128.024,
              0.442
            ],
            [
              128.024,
              0.454
            ],
            [
              128.012,
              0.454
            ],
            [
              128.012,
              0.442
            ]
          ]
        ]
      }
    },
    {
      "type": "Feature",
      "properties": {
        "grid_id": "WED138",
        "site": "weda_bay",
        "location_label": "Weda Bay Central Block (Halmahera Deposit) - Maluku Utara nickel laterite",
        "lithology": "peridotite_simulated",
        "slope_deg": 24.6,
        "distance_to_river_m": 2199,
        "distance_to_road_m": 3123,
        "legal_status": "allowed",
        "distance_to_smelter_km": 48.2,
        "area_ha": 1.77,
        "region_id": "SE",
        "fe_oxide_index": 2.803,
        "clay_index": 2.351,
        "ndvi_stress_index": 0.416,
        "tmi_structural_nT": 45646.3,
        "tmi_anomaly_nT": 646.3,
        "elevation_mdpl": 344.6,
        "geochem_assay_ratio": 1.44
      },
      "geometry": {
        "type": "Polygon",
        "coordinates": [
          [
            [
              128.024,
              0.442
            ],
            [
              128.036,
              0.442
            ],
            [
              128.036,
              0.454
            ],
            [
              128.024,
              0.454
            ],
            [
              128.024,
              0.442
            ]
          ]
        ]
      }
    },
    {
      "type": "Feature",
      "properties": {
        "grid_id": "WED139",
        "site": "weda_bay",
        "location_label": "Weda Bay Central Block (Halmahera Deposit) - Maluku Utara nickel laterite",
        "lithology": "ultramafic_simulated",
        "slope_deg": 16.6,
        "distance_to_river_m": 1480,
        "distance_to_road_m": 2207,
        "legal_status": "allowed",
        "distance_to_smelter_km": 52.2,
        "area_ha": 1.77,
        "region_id": "SE",
        "fe_oxide_index": 2.8,
        "clay_index": 2.076,
        "ndvi_stress_index": 0.328,
        "tmi_structural_nT": 45628.2,
        "tmi_anomaly_nT": 628.2,
        "elevation_mdpl": 308.3,
        "geochem_assay_ratio": 3.09
      },
      "geometry": {
        "type": "Polygon",
        "coordinates": [
          [
            [
              128.036,
              0.442
            ],
            [
              128.048,
              0.442
            ],
            [
              128.048,
              0.454
            ],
            [
              128.036,
              0.454
            ],
            [
              128.036,
              0.442
            ]
          ]
        ]
      }
    },
    {
      "type": "Feature",
      "properties": {
        "grid_id": "WED140",
        "site": "weda_bay",
        "location_label": "Weda Bay Central Block (Halmahera Deposit) - Maluku Utara nickel laterite",
        "lithology": "serpentinite_simulated",
        "slope_deg": 19.1,
        "distance_to_river_m": 1476,
        "distance_to_road_m": 3531,
        "legal_status": "allowed",
        "distance_to_smelter_km": 56.3,
        "area_ha": 1.77,
        "region_id": "SE",
        "fe_oxide_index": 2.429,
        "clay_index": 1.969,
        "ndvi_stress_index": 0.238,
        "tmi_structural_nT": 45693.9,
        "tmi_anomaly_nT": 693.9,
        "elevation_mdpl": 345.1,
        "geochem_assay_ratio": 2.33
      },
      "geometry": {
        "type": "Polygon",
        "coordinates": [
          [
            [
              128.048,
              0.442
            ],
            [
              128.06,
              0.442
            ],
            [
              128.06,
              0.454
            ],
            [
              128.048,
              0.454
            ],
            [
              128.048,
              0.442
            ]
          ]
        ]
      }
    },
    {
      "type": "Feature",
      "properties": {
        "grid_id": "WED141",
        "site": "weda_bay",
        "location_label": "Weda Bay Central Block (Halmahera Deposit) - Maluku Utara nickel laterite",
        "lithology": "serpentinite_simulated",
        "slope_deg": 20.8,
        "distance_to_river_m": 204,
        "distance_to_road_m": 983,
        "legal_status": "allowed",
        "distance_to_smelter_km": 55.0,
        "area_ha": 1.77,
        "region_id": "SW",
        "fe_oxide_index": 2.597,
        "clay_index": 2.32,
        "ndvi_stress_index": 0.405,
        "tmi_structural_nT": 45905.2,
        "tmi_anomaly_nT": 905.2,
        "elevation_mdpl": 306.8,
        "geochem_assay_ratio": 3.12
      },
      "geometry": {
        "type": "Polygon",
        "coordinates": [
          [
            [
              127.82,
              0.454
            ],
            [
              127.832,
              0.454
            ],
            [
              127.832,
              0.466
            ],
            [
              127.82,
              0.466
            ],
            [
              127.82,
              0.454
            ]
          ]
        ]
      }
    },
    {
      "type": "Feature",
      "properties": {
        "grid_id": "WED142",
        "site": "weda_bay",
        "location_label": "Weda Bay Central Block (Halmahera Deposit) - Maluku Utara nickel laterite",
        "lithology": "peridotite_simulated",
        "slope_deg": 20.1,
        "distance_to_river_m": 806,
        "distance_to_road_m": 4422,
        "legal_status": "allowed",
        "distance_to_smelter_km": 50.8,
        "area_ha": 1.77,
        "region_id": "SW",
        "fe_oxide_index": 2.34,
        "clay_index": 2.018,
        "ndvi_stress_index": 0.252,
        "tmi_structural_nT": 45983.3,
        "tmi_anomaly_nT": 983.3,
        "elevation_mdpl": 332.1,
        "geochem_assay_ratio": 1.99
      },
      "geometry": {
        "type": "Polygon",
        "coordinates": [
          [
            [
              127.832,
              0.454
            ],
            [
              127.844,
              0.454
            ],
            [
              127.844,
              0.466
            ],
            [
              127.832,
              0.466
            ],
            [
              127.832,
              0.454
            ]
          ]
        ]
      }
    },
    {
      "type": "Feature",
      "properties": {
        "grid_id": "WED143",
        "site": "weda_bay",
        "location_label": "Weda Bay Central Block (Halmahera Deposit) - Maluku Utara nickel laterite",
        "lithology": "serpentinite_simulated",
        "slope_deg": 18.4,
        "distance_to_river_m": 1917,
        "distance_to_road_m": 3054,
        "legal_status": "allowed",
        "distance_to_smelter_km": 46.6,
        "area_ha": 1.77,
        "region_id": "SW",
        "fe_oxide_index": 2.432,
        "clay_index": 1.783,
        "ndvi_stress_index": 0.279,
        "tmi_structural_nT": 45324.2,
        "tmi_anomaly_nT": 324.2,
        "elevation_mdpl": 326.7,
        "geochem_assay_ratio": 2.06
      },
      "geometry": {
        "type": "Polygon",
        "coordinates": [
          [
            [
              127.844,
              0.454
            ],
            [
              127.856,
              0.454
            ],
            [
              127.856,
              0.466
            ],
            [
              127.844,
              0.466
            ],
            [
              127.844,
              0.454
            ]
          ]
        ]
      }
    },
    {
      "type": "Feature",
      "properties": {
        "grid_id": "WED144",
        "site": "weda_bay",
        "location_label": "Weda Bay Central Block (Halmahera Deposit) - Maluku Utara nickel laterite",
        "lithology": "serpentinite_simulated",
        "slope_deg": 17.7,
        "distance_to_river_m": 1048,
        "distance_to_road_m": 770,
        "legal_status": "allowed",
        "distance_to_smelter_km": 42.5,
        "area_ha": 1.77,
        "region_id": "SW",
        "fe_oxide_index": 1.892,
        "clay_index": 1.824,
        "ndvi_stress_index": 0.225,
        "tmi_structural_nT": 45285.6,
        "tmi_anomaly_nT": 285.6,
        "elevation_mdpl": 298.6,
        "geochem_assay_ratio": 2.41
      },
      "geometry": {
        "type": "Polygon",
        "coordinates": [
          [
            [
              127.856,
              0.454
            ],
            [
              127.868,
              0.454
            ],
            [
              127.868,
              0.466
            ],
            [
              127.856,
              0.466
            ],
            [
              127.856,
              0.454
            ]
          ]
        ]
      }
    },
    {
      "type": "Feature",
      "properties": {
        "grid_id": "WED145",
        "site": "weda_bay",
        "location_label": "Weda Bay Central Block (Halmahera Deposit) - Maluku Utara nickel laterite",
        "lithology": "serpentinite_simulated",
        "slope_deg": 14.9,
        "distance_to_river_m": 800,
        "distance_to_road_m": 2255,
        "legal_status": "allowed",
        "distance_to_smelter_km": 38.4,
        "area_ha": 1.77,
        "region_id": "SW",
        "fe_oxide_index": 2.605,
        "clay_index": 1.908,
        "ndvi_stress_index": 0.324,
        "tmi_structural_nT": 45433.8,
        "tmi_anomaly_nT": 433.8,
        "elevation_mdpl": 293.3,
        "geochem_assay_ratio": 1.43
      },
      "geometry": {
        "type": "Polygon",
        "coordinates": [
          [
            [
              127.868,
              0.454
            ],
            [
              127.88,
              0.454
            ],
            [
              127.88,
              0.466
            ],
            [
              127.868,
              0.466
            ],
            [
              127.868,
              0.454
            ]
          ]
        ]
      }
    },
    {
      "type": "Feature",
      "properties": {
        "grid_id": "WED146",
        "site": "weda_bay",
        "location_label": "Weda Bay Central Block (Halmahera Deposit) - Maluku Utara nickel laterite",
        "lithology": "serpentinite_simulated",
        "slope_deg": 18.4,
        "distance_to_river_m": 1543,
        "distance_to_road_m": 1543,
        "legal_status": "allowed",
        "distance_to_smelter_km": 34.5,
        "area_ha": 1.77,
        "region_id": "SW",
        "fe_oxide_index": 2.283,
        "clay_index": 1.84,
        "ndvi_stress_index": 0.287,
        "tmi_structural_nT": 46066.4,
        "tmi_anomaly_nT": 1066.4,
        "elevation_mdpl": 295.5,
        "geochem_assay_ratio": 1.91
      },
      "geometry": {
        "type": "Polygon",
        "coordinates": [
          [
            [
              127.88,
              0.454
            ],
            [
              127.892,
              0.454
            ],
            [
              127.892,
              0.466
            ],
            [
              127.88,
              0.466
            ],
            [
              127.88,
              0.454
            ]
          ]
        ]
      }
    },
    {
      "type": "Feature",
      "properties": {
        "grid_id": "WED147",
        "site": "weda_bay",
        "location_label": "Weda Bay Central Block (Halmahera Deposit) - Maluku Utara nickel laterite",
        "lithology": "serpentinite_simulated",
        "slope_deg": 16.7,
        "distance_to_river_m": 1639,
        "distance_to_road_m": 2313,
        "legal_status": "allowed",
        "distance_to_smelter_km": 30.8,
        "area_ha": 1.77,
        "region_id": "SW",
        "fe_oxide_index": 2.13,
        "clay_index": 1.607,
        "ndvi_stress_index": 0.393,
        "tmi_structural_nT": 45456.2,
        "tmi_anomaly_nT": 456.2,
        "elevation_mdpl": 354.8,
        "geochem_assay_ratio": 2.92
      },
      "geometry": {
        "type": "Polygon",
        "coordinates": [
          [
            [
              127.892,
              0.454
            ],
            [
              127.904,
              0.454
            ],
            [
              127.904,
              0.466
            ],
            [
              127.892,
              0.466
            ],
            [
              127.892,
              0.454
            ]
          ]
        ]
      }
    },
    {
      "type": "Feature",
      "properties": {
        "grid_id": "WED148",
        "site": "weda_bay",
        "location_label": "Weda Bay Central Block (Halmahera Deposit) - Maluku Utara nickel laterite",
        "lithology": "serpentinite_simulated",
        "slope_deg": 20.9,
        "distance_to_river_m": 1040,
        "distance_to_road_m": 2548,
        "legal_status": "allowed",
        "distance_to_smelter_km": 27.5,
        "area_ha": 1.77,
        "region_id": "SW",
        "fe_oxide_index": 2.817,
        "clay_index": 2.34,
        "ndvi_stress_index": 0.28,
        "tmi_structural_nT": 45573.1,
        "tmi_anomaly_nT": 573.1,
        "elevation_mdpl": 285.6,
        "geochem_assay_ratio": 2.2
      },
      "geometry": {
        "type": "Polygon",
        "coordinates": [
          [
            [
              127.904,
              0.454
            ],
            [
              127.916,
              0.454
            ],
            [
              127.916,
              0.466
            ],
            [
              127.904,
              0.466
            ],
            [
              127.904,
              0.454
            ]
          ]
        ]
      }
    },
    {
      "type": "Feature",
      "properties": {
        "grid_id": "WED149",
        "site": "weda_bay",
        "location_label": "Weda Bay Central Block (Halmahera Deposit) - Maluku Utara nickel laterite",
        "lithology": "peridotite_simulated",
        "slope_deg": 22.6,
        "distance_to_river_m": 409,
        "distance_to_road_m": 2868,
        "legal_status": "allowed",
        "distance_to_smelter_km": 24.8,
        "area_ha": 1.77,
        "region_id": "SW",
        "fe_oxide_index": 2.183,
        "clay_index": 1.811,
        "ndvi_stress_index": 0.415,
        "tmi_structural_nT": 45303.1,
        "tmi_anomaly_nT": 303.1,
        "elevation_mdpl": 303.8,
        "geochem_assay_ratio": 1.97
      },
      "geometry": {
        "type": "Polygon",
        "coordinates": [
          [
            [
              127.916,
              0.454
            ],
            [
              127.928,
              0.454
            ],
            [
              127.928,
              0.466
            ],
            [
              127.916,
              0.466
            ],
            [
              127.916,
              0.454
            ]
          ]
        ]
      }
    },
    {
      "type": "Feature",
      "properties": {
        "grid_id": "WED150",
        "site": "weda_bay",
        "location_label": "Weda Bay Central Block (Halmahera Deposit) - Maluku Utara nickel laterite",
        "lithology": "serpentinite_simulated",
        "slope_deg": 21.7,
        "distance_to_river_m": 1624,
        "distance_to_road_m": 2640,
        "legal_status": "allowed",
        "distance_to_smelter_km": 23.2,
        "area_ha": 1.77,
        "region_id": "SW",
        "fe_oxide_index": 2.706,
        "clay_index": 2.382,
        "ndvi_stress_index": 0.331,
        "tmi_structural_nT": 45665.4,
        "tmi_anomaly_nT": 665.4,
        "elevation_mdpl": 327.1,
        "geochem_assay_ratio": 2.21
      },
      "geometry": {
        "type": "Polygon",
        "coordinates": [
          [
            [
              127.928,
              0.454
            ],
            [
              127.94,
              0.454
            ],
            [
              127.94,
              0.466
            ],
            [
              127.928,
              0.466
            ],
            [
              127.928,
              0.454
            ]
          ]
        ]
      }
    },
    {
      "type": "Feature",
      "properties": {
        "grid_id": "WED151",
        "site": "weda_bay",
        "location_label": "Weda Bay Central Block (Halmahera Deposit) - Maluku Utara nickel laterite",
        "lithology": "ultramafic_simulated",
        "slope_deg": 16.1,
        "distance_to_river_m": 1845,
        "distance_to_road_m": 656,
        "legal_status": "allowed",
        "distance_to_smelter_km": 23.2,
        "area_ha": 1.77,
        "region_id": "SE",
        "fe_oxide_index": 1.829,
        "clay_index": 2.112,
        "ndvi_stress_index": 0.376,
        "tmi_structural_nT": 45822.7,
        "tmi_anomaly_nT": 822.7,
        "elevation_mdpl": 284.3,
        "geochem_assay_ratio": 2.03
      },
      "geometry": {
        "type": "Polygon",
        "coordinates": [
          [
            [
              127.94,
              0.454
            ],
            [
              127.952,
              0.454
            ],
            [
              127.952,
              0.466
            ],
            [
              127.94,
              0.466
            ],
            [
              127.94,
              0.454
            ]
          ]
        ]
      }
    },
    {
      "type": "Feature",
      "properties": {
        "grid_id": "WED152",
        "site": "weda_bay",
        "location_label": "Weda Bay Central Block (Halmahera Deposit) - Maluku Utara nickel laterite",
        "lithology": "ultramafic_simulated",
        "slope_deg": 21.9,
        "distance_to_river_m": 1224,
        "distance_to_road_m": 2761,
        "legal_status": "allowed",
        "distance_to_smelter_km": 24.8,
        "area_ha": 1.77,
        "region_id": "SE",
        "fe_oxide_index": 2.598,
        "clay_index": 2.431,
        "ndvi_stress_index": 0.379,
        "tmi_structural_nT": 45757.6,
        "tmi_anomaly_nT": 757.6,
        "elevation_mdpl": 358.8,
        "geochem_assay_ratio": 2.87
      },
      "geometry": {
        "type": "Polygon",
        "coordinates": [
          [
            [
              127.952,
              0.454
            ],
            [
              127.964,
              0.454
            ],
            [
              127.964,
              0.466
            ],
            [
              127.952,
              0.466
            ],
            [
              127.952,
              0.454
            ]
          ]
        ]
      }
    },
    {
      "type": "Feature",
      "properties": {
        "grid_id": "WED153",
        "site": "weda_bay",
        "location_label": "Weda Bay Central Block (Halmahera Deposit) - Maluku Utara nickel laterite",
        "lithology": "ultramafic_simulated",
        "slope_deg": 19.8,
        "distance_to_river_m": 980,
        "distance_to_road_m": 3853,
        "legal_status": "allowed",
        "distance_to_smelter_km": 27.5,
        "area_ha": 1.77,
        "region_id": "SE",
        "fe_oxide_index": 2.285,
        "clay_index": 2.3,
        "ndvi_stress_index": 0.384,
        "tmi_structural_nT": 45884.9,
        "tmi_anomaly_nT": 884.9,
        "elevation_mdpl": 288.5,
        "geochem_assay_ratio": 2.61
      },
      "geometry": {
        "type": "Polygon",
        "coordinates": [
          [
            [
              127.964,
              0.454
            ],
            [
              127.976,
              0.454
            ],
            [
              127.976,
              0.466
            ],
            [
              127.964,
              0.466
            ],
            [
              127.964,
              0.454
            ]
          ]
        ]
      }
    },
    {
      "type": "Feature",
      "properties": {
        "grid_id": "WED154",
        "site": "weda_bay",
        "location_label": "Weda Bay Central Block (Halmahera Deposit) - Maluku Utara nickel laterite",
        "lithology": "serpentinite_simulated",
        "slope_deg": 17.9,
        "distance_to_river_m": 2073,
        "distance_to_road_m": 3854,
        "legal_status": "allowed",
        "distance_to_smelter_km": 30.8,
        "area_ha": 1.77,
        "region_id": "SE",
        "fe_oxide_index": 2.052,
        "clay_index": 2.388,
        "ndvi_stress_index": 0.38,
        "tmi_structural_nT": 46033.8,
        "tmi_anomaly_nT": 1033.8,
        "elevation_mdpl": 346.3,
        "geochem_assay_ratio": 2.83
      },
      "geometry": {
        "type": "Polygon",
        "coordinates": [
          [
            [
              127.976,
              0.454
            ],
            [
              127.988,
              0.454
            ],
            [
              127.988,
              0.466
            ],
            [
              127.976,
              0.466
            ],
            [
              127.976,
              0.454
            ]
          ]
        ]
      }
    },
    {
      "type": "Feature",
      "properties": {
        "grid_id": "WED155",
        "site": "weda_bay",
        "location_label": "Weda Bay Central Block (Halmahera Deposit) - Maluku Utara nickel laterite",
        "lithology": "peridotite_simulated",
        "slope_deg": 18.1,
        "distance_to_river_m": 2465,
        "distance_to_road_m": 4203,
        "legal_status": "allowed",
        "distance_to_smelter_km": 34.5,
        "area_ha": 1.77,
        "region_id": "SE",
        "fe_oxide_index": 2.364,
        "clay_index": 1.917,
        "ndvi_stress_index": 0.325,
        "tmi_structural_nT": 45690.3,
        "tmi_anomaly_nT": 690.3,
        "elevation_mdpl": 355.2,
        "geochem_assay_ratio": 1.72
      },
      "geometry": {
        "type": "Polygon",
        "coordinates": [
          [
            [
              127.988,
              0.454
            ],
            [
              128.0,
              0.454
            ],
            [
              128.0,
              0.466
            ],
            [
              127.988,
              0.466
            ],
            [
              127.988,
              0.454
            ]
          ]
        ]
      }
    },
    {
      "type": "Feature",
      "properties": {
        "grid_id": "WED156",
        "site": "weda_bay",
        "location_label": "Weda Bay Central Block (Halmahera Deposit) - Maluku Utara nickel laterite",
        "lithology": "serpentinite_simulated",
        "slope_deg": 17.5,
        "distance_to_river_m": 1092,
        "distance_to_road_m": 900,
        "legal_status": "allowed",
        "distance_to_smelter_km": 38.4,
        "area_ha": 1.77,
        "region_id": "SE",
        "fe_oxide_index": 2.301,
        "clay_index": 1.797,
        "ndvi_stress_index": 0.259,
        "tmi_structural_nT": 45431.5,
        "tmi_anomaly_nT": 431.5,
        "elevation_mdpl": 322.4,
        "geochem_assay_ratio": 1.71
      },
      "geometry": {
        "type": "Polygon",
        "coordinates": [
          [
            [
              128.0,
              0.454
            ],
            [
              128.012,
              0.454
            ],
            [
              128.012,
              0.466
            ],
            [
              128.0,
              0.466
            ],
            [
              128.0,
              0.454
            ]
          ]
        ]
      }
    },
    {
      "type": "Feature",
      "properties": {
        "grid_id": "WED157",
        "site": "weda_bay",
        "location_label": "Weda Bay Central Block (Halmahera Deposit) - Maluku Utara nickel laterite",
        "lithology": "serpentinite_simulated",
        "slope_deg": 24.3,
        "distance_to_river_m": 2020,
        "distance_to_road_m": 2706,
        "legal_status": "allowed",
        "distance_to_smelter_km": 42.5,
        "area_ha": 1.77,
        "region_id": "SE",
        "fe_oxide_index": 2.686,
        "clay_index": 1.917,
        "ndvi_stress_index": 0.362,
        "tmi_structural_nT": 45748.4,
        "tmi_anomaly_nT": 748.4,
        "elevation_mdpl": 311.6,
        "geochem_assay_ratio": 3.14
      },
      "geometry": {
        "type": "Polygon",
        "coordinates": [
          [
            [
              128.012,
              0.454
            ],
            [
              128.024,
              0.454
            ],
            [
              128.024,
              0.466
            ],
            [
              128.012,
              0.466
            ],
            [
              128.012,
              0.454
            ]
          ]
        ]
      }
    },
    {
      "type": "Feature",
      "properties": {
        "grid_id": "WED158",
        "site": "weda_bay",
        "location_label": "Weda Bay Central Block (Halmahera Deposit) - Maluku Utara nickel laterite",
        "lithology": "peridotite_simulated",
        "slope_deg": 19.7,
        "distance_to_river_m": 1881,
        "distance_to_road_m": 1131,
        "legal_status": "allowed",
        "distance_to_smelter_km": 46.6,
        "area_ha": 1.77,
        "region_id": "SE",
        "fe_oxide_index": 2.273,
        "clay_index": 1.899,
        "ndvi_stress_index": 0.28,
        "tmi_structural_nT": 45982.1,
        "tmi_anomaly_nT": 982.1,
        "elevation_mdpl": 305.7,
        "geochem_assay_ratio": 1.76
      },
      "geometry": {
        "type": "Polygon",
        "coordinates": [
          [
            [
              128.024,
              0.454
            ],
            [
              128.036,
              0.454
            ],
            [
              128.036,
              0.466
            ],
            [
              128.024,
              0.466
            ],
            [
              128.024,
              0.454
            ]
          ]
        ]
      }
    },
    {
      "type": "Feature",
      "properties": {
        "grid_id": "WED159",
        "site": "weda_bay",
        "location_label": "Weda Bay Central Block (Halmahera Deposit) - Maluku Utara nickel laterite",
        "lithology": "peridotite_simulated",
        "slope_deg": 20.8,
        "distance_to_river_m": 989,
        "distance_to_road_m": 3842,
        "legal_status": "allowed",
        "distance_to_smelter_km": 50.8,
        "area_ha": 1.77,
        "region_id": "SE",
        "fe_oxide_index": 2.721,
        "clay_index": 2.123,
        "ndvi_stress_index": 0.327,
        "tmi_structural_nT": 46038.1,
        "tmi_anomaly_nT": 1038.1,
        "elevation_mdpl": 344.2,
        "geochem_assay_ratio": 1.79
      },
      "geometry": {
        "type": "Polygon",
        "coordinates": [
          [
            [
              128.036,
              0.454
            ],
            [
              128.048,
              0.454
            ],
            [
              128.048,
              0.466
            ],
            [
              128.036,
              0.466
            ],
            [
              128.036,
              0.454
            ]
          ]
        ]
      }
    },
    {
      "type": "Feature",
      "properties": {
        "grid_id": "WED160",
        "site": "weda_bay",
        "location_label": "Weda Bay Central Block (Halmahera Deposit) - Maluku Utara nickel laterite",
        "lithology": "mafic_volcanic_simulated",
        "slope_deg": 15.8,
        "distance_to_river_m": 615,
        "distance_to_road_m": 3804,
        "legal_status": "allowed",
        "distance_to_smelter_km": 55.0,
        "area_ha": 1.77,
        "region_id": "SE",
        "fe_oxide_index": 1.35,
        "clay_index": 1.081,
        "ndvi_stress_index": 0.755,
        "tmi_structural_nT": 45361.5,
        "tmi_anomaly_nT": 361.5,
        "elevation_mdpl": 363.1,
        "geochem_assay_ratio": 4.35
      },
      "geometry": {
        "type": "Polygon",
        "coordinates": [
          [
            [
              128.048,
              0.454
            ],
            [
              128.06,
              0.454
            ],
            [
              128.06,
              0.466
            ],
            [
              128.048,
              0.466
            ],
            [
              128.048,
              0.454
            ]
          ]
        ]
      }
    },
    {
      "type": "Feature",
      "properties": {
        "grid_id": "WED161",
        "site": "weda_bay",
        "location_label": "Weda Bay Central Block (Halmahera Deposit) - Maluku Utara nickel laterite",
        "lithology": "serpentinite_simulated",
        "slope_deg": 21.5,
        "distance_to_river_m": 1852,
        "distance_to_road_m": 560,
        "legal_status": "allowed",
        "distance_to_smelter_km": 54.1,
        "area_ha": 1.77,
        "region_id": "SW",
        "fe_oxide_index": 2.835,
        "clay_index": 1.644,
        "ndvi_stress_index": 0.319,
        "tmi_structural_nT": 45873.8,
        "tmi_anomaly_nT": 873.8,
        "elevation_mdpl": 290.8,
        "geochem_assay_ratio": 1.74
      },
      "geometry": {
        "type": "Polygon",
        "coordinates": [
          [
            [
              127.82,
              0.466
            ],
            [
              127.832,
              0.466
            ],
            [
              127.832,
              0.478
            ],
            [
              127.82,
              0.478
            ],
            [
              127.82,
              0.466
            ]
          ]
        ]
      }
    },
    {
      "type": "Feature",
      "properties": {
        "grid_id": "WED162",
        "site": "weda_bay",
        "location_label": "Weda Bay Central Block (Halmahera Deposit) - Maluku Utara nickel laterite",
        "lithology": "peridotite_simulated",
        "slope_deg": 18.0,
        "distance_to_river_m": 2044,
        "distance_to_road_m": 933,
        "legal_status": "allowed",
        "distance_to_smelter_km": 49.8,
        "area_ha": 1.77,
        "region_id": "SW",
        "fe_oxide_index": 2.261,
        "clay_index": 2.121,
        "ndvi_stress_index": 0.34,
        "tmi_structural_nT": 45827.0,
        "tmi_anomaly_nT": 827.0,
        "elevation_mdpl": 334.9,
        "geochem_assay_ratio": 2.42
      },
      "geometry": {
        "type": "Polygon",
        "coordinates": [
          [
            [
              127.832,
              0.466
            ],
            [
              127.844,
              0.466
            ],
            [
              127.844,
              0.478
            ],
            [
              127.832,
              0.478
            ],
            [
              127.832,
              0.466
            ]
          ]
        ]
      }
    },
    {
      "type": "Feature",
      "properties": {
        "grid_id": "WED163",
        "site": "weda_bay",
        "location_label": "Weda Bay Central Block (Halmahera Deposit) - Maluku Utara nickel laterite",
        "lithology": "peridotite_simulated",
        "slope_deg": 16.1,
        "distance_to_river_m": 461,
        "distance_to_road_m": 3897,
        "legal_status": "allowed",
        "distance_to_smelter_km": 45.5,
        "area_ha": 1.77,
        "region_id": "SW",
        "fe_oxide_index": 2.751,
        "clay_index": 2.305,
        "ndvi_stress_index": 0.377,
        "tmi_structural_nT": 45130.5,
        "tmi_anomaly_nT": 130.5,
        "elevation_mdpl": 325.0,
        "geochem_assay_ratio": 3.0
      },
      "geometry": {
        "type": "Polygon",
        "coordinates": [
          [
            [
              127.844,
              0.466
            ],
            [
              127.856,
              0.466
            ],
            [
              127.856,
              0.478
            ],
            [
              127.844,
              0.478
            ],
            [
              127.844,
              0.466
            ]
          ]
        ]
      }
    },
    {
      "type": "Feature",
      "properties": {
        "grid_id": "WED164",
        "site": "weda_bay",
        "location_label": "Weda Bay Central Block (Halmahera Deposit) - Maluku Utara nickel laterite",
        "lithology": "serpentinite_simulated",
        "slope_deg": 18.6,
        "distance_to_river_m": 2399,
        "distance_to_road_m": 3229,
        "legal_status": "allowed",
        "distance_to_smelter_km": 41.2,
        "area_ha": 1.77,
        "region_id": "SW",
        "fe_oxide_index": 2.487,
        "clay_index": 2.359,
        "ndvi_stress_index": 0.204,
        "tmi_structural_nT": 45161.6,
        "tmi_anomaly_nT": 161.6,
        "elevation_mdpl": 311.5,
        "geochem_assay_ratio": 1.65
      },
      "geometry": {
        "type": "Polygon",
        "coordinates": [
          [
            [
              127.856,
              0.466
            ],
            [
              127.868,
              0.466
            ],
            [
              127.868,
              0.478
            ],
            [
              127.856,
              0.478
            ],
            [
              127.856,
              0.466
            ]
          ]
        ]
      }
    },
    {
      "type": "Feature",
      "properties": {
        "grid_id": "WED165",
        "site": "weda_bay",
        "location_label": "Weda Bay Central Block (Halmahera Deposit) - Maluku Utara nickel laterite",
        "lithology": "serpentinite_simulated",
        "slope_deg": 16.7,
        "distance_to_river_m": 2117,
        "distance_to_road_m": 3494,
        "legal_status": "allowed",
        "distance_to_smelter_km": 36.9,
        "area_ha": 1.77,
        "region_id": "SW",
        "fe_oxide_index": 2.245,
        "clay_index": 2.28,
        "ndvi_stress_index": 0.375,
        "tmi_structural_nT": 45574.1,
        "tmi_anomaly_nT": 574.1,
        "elevation_mdpl": 283.0,
        "geochem_assay_ratio": 2.79
      },
      "geometry": {
        "type": "Polygon",
        "coordinates": [
          [
            [
              127.868,
              0.466
            ],
            [
              127.88,
              0.466
            ],
            [
              127.88,
              0.478
            ],
            [
              127.868,
              0.478
            ],
            [
              127.868,
              0.466
            ]
          ]
        ]
      }
    },
    {
      "type": "Feature",
      "properties": {
        "grid_id": "WED166",
        "site": "weda_bay",
        "location_label": "Weda Bay Central Block (Halmahera Deposit) - Maluku Utara nickel laterite",
        "lithology": "serpentinite_simulated",
        "slope_deg": 21.6,
        "distance_to_river_m": 227,
        "distance_to_road_m": 3805,
        "legal_status": "allowed",
        "distance_to_smelter_km": 32.8,
        "area_ha": 1.77,
        "region_id": "SW",
        "fe_oxide_index": 2.189,
        "clay_index": 1.662,
        "ndvi_stress_index": 0.345,
        "tmi_structural_nT": 45914.4,
        "tmi_anomaly_nT": 914.4,
        "elevation_mdpl": 355.4,
        "geochem_assay_ratio": 2.69
      },
      "geometry": {
        "type": "Polygon",
        "coordinates": [
          [
            [
              127.88,
              0.466
            ],
            [
              127.892,
              0.466
            ],
            [
              127.892,
              0.478
            ],
            [
              127.88,
              0.478
            ],
            [
              127.88,
              0.466
            ]
          ]
        ]
      }
    },
    {
      "type": "Feature",
      "properties": {
        "grid_id": "WED167",
        "site": "weda_bay",
        "location_label": "Weda Bay Central Block (Halmahera Deposit) - Maluku Utara nickel laterite",
        "lithology": "serpentinite_simulated",
        "slope_deg": 16.0,
        "distance_to_river_m": 1469,
        "distance_to_road_m": 779,
        "legal_status": "allowed",
        "distance_to_smelter_km": 28.7,
        "area_ha": 1.77,
        "region_id": "SW",
        "fe_oxide_index": 2.337,
        "clay_index": 1.762,
        "ndvi_stress_index": 0.272,
        "tmi_structural_nT": 45291.7,
        "tmi_anomaly_nT": 291.7,
        "elevation_mdpl": 347.1,
        "geochem_assay_ratio": 1.7
      },
      "geometry": {
        "type": "Polygon",
        "coordinates": [
          [
            [
              127.892,
              0.466
            ],
            [
              127.904,
              0.466
            ],
            [
              127.904,
              0.478
            ],
            [
              127.892,
              0.478
            ],
            [
              127.892,
              0.466
            ]
          ]
        ]
      }
    },
    {
      "type": "Feature",
      "properties": {
        "grid_id": "WED168",
        "site": "weda_bay",
        "location_label": "Weda Bay Central Block (Halmahera Deposit) - Maluku Utara nickel laterite",
        "lithology": "serpentinite_simulated",
        "slope_deg": 16.1,
        "distance_to_river_m": 759,
        "distance_to_road_m": 3285,
        "legal_status": "allowed",
        "distance_to_smelter_km": 24.8,
        "area_ha": 1.77,
        "region_id": "SW",
        "fe_oxide_index": 2.656,
        "clay_index": 2.436,
        "ndvi_stress_index": 0.419,
        "tmi_structural_nT": 45103.3,
        "tmi_anomaly_nT": 103.3,
        "elevation_mdpl": 327.9,
        "geochem_assay_ratio": 1.41
      },
      "geometry": {
        "type": "Polygon",
        "coordinates": [
          [
            [
              127.904,
              0.466
            ],
            [
              127.916,
              0.466
            ],
            [
              127.916,
              0.478
            ],
            [
              127.904,
              0.478
            ],
            [
              127.904,
              0.466
            ]
          ]
        ]
      }
    },
    {
      "type": "Feature",
      "properties": {
        "grid_id": "WED169",
        "site": "weda_bay",
        "location_label": "Weda Bay Central Block (Halmahera Deposit) - Maluku Utara nickel laterite",
        "lithology": "peridotite_simulated",
        "slope_deg": 22.1,
        "distance_to_river_m": 825,
        "distance_to_road_m": 1061,
        "legal_status": "allowed",
        "distance_to_smelter_km": 21.3,
        "area_ha": 1.77,
        "region_id": "SW",
        "fe_oxide_index": 2.153,
        "clay_index": 1.767,
        "ndvi_stress_index": 0.383,
        "tmi_structural_nT": 45288.9,
        "tmi_anomaly_nT": 288.9,
        "elevation_mdpl": 283.5,
        "geochem_assay_ratio": 1.99
      },
      "geometry": {
        "type": "Polygon",
        "coordinates": [
          [
            [
              127.916,
              0.466
            ],
            [
              127.928,
              0.466
            ],
            [
              127.928,
              0.478
            ],
            [
              127.916,
              0.478
            ],
            [
              127.916,
              0.466
            ]
          ]
        ]
      }
    },
    {
      "type": "Feature",
      "properties": {
        "grid_id": "WED170",
        "site": "weda_bay",
        "location_label": "Weda Bay Central Block (Halmahera Deposit) - Maluku Utara nickel laterite",
        "lithology": "serpentinite_simulated",
        "slope_deg": 14.7,
        "distance_to_river_m": 731,
        "distance_to_road_m": 4014,
        "legal_status": "allowed",
        "distance_to_smelter_km": 18.9,
        "area_ha": 1.77,
        "region_id": "SW",
        "fe_oxide_index": 2.537,
        "clay_index": 2.317,
        "ndvi_stress_index": 0.369,
        "tmi_structural_nT": 45566.1,
        "tmi_anomaly_nT": 566.1,
        "elevation_mdpl": 376.1,
        "geochem_assay_ratio": 1.47
      },
      "geometry": {
        "type": "Polygon",
        "coordinates": [
          [
            [
              127.928,
              0.466
            ],
            [
              127.94,
              0.466
            ],
            [
              127.94,
              0.478
            ],
            [
              127.928,
              0.478
            ],
            [
              127.928,
              0.466
            ]
          ]
        ]
      }
    },
    {
      "type": "Feature",
      "properties": {
        "grid_id": "WED171",
        "site": "weda_bay",
        "location_label": "Weda Bay Central Block (Halmahera Deposit) - Maluku Utara nickel laterite",
        "lithology": "ultramafic_simulated",
        "slope_deg": 14.8,
        "distance_to_river_m": 554,
        "distance_to_road_m": 3459,
        "legal_status": "allowed",
        "distance_to_smelter_km": 18.9,
        "area_ha": 1.77,
        "region_id": "SE",
        "fe_oxide_index": 2.595,
        "clay_index": 2.023,
        "ndvi_stress_index": 0.376,
        "tmi_structural_nT": 45170.3,
        "tmi_anomaly_nT": 170.3,
        "elevation_mdpl": 310.6,
        "geochem_assay_ratio": 2.91
      },
      "geometry": {
        "type": "Polygon",
        "coordinates": [
          [
            [
              127.94,
              0.466
            ],
            [
              127.952,
              0.466
            ],
            [
              127.952,
              0.478
            ],
            [
              127.94,
              0.478
            ],
            [
              127.94,
              0.466
            ]
          ]
        ]
      }
    },
    {
      "type": "Feature",
      "properties": {
        "grid_id": "WED172",
        "site": "weda_bay",
        "location_label": "Weda Bay Central Block (Halmahera Deposit) - Maluku Utara nickel laterite",
        "lithology": "alluvium",
        "slope_deg": 21.9,
        "distance_to_river_m": 1752,
        "distance_to_road_m": 4158,
        "legal_status": "allowed",
        "distance_to_smelter_km": 21.3,
        "area_ha": 1.77,
        "region_id": "SE",
        "fe_oxide_index": 1.283,
        "clay_index": 1.353,
        "ndvi_stress_index": 0.507,
        "tmi_structural_nT": 44487.2,
        "tmi_anomaly_nT": -512.8,
        "elevation_mdpl": 284.6,
        "geochem_assay_ratio": 4.79
      },
      "geometry": {
        "type": "Polygon",
        "coordinates": [
          [
            [
              127.952,
              0.466
            ],
            [
              127.964,
              0.466
            ],
            [
              127.964,
              0.478
            ],
            [
              127.952,
              0.478
            ],
            [
              127.952,
              0.466
            ]
          ]
        ]
      }
    },
    {
      "type": "Feature",
      "properties": {
        "grid_id": "WED173",
        "site": "weda_bay",
        "location_label": "Weda Bay Central Block (Halmahera Deposit) - Maluku Utara nickel laterite",
        "lithology": "serpentinite_simulated",
        "slope_deg": 22.0,
        "distance_to_river_m": 892,
        "distance_to_road_m": 888,
        "legal_status": "allowed",
        "distance_to_smelter_km": 24.8,
        "area_ha": 1.77,
        "region_id": "SE",
        "fe_oxide_index": 2.714,
        "clay_index": 2.284,
        "ndvi_stress_index": 0.251,
        "tmi_structural_nT": 45495.1,
        "tmi_anomaly_nT": 495.1,
        "elevation_mdpl": 286.6,
        "geochem_assay_ratio": 2.53
      },
      "geometry": {
        "type": "Polygon",
        "coordinates": [
          [
            [
              127.964,
              0.466
            ],
            [
              127.976,
              0.466
            ],
            [
              127.976,
              0.478
            ],
            [
              127.964,
              0.478
            ],
            [
              127.964,
              0.466
            ]
          ]
        ]
      }
    },
    {
      "type": "Feature",
      "properties": {
        "grid_id": "WED174",
        "site": "weda_bay",
        "location_label": "Weda Bay Central Block (Halmahera Deposit) - Maluku Utara nickel laterite",
        "lithology": "ultramafic_simulated",
        "slope_deg": 22.8,
        "distance_to_river_m": 1572,
        "distance_to_road_m": 3498,
        "legal_status": "allowed",
        "distance_to_smelter_km": 28.7,
        "area_ha": 1.77,
        "region_id": "SE",
        "fe_oxide_index": 2.551,
        "clay_index": 2.37,
        "ndvi_stress_index": 0.378,
        "tmi_structural_nT": 45591.1,
        "tmi_anomaly_nT": 591.1,
        "elevation_mdpl": 327.6,
        "geochem_assay_ratio": 2.19
      },
      "geometry": {
        "type": "Polygon",
        "coordinates": [
          [
            [
              127.976,
              0.466
            ],
            [
              127.988,
              0.466
            ],
            [
              127.988,
              0.478
            ],
            [
              127.976,
              0.478
            ],
            [
              127.976,
              0.466
            ]
          ]
        ]
      }
    },
    {
      "type": "Feature",
      "properties": {
        "grid_id": "WED175",
        "site": "weda_bay",
        "location_label": "Weda Bay Central Block (Halmahera Deposit) - Maluku Utara nickel laterite",
        "lithology": "peridotite_simulated",
        "slope_deg": 23.1,
        "distance_to_river_m": 1677,
        "distance_to_road_m": 3630,
        "legal_status": "allowed",
        "distance_to_smelter_km": 32.8,
        "area_ha": 1.77,
        "region_id": "SE",
        "fe_oxide_index": 1.919,
        "clay_index": 2.072,
        "ndvi_stress_index": 0.345,
        "tmi_structural_nT": 45598.6,
        "tmi_anomaly_nT": 598.6,
        "elevation_mdpl": 377.4,
        "geochem_assay_ratio": 2.58
      },
      "geometry": {
        "type": "Polygon",
        "coordinates": [
          [
            [
              127.988,
              0.466
            ],
            [
              128.0,
              0.466
            ],
            [
              128.0,
              0.478
            ],
            [
              127.988,
              0.478
            ],
            [
              127.988,
              0.466
            ]
          ]
        ]
      }
    },
    {
      "type": "Feature",
      "properties": {
        "grid_id": "WED176",
        "site": "weda_bay",
        "location_label": "Weda Bay Central Block (Halmahera Deposit) - Maluku Utara nickel laterite",
        "lithology": "peridotite_simulated",
        "slope_deg": 18.9,
        "distance_to_river_m": 1744,
        "distance_to_road_m": 1662,
        "legal_status": "allowed",
        "distance_to_smelter_km": 36.9,
        "area_ha": 1.77,
        "region_id": "SE",
        "fe_oxide_index": 2.342,
        "clay_index": 2.32,
        "ndvi_stress_index": 0.395,
        "tmi_structural_nT": 45108.4,
        "tmi_anomaly_nT": 108.4,
        "elevation_mdpl": 377.7,
        "geochem_assay_ratio": 2.73
      },
      "geometry": {
        "type": "Polygon",
        "coordinates": [
          [
            [
              128.0,
              0.466
            ],
            [
              128.012,
              0.466
            ],
            [
              128.012,
              0.478
            ],
            [
              128.0,
              0.478
            ],
            [
              128.0,
              0.466
            ]
          ]
        ]
      }
    },
    {
      "type": "Feature",
      "properties": {
        "grid_id": "WED177",
        "site": "weda_bay",
        "location_label": "Weda Bay Central Block (Halmahera Deposit) - Maluku Utara nickel laterite",
        "lithology": "ultramafic_simulated",
        "slope_deg": 19.5,
        "distance_to_river_m": 1399,
        "distance_to_road_m": 4384,
        "legal_status": "allowed",
        "distance_to_smelter_km": 41.2,
        "area_ha": 1.77,
        "region_id": "SE",
        "fe_oxide_index": 2.477,
        "clay_index": 2.363,
        "ndvi_stress_index": 0.213,
        "tmi_structural_nT": 46073.4,
        "tmi_anomaly_nT": 1073.4,
        "elevation_mdpl": 290.6,
        "geochem_assay_ratio": 3.06
      },
      "geometry": {
        "type": "Polygon",
        "coordinates": [
          [
            [
              128.012,
              0.466
            ],
            [
              128.024,
              0.466
            ],
            [
              128.024,
              0.478
            ],
            [
              128.012,
              0.478
            ],
            [
              128.012,
              0.466
            ]
          ]
        ]
      }
    },
    {
      "type": "Feature",
      "properties": {
        "grid_id": "WED178",
        "site": "weda_bay",
        "location_label": "Weda Bay Central Block (Halmahera Deposit) - Maluku Utara nickel laterite",
        "lithology": "ultramafic_simulated",
        "slope_deg": 17.4,
        "distance_to_river_m": 1172,
        "distance_to_road_m": 2356,
        "legal_status": "allowed",
        "distance_to_smelter_km": 45.5,
        "area_ha": 1.77,
        "region_id": "SE",
        "fe_oxide_index": 2.087,
        "clay_index": 2.416,
        "ndvi_stress_index": 0.21,
        "tmi_structural_nT": 45392.3,
        "tmi_anomaly_nT": 392.3,
        "elevation_mdpl": 362.4,
        "geochem_assay_ratio": 3.13
      },
      "geometry": {
        "type": "Polygon",
        "coordinates": [
          [
            [
              128.024,
              0.466
            ],
            [
              128.036,
              0.466
            ],
            [
              128.036,
              0.478
            ],
            [
              128.024,
              0.478
            ],
            [
              128.024,
              0.466
            ]
          ]
        ]
      }
    },
    {
      "type": "Feature",
      "properties": {
        "grid_id": "WED179",
        "site": "weda_bay",
        "location_label": "Weda Bay Central Block (Halmahera Deposit) - Maluku Utara nickel laterite",
        "lithology": "peridotite_simulated",
        "slope_deg": 24.9,
        "distance_to_river_m": 2210,
        "distance_to_road_m": 3078,
        "legal_status": "allowed",
        "distance_to_smelter_km": 49.8,
        "area_ha": 1.77,
        "region_id": "SE",
        "fe_oxide_index": 2.513,
        "clay_index": 2.242,
        "ndvi_stress_index": 0.333,
        "tmi_structural_nT": 45157.0,
        "tmi_anomaly_nT": 157.0,
        "elevation_mdpl": 359.8,
        "geochem_assay_ratio": 1.81
      },
      "geometry": {
        "type": "Polygon",
        "coordinates": [
          [
            [
              128.036,
              0.466
            ],
            [
              128.048,
              0.466
            ],
            [
              128.048,
              0.478
            ],
            [
              128.036,
              0.478
            ],
            [
              128.036,
              0.466
            ]
          ]
        ]
      }
    },
    {
      "type": "Feature",
      "properties": {
        "grid_id": "WED180",
        "site": "weda_bay",
        "location_label": "Weda Bay Central Block (Halmahera Deposit) - Maluku Utara nickel laterite",
        "lithology": "ultramafic_simulated",
        "slope_deg": 24.1,
        "distance_to_river_m": 1779,
        "distance_to_road_m": 3735,
        "legal_status": "allowed",
        "distance_to_smelter_km": 54.1,
        "area_ha": 1.77,
        "region_id": "SE",
        "fe_oxide_index": 1.885,
        "clay_index": 2.294,
        "ndvi_stress_index": 0.194,
        "tmi_structural_nT": 45345.7,
        "tmi_anomaly_nT": 345.7,
        "elevation_mdpl": 304.2,
        "geochem_assay_ratio": 2.77
      },
      "geometry": {
        "type": "Polygon",
        "coordinates": [
          [
            [
              128.048,
              0.466
            ],
            [
              128.06,
              0.466
            ],
            [
              128.06,
              0.478
            ],
            [
              128.048,
              0.478
            ],
            [
              128.048,
              0.466
            ]
          ]
        ]
      }
    },
    {
      "type": "Feature",
      "properties": {
        "grid_id": "WED181",
        "site": "weda_bay",
        "location_label": "Weda Bay Central Block (Halmahera Deposit) - Maluku Utara nickel laterite",
        "lithology": "mafic_volcanic_simulated",
        "slope_deg": 21.0,
        "distance_to_river_m": 244,
        "distance_to_road_m": 398,
        "legal_status": "allowed",
        "distance_to_smelter_km": 53.6,
        "area_ha": 1.77,
        "region_id": "SW",
        "fe_oxide_index": 1.57,
        "clay_index": 1.18,
        "ndvi_stress_index": 0.536,
        "tmi_structural_nT": 44475.4,
        "tmi_anomaly_nT": -524.6,
        "elevation_mdpl": 347.5,
        "geochem_assay_ratio": 4.16
      },
      "geometry": {
        "type": "Polygon",
        "coordinates": [
          [
            [
              127.82,
              0.478
            ],
            [
              127.832,
              0.478
            ],
            [
              127.832,
              0.49
            ],
            [
              127.82,
              0.49
            ],
            [
              127.82,
              0.478
            ]
          ]
        ]
      }
    },
    {
      "type": "Feature",
      "properties": {
        "grid_id": "WED182",
        "site": "weda_bay",
        "location_label": "Weda Bay Central Block (Halmahera Deposit) - Maluku Utara nickel laterite",
        "lithology": "serpentinite_simulated",
        "slope_deg": 22.1,
        "distance_to_river_m": 1138,
        "distance_to_road_m": 3262,
        "legal_status": "allowed",
        "distance_to_smelter_km": 49.3,
        "area_ha": 1.77,
        "region_id": "SW",
        "fe_oxide_index": 2.146,
        "clay_index": 1.778,
        "ndvi_stress_index": 0.363,
        "tmi_structural_nT": 46096.8,
        "tmi_anomaly_nT": 1096.8,
        "elevation_mdpl": 311.7,
        "geochem_assay_ratio": 3.15
      },
      "geometry": {
        "type": "Polygon",
        "coordinates": [
          [
            [
              127.832,
              0.478
            ],
            [
              127.844,
              0.478
            ],
            [
              127.844,
              0.49
            ],
            [
              127.832,
              0.49
            ],
            [
              127.832,
              0.478
            ]
          ]
        ]
      }
    },
    {
      "type": "Feature",
      "properties": {
        "grid_id": "WED183",
        "site": "weda_bay",
        "location_label": "Weda Bay Central Block (Halmahera Deposit) - Maluku Utara nickel laterite",
        "lithology": "mafic_volcanic_simulated",
        "slope_deg": 15.9,
        "distance_to_river_m": 1381,
        "distance_to_road_m": 1745,
        "legal_status": "allowed",
        "distance_to_smelter_km": 44.9,
        "area_ha": 1.77,
        "region_id": "SW",
        "fe_oxide_index": 1.127,
        "clay_index": 1.249,
        "ndvi_stress_index": 0.686,
        "tmi_structural_nT": 44488.0,
        "tmi_anomaly_nT": -512.0,
        "elevation_mdpl": 348.6,
        "geochem_assay_ratio": 5.73
      },
      "geometry": {
        "type": "Polygon",
        "coordinates": [
          [
            [
              127.844,
              0.478
            ],
            [
              127.856,
              0.478
            ],
            [
              127.856,
              0.49
            ],
            [
              127.844,
              0.49
            ],
            [
              127.844,
              0.478
            ]
          ]
        ]
      }
    },
    {
      "type": "Feature",
      "properties": {
        "grid_id": "WED184",
        "site": "weda_bay",
        "location_label": "Weda Bay Central Block (Halmahera Deposit) - Maluku Utara nickel laterite",
        "lithology": "ultramafic_simulated",
        "slope_deg": 14.5,
        "distance_to_river_m": 200,
        "distance_to_road_m": 2708,
        "legal_status": "allowed",
        "distance_to_smelter_km": 40.5,
        "area_ha": 1.77,
        "region_id": "SW",
        "fe_oxide_index": 1.932,
        "clay_index": 2.23,
        "ndvi_stress_index": 0.29,
        "tmi_structural_nT": 45906.2,
        "tmi_anomaly_nT": 906.2,
        "elevation_mdpl": 360.2,
        "geochem_assay_ratio": 2.29
      },
      "geometry": {
        "type": "Polygon",
        "coordinates": [
          [
            [
              127.856,
              0.478
            ],
            [
              127.868,
              0.478
            ],
            [
              127.868,
              0.49
            ],
            [
              127.856,
              0.49
            ],
            [
              127.856,
              0.478
            ]
          ]
        ]
      }
    },
    {
      "type": "Feature",
      "properties": {
        "grid_id": "WED185",
        "site": "weda_bay",
        "location_label": "Weda Bay Central Block (Halmahera Deposit) - Maluku Utara nickel laterite",
        "lithology": "peridotite_simulated",
        "slope_deg": 24.9,
        "distance_to_river_m": 2162,
        "distance_to_road_m": 3729,
        "legal_status": "allowed",
        "distance_to_smelter_km": 36.2,
        "area_ha": 1.77,
        "region_id": "SW",
        "fe_oxide_index": 2.066,
        "clay_index": 1.626,
        "ndvi_stress_index": 0.315,
        "tmi_structural_nT": 45497.1,
        "tmi_anomaly_nT": 497.1,
        "elevation_mdpl": 293.6,
        "geochem_assay_ratio": 2.6
      },
      "geometry": {
        "type": "Polygon",
        "coordinates": [
          [
            [
              127.868,
              0.478
            ],
            [
              127.88,
              0.478
            ],
            [
              127.88,
              0.49
            ],
            [
              127.868,
              0.49
            ],
            [
              127.868,
              0.478
            ]
          ]
        ]
      }
    },
    {
      "type": "Feature",
      "properties": {
        "grid_id": "WED186",
        "site": "weda_bay",
        "location_label": "Weda Bay Central Block (Halmahera Deposit) - Maluku Utara nickel laterite",
        "lithology": "serpentinite_simulated",
        "slope_deg": 24.2,
        "distance_to_river_m": 1172,
        "distance_to_road_m": 3613,
        "legal_status": "allowed",
        "distance_to_smelter_km": 31.8,
        "area_ha": 1.77,
        "region_id": "SW",
        "fe_oxide_index": 2.398,
        "clay_index": 2.217,
        "ndvi_stress_index": 0.261,
        "tmi_structural_nT": 45898.4,
        "tmi_anomaly_nT": 898.4,
        "elevation_mdpl": 340.4,
        "geochem_assay_ratio": 2.75
      },
      "geometry": {
        "type": "Polygon",
        "coordinates": [
          [
            [
              127.88,
              0.478
            ],
            [
              127.892,
              0.478
            ],
            [
              127.892,
              0.49
            ],
            [
              127.88,
              0.49
            ],
            [
              127.88,
              0.478
            ]
          ]
        ]
      }
    },
    {
      "type": "Feature",
      "properties": {
        "grid_id": "WED187",
        "site": "weda_bay",
        "location_label": "Weda Bay Central Block (Halmahera Deposit) - Maluku Utara nickel laterite",
        "lithology": "alluvium",
        "slope_deg": 18.3,
        "distance_to_river_m": 1724,
        "distance_to_road_m": 887,
        "legal_status": "allowed",
        "distance_to_smelter_km": 27.5,
        "area_ha": 1.77,
        "region_id": "SW",
        "fe_oxide_index": 1.651,
        "clay_index": 1.135,
        "ndvi_stress_index": 0.509,
        "tmi_structural_nT": 45066.3,
        "tmi_anomaly_nT": 66.3,
        "elevation_mdpl": 377.8,
        "geochem_assay_ratio": 4.2
      },
      "geometry": {
        "type": "Polygon",
        "coordinates": [
          [
            [
              127.892,
              0.478
            ],
            [
              127.904,
              0.478
            ],
            [
              127.904,
              0.49
            ],
            [
              127.892,
              0.49
            ],
            [
              127.892,
              0.478
            ]
          ]
        ]
      }
    },
    {
      "type": "Feature",
      "properties": {
        "grid_id": "WED188",
        "site": "weda_bay",
        "location_label": "Weda Bay Central Block (Halmahera Deposit) - Maluku Utara nickel laterite",
        "lithology": "serpentinite_simulated",
        "slope_deg": 17.9,
        "distance_to_river_m": 2020,
        "distance_to_road_m": 4218,
        "legal_status": "allowed",
        "distance_to_smelter_km": 23.2,
        "area_ha": 1.77,
        "region_id": "SW",
        "fe_oxide_index": 2.241,
        "clay_index": 2.009,
        "ndvi_stress_index": 0.245,
        "tmi_structural_nT": 45306.3,
        "tmi_anomaly_nT": 306.3,
        "elevation_mdpl": 301.0,
        "geochem_assay_ratio": 2.66
      },
      "geometry": {
        "type": "Polygon",
        "coordinates": [
          [
            [
              127.904,
              0.478
            ],
            [
              127.916,
              0.478
            ],
            [
              127.916,
              0.49
            ],
            [
              127.904,
              0.49
            ],
            [
              127.904,
              0.478
            ]
          ]
        ]
      }
    },
    {
      "type": "Feature",
      "properties": {
        "grid_id": "WED189",
        "site": "weda_bay",
        "location_label": "Weda Bay Central Block (Halmahera Deposit) - Maluku Utara nickel laterite",
        "lithology": "peridotite_simulated",
        "slope_deg": 16.8,
        "distance_to_river_m": 2492,
        "distance_to_road_m": 2516,
        "legal_status": "allowed",
        "distance_to_smelter_km": 18.9,
        "area_ha": 1.77,
        "region_id": "SW",
        "fe_oxide_index": 2.627,
        "clay_index": 2.426,
        "ndvi_stress_index": 0.402,
        "tmi_structural_nT": 45443.3,
        "tmi_anomaly_nT": 443.3,
        "elevation_mdpl": 367.5,
        "geochem_assay_ratio": 1.52
      },
      "geometry": {
        "type": "Polygon",
        "coordinates": [
          [
            [
              127.916,
              0.478
            ],
            [
              127.928,
              0.478
            ],
            [
              127.928,
              0.49
            ],
            [
              127.916,
              0.49
            ],
            [
              127.916,
              0.478
            ]
          ]
        ]
      }
    },
    {
      "type": "Feature",
      "properties": {
        "grid_id": "WED190",
        "site": "weda_bay",
        "location_label": "Weda Bay Central Block (Halmahera Deposit) - Maluku Utara nickel laterite",
        "lithology": "serpentinite_simulated",
        "slope_deg": 24.4,
        "distance_to_river_m": 2364,
        "distance_to_road_m": 3430,
        "legal_status": "allowed",
        "distance_to_smelter_km": 15.1,
        "area_ha": 1.77,
        "region_id": "SW",
        "fe_oxide_index": 2.828,
        "clay_index": 1.736,
        "ndvi_stress_index": 0.346,
        "tmi_structural_nT": 45769.8,
        "tmi_anomaly_nT": 769.8,
        "elevation_mdpl": 379.8,
        "geochem_assay_ratio": 2.49
      },
      "geometry": {
        "type": "Polygon",
        "coordinates": [
          [
            [
              127.928,
              0.478
            ],
            [
              127.94,
              0.478
            ],
            [
              127.94,
              0.49
            ],
            [
              127.928,
              0.49
            ],
            [
              127.928,
              0.478
            ]
          ]
        ]
      }
    },
    {
      "type": "Feature",
      "properties": {
        "grid_id": "WED191",
        "site": "weda_bay",
        "location_label": "Weda Bay Central Block (Halmahera Deposit) - Maluku Utara nickel laterite",
        "lithology": "peridotite_simulated",
        "slope_deg": 14.4,
        "distance_to_river_m": 724,
        "distance_to_road_m": 663,
        "legal_status": "allowed",
        "distance_to_smelter_km": 15.1,
        "area_ha": 1.77,
        "region_id": "SE",
        "fe_oxide_index": 2.619,
        "clay_index": 2.13,
        "ndvi_stress_index": 0.353,
        "tmi_structural_nT": 46046.1,
        "tmi_anomaly_nT": 1046.1,
        "elevation_mdpl": 291.5,
        "geochem_assay_ratio": 2.05
      },
      "geometry": {
        "type": "Polygon",
        "coordinates": [
          [
            [
              127.94,
              0.478
            ],
            [
              127.952,
              0.478
            ],
            [
              127.952,
              0.49
            ],
            [
              127.94,
              0.49
            ],
            [
              127.94,
              0.478
            ]
          ]
        ]
      }
    },
    {
      "type": "Feature",
      "properties": {
        "grid_id": "WED192",
        "site": "weda_bay",
        "location_label": "Weda Bay Central Block (Halmahera Deposit) - Maluku Utara nickel laterite",
        "lithology": "peridotite_simulated",
        "slope_deg": 19.7,
        "distance_to_river_m": 1993,
        "distance_to_road_m": 1697,
        "legal_status": "allowed",
        "distance_to_smelter_km": 18.9,
        "area_ha": 1.77,
        "region_id": "SE",
        "fe_oxide_index": 2.84,
        "clay_index": 2.1,
        "ndvi_stress_index": 0.318,
        "tmi_structural_nT": 45197.0,
        "tmi_anomaly_nT": 197.0,
        "elevation_mdpl": 313.5,
        "geochem_assay_ratio": 1.93
      },
      "geometry": {
        "type": "Polygon",
        "coordinates": [
          [
            [
              127.952,
              0.478
            ],
            [
              127.964,
              0.478
            ],
            [
              127.964,
              0.49
            ],
            [
              127.952,
              0.49
            ],
            [
              127.952,
              0.478
            ]
          ]
        ]
      }
    },
    {
      "type": "Feature",
      "properties": {
        "grid_id": "WED193",
        "site": "weda_bay",
        "location_label": "Weda Bay Central Block (Halmahera Deposit) - Maluku Utara nickel laterite",
        "lithology": "alluvium",
        "slope_deg": 16.9,
        "distance_to_river_m": 1111,
        "distance_to_road_m": 790,
        "legal_status": "allowed",
        "distance_to_smelter_km": 23.2,
        "area_ha": 1.77,
        "region_id": "SE",
        "fe_oxide_index": 1.216,
        "clay_index": 1.148,
        "ndvi_stress_index": 0.744,
        "tmi_structural_nT": 45258.3,
        "tmi_anomaly_nT": 258.3,
        "elevation_mdpl": 370.4,
        "geochem_assay_ratio": 3.77
      },
      "geometry": {
        "type": "Polygon",
        "coordinates": [
          [
            [
              127.964,
              0.478
            ],
            [
              127.976,
              0.478
            ],
            [
              127.976,
              0.49
            ],
            [
              127.964,
              0.49
            ],
            [
              127.964,
              0.478
            ]
          ]
        ]
      }
    },
    {
      "type": "Feature",
      "properties": {
        "grid_id": "WED194",
        "site": "weda_bay",
        "location_label": "Weda Bay Central Block (Halmahera Deposit) - Maluku Utara nickel laterite",
        "lithology": "peridotite_simulated",
        "slope_deg": 24.5,
        "distance_to_river_m": 380,
        "distance_to_road_m": 1990,
        "legal_status": "allowed",
        "distance_to_smelter_km": 27.5,
        "area_ha": 1.77,
        "region_id": "SE",
        "fe_oxide_index": 2.473,
        "clay_index": 2.432,
        "ndvi_stress_index": 0.25,
        "tmi_structural_nT": 45191.6,
        "tmi_anomaly_nT": 191.6,
        "elevation_mdpl": 324.8,
        "geochem_assay_ratio": 1.83
      },
      "geometry": {
        "type": "Polygon",
        "coordinates": [
          [
            [
              127.976,
              0.478
            ],
            [
              127.988,
              0.478
            ],
            [
              127.988,
              0.49
            ],
            [
              127.976,
              0.49
            ],
            [
              127.976,
              0.478
            ]
          ]
        ]
      }
    },
    {
      "type": "Feature",
      "properties": {
        "grid_id": "WED195",
        "site": "weda_bay",
        "location_label": "Weda Bay Central Block (Halmahera Deposit) - Maluku Utara nickel laterite",
        "lithology": "serpentinite_simulated",
        "slope_deg": 19.3,
        "distance_to_river_m": 1547,
        "distance_to_road_m": 1964,
        "legal_status": "allowed",
        "distance_to_smelter_km": 31.8,
        "area_ha": 1.77,
        "region_id": "SE",
        "fe_oxide_index": 2.269,
        "clay_index": 1.935,
        "ndvi_stress_index": 0.319,
        "tmi_structural_nT": 46085.8,
        "tmi_anomaly_nT": 1085.8,
        "elevation_mdpl": 370.0,
        "geochem_assay_ratio": 3.02
      },
      "geometry": {
        "type": "Polygon",
        "coordinates": [
          [
            [
              127.988,
              0.478
            ],
            [
              128.0,
              0.478
            ],
            [
              128.0,
              0.49
            ],
            [
              127.988,
              0.49
            ],
            [
              127.988,
              0.478
            ]
          ]
        ]
      }
    },
    {
      "type": "Feature",
      "properties": {
        "grid_id": "WED196",
        "site": "weda_bay",
        "location_label": "Weda Bay Central Block (Halmahera Deposit) - Maluku Utara nickel laterite",
        "lithology": "peridotite_simulated",
        "slope_deg": 20.3,
        "distance_to_river_m": 2007,
        "distance_to_road_m": 828,
        "legal_status": "allowed",
        "distance_to_smelter_km": 36.2,
        "area_ha": 1.77,
        "region_id": "SE",
        "fe_oxide_index": 1.991,
        "clay_index": 2.259,
        "ndvi_stress_index": 0.271,
        "tmi_structural_nT": 45106.9,
        "tmi_anomaly_nT": 106.9,
        "elevation_mdpl": 334.0,
        "geochem_assay_ratio": 2.7
      },
      "geometry": {
        "type": "Polygon",
        "coordinates": [
          [
            [
              128.0,
              0.478
            ],
            [
              128.012,
              0.478
            ],
            [
              128.012,
              0.49
            ],
            [
              128.0,
              0.49
            ],
            [
              128.0,
              0.478
            ]
          ]
        ]
      }
    },
    {
      "type": "Feature",
      "properties": {
        "grid_id": "WED197",
        "site": "weda_bay",
        "location_label": "Weda Bay Central Block (Halmahera Deposit) - Maluku Utara nickel laterite",
        "lithology": "mafic_volcanic_simulated",
        "slope_deg": 20.6,
        "distance_to_river_m": 2173,
        "distance_to_road_m": 3943,
        "legal_status": "allowed",
        "distance_to_smelter_km": 40.5,
        "area_ha": 1.77,
        "region_id": "SE",
        "fe_oxide_index": 1.126,
        "clay_index": 1.022,
        "ndvi_stress_index": 0.64,
        "tmi_structural_nT": 45338.6,
        "tmi_anomaly_nT": 338.6,
        "elevation_mdpl": 289.9,
        "geochem_assay_ratio": 4.19
      },
      "geometry": {
        "type": "Polygon",
        "coordinates": [
          [
            [
              128.012,
              0.478
            ],
            [
              128.024,
              0.478
            ],
            [
              128.024,
              0.49
            ],
            [
              128.012,
              0.49
            ],
            [
              128.012,
              0.478
            ]
          ]
        ]
      }
    },
    {
      "type": "Feature",
      "properties": {
        "grid_id": "WED198",
        "site": "weda_bay",
        "location_label": "Weda Bay Central Block (Halmahera Deposit) - Maluku Utara nickel laterite",
        "lithology": "ultramafic_simulated",
        "slope_deg": 18.8,
        "distance_to_river_m": 2210,
        "distance_to_road_m": 4112,
        "legal_status": "allowed",
        "distance_to_smelter_km": 44.9,
        "area_ha": 1.77,
        "region_id": "SE",
        "fe_oxide_index": 2.193,
        "clay_index": 2.026,
        "ndvi_stress_index": 0.283,
        "tmi_structural_nT": 45623.5,
        "tmi_anomaly_nT": 623.5,
        "elevation_mdpl": 309.0,
        "geochem_assay_ratio": 2.37
      },
      "geometry": {
        "type": "Polygon",
        "coordinates": [
          [
            [
              128.024,
              0.478
            ],
            [
              128.036,
              0.478
            ],
            [
              128.036,
              0.49
            ],
            [
              128.024,
              0.49
            ],
            [
              128.024,
              0.478
            ]
          ]
        ]
      }
    },
    {
      "type": "Feature",
      "properties": {
        "grid_id": "WED199",
        "site": "weda_bay",
        "location_label": "Weda Bay Central Block (Halmahera Deposit) - Maluku Utara nickel laterite",
        "lithology": "ultramafic_simulated",
        "slope_deg": 24.1,
        "distance_to_river_m": 465,
        "distance_to_road_m": 2687,
        "legal_status": "allowed",
        "distance_to_smelter_km": 49.3,
        "area_ha": 1.77,
        "region_id": "SE",
        "fe_oxide_index": 2.663,
        "clay_index": 1.78,
        "ndvi_stress_index": 0.413,
        "tmi_structural_nT": 45761.8,
        "tmi_anomaly_nT": 761.8,
        "elevation_mdpl": 280.7,
        "geochem_assay_ratio": 2.69
      },
      "geometry": {
        "type": "Polygon",
        "coordinates": [
          [
            [
              128.036,
              0.478
            ],
            [
              128.048,
              0.478
            ],
            [
              128.048,
              0.49
            ],
            [
              128.036,
              0.49
            ],
            [
              128.036,
              0.478
            ]
          ]
        ]
      }
    },
    {
      "type": "Feature",
      "properties": {
        "grid_id": "WED200",
        "site": "weda_bay",
        "location_label": "Weda Bay Central Block (Halmahera Deposit) - Maluku Utara nickel laterite",
        "lithology": "serpentinite_simulated",
        "slope_deg": 21.2,
        "distance_to_river_m": 1320,
        "distance_to_road_m": 3616,
        "legal_status": "allowed",
        "distance_to_smelter_km": 53.6,
        "area_ha": 1.77,
        "region_id": "SE",
        "fe_oxide_index": 2.655,
        "clay_index": 2.392,
        "ndvi_stress_index": 0.376,
        "tmi_structural_nT": 45819.6,
        "tmi_anomaly_nT": 819.6,
        "elevation_mdpl": 318.5,
        "geochem_assay_ratio": 2.95
      },
      "geometry": {
        "type": "Polygon",
        "coordinates": [
          [
            [
              128.048,
              0.478
            ],
            [
              128.06,
              0.478
            ],
            [
              128.06,
              0.49
            ],
            [
              128.048,
              0.49
            ],
            [
              128.048,
              0.478
            ]
          ]
        ]
      }
    },
    {
      "type": "Feature",
      "properties": {
        "grid_id": "WED201",
        "site": "weda_bay",
        "location_label": "Weda Bay Central Block (Halmahera Deposit) - Maluku Utara nickel laterite",
        "lithology": "peridotite_simulated",
        "slope_deg": 17.3,
        "distance_to_river_m": 820,
        "distance_to_road_m": 1041,
        "legal_status": "allowed",
        "distance_to_smelter_km": 53.6,
        "area_ha": 1.77,
        "region_id": "NW",
        "fe_oxide_index": 2.382,
        "clay_index": 2.188,
        "ndvi_stress_index": 0.279,
        "tmi_structural_nT": 45707.3,
        "tmi_anomaly_nT": 707.3,
        "elevation_mdpl": 339.5,
        "geochem_assay_ratio": 2.37
      },
      "geometry": {
        "type": "Polygon",
        "coordinates": [
          [
            [
              127.82,
              0.49
            ],
            [
              127.832,
              0.49
            ],
            [
              127.832,
              0.502
            ],
            [
              127.82,
              0.502
            ],
            [
              127.82,
              0.49
            ]
          ]
        ]
      }
    },
    {
      "type": "Feature",
      "properties": {
        "grid_id": "WED202",
        "site": "weda_bay",
        "location_label": "Weda Bay Central Block (Halmahera Deposit) - Maluku Utara nickel laterite",
        "lithology": "ultramafic_simulated",
        "slope_deg": 23.9,
        "distance_to_river_m": 432,
        "distance_to_road_m": 815,
        "legal_status": "allowed",
        "distance_to_smelter_km": 49.3,
        "area_ha": 1.77,
        "region_id": "NW",
        "fe_oxide_index": 1.823,
        "clay_index": 1.901,
        "ndvi_stress_index": 0.3,
        "tmi_structural_nT": 45423.4,
        "tmi_anomaly_nT": 423.4,
        "elevation_mdpl": 332.3,
        "geochem_assay_ratio": 1.98
      },
      "geometry": {
        "type": "Polygon",
        "coordinates": [
          [
            [
              127.832,
              0.49
            ],
            [
              127.844,
              0.49
            ],
            [
              127.844,
              0.502
            ],
            [
              127.832,
              0.502
            ],
            [
              127.832,
              0.49
            ]
          ]
        ]
      }
    },
    {
      "type": "Feature",
      "properties": {
        "grid_id": "WED203",
        "site": "weda_bay",
        "location_label": "Weda Bay Central Block (Halmahera Deposit) - Maluku Utara nickel laterite",
        "lithology": "alluvium",
        "slope_deg": 24.5,
        "distance_to_river_m": 2300,
        "distance_to_road_m": 2143,
        "legal_status": "allowed",
        "distance_to_smelter_km": 44.9,
        "area_ha": 1.77,
        "region_id": "NW",
        "fe_oxide_index": 1.222,
        "clay_index": 1.42,
        "ndvi_stress_index": 0.699,
        "tmi_structural_nT": 44975.2,
        "tmi_anomaly_nT": -24.8,
        "elevation_mdpl": 351.1,
        "geochem_assay_ratio": 5.36
      },
      "geometry": {
        "type": "Polygon",
        "coordinates": [
          [
            [
              127.844,
              0.49
            ],
            [
              127.856,
              0.49
            ],
            [
              127.856,
              0.502
            ],
            [
              127.844,
              0.502
            ],
            [
              127.844,
              0.49
            ]
          ]
        ]
      }
    },
    {
      "type": "Feature",
      "properties": {
        "grid_id": "WED204",
        "site": "weda_bay",
        "location_label": "Weda Bay Central Block (Halmahera Deposit) - Maluku Utara nickel laterite",
        "lithology": "peridotite_simulated",
        "slope_deg": 21.7,
        "distance_to_river_m": 570,
        "distance_to_road_m": 1163,
        "legal_status": "allowed",
        "distance_to_smelter_km": 40.5,
        "area_ha": 1.77,
        "region_id": "NW",
        "fe_oxide_index": 2.364,
        "clay_index": 1.717,
        "ndvi_stress_index": 0.306,
        "tmi_structural_nT": 45461.9,
        "tmi_anomaly_nT": 461.9,
        "elevation_mdpl": 291.7,
        "geochem_assay_ratio": 3.14
      },
      "geometry": {
        "type": "Polygon",
        "coordinates": [
          [
            [
              127.856,
              0.49
            ],
            [
              127.868,
              0.49
            ],
            [
              127.868,
              0.502
            ],
            [
              127.856,
              0.502
            ],
            [
              127.856,
              0.49
            ]
          ]
        ]
      }
    },
    {
      "type": "Feature",
      "properties": {
        "grid_id": "WED205",
        "site": "weda_bay",
        "location_label": "Weda Bay Central Block (Halmahera Deposit) - Maluku Utara nickel laterite",
        "lithology": "alluvium",
        "slope_deg": 19.0,
        "distance_to_river_m": 414,
        "distance_to_road_m": 884,
        "legal_status": "allowed",
        "distance_to_smelter_km": 36.2,
        "area_ha": 1.77,
        "region_id": "NW",
        "fe_oxide_index": 1.482,
        "clay_index": 1.286,
        "ndvi_stress_index": 0.677,
        "tmi_structural_nT": 45299.0,
        "tmi_anomaly_nT": 299.0,
        "elevation_mdpl": 353.1,
        "geochem_assay_ratio": 4.46
      },
      "geometry": {
        "type": "Polygon",
        "coordinates": [
          [
            [
              127.868,
              0.49
            ],
            [
              127.88,
              0.49
            ],
            [
              127.88,
              0.502
            ],
            [
              127.868,
              0.502
            ],
            [
              127.868,
              0.49
            ]
          ]
        ]
      }
    },
    {
      "type": "Feature",
      "properties": {
        "grid_id": "WED206",
        "site": "weda_bay",
        "location_label": "Weda Bay Central Block (Halmahera Deposit) - Maluku Utara nickel laterite",
        "lithology": "ultramafic_simulated",
        "slope_deg": 15.0,
        "distance_to_river_m": 822,
        "distance_to_road_m": 1325,
        "legal_status": "allowed",
        "distance_to_smelter_km": 31.8,
        "area_ha": 1.77,
        "region_id": "NW",
        "fe_oxide_index": 2.792,
        "clay_index": 2.106,
        "ndvi_stress_index": 0.306,
        "tmi_structural_nT": 45383.8,
        "tmi_anomaly_nT": 383.8,
        "elevation_mdpl": 347.3,
        "geochem_assay_ratio": 3.01
      },
      "geometry": {
        "type": "Polygon",
        "coordinates": [
          [
            [
              127.88,
              0.49
            ],
            [
              127.892,
              0.49
            ],
            [
              127.892,
              0.502
            ],
            [
              127.88,
              0.502
            ],
            [
              127.88,
              0.49
            ]
          ]
        ]
      }
    },
    {
      "type": "Feature",
      "properties": {
        "grid_id": "WED207",
        "site": "weda_bay",
        "location_label": "Weda Bay Central Block (Halmahera Deposit) - Maluku Utara nickel laterite",
        "lithology": "mafic_volcanic_simulated",
        "slope_deg": 16.2,
        "distance_to_river_m": 236,
        "distance_to_road_m": 2922,
        "legal_status": "allowed",
        "distance_to_smelter_km": 27.5,
        "area_ha": 1.77,
        "region_id": "NW",
        "fe_oxide_index": 1.434,
        "clay_index": 1.118,
        "ndvi_stress_index": 0.592,
        "tmi_structural_nT": 45089.5,
        "tmi_anomaly_nT": 89.5,
        "elevation_mdpl": 373.9,
        "geochem_assay_ratio": 3.82
      },
      "geometry": {
        "type": "Polygon",
        "coordinates": [
          [
            [
              127.892,
              0.49
            ],
            [
              127.904,
              0.49
            ],
            [
              127.904,
              0.502
            ],
            [
              127.892,
              0.502
            ],
            [
              127.892,
              0.49
            ]
          ]
        ]
      }
    },
    {
      "type": "Feature",
      "properties": {
        "grid_id": "WED208",
        "site": "weda_bay",
        "location_label": "Weda Bay Central Block (Halmahera Deposit) - Maluku Utara nickel laterite",
        "lithology": "serpentinite_simulated",
        "slope_deg": 23.8,
        "distance_to_river_m": 753,
        "distance_to_road_m": 1251,
        "legal_status": "allowed",
        "distance_to_smelter_km": 23.2,
        "area_ha": 1.77,
        "region_id": "NW",
        "fe_oxide_index": 1.934,
        "clay_index": 1.826,
        "ndvi_stress_index": 0.291,
        "tmi_structural_nT": 45151.0,
        "tmi_anomaly_nT": 151.0,
        "elevation_mdpl": 293.9,
        "geochem_assay_ratio": 1.52
      },
      "geometry": {
        "type": "Polygon",
        "coordinates": [
          [
            [
              127.904,
              0.49
            ],
            [
              127.916,
              0.49
            ],
            [
              127.916,
              0.502
            ],
            [
              127.904,
              0.502
            ],
            [
              127.904,
              0.49
            ]
          ]
        ]
      }
    },
    {
      "type": "Feature",
      "properties": {
        "grid_id": "WED209",
        "site": "weda_bay",
        "location_label": "Weda Bay Central Block (Halmahera Deposit) - Maluku Utara nickel laterite",
        "lithology": "peridotite_simulated",
        "slope_deg": 20.6,
        "distance_to_river_m": 281,
        "distance_to_road_m": 2217,
        "legal_status": "allowed",
        "distance_to_smelter_km": 18.9,
        "area_ha": 1.77,
        "region_id": "NW",
        "fe_oxide_index": 1.955,
        "clay_index": 1.975,
        "ndvi_stress_index": 0.324,
        "tmi_structural_nT": 45667.4,
        "tmi_anomaly_nT": 667.4,
        "elevation_mdpl": 358.8,
        "geochem_assay_ratio": 1.97
      },
      "geometry": {
        "type": "Polygon",
        "coordinates": [
          [
            [
              127.916,
              0.49
            ],
            [
              127.928,
              0.49
            ],
            [
              127.928,
              0.502
            ],
            [
              127.916,
              0.502
            ],
            [
              127.916,
              0.49
            ]
          ]
        ]
      }
    },
    {
      "type": "Feature",
      "properties": {
        "grid_id": "WED210",
        "site": "weda_bay",
        "location_label": "Weda Bay Central Block (Halmahera Deposit) - Maluku Utara nickel laterite",
        "lithology": "serpentinite_simulated",
        "slope_deg": 16.3,
        "distance_to_river_m": 552,
        "distance_to_road_m": 3579,
        "legal_status": "allowed",
        "distance_to_smelter_km": 15.1,
        "area_ha": 1.77,
        "region_id": "NW",
        "fe_oxide_index": 1.898,
        "clay_index": 1.725,
        "ndvi_stress_index": 0.346,
        "tmi_structural_nT": 46080.6,
        "tmi_anomaly_nT": 1080.6,
        "elevation_mdpl": 350.8,
        "geochem_assay_ratio": 2.54
      },
      "geometry": {
        "type": "Polygon",
        "coordinates": [
          [
            [
              127.928,
              0.49
            ],
            [
              127.94,
              0.49
            ],
            [
              127.94,
              0.502
            ],
            [
              127.928,
              0.502
            ],
            [
              127.928,
              0.49
            ]
          ]
        ]
      }
    },
    {
      "type": "Feature",
      "properties": {
        "grid_id": "WED211",
        "site": "weda_bay",
        "location_label": "Weda Bay Central Block (Halmahera Deposit) - Maluku Utara nickel laterite",
        "lithology": "peridotite_simulated",
        "slope_deg": 23.9,
        "distance_to_river_m": 1724,
        "distance_to_road_m": 1229,
        "legal_status": "allowed",
        "distance_to_smelter_km": 15.1,
        "area_ha": 1.77,
        "region_id": "NE",
        "fe_oxide_index": 2.567,
        "clay_index": 1.961,
        "ndvi_stress_index": 0.41,
        "tmi_structural_nT": 46031.8,
        "tmi_anomaly_nT": 1031.8,
        "elevation_mdpl": 368.5,
        "geochem_assay_ratio": 1.91
      },
      "geometry": {
        "type": "Polygon",
        "coordinates": [
          [
            [
              127.94,
              0.49
            ],
            [
              127.952,
              0.49
            ],
            [
              127.952,
              0.502
            ],
            [
              127.94,
              0.502
            ],
            [
              127.94,
              0.49
            ]
          ]
        ]
      }
    },
    {
      "type": "Feature",
      "properties": {
        "grid_id": "WED212",
        "site": "weda_bay",
        "location_label": "Weda Bay Central Block (Halmahera Deposit) - Maluku Utara nickel laterite",
        "lithology": "serpentinite_simulated",
        "slope_deg": 18.5,
        "distance_to_river_m": 646,
        "distance_to_road_m": 853,
        "legal_status": "allowed",
        "distance_to_smelter_km": 18.9,
        "area_ha": 1.77,
        "region_id": "NE",
        "fe_oxide_index": 2.822,
        "clay_index": 2.243,
        "ndvi_stress_index": 0.376,
        "tmi_structural_nT": 45614.7,
        "tmi_anomaly_nT": 614.7,
        "elevation_mdpl": 290.8,
        "geochem_assay_ratio": 2.71
      },
      "geometry": {
        "type": "Polygon",
        "coordinates": [
          [
            [
              127.952,
              0.49
            ],
            [
              127.964,
              0.49
            ],
            [
              127.964,
              0.502
            ],
            [
              127.952,
              0.502
            ],
            [
              127.952,
              0.49
            ]
          ]
        ]
      }
    },
    {
      "type": "Feature",
      "properties": {
        "grid_id": "WED213",
        "site": "weda_bay",
        "location_label": "Weda Bay Central Block (Halmahera Deposit) - Maluku Utara nickel laterite",
        "lithology": "serpentinite_simulated",
        "slope_deg": 14.1,
        "distance_to_river_m": 551,
        "distance_to_road_m": 4379,
        "legal_status": "allowed",
        "distance_to_smelter_km": 23.2,
        "area_ha": 1.77,
        "region_id": "NE",
        "fe_oxide_index": 2.764,
        "clay_index": 2.139,
        "ndvi_stress_index": 0.381,
        "tmi_structural_nT": 45298.0,
        "tmi_anomaly_nT": 298.0,
        "elevation_mdpl": 344.1,
        "geochem_assay_ratio": 1.81
      },
      "geometry": {
        "type": "Polygon",
        "coordinates": [
          [
            [
              127.964,
              0.49
            ],
            [
              127.976,
              0.49
            ],
            [
              127.976,
              0.502
            ],
            [
              127.964,
              0.502
            ],
            [
              127.964,
              0.49
            ]
          ]
        ]
      }
    },
    {
      "type": "Feature",
      "properties": {
        "grid_id": "WED214",
        "site": "weda_bay",
        "location_label": "Weda Bay Central Block (Halmahera Deposit) - Maluku Utara nickel laterite",
        "lithology": "serpentinite_simulated",
        "slope_deg": 20.7,
        "distance_to_river_m": 1037,
        "distance_to_road_m": 711,
        "legal_status": "allowed",
        "distance_to_smelter_km": 27.5,
        "area_ha": 1.77,
        "region_id": "NE",
        "fe_oxide_index": 2.743,
        "clay_index": 2.073,
        "ndvi_stress_index": 0.186,
        "tmi_structural_nT": 45905.3,
        "tmi_anomaly_nT": 905.3,
        "elevation_mdpl": 347.7,
        "geochem_assay_ratio": 2.6
      },
      "geometry": {
        "type": "Polygon",
        "coordinates": [
          [
            [
              127.976,
              0.49
            ],
            [
              127.988,
              0.49
            ],
            [
              127.988,
              0.502
            ],
            [
              127.976,
              0.502
            ],
            [
              127.976,
              0.49
            ]
          ]
        ]
      }
    },
    {
      "type": "Feature",
      "properties": {
        "grid_id": "WED215",
        "site": "weda_bay",
        "location_label": "Weda Bay Central Block (Halmahera Deposit) - Maluku Utara nickel laterite",
        "lithology": "ultramafic_simulated",
        "slope_deg": 14.1,
        "distance_to_river_m": 2425,
        "distance_to_road_m": 2980,
        "legal_status": "allowed",
        "distance_to_smelter_km": 31.8,
        "area_ha": 1.77,
        "region_id": "NE",
        "fe_oxide_index": 1.967,
        "clay_index": 2.18,
        "ndvi_stress_index": 0.265,
        "tmi_structural_nT": 45828.8,
        "tmi_anomaly_nT": 828.8,
        "elevation_mdpl": 332.9,
        "geochem_assay_ratio": 2.0
      },
      "geometry": {
        "type": "Polygon",
        "coordinates": [
          [
            [
              127.988,
              0.49
            ],
            [
              128.0,
              0.49
            ],
            [
              128.0,
              0.502
            ],
            [
              127.988,
              0.502
            ],
            [
              127.988,
              0.49
            ]
          ]
        ]
      }
    },
    {
      "type": "Feature",
      "properties": {
        "grid_id": "WED216",
        "site": "weda_bay",
        "location_label": "Weda Bay Central Block (Halmahera Deposit) - Maluku Utara nickel laterite",
        "lithology": "peridotite_simulated",
        "slope_deg": 14.6,
        "distance_to_river_m": 1762,
        "distance_to_road_m": 2290,
        "legal_status": "allowed",
        "distance_to_smelter_km": 36.2,
        "area_ha": 1.77,
        "region_id": "NE",
        "fe_oxide_index": 2.053,
        "clay_index": 2.142,
        "ndvi_stress_index": 0.39,
        "tmi_structural_nT": 46078.1,
        "tmi_anomaly_nT": 1078.1,
        "elevation_mdpl": 321.6,
        "geochem_assay_ratio": 1.59
      },
      "geometry": {
        "type": "Polygon",
        "coordinates": [
          [
            [
              128.0,
              0.49
            ],
            [
              128.012,
              0.49
            ],
            [
              128.012,
              0.502
            ],
            [
              128.0,
              0.502
            ],
            [
              128.0,
              0.49
            ]
          ]
        ]
      }
    },
    {
      "type": "Feature",
      "properties": {
        "grid_id": "WED217",
        "site": "weda_bay",
        "location_label": "Weda Bay Central Block (Halmahera Deposit) - Maluku Utara nickel laterite",
        "lithology": "mafic_volcanic_simulated",
        "slope_deg": 22.3,
        "distance_to_river_m": 1758,
        "distance_to_road_m": 3655,
        "legal_status": "allowed",
        "distance_to_smelter_km": 40.5,
        "area_ha": 1.77,
        "region_id": "NE",
        "fe_oxide_index": 1.316,
        "clay_index": 1.26,
        "ndvi_stress_index": 0.62,
        "tmi_structural_nT": 45107.3,
        "tmi_anomaly_nT": 107.3,
        "elevation_mdpl": 321.7,
        "geochem_assay_ratio": 3.72
      },
      "geometry": {
        "type": "Polygon",
        "coordinates": [
          [
            [
              128.012,
              0.49
            ],
            [
              128.024,
              0.49
            ],
            [
              128.024,
              0.502
            ],
            [
              128.012,
              0.502
            ],
            [
              128.012,
              0.49
            ]
          ]
        ]
      }
    },
    {
      "type": "Feature",
      "properties": {
        "grid_id": "WED218",
        "site": "weda_bay",
        "location_label": "Weda Bay Central Block (Halmahera Deposit) - Maluku Utara nickel laterite",
        "lithology": "alluvium",
        "slope_deg": 20.6,
        "distance_to_river_m": 2001,
        "distance_to_road_m": 2971,
        "legal_status": "allowed",
        "distance_to_smelter_km": 44.9,
        "area_ha": 1.77,
        "region_id": "NE",
        "fe_oxide_index": 1.155,
        "clay_index": 1.337,
        "ndvi_stress_index": 0.544,
        "tmi_structural_nT": 45330.4,
        "tmi_anomaly_nT": 330.4,
        "elevation_mdpl": 282.8,
        "geochem_assay_ratio": 4.46
      },
      "geometry": {
        "type": "Polygon",
        "coordinates": [
          [
            [
              128.024,
              0.49
            ],
            [
              128.036,
              0.49
            ],
            [
              128.036,
              0.502
            ],
            [
              128.024,
              0.502
            ],
            [
              128.024,
              0.49
            ]
          ]
        ]
      }
    },
    {
      "type": "Feature",
      "properties": {
        "grid_id": "WED219",
        "site": "weda_bay",
        "location_label": "Weda Bay Central Block (Halmahera Deposit) - Maluku Utara nickel laterite",
        "lithology": "peridotite_simulated",
        "slope_deg": 16.0,
        "distance_to_river_m": 463,
        "distance_to_road_m": 2818,
        "legal_status": "allowed",
        "distance_to_smelter_km": 49.3,
        "area_ha": 1.77,
        "region_id": "NE",
        "fe_oxide_index": 2.675,
        "clay_index": 1.755,
        "ndvi_stress_index": 0.263,
        "tmi_structural_nT": 45118.2,
        "tmi_anomaly_nT": 118.2,
        "elevation_mdpl": 364.8,
        "geochem_assay_ratio": 1.84
      },
      "geometry": {
        "type": "Polygon",
        "coordinates": [
          [
            [
              128.036,
              0.49
            ],
            [
              128.048,
              0.49
            ],
            [
              128.048,
              0.502
            ],
            [
              128.036,
              0.502
            ],
            [
              128.036,
              0.49
            ]
          ]
        ]
      }
    },
    {
      "type": "Feature",
      "properties": {
        "grid_id": "WED220",
        "site": "weda_bay",
        "location_label": "Weda Bay Central Block (Halmahera Deposit) - Maluku Utara nickel laterite",
        "lithology": "serpentinite_simulated",
        "slope_deg": 16.4,
        "distance_to_river_m": 2184,
        "distance_to_road_m": 4125,
        "legal_status": "allowed",
        "distance_to_smelter_km": 53.6,
        "area_ha": 1.77,
        "region_id": "NE",
        "fe_oxide_index": 1.876,
        "clay_index": 1.842,
        "ndvi_stress_index": 0.298,
        "tmi_structural_nT": 45535.4,
        "tmi_anomaly_nT": 535.4,
        "elevation_mdpl": 291.5,
        "geochem_assay_ratio": 2.24
      },
      "geometry": {
        "type": "Polygon",
        "coordinates": [
          [
            [
              128.048,
              0.49
            ],
            [
              128.06,
              0.49
            ],
            [
              128.06,
              0.502
            ],
            [
              128.048,
              0.502
            ],
            [
              128.048,
              0.49
            ]
          ]
        ]
      }
    },
    {
      "type": "Feature",
      "properties": {
        "grid_id": "WED221",
        "site": "weda_bay",
        "location_label": "Weda Bay Central Block (Halmahera Deposit) - Maluku Utara nickel laterite",
        "lithology": "serpentinite_simulated",
        "slope_deg": 15.2,
        "distance_to_river_m": 1725,
        "distance_to_road_m": 402,
        "legal_status": "allowed",
        "distance_to_smelter_km": 54.1,
        "area_ha": 1.77,
        "region_id": "NW",
        "fe_oxide_index": 2.546,
        "clay_index": 1.751,
        "ndvi_stress_index": 0.347,
        "tmi_structural_nT": 45646.4,
        "tmi_anomaly_nT": 646.4,
        "elevation_mdpl": 293.9,
        "geochem_assay_ratio": 2.72
      },
      "geometry": {
        "type": "Polygon",
        "coordinates": [
          [
            [
              127.82,
              0.502
            ],
            [
              127.832,
              0.502
            ],
            [
              127.832,
              0.514
            ],
            [
              127.82,
              0.514
            ],
            [
              127.82,
              0.502
            ]
          ]
        ]
      }
    },
    {
      "type": "Feature",
      "properties": {
        "grid_id": "WED222",
        "site": "weda_bay",
        "location_label": "Weda Bay Central Block (Halmahera Deposit) - Maluku Utara nickel laterite",
        "lithology": "serpentinite_simulated",
        "slope_deg": 22.8,
        "distance_to_river_m": 2470,
        "distance_to_road_m": 2293,
        "legal_status": "allowed",
        "distance_to_smelter_km": 49.8,
        "area_ha": 1.77,
        "region_id": "NW",
        "fe_oxide_index": 2.574,
        "clay_index": 2.41,
        "ndvi_stress_index": 0.182,
        "tmi_structural_nT": 45419.9,
        "tmi_anomaly_nT": 419.9,
        "elevation_mdpl": 313.3,
        "geochem_assay_ratio": 2.31
      },
      "geometry": {
        "type": "Polygon",
        "coordinates": [
          [
            [
              127.832,
              0.502
            ],
            [
              127.844,
              0.502
            ],
            [
              127.844,
              0.514
            ],
            [
              127.832,
              0.514
            ],
            [
              127.832,
              0.502
            ]
          ]
        ]
      }
    },
    {
      "type": "Feature",
      "properties": {
        "grid_id": "WED223",
        "site": "weda_bay",
        "location_label": "Weda Bay Central Block (Halmahera Deposit) - Maluku Utara nickel laterite",
        "lithology": "serpentinite_simulated",
        "slope_deg": 17.5,
        "distance_to_river_m": 922,
        "distance_to_road_m": 2540,
        "legal_status": "allowed",
        "distance_to_smelter_km": 45.5,
        "area_ha": 1.77,
        "region_id": "NW",
        "fe_oxide_index": 2.106,
        "clay_index": 2.39,
        "ndvi_stress_index": 0.287,
        "tmi_structural_nT": 45332.7,
        "tmi_anomaly_nT": 332.7,
        "elevation_mdpl": 329.7,
        "geochem_assay_ratio": 1.85
      },
      "geometry": {
        "type": "Polygon",
        "coordinates": [
          [
            [
              127.844,
              0.502
            ],
            [
              127.856,
              0.502
            ],
            [
              127.856,
              0.514
            ],
            [
              127.844,
              0.514
            ],
            [
              127.844,
              0.502
            ]
          ]
        ]
      }
    },
    {
      "type": "Feature",
      "properties": {
        "grid_id": "WED224",
        "site": "weda_bay",
        "location_label": "Weda Bay Central Block (Halmahera Deposit) - Maluku Utara nickel laterite",
        "lithology": "ultramafic_simulated",
        "slope_deg": 20.0,
        "distance_to_river_m": 1490,
        "distance_to_road_m": 839,
        "legal_status": "allowed",
        "distance_to_smelter_km": 41.2,
        "area_ha": 1.77,
        "region_id": "NW",
        "fe_oxide_index": 1.894,
        "clay_index": 1.734,
        "ndvi_stress_index": 0.378,
        "tmi_structural_nT": 45355.6,
        "tmi_anomaly_nT": 355.6,
        "elevation_mdpl": 322.7,
        "geochem_assay_ratio": 1.75
      },
      "geometry": {
        "type": "Polygon",
        "coordinates": [
          [
            [
              127.856,
              0.502
            ],
            [
              127.868,
              0.502
            ],
            [
              127.868,
              0.514
            ],
            [
              127.856,
              0.514
            ],
            [
              127.856,
              0.502
            ]
          ]
        ]
      }
    },
    {
      "type": "Feature",
      "properties": {
        "grid_id": "WED225",
        "site": "weda_bay",
        "location_label": "Weda Bay Central Block (Halmahera Deposit) - Maluku Utara nickel laterite",
        "lithology": "peridotite_simulated",
        "slope_deg": 19.6,
        "distance_to_river_m": 1121,
        "distance_to_road_m": 1160,
        "legal_status": "allowed",
        "distance_to_smelter_km": 36.9,
        "area_ha": 1.77,
        "region_id": "NW",
        "fe_oxide_index": 2.803,
        "clay_index": 2.274,
        "ndvi_stress_index": 0.379,
        "tmi_structural_nT": 45547.8,
        "tmi_anomaly_nT": 547.8,
        "elevation_mdpl": 346.0,
        "geochem_assay_ratio": 1.45
      },
      "geometry": {
        "type": "Polygon",
        "coordinates": [
          [
            [
              127.868,
              0.502
            ],
            [
              127.88,
              0.502
            ],
            [
              127.88,
              0.514
            ],
            [
              127.868,
              0.514
            ],
            [
              127.868,
              0.502
            ]
          ]
        ]
      }
    },
    {
      "type": "Feature",
      "properties": {
        "grid_id": "WED226",
        "site": "weda_bay",
        "location_label": "Weda Bay Central Block (Halmahera Deposit) - Maluku Utara nickel laterite",
        "lithology": "peridotite_simulated",
        "slope_deg": 14.3,
        "distance_to_river_m": 1303,
        "distance_to_road_m": 2708,
        "legal_status": "allowed",
        "distance_to_smelter_km": 32.8,
        "area_ha": 1.77,
        "region_id": "NW",
        "fe_oxide_index": 2.122,
        "clay_index": 1.664,
        "ndvi_stress_index": 0.396,
        "tmi_structural_nT": 45970.0,
        "tmi_anomaly_nT": 970.0,
        "elevation_mdpl": 326.7,
        "geochem_assay_ratio": 2.84
      },
      "geometry": {
        "type": "Polygon",
        "coordinates": [
          [
            [
              127.88,
              0.502
            ],
            [
              127.892,
              0.502
            ],
            [
              127.892,
              0.514
            ],
            [
              127.88,
              0.514
            ],
            [
              127.88,
              0.502
            ]
          ]
        ]
      }
    },
    {
      "type": "Feature",
      "properties": {
        "grid_id": "WED227",
        "site": "weda_bay",
        "location_label": "Weda Bay Central Block (Halmahera Deposit) - Maluku Utara nickel laterite",
        "lithology": "ultramafic_simulated",
        "slope_deg": 18.0,
        "distance_to_river_m": 1345,
        "distance_to_road_m": 1075,
        "legal_status": "allowed",
        "distance_to_smelter_km": 28.7,
        "area_ha": 1.77,
        "region_id": "NW",
        "fe_oxide_index": 2.438,
        "clay_index": 2.407,
        "ndvi_stress_index": 0.232,
        "tmi_structural_nT": 45824.8,
        "tmi_anomaly_nT": 824.8,
        "elevation_mdpl": 350.1,
        "geochem_assay_ratio": 3.01
      },
      "geometry": {
        "type": "Polygon",
        "coordinates": [
          [
            [
              127.892,
              0.502
            ],
            [
              127.904,
              0.502
            ],
            [
              127.904,
              0.514
            ],
            [
              127.892,
              0.514
            ],
            [
              127.892,
              0.502
            ]
          ]
        ]
      }
    },
    {
      "type": "Feature",
      "properties": {
        "grid_id": "WED228",
        "site": "weda_bay",
        "location_label": "Weda Bay Central Block (Halmahera Deposit) - Maluku Utara nickel laterite",
        "lithology": "serpentinite_simulated",
        "slope_deg": 16.6,
        "distance_to_river_m": 360,
        "distance_to_road_m": 3392,
        "legal_status": "allowed",
        "distance_to_smelter_km": 24.8,
        "area_ha": 1.77,
        "region_id": "NW",
        "fe_oxide_index": 1.974,
        "clay_index": 2.426,
        "ndvi_stress_index": 0.294,
        "tmi_structural_nT": 45433.5,
        "tmi_anomaly_nT": 433.5,
        "elevation_mdpl": 378.1,
        "geochem_assay_ratio": 1.81
      },
      "geometry": {
        "type": "Polygon",
        "coordinates": [
          [
            [
              127.904,
              0.502
            ],
            [
              127.916,
              0.502
            ],
            [
              127.916,
              0.514
            ],
            [
              127.904,
              0.514
            ],
            [
              127.904,
              0.502
            ]
          ]
        ]
      }
    },
    {
      "type": "Feature",
      "properties": {
        "grid_id": "WED229",
        "site": "weda_bay",
        "location_label": "Weda Bay Central Block (Halmahera Deposit) - Maluku Utara nickel laterite",
        "lithology": "mafic_volcanic_simulated",
        "slope_deg": 20.1,
        "distance_to_river_m": 602,
        "distance_to_road_m": 1251,
        "legal_status": "conditional",
        "distance_to_smelter_km": 21.3,
        "area_ha": 1.77,
        "region_id": "NW",
        "fe_oxide_index": 1.266,
        "clay_index": 1.182,
        "ndvi_stress_index": 0.724,
        "tmi_structural_nT": 44517.2,
        "tmi_anomaly_nT": -482.8,
        "elevation_mdpl": 370.8,
        "geochem_assay_ratio": 5.13
      },
      "geometry": {
        "type": "Polygon",
        "coordinates": [
          [
            [
              127.916,
              0.502
            ],
            [
              127.928,
              0.502
            ],
            [
              127.928,
              0.514
            ],
            [
              127.916,
              0.514
            ],
            [
              127.916,
              0.502
            ]
          ]
        ]
      }
    },
    {
      "type": "Feature",
      "properties": {
        "grid_id": "WED230",
        "site": "weda_bay",
        "location_label": "Weda Bay Central Block (Halmahera Deposit) - Maluku Utara nickel laterite",
        "lithology": "serpentinite_simulated",
        "slope_deg": 16.6,
        "distance_to_river_m": 434,
        "distance_to_road_m": 1873,
        "legal_status": "allowed",
        "distance_to_smelter_km": 18.9,
        "area_ha": 1.77,
        "region_id": "NW",
        "fe_oxide_index": 2.828,
        "clay_index": 1.947,
        "ndvi_stress_index": 0.361,
        "tmi_structural_nT": 45741.7,
        "tmi_anomaly_nT": 741.7,
        "elevation_mdpl": 297.4,
        "geochem_assay_ratio": 1.85
      },
      "geometry": {
        "type": "Polygon",
        "coordinates": [
          [
            [
              127.928,
              0.502
            ],
            [
              127.94,
              0.502
            ],
            [
              127.94,
              0.514
            ],
            [
              127.928,
              0.514
            ],
            [
              127.928,
              0.502
            ]
          ]
        ]
      }
    },
    {
      "type": "Feature",
      "properties": {
        "grid_id": "WED231",
        "site": "weda_bay",
        "location_label": "Weda Bay Central Block (Halmahera Deposit) - Maluku Utara nickel laterite",
        "lithology": "ultramafic_simulated",
        "slope_deg": 22.8,
        "distance_to_river_m": 691,
        "distance_to_road_m": 1504,
        "legal_status": "allowed",
        "distance_to_smelter_km": 18.9,
        "area_ha": 1.77,
        "region_id": "NE",
        "fe_oxide_index": 2.522,
        "clay_index": 1.799,
        "ndvi_stress_index": 0.262,
        "tmi_structural_nT": 45565.5,
        "tmi_anomaly_nT": 565.5,
        "elevation_mdpl": 368.9,
        "geochem_assay_ratio": 1.71
      },
      "geometry": {
        "type": "Polygon",
        "coordinates": [
          [
            [
              127.94,
              0.502
            ],
            [
              127.952,
              0.502
            ],
            [
              127.952,
              0.514
            ],
            [
              127.94,
              0.514
            ],
            [
              127.94,
              0.502
            ]
          ]
        ]
      }
    },
    {
      "type": "Feature",
      "properties": {
        "grid_id": "WED232",
        "site": "weda_bay",
        "location_label": "Weda Bay Central Block (Halmahera Deposit) - Maluku Utara nickel laterite",
        "lithology": "ultramafic_simulated",
        "slope_deg": 20.5,
        "distance_to_river_m": 445,
        "distance_to_road_m": 460,
        "legal_status": "allowed",
        "distance_to_smelter_km": 21.3,
        "area_ha": 1.77,
        "region_id": "NE",
        "fe_oxide_index": 2.234,
        "clay_index": 2.237,
        "ndvi_stress_index": 0.399,
        "tmi_structural_nT": 45707.1,
        "tmi_anomaly_nT": 707.1,
        "elevation_mdpl": 368.1,
        "geochem_assay_ratio": 1.66
      },
      "geometry": {
        "type": "Polygon",
        "coordinates": [
          [
            [
              127.952,
              0.502
            ],
            [
              127.964,
              0.502
            ],
            [
              127.964,
              0.514
            ],
            [
              127.952,
              0.514
            ],
            [
              127.952,
              0.502
            ]
          ]
        ]
      }
    },
    {
      "type": "Feature",
      "properties": {
        "grid_id": "WED233",
        "site": "weda_bay",
        "location_label": "Weda Bay Central Block (Halmahera Deposit) - Maluku Utara nickel laterite",
        "lithology": "serpentinite_simulated",
        "slope_deg": 24.8,
        "distance_to_river_m": 563,
        "distance_to_road_m": 4203,
        "legal_status": "allowed",
        "distance_to_smelter_km": 24.8,
        "area_ha": 1.77,
        "region_id": "NE",
        "fe_oxide_index": 2.845,
        "clay_index": 2.331,
        "ndvi_stress_index": 0.411,
        "tmi_structural_nT": 45738.9,
        "tmi_anomaly_nT": 738.9,
        "elevation_mdpl": 291.3,
        "geochem_assay_ratio": 1.71
      },
      "geometry": {
        "type": "Polygon",
        "coordinates": [
          [
            [
              127.964,
              0.502
            ],
            [
              127.976,
              0.502
            ],
            [
              127.976,
              0.514
            ],
            [
              127.964,
              0.514
            ],
            [
              127.964,
              0.502
            ]
          ]
        ]
      }
    },
    {
      "type": "Feature",
      "properties": {
        "grid_id": "WED234",
        "site": "weda_bay",
        "location_label": "Weda Bay Central Block (Halmahera Deposit) - Maluku Utara nickel laterite",
        "lithology": "peridotite_simulated",
        "slope_deg": 21.1,
        "distance_to_river_m": 697,
        "distance_to_road_m": 2377,
        "legal_status": "allowed",
        "distance_to_smelter_km": 28.7,
        "area_ha": 1.77,
        "region_id": "NE",
        "fe_oxide_index": 2.685,
        "clay_index": 2.229,
        "ndvi_stress_index": 0.35,
        "tmi_structural_nT": 45699.6,
        "tmi_anomaly_nT": 699.6,
        "elevation_mdpl": 325.7,
        "geochem_assay_ratio": 1.98
      },
      "geometry": {
        "type": "Polygon",
        "coordinates": [
          [
            [
              127.976,
              0.502
            ],
            [
              127.988,
              0.502
            ],
            [
              127.988,
              0.514
            ],
            [
              127.976,
              0.514
            ],
            [
              127.976,
              0.502
            ]
          ]
        ]
      }
    },
    {
      "type": "Feature",
      "properties": {
        "grid_id": "WED235",
        "site": "weda_bay",
        "location_label": "Weda Bay Central Block (Halmahera Deposit) - Maluku Utara nickel laterite",
        "lithology": "serpentinite_simulated",
        "slope_deg": 17.0,
        "distance_to_river_m": 1741,
        "distance_to_road_m": 779,
        "legal_status": "allowed",
        "distance_to_smelter_km": 32.8,
        "area_ha": 1.77,
        "region_id": "NE",
        "fe_oxide_index": 2.824,
        "clay_index": 1.89,
        "ndvi_stress_index": 0.374,
        "tmi_structural_nT": 45842.1,
        "tmi_anomaly_nT": 842.1,
        "elevation_mdpl": 367.5,
        "geochem_assay_ratio": 2.36
      },
      "geometry": {
        "type": "Polygon",
        "coordinates": [
          [
            [
              127.988,
              0.502
            ],
            [
              128.0,
              0.502
            ],
            [
              128.0,
              0.514
            ],
            [
              127.988,
              0.514
            ],
            [
              127.988,
              0.502
            ]
          ]
        ]
      }
    },
    {
      "type": "Feature",
      "properties": {
        "grid_id": "WED236",
        "site": "weda_bay",
        "location_label": "Weda Bay Central Block (Halmahera Deposit) - Maluku Utara nickel laterite",
        "lithology": "ultramafic_simulated",
        "slope_deg": 17.1,
        "distance_to_river_m": 421,
        "distance_to_road_m": 447,
        "legal_status": "allowed",
        "distance_to_smelter_km": 36.9,
        "area_ha": 1.77,
        "region_id": "NE",
        "fe_oxide_index": 2.327,
        "clay_index": 2.435,
        "ndvi_stress_index": 0.326,
        "tmi_structural_nT": 45334.1,
        "tmi_anomaly_nT": 334.1,
        "elevation_mdpl": 320.5,
        "geochem_assay_ratio": 1.83
      },
      "geometry": {
        "type": "Polygon",
        "coordinates": [
          [
            [
              128.0,
              0.502
            ],
            [
              128.012,
              0.502
            ],
            [
              128.012,
              0.514
            ],
            [
              128.0,
              0.514
            ],
            [
              128.0,
              0.502
            ]
          ]
        ]
      }
    },
    {
      "type": "Feature",
      "properties": {
        "grid_id": "WED237",
        "site": "weda_bay",
        "location_label": "Weda Bay Central Block (Halmahera Deposit) - Maluku Utara nickel laterite",
        "lithology": "serpentinite_simulated",
        "slope_deg": 14.8,
        "distance_to_river_m": 576,
        "distance_to_road_m": 1723,
        "legal_status": "allowed",
        "distance_to_smelter_km": 41.2,
        "area_ha": 1.77,
        "region_id": "NE",
        "fe_oxide_index": 2.105,
        "clay_index": 1.989,
        "ndvi_stress_index": 0.322,
        "tmi_structural_nT": 45740.2,
        "tmi_anomaly_nT": 740.2,
        "elevation_mdpl": 288.2,
        "geochem_assay_ratio": 2.29
      },
      "geometry": {
        "type": "Polygon",
        "coordinates": [
          [
            [
              128.012,
              0.502
            ],
            [
              128.024,
              0.502
            ],
            [
              128.024,
              0.514
            ],
            [
              128.012,
              0.514
            ],
            [
              128.012,
              0.502
            ]
          ]
        ]
      }
    },
    {
      "type": "Feature",
      "properties": {
        "grid_id": "WED238",
        "site": "weda_bay",
        "location_label": "Weda Bay Central Block (Halmahera Deposit) - Maluku Utara nickel laterite",
        "lithology": "peridotite_simulated",
        "slope_deg": 17.0,
        "distance_to_river_m": 1195,
        "distance_to_road_m": 594,
        "legal_status": "allowed",
        "distance_to_smelter_km": 45.5,
        "area_ha": 1.77,
        "region_id": "NE",
        "fe_oxide_index": 2.399,
        "clay_index": 1.67,
        "ndvi_stress_index": 0.211,
        "tmi_structural_nT": 45243.5,
        "tmi_anomaly_nT": 243.5,
        "elevation_mdpl": 336.4,
        "geochem_assay_ratio": 1.98
      },
      "geometry": {
        "type": "Polygon",
        "coordinates": [
          [
            [
              128.024,
              0.502
            ],
            [
              128.036,
              0.502
            ],
            [
              128.036,
              0.514
            ],
            [
              128.024,
              0.514
            ],
            [
              128.024,
              0.502
            ]
          ]
        ]
      }
    },
    {
      "type": "Feature",
      "properties": {
        "grid_id": "WED239",
        "site": "weda_bay",
        "location_label": "Weda Bay Central Block (Halmahera Deposit) - Maluku Utara nickel laterite",
        "lithology": "serpentinite_simulated",
        "slope_deg": 18.5,
        "distance_to_river_m": 340,
        "distance_to_road_m": 2835,
        "legal_status": "allowed",
        "distance_to_smelter_km": 49.8,
        "area_ha": 1.77,
        "region_id": "NE",
        "fe_oxide_index": 1.951,
        "clay_index": 1.753,
        "ndvi_stress_index": 0.272,
        "tmi_structural_nT": 45449.3,
        "tmi_anomaly_nT": 449.3,
        "elevation_mdpl": 340.3,
        "geochem_assay_ratio": 2.89
      },
      "geometry": {
        "type": "Polygon",
        "coordinates": [
          [
            [
              128.036,
              0.502
            ],
            [
              128.048,
              0.502
            ],
            [
              128.048,
              0.514
            ],
            [
              128.036,
              0.514
            ],
            [
              128.036,
              0.502
            ]
          ]
        ]
      }
    },
    {
      "type": "Feature",
      "properties": {
        "grid_id": "WED240",
        "site": "weda_bay",
        "location_label": "Weda Bay Central Block (Halmahera Deposit) - Maluku Utara nickel laterite",
        "lithology": "peridotite_simulated",
        "slope_deg": 21.3,
        "distance_to_river_m": 1751,
        "distance_to_road_m": 2966,
        "legal_status": "allowed",
        "distance_to_smelter_km": 54.1,
        "area_ha": 1.77,
        "region_id": "NE",
        "fe_oxide_index": 1.851,
        "clay_index": 1.735,
        "ndvi_stress_index": 0.398,
        "tmi_structural_nT": 45131.4,
        "tmi_anomaly_nT": 131.4,
        "elevation_mdpl": 304.0,
        "geochem_assay_ratio": 2.15
      },
      "geometry": {
        "type": "Polygon",
        "coordinates": [
          [
            [
              128.048,
              0.502
            ],
            [
              128.06,
              0.502
            ],
            [
              128.06,
              0.514
            ],
            [
              128.048,
              0.514
            ],
            [
              128.048,
              0.502
            ]
          ]
        ]
      }
    },
    {
      "type": "Feature",
      "properties": {
        "grid_id": "WED241",
        "site": "weda_bay",
        "location_label": "Weda Bay Central Block (Halmahera Deposit) - Maluku Utara nickel laterite",
        "lithology": "ultramafic_simulated",
        "slope_deg": 15.2,
        "distance_to_river_m": 2272,
        "distance_to_road_m": 930,
        "legal_status": "allowed",
        "distance_to_smelter_km": 55.0,
        "area_ha": 1.77,
        "region_id": "NW",
        "fe_oxide_index": 2.19,
        "clay_index": 1.8,
        "ndvi_stress_index": 0.192,
        "tmi_structural_nT": 45718.3,
        "tmi_anomaly_nT": 718.3,
        "elevation_mdpl": 355.1,
        "geochem_assay_ratio": 1.75
      },
      "geometry": {
        "type": "Polygon",
        "coordinates": [
          [
            [
              127.82,
              0.514
            ],
            [
              127.832,
              0.514
            ],
            [
              127.832,
              0.526
            ],
            [
              127.82,
              0.526
            ],
            [
              127.82,
              0.514
            ]
          ]
        ]
      }
    },
    {
      "type": "Feature",
      "properties": {
        "grid_id": "WED242",
        "site": "weda_bay",
        "location_label": "Weda Bay Central Block (Halmahera Deposit) - Maluku Utara nickel laterite",
        "lithology": "ultramafic_simulated",
        "slope_deg": 17.3,
        "distance_to_river_m": 2071,
        "distance_to_road_m": 2332,
        "legal_status": "allowed",
        "distance_to_smelter_km": 50.8,
        "area_ha": 1.77,
        "region_id": "NW",
        "fe_oxide_index": 2.1,
        "clay_index": 2.436,
        "ndvi_stress_index": 0.356,
        "tmi_structural_nT": 45355.0,
        "tmi_anomaly_nT": 355.0,
        "elevation_mdpl": 293.6,
        "geochem_assay_ratio": 2.66
      },
      "geometry": {
        "type": "Polygon",
        "coordinates": [
          [
            [
              127.832,
              0.514
            ],
            [
              127.844,
              0.514
            ],
            [
              127.844,
              0.526
            ],
            [
              127.832,
              0.526
            ],
            [
              127.832,
              0.514
            ]
          ]
        ]
      }
    },
    {
      "type": "Feature",
      "properties": {
        "grid_id": "WED243",
        "site": "weda_bay",
        "location_label": "Weda Bay Central Block (Halmahera Deposit) - Maluku Utara nickel laterite",
        "lithology": "alluvium",
        "slope_deg": 20.2,
        "distance_to_river_m": 2254,
        "distance_to_road_m": 2806,
        "legal_status": "allowed",
        "distance_to_smelter_km": 46.6,
        "area_ha": 1.77,
        "region_id": "NW",
        "fe_oxide_index": 1.462,
        "clay_index": 1.476,
        "ndvi_stress_index": 0.608,
        "tmi_structural_nT": 45125.2,
        "tmi_anomaly_nT": 125.2,
        "elevation_mdpl": 342.5,
        "geochem_assay_ratio": 3.67
      },
      "geometry": {
        "type": "Polygon",
        "coordinates": [
          [
            [
              127.844,
              0.514
            ],
            [
              127.856,
              0.514
            ],
            [
              127.856,
              0.526
            ],
            [
              127.844,
              0.526
            ],
            [
              127.844,
              0.514
            ]
          ]
        ]
      }
    },
    {
      "type": "Feature",
      "properties": {
        "grid_id": "WED244",
        "site": "weda_bay",
        "location_label": "Weda Bay Central Block (Halmahera Deposit) - Maluku Utara nickel laterite",
        "lithology": "peridotite_simulated",
        "slope_deg": 19.5,
        "distance_to_river_m": 1028,
        "distance_to_road_m": 1411,
        "legal_status": "allowed",
        "distance_to_smelter_km": 42.5,
        "area_ha": 1.77,
        "region_id": "NW",
        "fe_oxide_index": 2.312,
        "clay_index": 2.184,
        "ndvi_stress_index": 0.363,
        "tmi_structural_nT": 45224.9,
        "tmi_anomaly_nT": 224.9,
        "elevation_mdpl": 348.5,
        "geochem_assay_ratio": 2.08
      },
      "geometry": {
        "type": "Polygon",
        "coordinates": [
          [
            [
              127.856,
              0.514
            ],
            [
              127.868,
              0.514
            ],
            [
              127.868,
              0.526
            ],
            [
              127.856,
              0.526
            ],
            [
              127.856,
              0.514
            ]
          ]
        ]
      }
    },
    {
      "type": "Feature",
      "properties": {
        "grid_id": "WED245",
        "site": "weda_bay",
        "location_label": "Weda Bay Central Block (Halmahera Deposit) - Maluku Utara nickel laterite",
        "lithology": "serpentinite_simulated",
        "slope_deg": 16.7,
        "distance_to_river_m": 1140,
        "distance_to_road_m": 1269,
        "legal_status": "allowed",
        "distance_to_smelter_km": 38.4,
        "area_ha": 1.77,
        "region_id": "NW",
        "fe_oxide_index": 2.417,
        "clay_index": 1.708,
        "ndvi_stress_index": 0.344,
        "tmi_structural_nT": 45187.8,
        "tmi_anomaly_nT": 187.8,
        "elevation_mdpl": 368.5,
        "geochem_assay_ratio": 2.03
      },
      "geometry": {
        "type": "Polygon",
        "coordinates": [
          [
            [
              127.868,
              0.514
            ],
            [
              127.88,
              0.514
            ],
            [
              127.88,
              0.526
            ],
            [
              127.868,
              0.526
            ],
            [
              127.868,
              0.514
            ]
          ]
        ]
      }
    },
    {
      "type": "Feature",
      "properties": {
        "grid_id": "WED246",
        "site": "weda_bay",
        "location_label": "Weda Bay Central Block (Halmahera Deposit) - Maluku Utara nickel laterite",
        "lithology": "ultramafic_simulated",
        "slope_deg": 15.2,
        "distance_to_river_m": 934,
        "distance_to_road_m": 3819,
        "legal_status": "allowed",
        "distance_to_smelter_km": 34.5,
        "area_ha": 1.77,
        "region_id": "NW",
        "fe_oxide_index": 2.242,
        "clay_index": 2.076,
        "ndvi_stress_index": 0.32,
        "tmi_structural_nT": 45401.5,
        "tmi_anomaly_nT": 401.5,
        "elevation_mdpl": 284.3,
        "geochem_assay_ratio": 1.83
      },
      "geometry": {
        "type": "Polygon",
        "coordinates": [
          [
            [
              127.88,
              0.514
            ],
            [
              127.892,
              0.514
            ],
            [
              127.892,
              0.526
            ],
            [
              127.88,
              0.526
            ],
            [
              127.88,
              0.514
            ]
          ]
        ]
      }
    },
    {
      "type": "Feature",
      "properties": {
        "grid_id": "WED247",
        "site": "weda_bay",
        "location_label": "Weda Bay Central Block (Halmahera Deposit) - Maluku Utara nickel laterite",
        "lithology": "serpentinite_simulated",
        "slope_deg": 24.4,
        "distance_to_river_m": 1668,
        "distance_to_road_m": 2133,
        "legal_status": "allowed",
        "distance_to_smelter_km": 30.8,
        "area_ha": 1.77,
        "region_id": "NW",
        "fe_oxide_index": 2.737,
        "clay_index": 2.074,
        "ndvi_stress_index": 0.362,
        "tmi_structural_nT": 45977.4,
        "tmi_anomaly_nT": 977.4,
        "elevation_mdpl": 338.0,
        "geochem_assay_ratio": 2.4
      },
      "geometry": {
        "type": "Polygon",
        "coordinates": [
          [
            [
              127.892,
              0.514
            ],
            [
              127.904,
              0.514
            ],
            [
              127.904,
              0.526
            ],
            [
              127.892,
              0.526
            ],
            [
              127.892,
              0.514
            ]
          ]
        ]
      }
    },
    {
      "type": "Feature",
      "properties": {
        "grid_id": "WED248",
        "site": "weda_bay",
        "location_label": "Weda Bay Central Block (Halmahera Deposit) - Maluku Utara nickel laterite",
        "lithology": "serpentinite_simulated",
        "slope_deg": 24.4,
        "distance_to_river_m": 491,
        "distance_to_road_m": 1519,
        "legal_status": "allowed",
        "distance_to_smelter_km": 27.5,
        "area_ha": 1.77,
        "region_id": "NW",
        "fe_oxide_index": 1.81,
        "clay_index": 2.015,
        "ndvi_stress_index": 0.229,
        "tmi_structural_nT": 45207.9,
        "tmi_anomaly_nT": 207.9,
        "elevation_mdpl": 340.6,
        "geochem_assay_ratio": 2.43
      },
      "geometry": {
        "type": "Polygon",
        "coordinates": [
          [
            [
              127.904,
              0.514
            ],
            [
              127.916,
              0.514
            ],
            [
              127.916,
              0.526
            ],
            [
              127.904,
              0.526
            ],
            [
              127.904,
              0.514
            ]
          ]
        ]
      }
    },
    {
      "type": "Feature",
      "properties": {
        "grid_id": "WED249",
        "site": "weda_bay",
        "location_label": "Weda Bay Central Block (Halmahera Deposit) - Maluku Utara nickel laterite",
        "lithology": "peridotite_simulated",
        "slope_deg": 17.4,
        "distance_to_river_m": 331,
        "distance_to_road_m": 3667,
        "legal_status": "conditional",
        "distance_to_smelter_km": 24.8,
        "area_ha": 1.77,
        "region_id": "NW",
        "fe_oxide_index": 2.582,
        "clay_index": 1.998,
        "ndvi_stress_index": 0.184,
        "tmi_structural_nT": 45852.4,
        "tmi_anomaly_nT": 852.4,
        "elevation_mdpl": 310.9,
        "geochem_assay_ratio": 2.34
      },
      "geometry": {
        "type": "Polygon",
        "coordinates": [
          [
            [
              127.916,
              0.514
            ],
            [
              127.928,
              0.514
            ],
            [
              127.928,
              0.526
            ],
            [
              127.916,
              0.526
            ],
            [
              127.916,
              0.514
            ]
          ]
        ]
      }
    },
    {
      "type": "Feature",
      "properties": {
        "grid_id": "WED250",
        "site": "weda_bay",
        "location_label": "Weda Bay Central Block (Halmahera Deposit) - Maluku Utara nickel laterite",
        "lithology": "serpentinite_simulated",
        "slope_deg": 21.3,
        "distance_to_river_m": 1138,
        "distance_to_road_m": 926,
        "legal_status": "conditional",
        "distance_to_smelter_km": 23.2,
        "area_ha": 1.77,
        "region_id": "NW",
        "fe_oxide_index": 2.764,
        "clay_index": 2.423,
        "ndvi_stress_index": 0.39,
        "tmi_structural_nT": 45810.2,
        "tmi_anomaly_nT": 810.2,
        "elevation_mdpl": 289.4,
        "geochem_assay_ratio": 3.07
      },
      "geometry": {
        "type": "Polygon",
        "coordinates": [
          [
            [
              127.928,
              0.514
            ],
            [
              127.94,
              0.514
            ],
            [
              127.94,
              0.526
            ],
            [
              127.928,
              0.526
            ],
            [
              127.928,
              0.514
            ]
          ]
        ]
      }
    },
    {
      "type": "Feature",
      "properties": {
        "grid_id": "WED251",
        "site": "weda_bay",
        "location_label": "Weda Bay Central Block (Halmahera Deposit) - Maluku Utara nickel laterite",
        "lithology": "ultramafic_simulated",
        "slope_deg": 20.7,
        "distance_to_river_m": 1844,
        "distance_to_road_m": 3122,
        "legal_status": "conditional",
        "distance_to_smelter_km": 23.2,
        "area_ha": 1.77,
        "region_id": "NE",
        "fe_oxide_index": 2.523,
        "clay_index": 2.166,
        "ndvi_stress_index": 0.206,
        "tmi_structural_nT": 45300.9,
        "tmi_anomaly_nT": 300.9,
        "elevation_mdpl": 351.0,
        "geochem_assay_ratio": 2.73
      },
      "geometry": {
        "type": "Polygon",
        "coordinates": [
          [
            [
              127.94,
              0.514
            ],
            [
              127.952,
              0.514
            ],
            [
              127.952,
              0.526
            ],
            [
              127.94,
              0.526
            ],
            [
              127.94,
              0.514
            ]
          ]
        ]
      }
    },
    {
      "type": "Feature",
      "properties": {
        "grid_id": "WED252",
        "site": "weda_bay",
        "location_label": "Weda Bay Central Block (Halmahera Deposit) - Maluku Utara nickel laterite",
        "lithology": "serpentinite_simulated",
        "slope_deg": 20.0,
        "distance_to_river_m": 348,
        "distance_to_road_m": 1825,
        "legal_status": "allowed",
        "distance_to_smelter_km": 24.8,
        "area_ha": 1.77,
        "region_id": "NE",
        "fe_oxide_index": 2.331,
        "clay_index": 2.032,
        "ndvi_stress_index": 0.396,
        "tmi_structural_nT": 46009.3,
        "tmi_anomaly_nT": 1009.3,
        "elevation_mdpl": 370.7,
        "geochem_assay_ratio": 1.53
      },
      "geometry": {
        "type": "Polygon",
        "coordinates": [
          [
            [
              127.952,
              0.514
            ],
            [
              127.964,
              0.514
            ],
            [
              127.964,
              0.526
            ],
            [
              127.952,
              0.526
            ],
            [
              127.952,
              0.514
            ]
          ]
        ]
      }
    },
    {
      "type": "Feature",
      "properties": {
        "grid_id": "WED253",
        "site": "weda_bay",
        "location_label": "Weda Bay Central Block (Halmahera Deposit) - Maluku Utara nickel laterite",
        "lithology": "peridotite_simulated",
        "slope_deg": 23.0,
        "distance_to_river_m": 2243,
        "distance_to_road_m": 4322,
        "legal_status": "allowed",
        "distance_to_smelter_km": 27.5,
        "area_ha": 1.77,
        "region_id": "NE",
        "fe_oxide_index": 2.077,
        "clay_index": 2.262,
        "ndvi_stress_index": 0.226,
        "tmi_structural_nT": 45952.5,
        "tmi_anomaly_nT": 952.5,
        "elevation_mdpl": 361.4,
        "geochem_assay_ratio": 2.73
      },
      "geometry": {
        "type": "Polygon",
        "coordinates": [
          [
            [
              127.964,
              0.514
            ],
            [
              127.976,
              0.514
            ],
            [
              127.976,
              0.526
            ],
            [
              127.964,
              0.526
            ],
            [
              127.964,
              0.514
            ]
          ]
        ]
      }
    },
    {
      "type": "Feature",
      "properties": {
        "grid_id": "WED254",
        "site": "weda_bay",
        "location_label": "Weda Bay Central Block (Halmahera Deposit) - Maluku Utara nickel laterite",
        "lithology": "serpentinite_simulated",
        "slope_deg": 24.4,
        "distance_to_river_m": 1489,
        "distance_to_road_m": 3052,
        "legal_status": "allowed",
        "distance_to_smelter_km": 30.8,
        "area_ha": 1.77,
        "region_id": "NE",
        "fe_oxide_index": 2.807,
        "clay_index": 2.243,
        "ndvi_stress_index": 0.362,
        "tmi_structural_nT": 45483.6,
        "tmi_anomaly_nT": 483.6,
        "elevation_mdpl": 281.5,
        "geochem_assay_ratio": 1.61
      },
      "geometry": {
        "type": "Polygon",
        "coordinates": [
          [
            [
              127.976,
              0.514
            ],
            [
              127.988,
              0.514
            ],
            [
              127.988,
              0.526
            ],
            [
              127.976,
              0.526
            ],
            [
              127.976,
              0.514
            ]
          ]
        ]
      }
    },
    {
      "type": "Feature",
      "properties": {
        "grid_id": "WED255",
        "site": "weda_bay",
        "location_label": "Weda Bay Central Block (Halmahera Deposit) - Maluku Utara nickel laterite",
        "lithology": "mafic_volcanic_simulated",
        "slope_deg": 15.7,
        "distance_to_river_m": 1939,
        "distance_to_road_m": 2748,
        "legal_status": "allowed",
        "distance_to_smelter_km": 34.5,
        "area_ha": 1.77,
        "region_id": "NE",
        "fe_oxide_index": 1.357,
        "clay_index": 1.11,
        "ndvi_stress_index": 0.546,
        "tmi_structural_nT": 44417.5,
        "tmi_anomaly_nT": -582.5,
        "elevation_mdpl": 344.7,
        "geochem_assay_ratio": 4.06
      },
      "geometry": {
        "type": "Polygon",
        "coordinates": [
          [
            [
              127.988,
              0.514
            ],
            [
              128.0,
              0.514
            ],
            [
              128.0,
              0.526
            ],
            [
              127.988,
              0.526
            ],
            [
              127.988,
              0.514
            ]
          ]
        ]
      }
    },
    {
      "type": "Feature",
      "properties": {
        "grid_id": "WED256",
        "site": "weda_bay",
        "location_label": "Weda Bay Central Block (Halmahera Deposit) - Maluku Utara nickel laterite",
        "lithology": "serpentinite_simulated",
        "slope_deg": 23.0,
        "distance_to_river_m": 647,
        "distance_to_road_m": 1363,
        "legal_status": "allowed",
        "distance_to_smelter_km": 38.4,
        "area_ha": 1.77,
        "region_id": "NE",
        "fe_oxide_index": 1.806,
        "clay_index": 2.404,
        "ndvi_stress_index": 0.419,
        "tmi_structural_nT": 45370.5,
        "tmi_anomaly_nT": 370.5,
        "elevation_mdpl": 322.6,
        "geochem_assay_ratio": 2.39
      },
      "geometry": {
        "type": "Polygon",
        "coordinates": [
          [
            [
              128.0,
              0.514
            ],
            [
              128.012,
              0.514
            ],
            [
              128.012,
              0.526
            ],
            [
              128.0,
              0.526
            ],
            [
              128.0,
              0.514
            ]
          ]
        ]
      }
    },
    {
      "type": "Feature",
      "properties": {
        "grid_id": "WED257",
        "site": "weda_bay",
        "location_label": "Weda Bay Central Block (Halmahera Deposit) - Maluku Utara nickel laterite",
        "lithology": "serpentinite_simulated",
        "slope_deg": 17.6,
        "distance_to_river_m": 300,
        "distance_to_road_m": 409,
        "legal_status": "allowed",
        "distance_to_smelter_km": 42.5,
        "area_ha": 1.77,
        "region_id": "NE",
        "fe_oxide_index": 1.928,
        "clay_index": 1.868,
        "ndvi_stress_index": 0.369,
        "tmi_structural_nT": 45868.6,
        "tmi_anomaly_nT": 868.6,
        "elevation_mdpl": 281.3,
        "geochem_assay_ratio": 1.45
      },
      "geometry": {
        "type": "Polygon",
        "coordinates": [
          [
            [
              128.012,
              0.514
            ],
            [
              128.024,
              0.514
            ],
            [
              128.024,
              0.526
            ],
            [
              128.012,
              0.526
            ],
            [
              128.012,
              0.514
            ]
          ]
        ]
      }
    },
    {
      "type": "Feature",
      "properties": {
        "grid_id": "WED258",
        "site": "weda_bay",
        "location_label": "Weda Bay Central Block (Halmahera Deposit) - Maluku Utara nickel laterite",
        "lithology": "serpentinite_simulated",
        "slope_deg": 19.8,
        "distance_to_river_m": 2375,
        "distance_to_road_m": 1919,
        "legal_status": "allowed",
        "distance_to_smelter_km": 46.6,
        "area_ha": 1.77,
        "region_id": "NE",
        "fe_oxide_index": 1.915,
        "clay_index": 2.415,
        "ndvi_stress_index": 0.264,
        "tmi_structural_nT": 45225.9,
        "tmi_anomaly_nT": 225.9,
        "elevation_mdpl": 346.0,
        "geochem_assay_ratio": 2.55
      },
      "geometry": {
        "type": "Polygon",
        "coordinates": [
          [
            [
              128.024,
              0.514
            ],
            [
              128.036,
              0.514
            ],
            [
              128.036,
              0.526
            ],
            [
              128.024,
              0.526
            ],
            [
              128.024,
              0.514
            ]
          ]
        ]
      }
    },
    {
      "type": "Feature",
      "properties": {
        "grid_id": "WED259",
        "site": "weda_bay",
        "location_label": "Weda Bay Central Block (Halmahera Deposit) - Maluku Utara nickel laterite",
        "lithology": "serpentinite_simulated",
        "slope_deg": 22.5,
        "distance_to_river_m": 753,
        "distance_to_road_m": 2600,
        "legal_status": "no-go",
        "distance_to_smelter_km": 50.8,
        "area_ha": 1.77,
        "region_id": "NE",
        "fe_oxide_index": 2.292,
        "clay_index": 2.325,
        "ndvi_stress_index": 0.189,
        "tmi_structural_nT": 45732.8,
        "tmi_anomaly_nT": 732.8,
        "elevation_mdpl": 363.1,
        "geochem_assay_ratio": 2.91
      },
      "geometry": {
        "type": "Polygon",
        "coordinates": [
          [
            [
              128.036,
              0.514
            ],
            [
              128.048,
              0.514
            ],
            [
              128.048,
              0.526
            ],
            [
              128.036,
              0.526
            ],
            [
              128.036,
              0.514
            ]
          ]
        ]
      }
    },
    {
      "type": "Feature",
      "properties": {
        "grid_id": "WED260",
        "site": "weda_bay",
        "location_label": "Weda Bay Central Block (Halmahera Deposit) - Maluku Utara nickel laterite",
        "lithology": "peridotite_simulated",
        "slope_deg": 16.2,
        "distance_to_river_m": 1626,
        "distance_to_road_m": 3189,
        "legal_status": "no-go",
        "distance_to_smelter_km": 55.0,
        "area_ha": 1.77,
        "region_id": "NE",
        "fe_oxide_index": 2.204,
        "clay_index": 1.925,
        "ndvi_stress_index": 0.302,
        "tmi_structural_nT": 45977.5,
        "tmi_anomaly_nT": 977.5,
        "elevation_mdpl": 327.2,
        "geochem_assay_ratio": 2.03
      },
      "geometry": {
        "type": "Polygon",
        "coordinates": [
          [
            [
              128.048,
              0.514
            ],
            [
              128.06,
              0.514
            ],
            [
              128.06,
              0.526
            ],
            [
              128.048,
              0.526
            ],
            [
              128.048,
              0.514
            ]
          ]
        ]
      }
    },
    {
      "type": "Feature",
      "properties": {
        "grid_id": "WED261",
        "site": "weda_bay",
        "location_label": "Weda Bay Central Block (Halmahera Deposit) - Maluku Utara nickel laterite",
        "lithology": "serpentinite_simulated",
        "slope_deg": 15.7,
        "distance_to_river_m": 2431,
        "distance_to_road_m": 4463,
        "legal_status": "allowed",
        "distance_to_smelter_km": 56.3,
        "area_ha": 1.77,
        "region_id": "NW",
        "fe_oxide_index": 1.835,
        "clay_index": 2.028,
        "ndvi_stress_index": 0.361,
        "tmi_structural_nT": 45285.7,
        "tmi_anomaly_nT": 285.7,
        "elevation_mdpl": 348.0,
        "geochem_assay_ratio": 1.42
      },
      "geometry": {
        "type": "Polygon",
        "coordinates": [
          [
            [
              127.82,
              0.526
            ],
            [
              127.832,
              0.526
            ],
            [
              127.832,
              0.538
            ],
            [
              127.82,
              0.538
            ],
            [
              127.82,
              0.526
            ]
          ]
        ]
      }
    },
    {
      "type": "Feature",
      "properties": {
        "grid_id": "WED262",
        "site": "weda_bay",
        "location_label": "Weda Bay Central Block (Halmahera Deposit) - Maluku Utara nickel laterite",
        "lithology": "serpentinite_simulated",
        "slope_deg": 19.0,
        "distance_to_river_m": 1956,
        "distance_to_road_m": 1825,
        "legal_status": "allowed",
        "distance_to_smelter_km": 52.2,
        "area_ha": 1.77,
        "region_id": "NW",
        "fe_oxide_index": 2.665,
        "clay_index": 2.052,
        "ndvi_stress_index": 0.416,
        "tmi_structural_nT": 45423.1,
        "tmi_anomaly_nT": 423.1,
        "elevation_mdpl": 352.0,
        "geochem_assay_ratio": 2.58
      },
      "geometry": {
        "type": "Polygon",
        "coordinates": [
          [
            [
              127.832,
              0.526
            ],
            [
              127.844,
              0.526
            ],
            [
              127.844,
              0.538
            ],
            [
              127.832,
              0.538
            ],
            [
              127.832,
              0.526
            ]
          ]
        ]
      }
    },
    {
      "type": "Feature",
      "properties": {
        "grid_id": "WED263",
        "site": "weda_bay",
        "location_label": "Weda Bay Central Block (Halmahera Deposit) - Maluku Utara nickel laterite",
        "lithology": "peridotite_simulated",
        "slope_deg": 23.5,
        "distance_to_river_m": 2477,
        "distance_to_road_m": 388,
        "legal_status": "allowed",
        "distance_to_smelter_km": 48.2,
        "area_ha": 1.77,
        "region_id": "NW",
        "fe_oxide_index": 2.572,
        "clay_index": 2.444,
        "ndvi_stress_index": 0.386,
        "tmi_structural_nT": 45323.3,
        "tmi_anomaly_nT": 323.3,
        "elevation_mdpl": 323.4,
        "geochem_assay_ratio": 2.66
      },
      "geometry": {
        "type": "Polygon",
        "coordinates": [
          [
            [
              127.844,
              0.526
            ],
            [
              127.856,
              0.526
            ],
            [
              127.856,
              0.538
            ],
            [
              127.844,
              0.538
            ],
            [
              127.844,
              0.526
            ]
          ]
        ]
      }
    },
    {
      "type": "Feature",
      "properties": {
        "grid_id": "WED264",
        "site": "weda_bay",
        "location_label": "Weda Bay Central Block (Halmahera Deposit) - Maluku Utara nickel laterite",
        "lithology": "mafic_volcanic_simulated",
        "slope_deg": 17.7,
        "distance_to_river_m": 1272,
        "distance_to_road_m": 2551,
        "legal_status": "conditional",
        "distance_to_smelter_km": 44.3,
        "area_ha": 1.77,
        "region_id": "NW",
        "fe_oxide_index": 1.594,
        "clay_index": 1.101,
        "ndvi_stress_index": 0.547,
        "tmi_structural_nT": 44669.3,
        "tmi_anomaly_nT": -330.7,
        "elevation_mdpl": 347.7,
        "geochem_assay_ratio": 5.68
      },
      "geometry": {
        "type": "Polygon",
        "coordinates": [
          [
            [
              127.856,
              0.526
            ],
            [
              127.868,
              0.526
            ],
            [
              127.868,
              0.538
            ],
            [
              127.856,
              0.538
            ],
            [
              127.856,
              0.526
            ]
          ]
        ]
      }
    },
    {
      "type": "Feature",
      "properties": {
        "grid_id": "WED265",
        "site": "weda_bay",
        "location_label": "Weda Bay Central Block (Halmahera Deposit) - Maluku Utara nickel laterite",
        "lithology": "serpentinite_simulated",
        "slope_deg": 21.5,
        "distance_to_river_m": 979,
        "distance_to_road_m": 4473,
        "legal_status": "allowed",
        "distance_to_smelter_km": 40.5,
        "area_ha": 1.77,
        "region_id": "NW",
        "fe_oxide_index": 2.59,
        "clay_index": 2.191,
        "ndvi_stress_index": 0.279,
        "tmi_structural_nT": 45196.0,
        "tmi_anomaly_nT": 196.0,
        "elevation_mdpl": 379.1,
        "geochem_assay_ratio": 1.74
      },
      "geometry": {
        "type": "Polygon",
        "coordinates": [
          [
            [
              127.868,
              0.526
            ],
            [
              127.88,
              0.526
            ],
            [
              127.88,
              0.538
            ],
            [
              127.868,
              0.538
            ],
            [
              127.868,
              0.526
            ]
          ]
        ]
      }
    },
    {
      "type": "Feature",
      "properties": {
        "grid_id": "WED266",
        "site": "weda_bay",
        "location_label": "Weda Bay Central Block (Halmahera Deposit) - Maluku Utara nickel laterite",
        "lithology": "serpentinite_simulated",
        "slope_deg": 18.0,
        "distance_to_river_m": 329,
        "distance_to_road_m": 2587,
        "legal_status": "allowed",
        "distance_to_smelter_km": 36.9,
        "area_ha": 1.77,
        "region_id": "NW",
        "fe_oxide_index": 2.356,
        "clay_index": 2.384,
        "ndvi_stress_index": 0.237,
        "tmi_structural_nT": 45361.3,
        "tmi_anomaly_nT": 361.3,
        "elevation_mdpl": 280.4,
        "geochem_assay_ratio": 3.0
      },
      "geometry": {
        "type": "Polygon",
        "coordinates": [
          [
            [
              127.88,
              0.526
            ],
            [
              127.892,
              0.526
            ],
            [
              127.892,
              0.538
            ],
            [
              127.88,
              0.538
            ],
            [
              127.88,
              0.526
            ]
          ]
        ]
      }
    },
    {
      "type": "Feature",
      "properties": {
        "grid_id": "WED267",
        "site": "weda_bay",
        "location_label": "Weda Bay Central Block (Halmahera Deposit) - Maluku Utara nickel laterite",
        "lithology": "serpentinite_simulated",
        "slope_deg": 22.1,
        "distance_to_river_m": 1031,
        "distance_to_road_m": 2527,
        "legal_status": "allowed",
        "distance_to_smelter_km": 33.7,
        "area_ha": 1.77,
        "region_id": "NW",
        "fe_oxide_index": 2.753,
        "clay_index": 1.867,
        "ndvi_stress_index": 0.25,
        "tmi_structural_nT": 45725.1,
        "tmi_anomaly_nT": 725.1,
        "elevation_mdpl": 309.8,
        "geochem_assay_ratio": 2.1
      },
      "geometry": {
        "type": "Polygon",
        "coordinates": [
          [
            [
              127.892,
              0.526
            ],
            [
              127.904,
              0.526
            ],
            [
              127.904,
              0.538
            ],
            [
              127.892,
              0.538
            ],
            [
              127.892,
              0.526
            ]
          ]
        ]
      }
    },
    {
      "type": "Feature",
      "properties": {
        "grid_id": "WED268",
        "site": "weda_bay",
        "location_label": "Weda Bay Central Block (Halmahera Deposit) - Maluku Utara nickel laterite",
        "lithology": "peridotite_simulated",
        "slope_deg": 22.2,
        "distance_to_river_m": 2424,
        "distance_to_road_m": 982,
        "legal_status": "conditional",
        "distance_to_smelter_km": 30.8,
        "area_ha": 1.77,
        "region_id": "NW",
        "fe_oxide_index": 2.018,
        "clay_index": 2.357,
        "ndvi_stress_index": 0.255,
        "tmi_structural_nT": 45149.1,
        "tmi_anomaly_nT": 149.1,
        "elevation_mdpl": 362.5,
        "geochem_assay_ratio": 1.91
      },
      "geometry": {
        "type": "Polygon",
        "coordinates": [
          [
            [
              127.904,
              0.526
            ],
            [
              127.916,
              0.526
            ],
            [
              127.916,
              0.538
            ],
            [
              127.904,
              0.538
            ],
            [
              127.904,
              0.526
            ]
          ]
        ]
      }
    },
    {
      "type": "Feature",
      "properties": {
        "grid_id": "WED269",
        "site": "weda_bay",
        "location_label": "Weda Bay Central Block (Halmahera Deposit) - Maluku Utara nickel laterite",
        "lithology": "serpentinite_simulated",
        "slope_deg": 17.5,
        "distance_to_river_m": 348,
        "distance_to_road_m": 3463,
        "legal_status": "conditional",
        "distance_to_smelter_km": 28.7,
        "area_ha": 1.77,
        "region_id": "NW",
        "fe_oxide_index": 2.446,
        "clay_index": 2.387,
        "ndvi_stress_index": 0.408,
        "tmi_structural_nT": 45252.3,
        "tmi_anomaly_nT": 252.3,
        "elevation_mdpl": 369.5,
        "geochem_assay_ratio": 2.03
      },
      "geometry": {
        "type": "Polygon",
        "coordinates": [
          [
            [
              127.916,
              0.526
            ],
            [
              127.928,
              0.526
            ],
            [
              127.928,
              0.538
            ],
            [
              127.916,
              0.538
            ],
            [
              127.916,
              0.526
            ]
          ]
        ]
      }
    },
    {
      "type": "Feature",
      "properties": {
        "grid_id": "WED270",
        "site": "weda_bay",
        "location_label": "Weda Bay Central Block (Halmahera Deposit) - Maluku Utara nickel laterite",
        "lithology": "peridotite_simulated",
        "slope_deg": 24.0,
        "distance_to_river_m": 1848,
        "distance_to_road_m": 4049,
        "legal_status": "conditional",
        "distance_to_smelter_km": 27.5,
        "area_ha": 1.77,
        "region_id": "NW",
        "fe_oxide_index": 1.876,
        "clay_index": 1.62,
        "ndvi_stress_index": 0.273,
        "tmi_structural_nT": 45591.6,
        "tmi_anomaly_nT": 591.6,
        "elevation_mdpl": 334.4,
        "geochem_assay_ratio": 1.98
      },
      "geometry": {
        "type": "Polygon",
        "coordinates": [
          [
            [
              127.928,
              0.526
            ],
            [
              127.94,
              0.526
            ],
            [
              127.94,
              0.538
            ],
            [
              127.928,
              0.538
            ],
            [
              127.928,
              0.526
            ]
          ]
        ]
      }
    },
    {
      "type": "Feature",
      "properties": {
        "grid_id": "WED271",
        "site": "weda_bay",
        "location_label": "Weda Bay Central Block (Halmahera Deposit) - Maluku Utara nickel laterite",
        "lithology": "peridotite_simulated",
        "slope_deg": 18.1,
        "distance_to_river_m": 572,
        "distance_to_road_m": 3094,
        "legal_status": "conditional",
        "distance_to_smelter_km": 27.5,
        "area_ha": 1.77,
        "region_id": "NE",
        "fe_oxide_index": 2.777,
        "clay_index": 1.626,
        "ndvi_stress_index": 0.282,
        "tmi_structural_nT": 45544.5,
        "tmi_anomaly_nT": 544.5,
        "elevation_mdpl": 305.3,
        "geochem_assay_ratio": 2.01
      },
      "geometry": {
        "type": "Polygon",
        "coordinates": [
          [
            [
              127.94,
              0.526
            ],
            [
              127.952,
              0.526
            ],
            [
              127.952,
              0.538
            ],
            [
              127.94,
              0.538
            ],
            [
              127.94,
              0.526
            ]
          ]
        ]
      }
    },
    {
      "type": "Feature",
      "properties": {
        "grid_id": "WED272",
        "site": "weda_bay",
        "location_label": "Weda Bay Central Block (Halmahera Deposit) - Maluku Utara nickel laterite",
        "lithology": "serpentinite_simulated",
        "slope_deg": 22.6,
        "distance_to_river_m": 600,
        "distance_to_road_m": 2462,
        "legal_status": "conditional",
        "distance_to_smelter_km": 28.7,
        "area_ha": 1.77,
        "region_id": "NE",
        "fe_oxide_index": 1.946,
        "clay_index": 2.318,
        "ndvi_stress_index": 0.39,
        "tmi_structural_nT": 45647.5,
        "tmi_anomaly_nT": 647.5,
        "elevation_mdpl": 292.0,
        "geochem_assay_ratio": 2.87
      },
      "geometry": {
        "type": "Polygon",
        "coordinates": [
          [
            [
              127.952,
              0.526
            ],
            [
              127.964,
              0.526
            ],
            [
              127.964,
              0.538
            ],
            [
              127.952,
              0.538
            ],
            [
              127.952,
              0.526
            ]
          ]
        ]
      }
    },
    {
      "type": "Feature",
      "properties": {
        "grid_id": "WED273",
        "site": "weda_bay",
        "location_label": "Weda Bay Central Block (Halmahera Deposit) - Maluku Utara nickel laterite",
        "lithology": "peridotite_simulated",
        "slope_deg": 15.7,
        "distance_to_river_m": 2438,
        "distance_to_road_m": 2679,
        "legal_status": "conditional",
        "distance_to_smelter_km": 30.8,
        "area_ha": 1.77,
        "region_id": "NE",
        "fe_oxide_index": 1.85,
        "clay_index": 2.376,
        "ndvi_stress_index": 0.408,
        "tmi_structural_nT": 46069.5,
        "tmi_anomaly_nT": 1069.5,
        "elevation_mdpl": 364.0,
        "geochem_assay_ratio": 2.27
      },
      "geometry": {
        "type": "Polygon",
        "coordinates": [
          [
            [
              127.964,
              0.526
            ],
            [
              127.976,
              0.526
            ],
            [
              127.976,
              0.538
            ],
            [
              127.964,
              0.538
            ],
            [
              127.964,
              0.526
            ]
          ]
        ]
      }
    },
    {
      "type": "Feature",
      "properties": {
        "grid_id": "WED274",
        "site": "weda_bay",
        "location_label": "Weda Bay Central Block (Halmahera Deposit) - Maluku Utara nickel laterite",
        "lithology": "alluvium",
        "slope_deg": 22.3,
        "distance_to_river_m": 812,
        "distance_to_road_m": 3135,
        "legal_status": "allowed",
        "distance_to_smelter_km": 33.7,
        "area_ha": 1.77,
        "region_id": "NE",
        "fe_oxide_index": 1.301,
        "clay_index": 1.014,
        "ndvi_stress_index": 0.588,
        "tmi_structural_nT": 44957.1,
        "tmi_anomaly_nT": -42.9,
        "elevation_mdpl": 371.1,
        "geochem_assay_ratio": 4.67
      },
      "geometry": {
        "type": "Polygon",
        "coordinates": [
          [
            [
              127.976,
              0.526
            ],
            [
              127.988,
              0.526
            ],
            [
              127.988,
              0.538
            ],
            [
              127.976,
              0.538
            ],
            [
              127.976,
              0.526
            ]
          ]
        ]
      }
    },
    {
      "type": "Feature",
      "properties": {
        "grid_id": "WED275",
        "site": "weda_bay",
        "location_label": "Weda Bay Central Block (Halmahera Deposit) - Maluku Utara nickel laterite",
        "lithology": "serpentinite_simulated",
        "slope_deg": 24.4,
        "distance_to_river_m": 1099,
        "distance_to_road_m": 3148,
        "legal_status": "no-go",
        "distance_to_smelter_km": 36.9,
        "area_ha": 1.77,
        "region_id": "NE",
        "fe_oxide_index": 2.108,
        "clay_index": 1.836,
        "ndvi_stress_index": 0.271,
        "tmi_structural_nT": 45477.0,
        "tmi_anomaly_nT": 477.0,
        "elevation_mdpl": 280.5,
        "geochem_assay_ratio": 1.64
      },
      "geometry": {
        "type": "Polygon",
        "coordinates": [
          [
            [
              127.988,
              0.526
            ],
            [
              128.0,
              0.526
            ],
            [
              128.0,
              0.538
            ],
            [
              127.988,
              0.538
            ],
            [
              127.988,
              0.526
            ]
          ]
        ]
      }
    },
    {
      "type": "Feature",
      "properties": {
        "grid_id": "WED276",
        "site": "weda_bay",
        "location_label": "Weda Bay Central Block (Halmahera Deposit) - Maluku Utara nickel laterite",
        "lithology": "ultramafic_simulated",
        "slope_deg": 15.3,
        "distance_to_river_m": 222,
        "distance_to_road_m": 1993,
        "legal_status": "no-go",
        "distance_to_smelter_km": 40.5,
        "area_ha": 1.77,
        "region_id": "NE",
        "fe_oxide_index": 2.823,
        "clay_index": 1.917,
        "ndvi_stress_index": 0.346,
        "tmi_structural_nT": 45530.6,
        "tmi_anomaly_nT": 530.6,
        "elevation_mdpl": 336.1,
        "geochem_assay_ratio": 3.1
      },
      "geometry": {
        "type": "Polygon",
        "coordinates": [
          [
            [
              128.0,
              0.526
            ],
            [
              128.012,
              0.526
            ],
            [
              128.012,
              0.538
            ],
            [
              128.0,
              0.538
            ],
            [
              128.0,
              0.526
            ]
          ]
        ]
      }
    },
    {
      "type": "Feature",
      "properties": {
        "grid_id": "WED277",
        "site": "weda_bay",
        "location_label": "Weda Bay Central Block (Halmahera Deposit) - Maluku Utara nickel laterite",
        "lithology": "alluvium",
        "slope_deg": 16.6,
        "distance_to_river_m": 1031,
        "distance_to_road_m": 3423,
        "legal_status": "no-go",
        "distance_to_smelter_km": 44.3,
        "area_ha": 1.77,
        "region_id": "NE",
        "fe_oxide_index": 1.413,
        "clay_index": 1.269,
        "ndvi_stress_index": 0.597,
        "tmi_structural_nT": 44580.8,
        "tmi_anomaly_nT": -419.2,
        "elevation_mdpl": 360.6,
        "geochem_assay_ratio": 5.59
      },
      "geometry": {
        "type": "Polygon",
        "coordinates": [
          [
            [
              128.012,
              0.526
            ],
            [
              128.024,
              0.526
            ],
            [
              128.024,
              0.538
            ],
            [
              128.012,
              0.538
            ],
            [
              128.012,
              0.526
            ]
          ]
        ]
      }
    },
    {
      "type": "Feature",
      "properties": {
        "grid_id": "WED278",
        "site": "weda_bay",
        "location_label": "Weda Bay Central Block (Halmahera Deposit) - Maluku Utara nickel laterite",
        "lithology": "peridotite_simulated",
        "slope_deg": 18.6,
        "distance_to_river_m": 1419,
        "distance_to_road_m": 2853,
        "legal_status": "no-go",
        "distance_to_smelter_km": 48.2,
        "area_ha": 1.77,
        "region_id": "NE",
        "fe_oxide_index": 2.825,
        "clay_index": 1.886,
        "ndvi_stress_index": 0.295,
        "tmi_structural_nT": 45550.7,
        "tmi_anomaly_nT": 550.7,
        "elevation_mdpl": 341.0,
        "geochem_assay_ratio": 1.57
      },
      "geometry": {
        "type": "Polygon",
        "coordinates": [
          [
            [
              128.024,
              0.526
            ],
            [
              128.036,
              0.526
            ],
            [
              128.036,
              0.538
            ],
            [
              128.024,
              0.538
            ],
            [
              128.024,
              0.526
            ]
          ]
        ]
      }
    },
    {
      "type": "Feature",
      "properties": {
        "grid_id": "WED279",
        "site": "weda_bay",
        "location_label": "Weda Bay Central Block (Halmahera Deposit) - Maluku Utara nickel laterite",
        "lithology": "peridotite_simulated",
        "slope_deg": 21.8,
        "distance_to_river_m": 555,
        "distance_to_road_m": 782,
        "legal_status": "no-go",
        "distance_to_smelter_km": 52.2,
        "area_ha": 1.77,
        "region_id": "NE",
        "fe_oxide_index": 2.332,
        "clay_index": 2.162,
        "ndvi_stress_index": 0.372,
        "tmi_structural_nT": 45777.4,
        "tmi_anomaly_nT": 777.4,
        "elevation_mdpl": 322.4,
        "geochem_assay_ratio": 3.06
      },
      "geometry": {
        "type": "Polygon",
        "coordinates": [
          [
            [
              128.036,
              0.526
            ],
            [
              128.048,
              0.526
            ],
            [
              128.048,
              0.538
            ],
            [
              128.036,
              0.538
            ],
            [
              128.036,
              0.526
            ]
          ]
        ]
      }
    },
    {
      "type": "Feature",
      "properties": {
        "grid_id": "WED280",
        "site": "weda_bay",
        "location_label": "Weda Bay Central Block (Halmahera Deposit) - Maluku Utara nickel laterite",
        "lithology": "serpentinite_simulated",
        "slope_deg": 22.5,
        "distance_to_river_m": 2129,
        "distance_to_road_m": 1040,
        "legal_status": "no-go",
        "distance_to_smelter_km": 56.3,
        "area_ha": 1.77,
        "region_id": "NE",
        "fe_oxide_index": 2.473,
        "clay_index": 2.054,
        "ndvi_stress_index": 0.268,
        "tmi_structural_nT": 45748.5,
        "tmi_anomaly_nT": 748.5,
        "elevation_mdpl": 305.8,
        "geochem_assay_ratio": 3.12
      },
      "geometry": {
        "type": "Polygon",
        "coordinates": [
          [
            [
              128.048,
              0.526
            ],
            [
              128.06,
              0.526
            ],
            [
              128.06,
              0.538
            ],
            [
              128.048,
              0.538
            ],
            [
              128.048,
              0.526
            ]
          ]
        ]
      }
    },
    {
      "type": "Feature",
      "properties": {
        "grid_id": "WED281",
        "site": "weda_bay",
        "location_label": "Weda Bay Central Block (Halmahera Deposit) - Maluku Utara nickel laterite",
        "lithology": "peridotite_simulated",
        "slope_deg": 15.4,
        "distance_to_river_m": 1923,
        "distance_to_road_m": 3814,
        "legal_status": "allowed",
        "distance_to_smelter_km": 58.0,
        "area_ha": 1.77,
        "region_id": "NW",
        "fe_oxide_index": 2.69,
        "clay_index": 1.83,
        "ndvi_stress_index": 0.253,
        "tmi_structural_nT": 45104.8,
        "tmi_anomaly_nT": 104.8,
        "elevation_mdpl": 354.6,
        "geochem_assay_ratio": 1.89
      },
      "geometry": {
        "type": "Polygon",
        "coordinates": [
          [
            [
              127.82,
              0.538
            ],
            [
              127.832,
              0.538
            ],
            [
              127.832,
              0.55
            ],
            [
              127.82,
              0.55
            ],
            [
              127.82,
              0.538
            ]
          ]
        ]
      }
    },
    {
      "type": "Feature",
      "properties": {
        "grid_id": "WED282",
        "site": "weda_bay",
        "location_label": "Weda Bay Central Block (Halmahera Deposit) - Maluku Utara nickel laterite",
        "lithology": "serpentinite_simulated",
        "slope_deg": 16.9,
        "distance_to_river_m": 2488,
        "distance_to_road_m": 3301,
        "legal_status": "allowed",
        "distance_to_smelter_km": 54.1,
        "area_ha": 1.77,
        "region_id": "NW",
        "fe_oxide_index": 1.957,
        "clay_index": 2.334,
        "ndvi_stress_index": 0.208,
        "tmi_structural_nT": 45952.7,
        "tmi_anomaly_nT": 952.7,
        "elevation_mdpl": 372.0,
        "geochem_assay_ratio": 2.26
      },
      "geometry": {
        "type": "Polygon",
        "coordinates": [
          [
            [
              127.832,
              0.538
            ],
            [
              127.844,
              0.538
            ],
            [
              127.844,
              0.55
            ],
            [
              127.832,
              0.55
            ],
            [
              127.832,
              0.538
            ]
          ]
        ]
      }
    },
    {
      "type": "Feature",
      "properties": {
        "grid_id": "WED283",
        "site": "weda_bay",
        "location_label": "Weda Bay Central Block (Halmahera Deposit) - Maluku Utara nickel laterite",
        "lithology": "serpentinite_simulated",
        "slope_deg": 21.1,
        "distance_to_river_m": 1549,
        "distance_to_road_m": 3654,
        "legal_status": "allowed",
        "distance_to_smelter_km": 50.3,
        "area_ha": 1.77,
        "region_id": "NW",
        "fe_oxide_index": 1.926,
        "clay_index": 1.875,
        "ndvi_stress_index": 0.352,
        "tmi_structural_nT": 45102.0,
        "tmi_anomaly_nT": 102.0,
        "elevation_mdpl": 343.5,
        "geochem_assay_ratio": 2.26
      },
      "geometry": {
        "type": "Polygon",
        "coordinates": [
          [
            [
              127.844,
              0.538
            ],
            [
              127.856,
              0.538
            ],
            [
              127.856,
              0.55
            ],
            [
              127.844,
              0.55
            ],
            [
              127.844,
              0.538
            ]
          ]
        ]
      }
    },
    {
      "type": "Feature",
      "properties": {
        "grid_id": "WED284",
        "site": "weda_bay",
        "location_label": "Weda Bay Central Block (Halmahera Deposit) - Maluku Utara nickel laterite",
        "lithology": "ultramafic_simulated",
        "slope_deg": 15.1,
        "distance_to_river_m": 1178,
        "distance_to_road_m": 3426,
        "legal_status": "conditional",
        "distance_to_smelter_km": 46.6,
        "area_ha": 1.77,
        "region_id": "NW",
        "fe_oxide_index": 2.637,
        "clay_index": 1.851,
        "ndvi_stress_index": 0.42,
        "tmi_structural_nT": 45558.5,
        "tmi_anomaly_nT": 558.5,
        "elevation_mdpl": 336.9,
        "geochem_assay_ratio": 2.49
      },
      "geometry": {
        "type": "Polygon",
        "coordinates": [
          [
            [
              127.856,
              0.538
            ],
            [
              127.868,
              0.538
            ],
            [
              127.868,
              0.55
            ],
            [
              127.856,
              0.55
            ],
            [
              127.856,
              0.538
            ]
          ]
        ]
      }
    },
    {
      "type": "Feature",
      "properties": {
        "grid_id": "WED285",
        "site": "weda_bay",
        "location_label": "Weda Bay Central Block (Halmahera Deposit) - Maluku Utara nickel laterite",
        "lithology": "mafic_volcanic_simulated",
        "slope_deg": 15.4,
        "distance_to_river_m": 1151,
        "distance_to_road_m": 3779,
        "legal_status": "allowed",
        "distance_to_smelter_km": 43.1,
        "area_ha": 1.77,
        "region_id": "NW",
        "fe_oxide_index": 1.635,
        "clay_index": 1.079,
        "ndvi_stress_index": 0.683,
        "tmi_structural_nT": 45082.1,
        "tmi_anomaly_nT": 82.1,
        "elevation_mdpl": 323.6,
        "geochem_assay_ratio": 3.55
      },
      "geometry": {
        "type": "Polygon",
        "coordinates": [
          [
            [
              127.868,
              0.538
            ],
            [
              127.88,
              0.538
            ],
            [
              127.88,
              0.55
            ],
            [
              127.868,
              0.55
            ],
            [
              127.868,
              0.538
            ]
          ]
        ]
      }
    },
    {
      "type": "Feature",
      "properties": {
        "grid_id": "WED286",
        "site": "weda_bay",
        "location_label": "Weda Bay Central Block (Halmahera Deposit) - Maluku Utara nickel laterite",
        "lithology": "peridotite_simulated",
        "slope_deg": 18.8,
        "distance_to_river_m": 2431,
        "distance_to_road_m": 1539,
        "legal_status": "allowed",
        "distance_to_smelter_km": 39.8,
        "area_ha": 1.77,
        "region_id": "NW",
        "fe_oxide_index": 2.459,
        "clay_index": 2.154,
        "ndvi_stress_index": 0.346,
        "tmi_structural_nT": 45511.9,
        "tmi_anomaly_nT": 511.9,
        "elevation_mdpl": 336.5,
        "geochem_assay_ratio": 1.8
      },
      "geometry": {
        "type": "Polygon",
        "coordinates": [
          [
            [
              127.88,
              0.538
            ],
            [
              127.892,
              0.538
            ],
            [
              127.892,
              0.55
            ],
            [
              127.88,
              0.55
            ],
            [
              127.88,
              0.538
            ]
          ]
        ]
      }
    },
    {
      "type": "Feature",
      "properties": {
        "grid_id": "WED287",
        "site": "weda_bay",
        "location_label": "Weda Bay Central Block (Halmahera Deposit) - Maluku Utara nickel laterite",
        "lithology": "serpentinite_simulated",
        "slope_deg": 17.7,
        "distance_to_river_m": 1044,
        "distance_to_road_m": 2046,
        "legal_status": "allowed",
        "distance_to_smelter_km": 36.9,
        "area_ha": 1.77,
        "region_id": "NW",
        "fe_oxide_index": 1.812,
        "clay_index": 2.225,
        "ndvi_stress_index": 0.34,
        "tmi_structural_nT": 46081.8,
        "tmi_anomaly_nT": 1081.8,
        "elevation_mdpl": 280.8,
        "geochem_assay_ratio": 3.14
      },
      "geometry": {
        "type": "Polygon",
        "coordinates": [
          [
            [
              127.892,
              0.538
            ],
            [
              127.904,
              0.538
            ],
            [
              127.904,
              0.55
            ],
            [
              127.892,
              0.55
            ],
            [
              127.892,
              0.538
            ]
          ]
        ]
      }
    },
    {
      "type": "Feature",
      "properties": {
        "grid_id": "WED288",
        "site": "weda_bay",
        "location_label": "Weda Bay Central Block (Halmahera Deposit) - Maluku Utara nickel laterite",
        "lithology": "peridotite_simulated",
        "slope_deg": 14.4,
        "distance_to_river_m": 1684,
        "distance_to_road_m": 1739,
        "legal_status": "conditional",
        "distance_to_smelter_km": 34.5,
        "area_ha": 1.77,
        "region_id": "NW",
        "fe_oxide_index": 2.307,
        "clay_index": 2.247,
        "ndvi_stress_index": 0.321,
        "tmi_structural_nT": 45855.3,
        "tmi_anomaly_nT": 855.3,
        "elevation_mdpl": 349.5,
        "geochem_assay_ratio": 2.05
      },
      "geometry": {
        "type": "Polygon",
        "coordinates": [
          [
            [
              127.904,
              0.538
            ],
            [
              127.916,
              0.538
            ],
            [
              127.916,
              0.55
            ],
            [
              127.904,
              0.55
            ],
            [
              127.904,
              0.538
            ]
          ]
        ]
      }
    },
    {
      "type": "Feature",
      "properties": {
        "grid_id": "WED289",
        "site": "weda_bay",
        "location_label": "Weda Bay Central Block (Halmahera Deposit) - Maluku Utara nickel laterite",
        "lithology": "peridotite_simulated",
        "slope_deg": 21.5,
        "distance_to_river_m": 359,
        "distance_to_road_m": 967,
        "legal_status": "conditional",
        "distance_to_smelter_km": 32.8,
        "area_ha": 1.77,
        "region_id": "NW",
        "fe_oxide_index": 2.653,
        "clay_index": 1.708,
        "ndvi_stress_index": 0.342,
        "tmi_structural_nT": 45361.7,
        "tmi_anomaly_nT": 361.7,
        "elevation_mdpl": 367.9,
        "geochem_assay_ratio": 2.21
      },
      "geometry": {
        "type": "Polygon",
        "coordinates": [
          [
            [
              127.916,
              0.538
            ],
            [
              127.928,
              0.538
            ],
            [
              127.928,
              0.55
            ],
            [
              127.916,
              0.55
            ],
            [
              127.916,
              0.538
            ]
          ]
        ]
      }
    },
    {
      "type": "Feature",
      "properties": {
        "grid_id": "WED290",
        "site": "weda_bay",
        "location_label": "Weda Bay Central Block (Halmahera Deposit) - Maluku Utara nickel laterite",
        "lithology": "ultramafic_simulated",
        "slope_deg": 22.1,
        "distance_to_river_m": 457,
        "distance_to_road_m": 913,
        "legal_status": "conditional",
        "distance_to_smelter_km": 31.8,
        "area_ha": 1.77,
        "region_id": "NW",
        "fe_oxide_index": 2.592,
        "clay_index": 2.111,
        "ndvi_stress_index": 0.182,
        "tmi_structural_nT": 45114.2,
        "tmi_anomaly_nT": 114.2,
        "elevation_mdpl": 365.2,
        "geochem_assay_ratio": 1.98
      },
      "geometry": {
        "type": "Polygon",
        "coordinates": [
          [
            [
              127.928,
              0.538
            ],
            [
              127.94,
              0.538
            ],
            [
              127.94,
              0.55
            ],
            [
              127.928,
              0.55
            ],
            [
              127.928,
              0.538
            ]
          ]
        ]
      }
    },
    {
      "type": "Feature",
      "properties": {
        "grid_id": "WED291",
        "site": "weda_bay",
        "location_label": "Weda Bay Central Block (Halmahera Deposit) - Maluku Utara nickel laterite",
        "lithology": "peridotite_simulated",
        "slope_deg": 21.9,
        "distance_to_river_m": 1705,
        "distance_to_road_m": 3713,
        "legal_status": "conditional",
        "distance_to_smelter_km": 31.8,
        "area_ha": 1.77,
        "region_id": "NE",
        "fe_oxide_index": 1.994,
        "clay_index": 1.69,
        "ndvi_stress_index": 0.237,
        "tmi_structural_nT": 45168.5,
        "tmi_anomaly_nT": 168.5,
        "elevation_mdpl": 321.1,
        "geochem_assay_ratio": 2.15
      },
      "geometry": {
        "type": "Polygon",
        "coordinates": [
          [
            [
              127.94,
              0.538
            ],
            [
              127.952,
              0.538
            ],
            [
              127.952,
              0.55
            ],
            [
              127.94,
              0.55
            ],
            [
              127.94,
              0.538
            ]
          ]
        ]
      }
    },
    {
      "type": "Feature",
      "properties": {
        "grid_id": "WED292",
        "site": "weda_bay",
        "location_label": "Weda Bay Central Block (Halmahera Deposit) - Maluku Utara nickel laterite",
        "lithology": "peridotite_simulated",
        "slope_deg": 23.1,
        "distance_to_river_m": 1998,
        "distance_to_road_m": 1443,
        "legal_status": "conditional",
        "distance_to_smelter_km": 32.8,
        "area_ha": 1.77,
        "region_id": "NE",
        "fe_oxide_index": 2.208,
        "clay_index": 2.333,
        "ndvi_stress_index": 0.216,
        "tmi_structural_nT": 45344.7,
        "tmi_anomaly_nT": 344.7,
        "elevation_mdpl": 287.9,
        "geochem_assay_ratio": 2.92
      },
      "geometry": {
        "type": "Polygon",
        "coordinates": [
          [
            [
              127.952,
              0.538
            ],
            [
              127.964,
              0.538
            ],
            [
              127.964,
              0.55
            ],
            [
              127.952,
              0.55
            ],
            [
              127.952,
              0.538
            ]
          ]
        ]
      }
    },
    {
      "type": "Feature",
      "properties": {
        "grid_id": "WED293",
        "site": "weda_bay",
        "location_label": "Weda Bay Central Block (Halmahera Deposit) - Maluku Utara nickel laterite",
        "lithology": "serpentinite_simulated",
        "slope_deg": 17.0,
        "distance_to_river_m": 272,
        "distance_to_road_m": 1950,
        "legal_status": "conditional",
        "distance_to_smelter_km": 34.5,
        "area_ha": 1.77,
        "region_id": "NE",
        "fe_oxide_index": 2.392,
        "clay_index": 1.875,
        "ndvi_stress_index": 0.371,
        "tmi_structural_nT": 45230.2,
        "tmi_anomaly_nT": 230.2,
        "elevation_mdpl": 292.7,
        "geochem_assay_ratio": 1.81
      },
      "geometry": {
        "type": "Polygon",
        "coordinates": [
          [
            [
              127.964,
              0.538
            ],
            [
              127.976,
              0.538
            ],
            [
              127.976,
              0.55
            ],
            [
              127.964,
              0.55
            ],
            [
              127.964,
              0.538
            ]
          ]
        ]
      }
    },
    {
      "type": "Feature",
      "properties": {
        "grid_id": "WED294",
        "site": "weda_bay",
        "location_label": "Weda Bay Central Block (Halmahera Deposit) - Maluku Utara nickel laterite",
        "lithology": "peridotite_simulated",
        "slope_deg": 20.3,
        "distance_to_river_m": 905,
        "distance_to_road_m": 4352,
        "legal_status": "no-go",
        "distance_to_smelter_km": 36.9,
        "area_ha": 1.77,
        "region_id": "NE",
        "fe_oxide_index": 2.465,
        "clay_index": 2.387,
        "ndvi_stress_index": 0.382,
        "tmi_structural_nT": 45775.3,
        "tmi_anomaly_nT": 775.3,
        "elevation_mdpl": 327.4,
        "geochem_assay_ratio": 2.35
      },
      "geometry": {
        "type": "Polygon",
        "coordinates": [
          [
            [
              127.976,
              0.538
            ],
            [
              127.988,
              0.538
            ],
            [
              127.988,
              0.55
            ],
            [
              127.976,
              0.55
            ],
            [
              127.976,
              0.538
            ]
          ]
        ]
      }
    },
    {
      "type": "Feature",
      "properties": {
        "grid_id": "WED295",
        "site": "weda_bay",
        "location_label": "Weda Bay Central Block (Halmahera Deposit) - Maluku Utara nickel laterite",
        "lithology": "peridotite_simulated",
        "slope_deg": 20.7,
        "distance_to_river_m": 1589,
        "distance_to_road_m": 3473,
        "legal_status": "no-go",
        "distance_to_smelter_km": 39.8,
        "area_ha": 1.77,
        "region_id": "NE",
        "fe_oxide_index": 2.84,
        "clay_index": 2.31,
        "ndvi_stress_index": 0.377,
        "tmi_structural_nT": 45879.1,
        "tmi_anomaly_nT": 879.1,
        "elevation_mdpl": 283.3,
        "geochem_assay_ratio": 3.03
      },
      "geometry": {
        "type": "Polygon",
        "coordinates": [
          [
            [
              127.988,
              0.538
            ],
            [
              128.0,
              0.538
            ],
            [
              128.0,
              0.55
            ],
            [
              127.988,
              0.55
            ],
            [
              127.988,
              0.538
            ]
          ]
        ]
      }
    },
    {
      "type": "Feature",
      "properties": {
        "grid_id": "WED296",
        "site": "weda_bay",
        "location_label": "Weda Bay Central Block (Halmahera Deposit) - Maluku Utara nickel laterite",
        "lithology": "mafic_volcanic_simulated",
        "slope_deg": 21.1,
        "distance_to_river_m": 1796,
        "distance_to_road_m": 2928,
        "legal_status": "no-go",
        "distance_to_smelter_km": 43.1,
        "area_ha": 1.77,
        "region_id": "NE",
        "fe_oxide_index": 1.603,
        "clay_index": 1.374,
        "ndvi_stress_index": 0.771,
        "tmi_structural_nT": 45256.7,
        "tmi_anomaly_nT": 256.7,
        "elevation_mdpl": 343.7,
        "geochem_assay_ratio": 5.72
      },
      "geometry": {
        "type": "Polygon",
        "coordinates": [
          [
            [
              128.0,
              0.538
            ],
            [
              128.012,
              0.538
            ],
            [
              128.012,
              0.55
            ],
            [
              128.0,
              0.55
            ],
            [
              128.0,
              0.538
            ]
          ]
        ]
      }
    },
    {
      "type": "Feature",
      "properties": {
        "grid_id": "WED297",
        "site": "weda_bay",
        "location_label": "Weda Bay Central Block (Halmahera Deposit) - Maluku Utara nickel laterite",
        "lithology": "peridotite_simulated",
        "slope_deg": 18.9,
        "distance_to_river_m": 1831,
        "distance_to_road_m": 3611,
        "legal_status": "no-go",
        "distance_to_smelter_km": 46.6,
        "area_ha": 1.77,
        "region_id": "NE",
        "fe_oxide_index": 1.998,
        "clay_index": 2.393,
        "ndvi_stress_index": 0.404,
        "tmi_structural_nT": 45242.5,
        "tmi_anomaly_nT": 242.5,
        "elevation_mdpl": 312.5,
        "geochem_assay_ratio": 2.46
      },
      "geometry": {
        "type": "Polygon",
        "coordinates": [
          [
            [
              128.012,
              0.538
            ],
            [
              128.024,
              0.538
            ],
            [
              128.024,
              0.55
            ],
            [
              128.012,
              0.55
            ],
            [
              128.012,
              0.538
            ]
          ]
        ]
      }
    },
    {
      "type": "Feature",
      "properties": {
        "grid_id": "WED298",
        "site": "weda_bay",
        "location_label": "Weda Bay Central Block (Halmahera Deposit) - Maluku Utara nickel laterite",
        "lithology": "serpentinite_simulated",
        "slope_deg": 18.2,
        "distance_to_river_m": 1412,
        "distance_to_road_m": 2767,
        "legal_status": "no-go",
        "distance_to_smelter_km": 50.3,
        "area_ha": 1.77,
        "region_id": "NE",
        "fe_oxide_index": 2.314,
        "clay_index": 2.307,
        "ndvi_stress_index": 0.39,
        "tmi_structural_nT": 45276.3,
        "tmi_anomaly_nT": 276.3,
        "elevation_mdpl": 358.4,
        "geochem_assay_ratio": 2.76
      },
      "geometry": {
        "type": "Polygon",
        "coordinates": [
          [
            [
              128.024,
              0.538
            ],
            [
              128.036,
              0.538
            ],
            [
              128.036,
              0.55
            ],
            [
              128.024,
              0.55
            ],
            [
              128.024,
              0.538
            ]
          ]
        ]
      }
    },
    {
      "type": "Feature",
      "properties": {
        "grid_id": "WED299",
        "site": "weda_bay",
        "location_label": "Weda Bay Central Block (Halmahera Deposit) - Maluku Utara nickel laterite",
        "lithology": "serpentinite_simulated",
        "slope_deg": 24.7,
        "distance_to_river_m": 916,
        "distance_to_road_m": 2040,
        "legal_status": "no-go",
        "distance_to_smelter_km": 54.1,
        "area_ha": 1.77,
        "region_id": "NE",
        "fe_oxide_index": 2.539,
        "clay_index": 2.003,
        "ndvi_stress_index": 0.408,
        "tmi_structural_nT": 45511.5,
        "tmi_anomaly_nT": 511.5,
        "elevation_mdpl": 378.7,
        "geochem_assay_ratio": 2.56
      },
      "geometry": {
        "type": "Polygon",
        "coordinates": [
          [
            [
              128.036,
              0.538
            ],
            [
              128.048,
              0.538
            ],
            [
              128.048,
              0.55
            ],
            [
              128.036,
              0.55
            ],
            [
              128.036,
              0.538
            ]
          ]
        ]
      }
    },
    {
      "type": "Feature",
      "properties": {
        "grid_id": "WED300",
        "site": "weda_bay",
        "location_label": "Weda Bay Central Block (Halmahera Deposit) - Maluku Utara nickel laterite",
        "lithology": "serpentinite_simulated",
        "slope_deg": 21.0,
        "distance_to_river_m": 2410,
        "distance_to_road_m": 564,
        "legal_status": "conditional",
        "distance_to_smelter_km": 58.0,
        "area_ha": 1.77,
        "region_id": "NE",
        "fe_oxide_index": 2.319,
        "clay_index": 2.085,
        "ndvi_stress_index": 0.213,
        "tmi_structural_nT": 45774.7,
        "tmi_anomaly_nT": 774.7,
        "elevation_mdpl": 330.5,
        "geochem_assay_ratio": 2.81
      },
      "geometry": {
        "type": "Polygon",
        "coordinates": [
          [
            [
              128.048,
              0.538
            ],
            [
              128.06,
              0.538
            ],
            [
              128.06,
              0.55
            ],
            [
              128.048,
              0.55
            ],
            [
              128.048,
              0.538
            ]
          ]
        ]
      }
    },
    {
      "type": "Feature",
      "properties": {
        "grid_id": "WED301",
        "site": "weda_bay",
        "location_label": "Weda Bay Central Block (Halmahera Deposit) - Maluku Utara nickel laterite",
        "lithology": "ultramafic_simulated",
        "slope_deg": 20.6,
        "distance_to_river_m": 1097,
        "distance_to_road_m": 1677,
        "legal_status": "allowed",
        "distance_to_smelter_km": 60.0,
        "area_ha": 1.77,
        "region_id": "NW",
        "fe_oxide_index": 2.157,
        "clay_index": 1.815,
        "ndvi_stress_index": 0.32,
        "tmi_structural_nT": 45854.8,
        "tmi_anomaly_nT": 854.8,
        "elevation_mdpl": 284.3,
        "geochem_assay_ratio": 2.66
      },
      "geometry": {
        "type": "Polygon",
        "coordinates": [
          [
            [
              127.82,
              0.55
            ],
            [
              127.832,
              0.55
            ],
            [
              127.832,
              0.562
            ],
            [
              127.82,
              0.562
            ],
            [
              127.82,
              0.55
            ]
          ]
        ]
      }
    },
    {
      "type": "Feature",
      "properties": {
        "grid_id": "WED302",
        "site": "weda_bay",
        "location_label": "Weda Bay Central Block (Halmahera Deposit) - Maluku Utara nickel laterite",
        "lithology": "ultramafic_simulated",
        "slope_deg": 15.4,
        "distance_to_river_m": 870,
        "distance_to_road_m": 2493,
        "legal_status": "allowed",
        "distance_to_smelter_km": 56.3,
        "area_ha": 1.77,
        "region_id": "NW",
        "fe_oxide_index": 2.416,
        "clay_index": 1.732,
        "ndvi_stress_index": 0.26,
        "tmi_structural_nT": 45280.0,
        "tmi_anomaly_nT": 280.0,
        "elevation_mdpl": 301.7,
        "geochem_assay_ratio": 3.04
      },
      "geometry": {
        "type": "Polygon",
        "coordinates": [
          [
            [
              127.832,
              0.55
            ],
            [
              127.844,
              0.55
            ],
            [
              127.844,
              0.562
            ],
            [
              127.832,
              0.562
            ],
            [
              127.832,
              0.55
            ]
          ]
        ]
      }
    },
    {
      "type": "Feature",
      "properties": {
        "grid_id": "WED303",
        "site": "weda_bay",
        "location_label": "Weda Bay Central Block (Halmahera Deposit) - Maluku Utara nickel laterite",
        "lithology": "peridotite_simulated",
        "slope_deg": 16.8,
        "distance_to_river_m": 1271,
        "distance_to_road_m": 2331,
        "legal_status": "allowed",
        "distance_to_smelter_km": 52.7,
        "area_ha": 1.77,
        "region_id": "NW",
        "fe_oxide_index": 1.991,
        "clay_index": 2.034,
        "ndvi_stress_index": 0.409,
        "tmi_structural_nT": 45512.9,
        "tmi_anomaly_nT": 512.9,
        "elevation_mdpl": 374.0,
        "geochem_assay_ratio": 3.18
      },
      "geometry": {
        "type": "Polygon",
        "coordinates": [
          [
            [
              127.844,
              0.55
            ],
            [
              127.856,
              0.55
            ],
            [
              127.856,
              0.562
            ],
            [
              127.844,
              0.562
            ],
            [
              127.844,
              0.55
            ]
          ]
        ]
      }
    },
    {
      "type": "Feature",
      "properties": {
        "grid_id": "WED304",
        "site": "weda_bay",
        "location_label": "Weda Bay Central Block (Halmahera Deposit) - Maluku Utara nickel laterite",
        "lithology": "alluvium",
        "slope_deg": 14.6,
        "distance_to_river_m": 536,
        "distance_to_road_m": 3492,
        "legal_status": "conditional",
        "distance_to_smelter_km": 49.3,
        "area_ha": 1.77,
        "region_id": "NW",
        "fe_oxide_index": 1.187,
        "clay_index": 1.181,
        "ndvi_stress_index": 0.649,
        "tmi_structural_nT": 45127.6,
        "tmi_anomaly_nT": 127.6,
        "elevation_mdpl": 368.9,
        "geochem_assay_ratio": 4.72
      },
      "geometry": {
        "type": "Polygon",
        "coordinates": [
          [
            [
              127.856,
              0.55
            ],
            [
              127.868,
              0.55
            ],
            [
              127.868,
              0.562
            ],
            [
              127.856,
              0.562
            ],
            [
              127.856,
              0.55
            ]
          ]
        ]
      }
    },
    {
      "type": "Feature",
      "properties": {
        "grid_id": "WED305",
        "site": "weda_bay",
        "location_label": "Weda Bay Central Block (Halmahera Deposit) - Maluku Utara nickel laterite",
        "lithology": "serpentinite_simulated",
        "slope_deg": 21.7,
        "distance_to_river_m": 2010,
        "distance_to_road_m": 1199,
        "legal_status": "conditional",
        "distance_to_smelter_km": 46.0,
        "area_ha": 1.77,
        "region_id": "NW",
        "fe_oxide_index": 1.913,
        "clay_index": 2.087,
        "ndvi_stress_index": 0.222,
        "tmi_structural_nT": 46062.1,
        "tmi_anomaly_nT": 1062.1,
        "elevation_mdpl": 324.1,
        "geochem_assay_ratio": 2.11
      },
      "geometry": {
        "type": "Polygon",
        "coordinates": [
          [
            [
              127.868,
              0.55
            ],
            [
              127.88,
              0.55
            ],
            [
              127.88,
              0.562
            ],
            [
              127.868,
              0.562
            ],
            [
              127.868,
              0.55
            ]
          ]
        ]
      }
    },
    {
      "type": "Feature",
      "properties": {
        "grid_id": "WED306",
        "site": "weda_bay",
        "location_label": "Weda Bay Central Block (Halmahera Deposit) - Maluku Utara nickel laterite",
        "lithology": "mafic_volcanic_simulated",
        "slope_deg": 24.6,
        "distance_to_river_m": 2059,
        "distance_to_road_m": 3864,
        "legal_status": "conditional",
        "distance_to_smelter_km": 43.1,
        "area_ha": 1.77,
        "region_id": "NW",
        "fe_oxide_index": 1.646,
        "clay_index": 1.054,
        "ndvi_stress_index": 0.557,
        "tmi_structural_nT": 45054.0,
        "tmi_anomaly_nT": 54.0,
        "elevation_mdpl": 356.5,
        "geochem_assay_ratio": 5.73
      },
      "geometry": {
        "type": "Polygon",
        "coordinates": [
          [
            [
              127.88,
              0.55
            ],
            [
              127.892,
              0.55
            ],
            [
              127.892,
              0.562
            ],
            [
              127.88,
              0.562
            ],
            [
              127.88,
              0.55
            ]
          ]
        ]
      }
    },
    {
      "type": "Feature",
      "properties": {
        "grid_id": "WED307",
        "site": "weda_bay",
        "location_label": "Weda Bay Central Block (Halmahera Deposit) - Maluku Utara nickel laterite",
        "lithology": "serpentinite_simulated",
        "slope_deg": 19.7,
        "distance_to_river_m": 1537,
        "distance_to_road_m": 3547,
        "legal_status": "conditional",
        "distance_to_smelter_km": 40.5,
        "area_ha": 1.77,
        "region_id": "NW",
        "fe_oxide_index": 2.528,
        "clay_index": 2.382,
        "ndvi_stress_index": 0.272,
        "tmi_structural_nT": 45865.6,
        "tmi_anomaly_nT": 865.6,
        "elevation_mdpl": 373.0,
        "geochem_assay_ratio": 1.99
      },
      "geometry": {
        "type": "Polygon",
        "coordinates": [
          [
            [
              127.892,
              0.55
            ],
            [
              127.904,
              0.55
            ],
            [
              127.904,
              0.562
            ],
            [
              127.892,
              0.562
            ],
            [
              127.892,
              0.55
            ]
          ]
        ]
      }
    },
    {
      "type": "Feature",
      "properties": {
        "grid_id": "WED308",
        "site": "weda_bay",
        "location_label": "Weda Bay Central Block (Halmahera Deposit) - Maluku Utara nickel laterite",
        "lithology": "peridotite_simulated",
        "slope_deg": 21.6,
        "distance_to_river_m": 1901,
        "distance_to_road_m": 4462,
        "legal_status": "conditional",
        "distance_to_smelter_km": 38.4,
        "area_ha": 1.77,
        "region_id": "NW",
        "fe_oxide_index": 2.457,
        "clay_index": 1.918,
        "ndvi_stress_index": 0.353,
        "tmi_structural_nT": 45453.2,
        "tmi_anomaly_nT": 453.2,
        "elevation_mdpl": 321.4,
        "geochem_assay_ratio": 1.55
      },
      "geometry": {
        "type": "Polygon",
        "coordinates": [
          [
            [
              127.904,
              0.55
            ],
            [
              127.916,
              0.55
            ],
            [
              127.916,
              0.562
            ],
            [
              127.904,
              0.562
            ],
            [
              127.904,
              0.55
            ]
          ]
        ]
      }
    },
    {
      "type": "Feature",
      "properties": {
        "grid_id": "WED309",
        "site": "weda_bay",
        "location_label": "Weda Bay Central Block (Halmahera Deposit) - Maluku Utara nickel laterite",
        "lithology": "ultramafic_simulated",
        "slope_deg": 17.9,
        "distance_to_river_m": 513,
        "distance_to_road_m": 3894,
        "legal_status": "conditional",
        "distance_to_smelter_km": 36.9,
        "area_ha": 1.77,
        "region_id": "NW",
        "fe_oxide_index": 2.193,
        "clay_index": 2.36,
        "ndvi_stress_index": 0.264,
        "tmi_structural_nT": 46005.5,
        "tmi_anomaly_nT": 1005.5,
        "elevation_mdpl": 344.9,
        "geochem_assay_ratio": 1.94
      },
      "geometry": {
        "type": "Polygon",
        "coordinates": [
          [
            [
              127.916,
              0.55
            ],
            [
              127.928,
              0.55
            ],
            [
              127.928,
              0.562
            ],
            [
              127.916,
              0.562
            ],
            [
              127.916,
              0.55
            ]
          ]
        ]
      }
    },
    {
      "type": "Feature",
      "properties": {
        "grid_id": "WED310",
        "site": "weda_bay",
        "location_label": "Weda Bay Central Block (Halmahera Deposit) - Maluku Utara nickel laterite",
        "lithology": "peridotite_simulated",
        "slope_deg": 17.4,
        "distance_to_river_m": 2350,
        "distance_to_road_m": 1805,
        "legal_status": "conditional",
        "distance_to_smelter_km": 36.2,
        "area_ha": 1.77,
        "region_id": "NW",
        "fe_oxide_index": 2.136,
        "clay_index": 1.609,
        "ndvi_stress_index": 0.18,
        "tmi_structural_nT": 46004.5,
        "tmi_anomaly_nT": 1004.5,
        "elevation_mdpl": 335.6,
        "geochem_assay_ratio": 2.62
      },
      "geometry": {
        "type": "Polygon",
        "coordinates": [
          [
            [
              127.928,
              0.55
            ],
            [
              127.94,
              0.55
            ],
            [
              127.94,
              0.562
            ],
            [
              127.928,
              0.562
            ],
            [
              127.928,
              0.55
            ]
          ]
        ]
      }
    },
    {
      "type": "Feature",
      "properties": {
        "grid_id": "WED311",
        "site": "weda_bay",
        "location_label": "Weda Bay Central Block (Halmahera Deposit) - Maluku Utara nickel laterite",
        "lithology": "peridotite_simulated",
        "slope_deg": 16.5,
        "distance_to_river_m": 2390,
        "distance_to_road_m": 2745,
        "legal_status": "conditional",
        "distance_to_smelter_km": 36.2,
        "area_ha": 1.77,
        "region_id": "NE",
        "fe_oxide_index": 2.709,
        "clay_index": 2.189,
        "ndvi_stress_index": 0.401,
        "tmi_structural_nT": 45270.3,
        "tmi_anomaly_nT": 270.3,
        "elevation_mdpl": 291.4,
        "geochem_assay_ratio": 3.06
      },
      "geometry": {
        "type": "Polygon",
        "coordinates": [
          [
            [
              127.94,
              0.55
            ],
            [
              127.952,
              0.55
            ],
            [
              127.952,
              0.562
            ],
            [
              127.94,
              0.562
            ],
            [
              127.94,
              0.55
            ]
          ]
        ]
      }
    },
    {
      "type": "Feature",
      "properties": {
        "grid_id": "WED312",
        "site": "weda_bay",
        "location_label": "Weda Bay Central Block (Halmahera Deposit) - Maluku Utara nickel laterite",
        "lithology": "serpentinite_simulated",
        "slope_deg": 17.9,
        "distance_to_river_m": 1543,
        "distance_to_road_m": 2221,
        "legal_status": "conditional",
        "distance_to_smelter_km": 36.9,
        "area_ha": 1.77,
        "region_id": "NE",
        "fe_oxide_index": 1.817,
        "clay_index": 2.053,
        "ndvi_stress_index": 0.358,
        "tmi_structural_nT": 45417.1,
        "tmi_anomaly_nT": 417.1,
        "elevation_mdpl": 291.5,
        "geochem_assay_ratio": 2.4
      },
      "geometry": {
        "type": "Polygon",
        "coordinates": [
          [
            [
              127.952,
              0.55
            ],
            [
              127.964,
              0.55
            ],
            [
              127.964,
              0.562
            ],
            [
              127.952,
              0.562
            ],
            [
              127.952,
              0.55
            ]
          ]
        ]
      }
    },
    {
      "type": "Feature",
      "properties": {
        "grid_id": "WED313",
        "site": "weda_bay",
        "location_label": "Weda Bay Central Block (Halmahera Deposit) - Maluku Utara nickel laterite",
        "lithology": "serpentinite_simulated",
        "slope_deg": 22.7,
        "distance_to_river_m": 1574,
        "distance_to_road_m": 1970,
        "legal_status": "no-go",
        "distance_to_smelter_km": 38.4,
        "area_ha": 1.77,
        "region_id": "NE",
        "fe_oxide_index": 2.393,
        "clay_index": 1.754,
        "ndvi_stress_index": 0.295,
        "tmi_structural_nT": 45577.5,
        "tmi_anomaly_nT": 577.5,
        "elevation_mdpl": 328.3,
        "geochem_assay_ratio": 1.83
      },
      "geometry": {
        "type": "Polygon",
        "coordinates": [
          [
            [
              127.964,
              0.55
            ],
            [
              127.976,
              0.55
            ],
            [
              127.976,
              0.562
            ],
            [
              127.964,
              0.562
            ],
            [
              127.964,
              0.55
            ]
          ]
        ]
      }
    },
    {
      "type": "Feature",
      "properties": {
        "grid_id": "WED314",
        "site": "weda_bay",
        "location_label": "Weda Bay Central Block (Halmahera Deposit) - Maluku Utara nickel laterite",
        "lithology": "serpentinite_simulated",
        "slope_deg": 22.6,
        "distance_to_river_m": 2310,
        "distance_to_road_m": 1693,
        "legal_status": "no-go",
        "distance_to_smelter_km": 40.5,
        "area_ha": 1.77,
        "region_id": "NE",
        "fe_oxide_index": 2.199,
        "clay_index": 2.068,
        "ndvi_stress_index": 0.248,
        "tmi_structural_nT": 45422.5,
        "tmi_anomaly_nT": 422.5,
        "elevation_mdpl": 336.7,
        "geochem_assay_ratio": 2.43
      },
      "geometry": {
        "type": "Polygon",
        "coordinates": [
          [
            [
              127.976,
              0.55
            ],
            [
              127.988,
              0.55
            ],
            [
              127.988,
              0.562
            ],
            [
              127.976,
              0.562
            ],
            [
              127.976,
              0.55
            ]
          ]
        ]
      }
    },
    {
      "type": "Feature",
      "properties": {
        "grid_id": "WED315",
        "site": "weda_bay",
        "location_label": "Weda Bay Central Block (Halmahera Deposit) - Maluku Utara nickel laterite",
        "lithology": "mafic_volcanic_simulated",
        "slope_deg": 20.4,
        "distance_to_river_m": 1437,
        "distance_to_road_m": 2717,
        "legal_status": "no-go",
        "distance_to_smelter_km": 43.1,
        "area_ha": 1.77,
        "region_id": "NE",
        "fe_oxide_index": 1.457,
        "clay_index": 1.458,
        "ndvi_stress_index": 0.647,
        "tmi_structural_nT": 44960.1,
        "tmi_anomaly_nT": -39.9,
        "elevation_mdpl": 356.4,
        "geochem_assay_ratio": 4.31
      },
      "geometry": {
        "type": "Polygon",
        "coordinates": [
          [
            [
              127.988,
              0.55
            ],
            [
              128.0,
              0.55
            ],
            [
              128.0,
              0.562
            ],
            [
              127.988,
              0.562
            ],
            [
              127.988,
              0.55
            ]
          ]
        ]
      }
    },
    {
      "type": "Feature",
      "properties": {
        "grid_id": "WED316",
        "site": "weda_bay",
        "location_label": "Weda Bay Central Block (Halmahera Deposit) - Maluku Utara nickel laterite",
        "lithology": "peridotite_simulated",
        "slope_deg": 20.3,
        "distance_to_river_m": 1337,
        "distance_to_road_m": 3713,
        "legal_status": "no-go",
        "distance_to_smelter_km": 46.0,
        "area_ha": 1.77,
        "region_id": "NE",
        "fe_oxide_index": 2.52,
        "clay_index": 1.848,
        "ndvi_stress_index": 0.419,
        "tmi_structural_nT": 45761.8,
        "tmi_anomaly_nT": 761.8,
        "elevation_mdpl": 324.4,
        "geochem_assay_ratio": 1.65
      },
      "geometry": {
        "type": "Polygon",
        "coordinates": [
          [
            [
              128.0,
              0.55
            ],
            [
              128.012,
              0.55
            ],
            [
              128.012,
              0.562
            ],
            [
              128.0,
              0.562
            ],
            [
              128.0,
              0.55
            ]
          ]
        ]
      }
    },
    {
      "type": "Feature",
      "properties": {
        "grid_id": "WED317",
        "site": "weda_bay",
        "location_label": "Weda Bay Central Block (Halmahera Deposit) - Maluku Utara nickel laterite",
        "lithology": "peridotite_simulated",
        "slope_deg": 15.3,
        "distance_to_river_m": 1244,
        "distance_to_road_m": 1676,
        "legal_status": "no-go",
        "distance_to_smelter_km": 49.3,
        "area_ha": 1.77,
        "region_id": "NE",
        "fe_oxide_index": 2.805,
        "clay_index": 2.404,
        "ndvi_stress_index": 0.286,
        "tmi_structural_nT": 45378.0,
        "tmi_anomaly_nT": 378.0,
        "elevation_mdpl": 343.8,
        "geochem_assay_ratio": 2.4
      },
      "geometry": {
        "type": "Polygon",
        "coordinates": [
          [
            [
              128.012,
              0.55
            ],
            [
              128.024,
              0.55
            ],
            [
              128.024,
              0.562
            ],
            [
              128.012,
              0.562
            ],
            [
              128.012,
              0.55
            ]
          ]
        ]
      }
    },
    {
      "type": "Feature",
      "properties": {
        "grid_id": "WED318",
        "site": "weda_bay",
        "location_label": "Weda Bay Central Block (Halmahera Deposit) - Maluku Utara nickel laterite",
        "lithology": "serpentinite_simulated",
        "slope_deg": 19.0,
        "distance_to_river_m": 1800,
        "distance_to_road_m": 450,
        "legal_status": "no-go",
        "distance_to_smelter_km": 52.7,
        "area_ha": 1.77,
        "region_id": "NE",
        "fe_oxide_index": 1.848,
        "clay_index": 2.115,
        "ndvi_stress_index": 0.288,
        "tmi_structural_nT": 45164.8,
        "tmi_anomaly_nT": 164.8,
        "elevation_mdpl": 292.8,
        "geochem_assay_ratio": 1.59
      },
      "geometry": {
        "type": "Polygon",
        "coordinates": [
          [
            [
              128.024,
              0.55
            ],
            [
              128.036,
              0.55
            ],
            [
              128.036,
              0.562
            ],
            [
              128.024,
              0.562
            ],
            [
              128.024,
              0.55
            ]
          ]
        ]
      }
    },
    {
      "type": "Feature",
      "properties": {
        "grid_id": "WED319",
        "site": "weda_bay",
        "location_label": "Weda Bay Central Block (Halmahera Deposit) - Maluku Utara nickel laterite",
        "lithology": "ultramafic_simulated",
        "slope_deg": 20.2,
        "distance_to_river_m": 2103,
        "distance_to_road_m": 2546,
        "legal_status": "conditional",
        "distance_to_smelter_km": 56.3,
        "area_ha": 1.77,
        "region_id": "NE",
        "fe_oxide_index": 2.387,
        "clay_index": 2.181,
        "ndvi_stress_index": 0.3,
        "tmi_structural_nT": 46077.8,
        "tmi_anomaly_nT": 1077.8,
        "elevation_mdpl": 322.5,
        "geochem_assay_ratio": 3.08
      },
      "geometry": {
        "type": "Polygon",
        "coordinates": [
          [
            [
              128.036,
              0.55
            ],
            [
              128.048,
              0.55
            ],
            [
              128.048,
              0.562
            ],
            [
              128.036,
              0.562
            ],
            [
              128.036,
              0.55
            ]
          ]
        ]
      }
    },
    {
      "type": "Feature",
      "properties": {
        "grid_id": "WED320",
        "site": "weda_bay",
        "location_label": "Weda Bay Central Block (Halmahera Deposit) - Maluku Utara nickel laterite",
        "lithology": "mafic_volcanic_simulated",
        "slope_deg": 19.3,
        "distance_to_river_m": 1709,
        "distance_to_road_m": 1818,
        "legal_status": "conditional",
        "distance_to_smelter_km": 60.0,
        "area_ha": 1.77,
        "region_id": "NE",
        "fe_oxide_index": 1.549,
        "clay_index": 1.325,
        "ndvi_stress_index": 0.706,
        "tmi_structural_nT": 44948.1,
        "tmi_anomaly_nT": -51.9,
        "elevation_mdpl": 282.6,
        "geochem_assay_ratio": 4.85
      },
      "geometry": {
        "type": "Polygon",
        "coordinates": [
          [
            [
              128.048,
              0.55
            ],
            [
              128.06,
              0.55
            ],
            [
              128.06,
              0.562
            ],
            [
              128.048,
              0.562
            ],
            [
              128.048,
              0.55
            ]
          ]
        ]
      }
    },
    {
      "type": "Feature",
      "properties": {
        "grid_id": "WED321",
        "site": "weda_bay",
        "location_label": "Weda Bay Central Block (Halmahera Deposit) - Maluku Utara nickel laterite",
        "lithology": "serpentinite_simulated",
        "slope_deg": 16.7,
        "distance_to_river_m": 1122,
        "distance_to_road_m": 407,
        "legal_status": "allowed",
        "distance_to_smelter_km": 62.4,
        "area_ha": 1.77,
        "region_id": "NW",
        "fe_oxide_index": 2.515,
        "clay_index": 1.697,
        "ndvi_stress_index": 0.262,
        "tmi_structural_nT": 45466.7,
        "tmi_anomaly_nT": 466.7,
        "elevation_mdpl": 318.2,
        "geochem_assay_ratio": 2.19
      },
      "geometry": {
        "type": "Polygon",
        "coordinates": [
          [
            [
              127.82,
              0.562
            ],
            [
              127.832,
              0.562
            ],
            [
              127.832,
              0.574
            ],
            [
              127.82,
              0.574
            ],
            [
              127.82,
              0.562
            ]
          ]
        ]
      }
    },
    {
      "type": "Feature",
      "properties": {
        "grid_id": "WED322",
        "site": "weda_bay",
        "location_label": "Weda Bay Central Block (Halmahera Deposit) - Maluku Utara nickel laterite",
        "lithology": "serpentinite_simulated",
        "slope_deg": 16.7,
        "distance_to_river_m": 1194,
        "distance_to_road_m": 1795,
        "legal_status": "allowed",
        "distance_to_smelter_km": 58.8,
        "area_ha": 1.77,
        "region_id": "NW",
        "fe_oxide_index": 2.488,
        "clay_index": 1.779,
        "ndvi_stress_index": 0.232,
        "tmi_structural_nT": 45392.9,
        "tmi_anomaly_nT": 392.9,
        "elevation_mdpl": 294.0,
        "geochem_assay_ratio": 1.7
      },
      "geometry": {
        "type": "Polygon",
        "coordinates": [
          [
            [
              127.832,
              0.562
            ],
            [
              127.844,
              0.562
            ],
            [
              127.844,
              0.574
            ],
            [
              127.832,
              0.574
            ],
            [
              127.832,
              0.562
            ]
          ]
        ]
      }
    },
    {
      "type": "Feature",
      "properties": {
        "grid_id": "WED323",
        "site": "weda_bay",
        "location_label": "Weda Bay Central Block (Halmahera Deposit) - Maluku Utara nickel laterite",
        "lithology": "ultramafic_simulated",
        "slope_deg": 16.9,
        "distance_to_river_m": 671,
        "distance_to_road_m": 4115,
        "legal_status": "conditional",
        "distance_to_smelter_km": 55.4,
        "area_ha": 1.77,
        "region_id": "NW",
        "fe_oxide_index": 2.56,
        "clay_index": 2.338,
        "ndvi_stress_index": 0.31,
        "tmi_structural_nT": 45836.6,
        "tmi_anomaly_nT": 836.6,
        "elevation_mdpl": 329.6,
        "geochem_assay_ratio": 1.7
      },
      "geometry": {
        "type": "Polygon",
        "coordinates": [
          [
            [
              127.844,
              0.562
            ],
            [
              127.856,
              0.562
            ],
            [
              127.856,
              0.574
            ],
            [
              127.844,
              0.574
            ],
            [
              127.844,
              0.562
            ]
          ]
        ]
      }
    },
    {
      "type": "Feature",
      "properties": {
        "grid_id": "WED324",
        "site": "weda_bay",
        "location_label": "Weda Bay Central Block (Halmahera Deposit) - Maluku Utara nickel laterite",
        "lithology": "serpentinite_simulated",
        "slope_deg": 20.6,
        "distance_to_river_m": 1756,
        "distance_to_road_m": 2630,
        "legal_status": "conditional",
        "distance_to_smelter_km": 52.2,
        "area_ha": 1.77,
        "region_id": "NW",
        "fe_oxide_index": 2.065,
        "clay_index": 1.822,
        "ndvi_stress_index": 0.278,
        "tmi_structural_nT": 46095.3,
        "tmi_anomaly_nT": 1095.3,
        "elevation_mdpl": 317.0,
        "geochem_assay_ratio": 1.82
      },
      "geometry": {
        "type": "Polygon",
        "coordinates": [
          [
            [
              127.856,
              0.562
            ],
            [
              127.868,
              0.562
            ],
            [
              127.868,
              0.574
            ],
            [
              127.856,
              0.574
            ],
            [
              127.856,
              0.562
            ]
          ]
        ]
      }
    },
    {
      "type": "Feature",
      "properties": {
        "grid_id": "WED325",
        "site": "weda_bay",
        "location_label": "Weda Bay Central Block (Halmahera Deposit) - Maluku Utara nickel laterite",
        "lithology": "ultramafic_simulated",
        "slope_deg": 15.3,
        "distance_to_river_m": 2277,
        "distance_to_road_m": 3056,
        "legal_status": "conditional",
        "distance_to_smelter_km": 49.3,
        "area_ha": 1.77,
        "region_id": "NW",
        "fe_oxide_index": 2.321,
        "clay_index": 2.393,
        "ndvi_stress_index": 0.189,
        "tmi_structural_nT": 45377.7,
        "tmi_anomaly_nT": 377.7,
        "elevation_mdpl": 318.3,
        "geochem_assay_ratio": 3.1
      },
      "geometry": {
        "type": "Polygon",
        "coordinates": [
          [
            [
              127.868,
              0.562
            ],
            [
              127.88,
              0.562
            ],
            [
              127.88,
              0.574
            ],
            [
              127.868,
              0.574
            ],
            [
              127.868,
              0.562
            ]
          ]
        ]
      }
    },
    {
      "type": "Feature",
      "properties": {
        "grid_id": "WED326",
        "site": "weda_bay",
        "location_label": "Weda Bay Central Block (Halmahera Deposit) - Maluku Utara nickel laterite",
        "lithology": "ultramafic_simulated",
        "slope_deg": 23.2,
        "distance_to_river_m": 2032,
        "distance_to_road_m": 825,
        "legal_status": "conditional",
        "distance_to_smelter_km": 46.6,
        "area_ha": 1.77,
        "region_id": "NW",
        "fe_oxide_index": 2.286,
        "clay_index": 1.638,
        "ndvi_stress_index": 0.323,
        "tmi_structural_nT": 45585.1,
        "tmi_anomaly_nT": 585.1,
        "elevation_mdpl": 322.9,
        "geochem_assay_ratio": 1.44
      },
      "geometry": {
        "type": "Polygon",
        "coordinates": [
          [
            [
              127.88,
              0.562
            ],
            [
              127.892,
              0.562
            ],
            [
              127.892,
              0.574
            ],
            [
              127.88,
              0.574
            ],
            [
              127.88,
              0.562
            ]
          ]
        ]
      }
    },
    {
      "type": "Feature",
      "properties": {
        "grid_id": "WED327",
        "site": "weda_bay",
        "location_label": "Weda Bay Central Block (Halmahera Deposit) - Maluku Utara nickel laterite",
        "lithology": "serpentinite_simulated",
        "slope_deg": 17.1,
        "distance_to_river_m": 935,
        "distance_to_road_m": 1767,
        "legal_status": "conditional",
        "distance_to_smelter_km": 44.3,
        "area_ha": 1.77,
        "region_id": "NW",
        "fe_oxide_index": 2.658,
        "clay_index": 1.966,
        "ndvi_stress_index": 0.217,
        "tmi_structural_nT": 45188.3,
        "tmi_anomaly_nT": 188.3,
        "elevation_mdpl": 333.3,
        "geochem_assay_ratio": 3.09
      },
      "geometry": {
        "type": "Polygon",
        "coordinates": [
          [
            [
              127.892,
              0.562
            ],
            [
              127.904,
              0.562
            ],
            [
              127.904,
              0.574
            ],
            [
              127.892,
              0.574
            ],
            [
              127.892,
              0.562
            ]
          ]
        ]
      }
    },
    {
      "type": "Feature",
      "properties": {
        "grid_id": "WED328",
        "site": "weda_bay",
        "location_label": "Weda Bay Central Block (Halmahera Deposit) - Maluku Utara nickel laterite",
        "lithology": "peridotite_simulated",
        "slope_deg": 15.7,
        "distance_to_river_m": 617,
        "distance_to_road_m": 1623,
        "legal_status": "conditional",
        "distance_to_smelter_km": 42.5,
        "area_ha": 1.77,
        "region_id": "NW",
        "fe_oxide_index": 2.449,
        "clay_index": 2.015,
        "ndvi_stress_index": 0.405,
        "tmi_structural_nT": 45833.3,
        "tmi_anomaly_nT": 833.3,
        "elevation_mdpl": 304.8,
        "geochem_assay_ratio": 2.13
      },
      "geometry": {
        "type": "Polygon",
        "coordinates": [
          [
            [
              127.904,
              0.562
            ],
            [
              127.916,
              0.562
            ],
            [
              127.916,
              0.574
            ],
            [
              127.904,
              0.574
            ],
            [
              127.904,
              0.562
            ]
          ]
        ]
      }
    },
    {
      "type": "Feature",
      "properties": {
        "grid_id": "WED329",
        "site": "weda_bay",
        "location_label": "Weda Bay Central Block (Halmahera Deposit) - Maluku Utara nickel laterite",
        "lithology": "alluvium",
        "slope_deg": 17.2,
        "distance_to_river_m": 1588,
        "distance_to_road_m": 1155,
        "legal_status": "conditional",
        "distance_to_smelter_km": 41.2,
        "area_ha": 1.77,
        "region_id": "NW",
        "fe_oxide_index": 1.308,
        "clay_index": 1.442,
        "ndvi_stress_index": 0.544,
        "tmi_structural_nT": 45266.3,
        "tmi_anomaly_nT": 266.3,
        "elevation_mdpl": 352.8,
        "geochem_assay_ratio": 5.71
      },
      "geometry": {
        "type": "Polygon",
        "coordinates": [
          [
            [
              127.916,
              0.562
            ],
            [
              127.928,
              0.562
            ],
            [
              127.928,
              0.574
            ],
            [
              127.916,
              0.574
            ],
            [
              127.916,
              0.562
            ]
          ]
        ]
      }
    },
    {
      "type": "Feature",
      "properties": {
        "grid_id": "WED330",
        "site": "weda_bay",
        "location_label": "Weda Bay Central Block (Halmahera Deposit) - Maluku Utara nickel laterite",
        "lithology": "peridotite_simulated",
        "slope_deg": 14.2,
        "distance_to_river_m": 745,
        "distance_to_road_m": 521,
        "legal_status": "conditional",
        "distance_to_smelter_km": 40.5,
        "area_ha": 1.77,
        "region_id": "NW",
        "fe_oxide_index": 2.033,
        "clay_index": 1.77,
        "ndvi_stress_index": 0.337,
        "tmi_structural_nT": 45895.5,
        "tmi_anomaly_nT": 895.5,
        "elevation_mdpl": 346.5,
        "geochem_assay_ratio": 3.0
      },
      "geometry": {
        "type": "Polygon",
        "coordinates": [
          [
            [
              127.928,
              0.562
            ],
            [
              127.94,
              0.562
            ],
            [
              127.94,
              0.574
            ],
            [
              127.928,
              0.574
            ],
            [
              127.928,
              0.562
            ]
          ]
        ]
      }
    },
    {
      "type": "Feature",
      "properties": {
        "grid_id": "WED331",
        "site": "weda_bay",
        "location_label": "Weda Bay Central Block (Halmahera Deposit) - Maluku Utara nickel laterite",
        "lithology": "peridotite_simulated",
        "slope_deg": 20.0,
        "distance_to_river_m": 399,
        "distance_to_road_m": 2361,
        "legal_status": "conditional",
        "distance_to_smelter_km": 40.5,
        "area_ha": 1.77,
        "region_id": "NE",
        "fe_oxide_index": 2.133,
        "clay_index": 2.283,
        "ndvi_stress_index": 0.185,
        "tmi_structural_nT": 45477.6,
        "tmi_anomaly_nT": 477.6,
        "elevation_mdpl": 322.6,
        "geochem_assay_ratio": 2.3
      },
      "geometry": {
        "type": "Polygon",
        "coordinates": [
          [
            [
              127.94,
              0.562
            ],
            [
              127.952,
              0.562
            ],
            [
              127.952,
              0.574
            ],
            [
              127.94,
              0.574
            ],
            [
              127.94,
              0.562
            ]
          ]
        ]
      }
    },
    {
      "type": "Feature",
      "properties": {
        "grid_id": "WED332",
        "site": "weda_bay",
        "location_label": "Weda Bay Central Block (Halmahera Deposit) - Maluku Utara nickel laterite",
        "lithology": "peridotite_simulated",
        "slope_deg": 21.1,
        "distance_to_river_m": 2367,
        "distance_to_road_m": 3572,
        "legal_status": "conditional",
        "distance_to_smelter_km": 41.2,
        "area_ha": 1.77,
        "region_id": "NE",
        "fe_oxide_index": 2.71,
        "clay_index": 2.318,
        "ndvi_stress_index": 0.394,
        "tmi_structural_nT": 45596.4,
        "tmi_anomaly_nT": 596.4,
        "elevation_mdpl": 345.2,
        "geochem_assay_ratio": 2.11
      },
      "geometry": {
        "type": "Polygon",
        "coordinates": [
          [
            [
              127.952,
              0.562
            ],
            [
              127.964,
              0.562
            ],
            [
              127.964,
              0.574
            ],
            [
              127.952,
              0.574
            ],
            [
              127.952,
              0.562
            ]
          ]
        ]
      }
    },
    {
      "type": "Feature",
      "properties": {
        "grid_id": "WED333",
        "site": "weda_bay",
        "location_label": "Weda Bay Central Block (Halmahera Deposit) - Maluku Utara nickel laterite",
        "lithology": "peridotite_simulated",
        "slope_deg": 16.2,
        "distance_to_river_m": 1399,
        "distance_to_road_m": 4391,
        "legal_status": "no-go",
        "distance_to_smelter_km": 42.5,
        "area_ha": 1.77,
        "region_id": "NE",
        "fe_oxide_index": 2.008,
        "clay_index": 1.615,
        "ndvi_stress_index": 0.329,
        "tmi_structural_nT": 45702.8,
        "tmi_anomaly_nT": 702.8,
        "elevation_mdpl": 375.4,
        "geochem_assay_ratio": 1.45
      },
      "geometry": {
        "type": "Polygon",
        "coordinates": [
          [
            [
              127.964,
              0.562
            ],
            [
              127.976,
              0.562
            ],
            [
              127.976,
              0.574
            ],
            [
              127.964,
              0.574
            ],
            [
              127.964,
              0.562
            ]
          ]
        ]
      }
    },
    {
      "type": "Feature",
      "properties": {
        "grid_id": "WED334",
        "site": "weda_bay",
        "location_label": "Weda Bay Central Block (Halmahera Deposit) - Maluku Utara nickel laterite",
        "lithology": "mafic_volcanic_simulated",
        "slope_deg": 24.3,
        "distance_to_river_m": 534,
        "distance_to_road_m": 3606,
        "legal_status": "no-go",
        "distance_to_smelter_km": 44.3,
        "area_ha": 1.77,
        "region_id": "NE",
        "fe_oxide_index": 1.372,
        "clay_index": 1.34,
        "ndvi_stress_index": 0.77,
        "tmi_structural_nT": 44728.0,
        "tmi_anomaly_nT": -272.0,
        "elevation_mdpl": 283.7,
        "geochem_assay_ratio": 4.24
      },
      "geometry": {
        "type": "Polygon",
        "coordinates": [
          [
            [
              127.976,
              0.562
            ],
            [
              127.988,
              0.562
            ],
            [
              127.988,
              0.574
            ],
            [
              127.976,
              0.574
            ],
            [
              127.976,
              0.562
            ]
          ]
        ]
      }
    },
    {
      "type": "Feature",
      "properties": {
        "grid_id": "WED335",
        "site": "weda_bay",
        "location_label": "Weda Bay Central Block (Halmahera Deposit) - Maluku Utara nickel laterite",
        "lithology": "serpentinite_simulated",
        "slope_deg": 24.8,
        "distance_to_river_m": 1928,
        "distance_to_road_m": 1249,
        "legal_status": "conditional",
        "distance_to_smelter_km": 46.6,
        "area_ha": 1.77,
        "region_id": "NE",
        "fe_oxide_index": 2.349,
        "clay_index": 2.006,
        "ndvi_stress_index": 0.264,
        "tmi_structural_nT": 46078.1,
        "tmi_anomaly_nT": 1078.1,
        "elevation_mdpl": 345.0,
        "geochem_assay_ratio": 2.57
      },
      "geometry": {
        "type": "Polygon",
        "coordinates": [
          [
            [
              127.988,
              0.562
            ],
            [
              128.0,
              0.562
            ],
            [
              128.0,
              0.574
            ],
            [
              127.988,
              0.574
            ],
            [
              127.988,
              0.562
            ]
          ]
        ]
      }
    },
    {
      "type": "Feature",
      "properties": {
        "grid_id": "WED336",
        "site": "weda_bay",
        "location_label": "Weda Bay Central Block (Halmahera Deposit) - Maluku Utara nickel laterite",
        "lithology": "serpentinite_simulated",
        "slope_deg": 15.2,
        "distance_to_river_m": 1937,
        "distance_to_road_m": 3144,
        "legal_status": "no-go",
        "distance_to_smelter_km": 49.3,
        "area_ha": 1.77,
        "region_id": "NE",
        "fe_oxide_index": 1.921,
        "clay_index": 1.671,
        "ndvi_stress_index": 0.277,
        "tmi_structural_nT": 45190.6,
        "tmi_anomaly_nT": 190.6,
        "elevation_mdpl": 341.8,
        "geochem_assay_ratio": 1.76
      },
      "geometry": {
        "type": "Polygon",
        "coordinates": [
          [
            [
              128.0,
              0.562
            ],
            [
              128.012,
              0.562
            ],
            [
              128.012,
              0.574
            ],
            [
              128.0,
              0.574
            ],
            [
              128.0,
              0.562
            ]
          ]
        ]
      }
    },
    {
      "type": "Feature",
      "properties": {
        "grid_id": "WED337",
        "site": "weda_bay",
        "location_label": "Weda Bay Central Block (Halmahera Deposit) - Maluku Utara nickel laterite",
        "lithology": "serpentinite_simulated",
        "slope_deg": 14.7,
        "distance_to_river_m": 379,
        "distance_to_road_m": 2213,
        "legal_status": "no-go",
        "distance_to_smelter_km": 52.2,
        "area_ha": 1.77,
        "region_id": "NE",
        "fe_oxide_index": 2.132,
        "clay_index": 2.383,
        "ndvi_stress_index": 0.24,
        "tmi_structural_nT": 45434.4,
        "tmi_anomaly_nT": 434.4,
        "elevation_mdpl": 291.0,
        "geochem_assay_ratio": 2.6
      },
      "geometry": {
        "type": "Polygon",
        "coordinates": [
          [
            [
              128.012,
              0.562
            ],
            [
              128.024,
              0.562
            ],
            [
              128.024,
              0.574
            ],
            [
              128.012,
              0.574
            ],
            [
              128.012,
              0.562
            ]
          ]
        ]
      }
    },
    {
      "type": "Feature",
      "properties": {
        "grid_id": "WED338",
        "site": "weda_bay",
        "location_label": "Weda Bay Central Block (Halmahera Deposit) - Maluku Utara nickel laterite",
        "lithology": "mafic_volcanic_simulated",
        "slope_deg": 15.7,
        "distance_to_river_m": 611,
        "distance_to_road_m": 4203,
        "legal_status": "no-go",
        "distance_to_smelter_km": 55.4,
        "area_ha": 1.77,
        "region_id": "NE",
        "fe_oxide_index": 1.387,
        "clay_index": 1.049,
        "ndvi_stress_index": 0.611,
        "tmi_structural_nT": 44726.5,
        "tmi_anomaly_nT": -273.5,
        "elevation_mdpl": 322.3,
        "geochem_assay_ratio": 3.92
      },
      "geometry": {
        "type": "Polygon",
        "coordinates": [
          [
            [
              128.024,
              0.562
            ],
            [
              128.036,
              0.562
            ],
            [
              128.036,
              0.574
            ],
            [
              128.024,
              0.574
            ],
            [
              128.024,
              0.562
            ]
          ]
        ]
      }
    },
    {
      "type": "Feature",
      "properties": {
        "grid_id": "WED339",
        "site": "weda_bay",
        "location_label": "Weda Bay Central Block (Halmahera Deposit) - Maluku Utara nickel laterite",
        "lithology": "ultramafic_simulated",
        "slope_deg": 15.8,
        "distance_to_river_m": 2465,
        "distance_to_road_m": 1661,
        "legal_status": "conditional",
        "distance_to_smelter_km": 58.8,
        "area_ha": 1.77,
        "region_id": "NE",
        "fe_oxide_index": 2.456,
        "clay_index": 2.374,
        "ndvi_stress_index": 0.402,
        "tmi_structural_nT": 45694.8,
        "tmi_anomaly_nT": 694.8,
        "elevation_mdpl": 351.4,
        "geochem_assay_ratio": 2.12
      },
      "geometry": {
        "type": "Polygon",
        "coordinates": [
          [
            [
              128.036,
              0.562
            ],
            [
              128.048,
              0.562
            ],
            [
              128.048,
              0.574
            ],
            [
              128.036,
              0.574
            ],
            [
              128.036,
              0.562
            ]
          ]
        ]
      }
    },
    {
      "type": "Feature",
      "properties": {
        "grid_id": "WED340",
        "site": "weda_bay",
        "location_label": "Weda Bay Central Block (Halmahera Deposit) - Maluku Utara nickel laterite",
        "lithology": "peridotite_simulated",
        "slope_deg": 23.3,
        "distance_to_river_m": 1836,
        "distance_to_road_m": 733,
        "legal_status": "conditional",
        "distance_to_smelter_km": 62.4,
        "area_ha": 1.77,
        "region_id": "NE",
        "fe_oxide_index": 2.126,
        "clay_index": 2.402,
        "ndvi_stress_index": 0.337,
        "tmi_structural_nT": 45642.7,
        "tmi_anomaly_nT": 642.7,
        "elevation_mdpl": 327.6,
        "geochem_assay_ratio": 2.87
      },
      "geometry": {
        "type": "Polygon",
        "coordinates": [
          [
            [
              128.048,
              0.562
            ],
            [
              128.06,
              0.562
            ],
            [
              128.06,
              0.574
            ],
            [
              128.048,
              0.574
            ],
            [
              128.048,
              0.562
            ]
          ]
        ]
      }
    },
    {
      "type": "Feature",
      "properties": {
        "grid_id": "WED341",
        "site": "weda_bay",
        "location_label": "Weda Bay Central Block (Halmahera Deposit) - Maluku Utara nickel laterite",
        "lithology": "serpentinite_simulated",
        "slope_deg": 16.7,
        "distance_to_river_m": 918,
        "distance_to_road_m": 2787,
        "legal_status": "allowed",
        "distance_to_smelter_km": 65.0,
        "area_ha": 1.77,
        "region_id": "NW",
        "fe_oxide_index": 2.073,
        "clay_index": 1.626,
        "ndvi_stress_index": 0.317,
        "tmi_structural_nT": 45765.7,
        "tmi_anomaly_nT": 765.7,
        "elevation_mdpl": 365.2,
        "geochem_assay_ratio": 3.07
      },
      "geometry": {
        "type": "Polygon",
        "coordinates": [
          [
            [
              127.82,
              0.574
            ],
            [
              127.832,
              0.574
            ],
            [
              127.832,
              0.586
            ],
            [
              127.82,
              0.586
            ],
            [
              127.82,
              0.574
            ]
          ]
        ]
      }
    },
    {
      "type": "Feature",
      "properties": {
        "grid_id": "WED342",
        "site": "weda_bay",
        "location_label": "Weda Bay Central Block (Halmahera Deposit) - Maluku Utara nickel laterite",
        "lithology": "serpentinite_simulated",
        "slope_deg": 17.2,
        "distance_to_river_m": 1098,
        "distance_to_road_m": 2161,
        "legal_status": "allowed",
        "distance_to_smelter_km": 61.6,
        "area_ha": 1.77,
        "region_id": "NW",
        "fe_oxide_index": 1.953,
        "clay_index": 1.795,
        "ndvi_stress_index": 0.382,
        "tmi_structural_nT": 45744.2,
        "tmi_anomaly_nT": 744.2,
        "elevation_mdpl": 369.5,
        "geochem_assay_ratio": 2.99
      },
      "geometry": {
        "type": "Polygon",
        "coordinates": [
          [
            [
              127.832,
              0.574
            ],
            [
              127.844,
              0.574
            ],
            [
              127.844,
              0.586
            ],
            [
              127.832,
              0.586
            ],
            [
              127.832,
              0.574
            ]
          ]
        ]
      }
    },
    {
      "type": "Feature",
      "properties": {
        "grid_id": "WED343",
        "site": "weda_bay",
        "location_label": "Weda Bay Central Block (Halmahera Deposit) - Maluku Utara nickel laterite",
        "lithology": "ultramafic_simulated",
        "slope_deg": 16.6,
        "distance_to_river_m": 2376,
        "distance_to_road_m": 3471,
        "legal_status": "conditional",
        "distance_to_smelter_km": 58.4,
        "area_ha": 1.77,
        "region_id": "NW",
        "fe_oxide_index": 1.81,
        "clay_index": 1.629,
        "ndvi_stress_index": 0.258,
        "tmi_structural_nT": 45921.5,
        "tmi_anomaly_nT": 921.5,
        "elevation_mdpl": 290.3,
        "geochem_assay_ratio": 2.64
      },
      "geometry": {
        "type": "Polygon",
        "coordinates": [
          [
            [
              127.844,
              0.574
            ],
            [
              127.856,
              0.574
            ],
            [
              127.856,
              0.586
            ],
            [
              127.844,
              0.586
            ],
            [
              127.844,
              0.574
            ]
          ]
        ]
      }
    },
    {
      "type": "Feature",
      "properties": {
        "grid_id": "WED344",
        "site": "weda_bay",
        "location_label": "Weda Bay Central Block (Halmahera Deposit) - Maluku Utara nickel laterite",
        "lithology": "serpentinite_simulated",
        "slope_deg": 20.1,
        "distance_to_river_m": 1957,
        "distance_to_road_m": 1294,
        "legal_status": "conditional",
        "distance_to_smelter_km": 55.4,
        "area_ha": 1.77,
        "region_id": "NW",
        "fe_oxide_index": 2.815,
        "clay_index": 2.143,
        "ndvi_stress_index": 0.297,
        "tmi_structural_nT": 45937.8,
        "tmi_anomaly_nT": 937.8,
        "elevation_mdpl": 304.0,
        "geochem_assay_ratio": 1.88
      },
      "geometry": {
        "type": "Polygon",
        "coordinates": [
          [
            [
              127.856,
              0.574
            ],
            [
              127.868,
              0.574
            ],
            [
              127.868,
              0.586
            ],
            [
              127.856,
              0.586
            ],
            [
              127.856,
              0.574
            ]
          ]
        ]
      }
    },
    {
      "type": "Feature",
      "properties": {
        "grid_id": "WED345",
        "site": "weda_bay",
        "location_label": "Weda Bay Central Block (Halmahera Deposit) - Maluku Utara nickel laterite",
        "lithology": "serpentinite_simulated",
        "slope_deg": 14.2,
        "distance_to_river_m": 2296,
        "distance_to_road_m": 830,
        "legal_status": "conditional",
        "distance_to_smelter_km": 52.7,
        "area_ha": 1.77,
        "region_id": "NW",
        "fe_oxide_index": 2.401,
        "clay_index": 1.981,
        "ndvi_stress_index": 0.335,
        "tmi_structural_nT": 45837.8,
        "tmi_anomaly_nT": 837.8,
        "elevation_mdpl": 315.8,
        "geochem_assay_ratio": 2.42
      },
      "geometry": {
        "type": "Polygon",
        "coordinates": [
          [
            [
              127.868,
              0.574
            ],
            [
              127.88,
              0.574
            ],
            [
              127.88,
              0.586
            ],
            [
              127.868,
              0.586
            ],
            [
              127.868,
              0.574
            ]
          ]
        ]
      }
    },
    {
      "type": "Feature",
      "properties": {
        "grid_id": "WED346",
        "site": "weda_bay",
        "location_label": "Weda Bay Central Block (Halmahera Deposit) - Maluku Utara nickel laterite",
        "lithology": "serpentinite_simulated",
        "slope_deg": 17.0,
        "distance_to_river_m": 2065,
        "distance_to_road_m": 3342,
        "legal_status": "conditional",
        "distance_to_smelter_km": 50.3,
        "area_ha": 1.77,
        "region_id": "NW",
        "fe_oxide_index": 2.777,
        "clay_index": 1.924,
        "ndvi_stress_index": 0.358,
        "tmi_structural_nT": 45612.8,
        "tmi_anomaly_nT": 612.8,
        "elevation_mdpl": 369.2,
        "geochem_assay_ratio": 2.5
      },
      "geometry": {
        "type": "Polygon",
        "coordinates": [
          [
            [
              127.88,
              0.574
            ],
            [
              127.892,
              0.574
            ],
            [
              127.892,
              0.586
            ],
            [
              127.88,
              0.586
            ],
            [
              127.88,
              0.574
            ]
          ]
        ]
      }
    },
    {
      "type": "Feature",
      "properties": {
        "grid_id": "WED347",
        "site": "weda_bay",
        "location_label": "Weda Bay Central Block (Halmahera Deposit) - Maluku Utara nickel laterite",
        "lithology": "serpentinite_simulated",
        "slope_deg": 14.0,
        "distance_to_river_m": 1781,
        "distance_to_road_m": 3808,
        "legal_status": "conditional",
        "distance_to_smelter_km": 48.2,
        "area_ha": 1.77,
        "region_id": "NW",
        "fe_oxide_index": 2.595,
        "clay_index": 1.965,
        "ndvi_stress_index": 0.282,
        "tmi_structural_nT": 45789.1,
        "tmi_anomaly_nT": 789.1,
        "elevation_mdpl": 349.9,
        "geochem_assay_ratio": 3.12
      },
      "geometry": {
        "type": "Polygon",
        "coordinates": [
          [
            [
              127.892,
              0.574
            ],
            [
              127.904,
              0.574
            ],
            [
              127.904,
              0.586
            ],
            [
              127.892,
              0.586
            ],
            [
              127.892,
              0.574
            ]
          ]
        ]
      }
    },
    {
      "type": "Feature",
      "properties": {
        "grid_id": "WED348",
        "site": "weda_bay",
        "location_label": "Weda Bay Central Block (Halmahera Deposit) - Maluku Utara nickel laterite",
        "lithology": "serpentinite_simulated",
        "slope_deg": 19.6,
        "distance_to_river_m": 332,
        "distance_to_road_m": 3292,
        "legal_status": "conditional",
        "distance_to_smelter_km": 46.6,
        "area_ha": 1.77,
        "region_id": "NW",
        "fe_oxide_index": 2.826,
        "clay_index": 2.163,
        "ndvi_stress_index": 0.419,
        "tmi_structural_nT": 45235.9,
        "tmi_anomaly_nT": 235.9,
        "elevation_mdpl": 375.9,
        "geochem_assay_ratio": 2.83
      },
      "geometry": {
        "type": "Polygon",
        "coordinates": [
          [
            [
              127.904,
              0.574
            ],
            [
              127.916,
              0.574
            ],
            [
              127.916,
              0.586
            ],
            [
              127.904,
              0.586
            ],
            [
              127.904,
              0.574
            ]
          ]
        ]
      }
    },
    {
      "type": "Feature",
      "properties": {
        "grid_id": "WED349",
        "site": "weda_bay",
        "location_label": "Weda Bay Central Block (Halmahera Deposit) - Maluku Utara nickel laterite",
        "lithology": "serpentinite_simulated",
        "slope_deg": 24.6,
        "distance_to_river_m": 2001,
        "distance_to_road_m": 646,
        "legal_status": "conditional",
        "distance_to_smelter_km": 45.5,
        "area_ha": 1.77,
        "region_id": "NW",
        "fe_oxide_index": 2.137,
        "clay_index": 1.687,
        "ndvi_stress_index": 0.393,
        "tmi_structural_nT": 45173.7,
        "tmi_anomaly_nT": 173.7,
        "elevation_mdpl": 345.6,
        "geochem_assay_ratio": 1.49
      },
      "geometry": {
        "type": "Polygon",
        "coordinates": [
          [
            [
              127.916,
              0.574
            ],
            [
              127.928,
              0.574
            ],
            [
              127.928,
              0.586
            ],
            [
              127.916,
              0.586
            ],
            [
              127.916,
              0.574
            ]
          ]
        ]
      }
    },
    {
      "type": "Feature",
      "properties": {
        "grid_id": "WED350",
        "site": "weda_bay",
        "location_label": "Weda Bay Central Block (Halmahera Deposit) - Maluku Utara nickel laterite",
        "lithology": "peridotite_simulated",
        "slope_deg": 17.5,
        "distance_to_river_m": 1813,
        "distance_to_road_m": 3692,
        "legal_status": "conditional",
        "distance_to_smelter_km": 44.9,
        "area_ha": 1.77,
        "region_id": "NW",
        "fe_oxide_index": 2.018,
        "clay_index": 2.306,
        "ndvi_stress_index": 0.205,
        "tmi_structural_nT": 45580.0,
        "tmi_anomaly_nT": 580.0,
        "elevation_mdpl": 378.4,
        "geochem_assay_ratio": 3.15
      },
      "geometry": {
        "type": "Polygon",
        "coordinates": [
          [
            [
              127.928,
              0.574
            ],
            [
              127.94,
              0.574
            ],
            [
              127.94,
              0.586
            ],
            [
              127.928,
              0.586
            ],
            [
              127.928,
              0.574
            ]
          ]
        ]
      }
    },
    {
      "type": "Feature",
      "properties": {
        "grid_id": "WED351",
        "site": "weda_bay",
        "location_label": "Weda Bay Central Block (Halmahera Deposit) - Maluku Utara nickel laterite",
        "lithology": "serpentinite_simulated",
        "slope_deg": 21.9,
        "distance_to_river_m": 1443,
        "distance_to_road_m": 3615,
        "legal_status": "conditional",
        "distance_to_smelter_km": 44.9,
        "area_ha": 1.77,
        "region_id": "NE",
        "fe_oxide_index": 2.007,
        "clay_index": 2.142,
        "ndvi_stress_index": 0.416,
        "tmi_structural_nT": 45537.7,
        "tmi_anomaly_nT": 537.7,
        "elevation_mdpl": 354.0,
        "geochem_assay_ratio": 1.82
      },
      "geometry": {
        "type": "Polygon",
        "coordinates": [
          [
            [
              127.94,
              0.574
            ],
            [
              127.952,
              0.574
            ],
            [
              127.952,
              0.586
            ],
            [
              127.94,
              0.586
            ],
            [
              127.94,
              0.574
            ]
          ]
        ]
      }
    },
    {
      "type": "Feature",
      "properties": {
        "grid_id": "WED352",
        "site": "weda_bay",
        "location_label": "Weda Bay Central Block (Halmahera Deposit) - Maluku Utara nickel laterite",
        "lithology": "ultramafic_simulated",
        "slope_deg": 21.3,
        "distance_to_river_m": 1987,
        "distance_to_road_m": 464,
        "legal_status": "conditional",
        "distance_to_smelter_km": 45.5,
        "area_ha": 1.77,
        "region_id": "NE",
        "fe_oxide_index": 2.485,
        "clay_index": 1.797,
        "ndvi_stress_index": 0.418,
        "tmi_structural_nT": 45158.0,
        "tmi_anomaly_nT": 158.0,
        "elevation_mdpl": 373.0,
        "geochem_assay_ratio": 2.71
      },
      "geometry": {
        "type": "Polygon",
        "coordinates": [
          [
            [
              127.952,
              0.574
            ],
            [
              127.964,
              0.574
            ],
            [
              127.964,
              0.586
            ],
            [
              127.952,
              0.586
            ],
            [
              127.952,
              0.574
            ]
          ]
        ]
      }
    },
    {
      "type": "Feature",
      "properties": {
        "grid_id": "WED353",
        "site": "weda_bay",
        "location_label": "Weda Bay Central Block (Halmahera Deposit) - Maluku Utara nickel laterite",
        "lithology": "serpentinite_simulated",
        "slope_deg": 23.8,
        "distance_to_river_m": 1800,
        "distance_to_road_m": 1235,
        "legal_status": "conditional",
        "distance_to_smelter_km": 46.6,
        "area_ha": 1.77,
        "region_id": "NE",
        "fe_oxide_index": 2.849,
        "clay_index": 2.441,
        "ndvi_stress_index": 0.322,
        "tmi_structural_nT": 45437.0,
        "tmi_anomaly_nT": 437.0,
        "elevation_mdpl": 302.0,
        "geochem_assay_ratio": 2.47
      },
      "geometry": {
        "type": "Polygon",
        "coordinates": [
          [
            [
              127.964,
              0.574
            ],
            [
              127.976,
              0.574
            ],
            [
              127.976,
              0.586
            ],
            [
              127.964,
              0.586
            ],
            [
              127.964,
              0.574
            ]
          ]
        ]
      }
    },
    {
      "type": "Feature",
      "properties": {
        "grid_id": "WED354",
        "site": "weda_bay",
        "location_label": "Weda Bay Central Block (Halmahera Deposit) - Maluku Utara nickel laterite",
        "lithology": "serpentinite_simulated",
        "slope_deg": 15.6,
        "distance_to_river_m": 404,
        "distance_to_road_m": 1107,
        "legal_status": "conditional",
        "distance_to_smelter_km": 48.2,
        "area_ha": 1.77,
        "region_id": "NE",
        "fe_oxide_index": 2.387,
        "clay_index": 2.392,
        "ndvi_stress_index": 0.239,
        "tmi_structural_nT": 45460.2,
        "tmi_anomaly_nT": 460.2,
        "elevation_mdpl": 358.9,
        "geochem_assay_ratio": 1.98
      },
      "geometry": {
        "type": "Polygon",
        "coordinates": [
          [
            [
              127.976,
              0.574
            ],
            [
              127.988,
              0.574
            ],
            [
              127.988,
              0.586
            ],
            [
              127.976,
              0.586
            ],
            [
              127.976,
              0.574
            ]
          ]
        ]
      }
    },
    {
      "type": "Feature",
      "properties": {
        "grid_id": "WED355",
        "site": "weda_bay",
        "location_label": "Weda Bay Central Block (Halmahera Deposit) - Maluku Utara nickel laterite",
        "lithology": "ultramafic_simulated",
        "slope_deg": 17.5,
        "distance_to_river_m": 2443,
        "distance_to_road_m": 1681,
        "legal_status": "no-go",
        "distance_to_smelter_km": 50.3,
        "area_ha": 1.77,
        "region_id": "NE",
        "fe_oxide_index": 2.397,
        "clay_index": 2.241,
        "ndvi_stress_index": 0.37,
        "tmi_structural_nT": 45949.8,
        "tmi_anomaly_nT": 949.8,
        "elevation_mdpl": 334.0,
        "geochem_assay_ratio": 2.84
      },
      "geometry": {
        "type": "Polygon",
        "coordinates": [
          [
            [
              127.988,
              0.574
            ],
            [
              128.0,
              0.574
            ],
            [
              128.0,
              0.586
            ],
            [
              127.988,
              0.586
            ],
            [
              127.988,
              0.574
            ]
          ]
        ]
      }
    },
    {
      "type": "Feature",
      "properties": {
        "grid_id": "WED356",
        "site": "weda_bay",
        "location_label": "Weda Bay Central Block (Halmahera Deposit) - Maluku Utara nickel laterite",
        "lithology": "ultramafic_simulated",
        "slope_deg": 18.6,
        "distance_to_river_m": 2030,
        "distance_to_road_m": 1515,
        "legal_status": "no-go",
        "distance_to_smelter_km": 52.7,
        "area_ha": 1.77,
        "region_id": "NE",
        "fe_oxide_index": 1.923,
        "clay_index": 1.935,
        "ndvi_stress_index": 0.3,
        "tmi_structural_nT": 45416.0,
        "tmi_anomaly_nT": 416.0,
        "elevation_mdpl": 353.6,
        "geochem_assay_ratio": 2.62
      },
      "geometry": {
        "type": "Polygon",
        "coordinates": [
          [
            [
              128.0,
              0.574
            ],
            [
              128.012,
              0.574
            ],
            [
              128.012,
              0.586
            ],
            [
              128.0,
              0.586
            ],
            [
              128.0,
              0.574
            ]
          ]
        ]
      }
    },
    {
      "type": "Feature",
      "properties": {
        "grid_id": "WED357",
        "site": "weda_bay",
        "location_label": "Weda Bay Central Block (Halmahera Deposit) - Maluku Utara nickel laterite",
        "lithology": "serpentinite_simulated",
        "slope_deg": 14.2,
        "distance_to_river_m": 1835,
        "distance_to_road_m": 1408,
        "legal_status": "no-go",
        "distance_to_smelter_km": 55.4,
        "area_ha": 1.77,
        "region_id": "NE",
        "fe_oxide_index": 2.204,
        "clay_index": 2.273,
        "ndvi_stress_index": 0.251,
        "tmi_structural_nT": 46067.8,
        "tmi_anomaly_nT": 1067.8,
        "elevation_mdpl": 361.0,
        "geochem_assay_ratio": 2.03
      },
      "geometry": {
        "type": "Polygon",
        "coordinates": [
          [
            [
              128.012,
              0.574
            ],
            [
              128.024,
              0.574
            ],
            [
              128.024,
              0.586
            ],
            [
              128.012,
              0.586
            ],
            [
              128.012,
              0.574
            ]
          ]
        ]
      }
    },
    {
      "type": "Feature",
      "properties": {
        "grid_id": "WED358",
        "site": "weda_bay",
        "location_label": "Weda Bay Central Block (Halmahera Deposit) - Maluku Utara nickel laterite",
        "lithology": "serpentinite_simulated",
        "slope_deg": 21.2,
        "distance_to_river_m": 319,
        "distance_to_road_m": 3151,
        "legal_status": "no-go",
        "distance_to_smelter_km": 58.4,
        "area_ha": 1.77,
        "region_id": "NE",
        "fe_oxide_index": 1.824,
        "clay_index": 1.804,
        "ndvi_stress_index": 0.261,
        "tmi_structural_nT": 45121.5,
        "tmi_anomaly_nT": 121.5,
        "elevation_mdpl": 366.8,
        "geochem_assay_ratio": 3.07
      },
      "geometry": {
        "type": "Polygon",
        "coordinates": [
          [
            [
              128.024,
              0.574
            ],
            [
              128.036,
              0.574
            ],
            [
              128.036,
              0.586
            ],
            [
              128.024,
              0.586
            ],
            [
              128.024,
              0.574
            ]
          ]
        ]
      }
    },
    {
      "type": "Feature",
      "properties": {
        "grid_id": "WED359",
        "site": "weda_bay",
        "location_label": "Weda Bay Central Block (Halmahera Deposit) - Maluku Utara nickel laterite",
        "lithology": "serpentinite_simulated",
        "slope_deg": 18.0,
        "distance_to_river_m": 2415,
        "distance_to_road_m": 764,
        "legal_status": "no-go",
        "distance_to_smelter_km": 61.6,
        "area_ha": 1.77,
        "region_id": "NE",
        "fe_oxide_index": 2.092,
        "clay_index": 2.105,
        "ndvi_stress_index": 0.248,
        "tmi_structural_nT": 45861.1,
        "tmi_anomaly_nT": 861.1,
        "elevation_mdpl": 344.4,
        "geochem_assay_ratio": 2.49
      },
      "geometry": {
        "type": "Polygon",
        "coordinates": [
          [
            [
              128.036,
              0.574
            ],
            [
              128.048,
              0.574
            ],
            [
              128.048,
              0.586
            ],
            [
              128.036,
              0.586
            ],
            [
              128.036,
              0.574
            ]
          ]
        ]
      }
    },
    {
      "type": "Feature",
      "properties": {
        "grid_id": "WED360",
        "site": "weda_bay",
        "location_label": "Weda Bay Central Block (Halmahera Deposit) - Maluku Utara nickel laterite",
        "lithology": "ultramafic_simulated",
        "slope_deg": 17.6,
        "distance_to_river_m": 1513,
        "distance_to_road_m": 3328,
        "legal_status": "conditional",
        "distance_to_smelter_km": 65.0,
        "area_ha": 1.77,
        "region_id": "NE",
        "fe_oxide_index": 2.82,
        "clay_index": 2.373,
        "ndvi_stress_index": 0.318,
        "tmi_structural_nT": 45405.7,
        "tmi_anomaly_nT": 405.7,
        "elevation_mdpl": 368.9,
        "geochem_assay_ratio": 2.43
      },
      "geometry": {
        "type": "Polygon",
        "coordinates": [
          [
            [
              128.048,
              0.574
            ],
            [
              128.06,
              0.574
            ],
            [
              128.06,
              0.586
            ],
            [
              128.048,
              0.586
            ],
            [
              128.048,
              0.574
            ]
          ]
        ]
      }
    },
    {
      "type": "Feature",
      "properties": {
        "grid_id": "WED361",
        "site": "weda_bay",
        "location_label": "Weda Bay Central Block (Halmahera Deposit) - Maluku Utara nickel laterite",
        "lithology": "mafic_volcanic_simulated",
        "slope_deg": 19.2,
        "distance_to_river_m": 657,
        "distance_to_road_m": 2554,
        "legal_status": "allowed",
        "distance_to_smelter_km": 67.8,
        "area_ha": 1.77,
        "region_id": "NW",
        "fe_oxide_index": 1.189,
        "clay_index": 1.056,
        "ndvi_stress_index": 0.528,
        "tmi_structural_nT": 44938.0,
        "tmi_anomaly_nT": -62.0,
        "elevation_mdpl": 292.3,
        "geochem_assay_ratio": 3.82
      },
      "geometry": {
        "type": "Polygon",
        "coordinates": [
          [
            [
              127.82,
              0.586
            ],
            [
              127.832,
              0.586
            ],
            [
              127.832,
              0.598
            ],
            [
              127.82,
              0.598
            ],
            [
              127.82,
              0.586
            ]
          ]
        ]
      }
    },
    {
      "type": "Feature",
      "properties": {
        "grid_id": "WED362",
        "site": "weda_bay",
        "location_label": "Weda Bay Central Block (Halmahera Deposit) - Maluku Utara nickel laterite",
        "lithology": "peridotite_simulated",
        "slope_deg": 23.5,
        "distance_to_river_m": 1331,
        "distance_to_road_m": 4203,
        "legal_status": "allowed",
        "distance_to_smelter_km": 64.6,
        "area_ha": 1.77,
        "region_id": "NW",
        "fe_oxide_index": 2.134,
        "clay_index": 1.699,
        "ndvi_stress_index": 0.331,
        "tmi_structural_nT": 45945.7,
        "tmi_anomaly_nT": 945.7,
        "elevation_mdpl": 323.6,
        "geochem_assay_ratio": 2.82
      },
      "geometry": {
        "type": "Polygon",
        "coordinates": [
          [
            [
              127.832,
              0.586
            ],
            [
              127.844,
              0.586
            ],
            [
              127.844,
              0.598
            ],
            [
              127.832,
              0.598
            ],
            [
              127.832,
              0.586
            ]
          ]
        ]
      }
    },
    {
      "type": "Feature",
      "properties": {
        "grid_id": "WED363",
        "site": "weda_bay",
        "location_label": "Weda Bay Central Block (Halmahera Deposit) - Maluku Utara nickel laterite",
        "lithology": "ultramafic_simulated",
        "slope_deg": 18.0,
        "distance_to_river_m": 2413,
        "distance_to_road_m": 1413,
        "legal_status": "conditional",
        "distance_to_smelter_km": 61.6,
        "area_ha": 1.77,
        "region_id": "NW",
        "fe_oxide_index": 2.623,
        "clay_index": 2.188,
        "ndvi_stress_index": 0.391,
        "tmi_structural_nT": 45420.7,
        "tmi_anomaly_nT": 420.7,
        "elevation_mdpl": 361.2,
        "geochem_assay_ratio": 1.64
      },
      "geometry": {
        "type": "Polygon",
        "coordinates": [
          [
            [
              127.844,
              0.586
            ],
            [
              127.856,
              0.586
            ],
            [
              127.856,
              0.598
            ],
            [
              127.844,
              0.598
            ],
            [
              127.844,
              0.586
            ]
          ]
        ]
      }
    },
    {
      "type": "Feature",
      "properties": {
        "grid_id": "WED364",
        "site": "weda_bay",
        "location_label": "Weda Bay Central Block (Halmahera Deposit) - Maluku Utara nickel laterite",
        "lithology": "alluvium",
        "slope_deg": 23.9,
        "distance_to_river_m": 2389,
        "distance_to_road_m": 3588,
        "legal_status": "conditional",
        "distance_to_smelter_km": 58.8,
        "area_ha": 1.77,
        "region_id": "NW",
        "fe_oxide_index": 1.657,
        "clay_index": 1.235,
        "ndvi_stress_index": 0.648,
        "tmi_structural_nT": 45106.8,
        "tmi_anomaly_nT": 106.8,
        "elevation_mdpl": 357.5,
        "geochem_assay_ratio": 4.69
      },
      "geometry": {
        "type": "Polygon",
        "coordinates": [
          [
            [
              127.856,
              0.586
            ],
            [
              127.868,
              0.586
            ],
            [
              127.868,
              0.598
            ],
            [
              127.856,
              0.598
            ],
            [
              127.856,
              0.586
            ]
          ]
        ]
      }
    },
    {
      "type": "Feature",
      "properties": {
        "grid_id": "WED365",
        "site": "weda_bay",
        "location_label": "Weda Bay Central Block (Halmahera Deposit) - Maluku Utara nickel laterite",
        "lithology": "serpentinite_simulated",
        "slope_deg": 19.1,
        "distance_to_river_m": 1761,
        "distance_to_road_m": 1621,
        "legal_status": "no-go",
        "distance_to_smelter_km": 56.3,
        "area_ha": 1.77,
        "region_id": "NW",
        "fe_oxide_index": 2.609,
        "clay_index": 2.418,
        "ndvi_stress_index": 0.373,
        "tmi_structural_nT": 45385.5,
        "tmi_anomaly_nT": 385.5,
        "elevation_mdpl": 349.2,
        "geochem_assay_ratio": 1.48
      },
      "geometry": {
        "type": "Polygon",
        "coordinates": [
          [
            [
              127.868,
              0.586
            ],
            [
              127.88,
              0.586
            ],
            [
              127.88,
              0.598
            ],
            [
              127.868,
              0.598
            ],
            [
              127.868,
              0.586
            ]
          ]
        ]
      }
    },
    {
      "type": "Feature",
      "properties": {
        "grid_id": "WED366",
        "site": "weda_bay",
        "location_label": "Weda Bay Central Block (Halmahera Deposit) - Maluku Utara nickel laterite",
        "lithology": "ultramafic_simulated",
        "slope_deg": 17.8,
        "distance_to_river_m": 588,
        "distance_to_road_m": 500,
        "legal_status": "no-go",
        "distance_to_smelter_km": 54.1,
        "area_ha": 1.77,
        "region_id": "NW",
        "fe_oxide_index": 2.248,
        "clay_index": 2.005,
        "ndvi_stress_index": 0.195,
        "tmi_structural_nT": 45724.9,
        "tmi_anomaly_nT": 724.9,
        "elevation_mdpl": 294.2,
        "geochem_assay_ratio": 1.5
      },
      "geometry": {
        "type": "Polygon",
        "coordinates": [
          [
            [
              127.88,
              0.586
            ],
            [
              127.892,
              0.586
            ],
            [
              127.892,
              0.598
            ],
            [
              127.88,
              0.598
            ],
            [
              127.88,
              0.586
            ]
          ]
        ]
      }
    },
    {
      "type": "Feature",
      "properties": {
        "grid_id": "WED367",
        "site": "weda_bay",
        "location_label": "Weda Bay Central Block (Halmahera Deposit) - Maluku Utara nickel laterite",
        "lithology": "peridotite_simulated",
        "slope_deg": 17.9,
        "distance_to_river_m": 1597,
        "distance_to_road_m": 839,
        "legal_status": "no-go",
        "distance_to_smelter_km": 52.2,
        "area_ha": 1.77,
        "region_id": "NW",
        "fe_oxide_index": 2.689,
        "clay_index": 1.957,
        "ndvi_stress_index": 0.243,
        "tmi_structural_nT": 45347.3,
        "tmi_anomaly_nT": 347.3,
        "elevation_mdpl": 379.1,
        "geochem_assay_ratio": 2.38
      },
      "geometry": {
        "type": "Polygon",
        "coordinates": [
          [
            [
              127.892,
              0.586
            ],
            [
              127.904,
              0.586
            ],
            [
              127.904,
              0.598
            ],
            [
              127.892,
              0.598
            ],
            [
              127.892,
              0.586
            ]
          ]
        ]
      }
    },
    {
      "type": "Feature",
      "properties": {
        "grid_id": "WED368",
        "site": "weda_bay",
        "location_label": "Weda Bay Central Block (Halmahera Deposit) - Maluku Utara nickel laterite",
        "lithology": "peridotite_simulated",
        "slope_deg": 24.2,
        "distance_to_river_m": 2099,
        "distance_to_road_m": 2664,
        "legal_status": "conditional",
        "distance_to_smelter_km": 50.8,
        "area_ha": 1.77,
        "region_id": "NW",
        "fe_oxide_index": 2.725,
        "clay_index": 2.175,
        "ndvi_stress_index": 0.392,
        "tmi_structural_nT": 45387.0,
        "tmi_anomaly_nT": 387.0,
        "elevation_mdpl": 295.9,
        "geochem_assay_ratio": 2.3
      },
      "geometry": {
        "type": "Polygon",
        "coordinates": [
          [
            [
              127.904,
              0.586
            ],
            [
              127.916,
              0.586
            ],
            [
              127.916,
              0.598
            ],
            [
              127.904,
              0.598
            ],
            [
              127.904,
              0.586
            ]
          ]
        ]
      }
    },
    {
      "type": "Feature",
      "properties": {
        "grid_id": "WED369",
        "site": "weda_bay",
        "location_label": "Weda Bay Central Block (Halmahera Deposit) - Maluku Utara nickel laterite",
        "lithology": "serpentinite_simulated",
        "slope_deg": 18.7,
        "distance_to_river_m": 1612,
        "distance_to_road_m": 955,
        "legal_status": "conditional",
        "distance_to_smelter_km": 49.8,
        "area_ha": 1.77,
        "region_id": "NW",
        "fe_oxide_index": 2.12,
        "clay_index": 2.258,
        "ndvi_stress_index": 0.303,
        "tmi_structural_nT": 45791.0,
        "tmi_anomaly_nT": 791.0,
        "elevation_mdpl": 294.4,
        "geochem_assay_ratio": 3.12
      },
      "geometry": {
        "type": "Polygon",
        "coordinates": [
          [
            [
              127.916,
              0.586
            ],
            [
              127.928,
              0.586
            ],
            [
              127.928,
              0.598
            ],
            [
              127.916,
              0.598
            ],
            [
              127.916,
              0.586
            ]
          ]
        ]
      }
    },
    {
      "type": "Feature",
      "properties": {
        "grid_id": "WED370",
        "site": "weda_bay",
        "location_label": "Weda Bay Central Block (Halmahera Deposit) - Maluku Utara nickel laterite",
        "lithology": "serpentinite_simulated",
        "slope_deg": 23.6,
        "distance_to_river_m": 2000,
        "distance_to_road_m": 2827,
        "legal_status": "conditional",
        "distance_to_smelter_km": 49.3,
        "area_ha": 1.77,
        "region_id": "NW",
        "fe_oxide_index": 2.587,
        "clay_index": 1.685,
        "ndvi_stress_index": 0.256,
        "tmi_structural_nT": 45320.4,
        "tmi_anomaly_nT": 320.4,
        "elevation_mdpl": 346.6,
        "geochem_assay_ratio": 1.49
      },
      "geometry": {
        "type": "Polygon",
        "coordinates": [
          [
            [
              127.928,
              0.586
            ],
            [
              127.94,
              0.586
            ],
            [
              127.94,
              0.598
            ],
            [
              127.928,
              0.598
            ],
            [
              127.928,
              0.586
            ]
          ]
        ]
      }
    },
    {
      "type": "Feature",
      "properties": {
        "grid_id": "WED371",
        "site": "weda_bay",
        "location_label": "Weda Bay Central Block (Halmahera Deposit) - Maluku Utara nickel laterite",
        "lithology": "peridotite_simulated",
        "slope_deg": 18.1,
        "distance_to_river_m": 2274,
        "distance_to_road_m": 3096,
        "legal_status": "conditional",
        "distance_to_smelter_km": 49.3,
        "area_ha": 1.77,
        "region_id": "NE",
        "fe_oxide_index": 2.215,
        "clay_index": 2.317,
        "ndvi_stress_index": 0.409,
        "tmi_structural_nT": 45191.6,
        "tmi_anomaly_nT": 191.6,
        "elevation_mdpl": 301.9,
        "geochem_assay_ratio": 1.5
      },
      "geometry": {
        "type": "Polygon",
        "coordinates": [
          [
            [
              127.94,
              0.586
            ],
            [
              127.952,
              0.586
            ],
            [
              127.952,
              0.598
            ],
            [
              127.94,
              0.598
            ],
            [
              127.94,
              0.586
            ]
          ]
        ]
      }
    },
    {
      "type": "Feature",
      "properties": {
        "grid_id": "WED372",
        "site": "weda_bay",
        "location_label": "Weda Bay Central Block (Halmahera Deposit) - Maluku Utara nickel laterite",
        "lithology": "peridotite_simulated",
        "slope_deg": 21.0,
        "distance_to_river_m": 283,
        "distance_to_road_m": 3842,
        "legal_status": "conditional",
        "distance_to_smelter_km": 49.8,
        "area_ha": 1.77,
        "region_id": "NE",
        "fe_oxide_index": 1.98,
        "clay_index": 1.733,
        "ndvi_stress_index": 0.379,
        "tmi_structural_nT": 46079.5,
        "tmi_anomaly_nT": 1079.5,
        "elevation_mdpl": 341.7,
        "geochem_assay_ratio": 1.68
      },
      "geometry": {
        "type": "Polygon",
        "coordinates": [
          [
            [
              127.952,
              0.586
            ],
            [
              127.964,
              0.586
            ],
            [
              127.964,
              0.598
            ],
            [
              127.952,
              0.598
            ],
            [
              127.952,
              0.586
            ]
          ]
        ]
      }
    },
    {
      "type": "Feature",
      "properties": {
        "grid_id": "WED373",
        "site": "weda_bay",
        "location_label": "Weda Bay Central Block (Halmahera Deposit) - Maluku Utara nickel laterite",
        "lithology": "serpentinite_simulated",
        "slope_deg": 23.1,
        "distance_to_river_m": 1830,
        "distance_to_road_m": 478,
        "legal_status": "conditional",
        "distance_to_smelter_km": 50.8,
        "area_ha": 1.77,
        "region_id": "NE",
        "fe_oxide_index": 2.132,
        "clay_index": 1.806,
        "ndvi_stress_index": 0.197,
        "tmi_structural_nT": 45212.5,
        "tmi_anomaly_nT": 212.5,
        "elevation_mdpl": 374.4,
        "geochem_assay_ratio": 2.5
      },
      "geometry": {
        "type": "Polygon",
        "coordinates": [
          [
            [
              127.964,
              0.586
            ],
            [
              127.976,
              0.586
            ],
            [
              127.976,
              0.598
            ],
            [
              127.964,
              0.598
            ],
            [
              127.964,
              0.586
            ]
          ]
        ]
      }
    },
    {
      "type": "Feature",
      "properties": {
        "grid_id": "WED374",
        "site": "weda_bay",
        "location_label": "Weda Bay Central Block (Halmahera Deposit) - Maluku Utara nickel laterite",
        "lithology": "serpentinite_simulated",
        "slope_deg": 17.8,
        "distance_to_river_m": 2123,
        "distance_to_road_m": 1052,
        "legal_status": "conditional",
        "distance_to_smelter_km": 52.2,
        "area_ha": 1.77,
        "region_id": "NE",
        "fe_oxide_index": 2.595,
        "clay_index": 1.929,
        "ndvi_stress_index": 0.39,
        "tmi_structural_nT": 45762.9,
        "tmi_anomaly_nT": 762.9,
        "elevation_mdpl": 349.2,
        "geochem_assay_ratio": 2.15
      },
      "geometry": {
        "type": "Polygon",
        "coordinates": [
          [
            [
              127.976,
              0.586
            ],
            [
              127.988,
              0.586
            ],
            [
              127.988,
              0.598
            ],
            [
              127.976,
              0.598
            ],
            [
              127.976,
              0.586
            ]
          ]
        ]
      }
    },
    {
      "type": "Feature",
      "properties": {
        "grid_id": "WED375",
        "site": "weda_bay",
        "location_label": "Weda Bay Central Block (Halmahera Deposit) - Maluku Utara nickel laterite",
        "lithology": "serpentinite_simulated",
        "slope_deg": 15.9,
        "distance_to_river_m": 1321,
        "distance_to_road_m": 2626,
        "legal_status": "no-go",
        "distance_to_smelter_km": 54.1,
        "area_ha": 1.77,
        "region_id": "NE",
        "fe_oxide_index": 1.849,
        "clay_index": 1.83,
        "ndvi_stress_index": 0.25,
        "tmi_structural_nT": 46002.3,
        "tmi_anomaly_nT": 1002.3,
        "elevation_mdpl": 370.6,
        "geochem_assay_ratio": 1.9
      },
      "geometry": {
        "type": "Polygon",
        "coordinates": [
          [
            [
              127.988,
              0.586
            ],
            [
              128.0,
              0.586
            ],
            [
              128.0,
              0.598
            ],
            [
              127.988,
              0.598
            ],
            [
              127.988,
              0.586
            ]
          ]
        ]
      }
    },
    {
      "type": "Feature",
      "properties": {
        "grid_id": "WED376",
        "site": "weda_bay",
        "location_label": "Weda Bay Central Block (Halmahera Deposit) - Maluku Utara nickel laterite",
        "lithology": "serpentinite_simulated",
        "slope_deg": 15.6,
        "distance_to_river_m": 326,
        "distance_to_road_m": 3361,
        "legal_status": "no-go",
        "distance_to_smelter_km": 56.3,
        "area_ha": 1.77,
        "region_id": "NE",
        "fe_oxide_index": 1.957,
        "clay_index": 2.371,
        "ndvi_stress_index": 0.181,
        "tmi_structural_nT": 46075.9,
        "tmi_anomaly_nT": 1075.9,
        "elevation_mdpl": 345.9,
        "geochem_assay_ratio": 1.54
      },
      "geometry": {
        "type": "Polygon",
        "coordinates": [
          [
            [
              128.0,
              0.586
            ],
            [
              128.012,
              0.586
            ],
            [
              128.012,
              0.598
            ],
            [
              128.0,
              0.598
            ],
            [
              128.0,
              0.586
            ]
          ]
        ]
      }
    },
    {
      "type": "Feature",
      "properties": {
        "grid_id": "WED377",
        "site": "weda_bay",
        "location_label": "Weda Bay Central Block (Halmahera Deposit) - Maluku Utara nickel laterite",
        "lithology": "serpentinite_simulated",
        "slope_deg": 23.1,
        "distance_to_river_m": 1241,
        "distance_to_road_m": 3495,
        "legal_status": "conditional",
        "distance_to_smelter_km": 58.8,
        "area_ha": 1.77,
        "region_id": "NE",
        "fe_oxide_index": 2.063,
        "clay_index": 2.031,
        "ndvi_stress_index": 0.414,
        "tmi_structural_nT": 45462.6,
        "tmi_anomaly_nT": 462.6,
        "elevation_mdpl": 323.7,
        "geochem_assay_ratio": 2.35
      },
      "geometry": {
        "type": "Polygon",
        "coordinates": [
          [
            [
              128.012,
              0.586
            ],
            [
              128.024,
              0.586
            ],
            [
              128.024,
              0.598
            ],
            [
              128.012,
              0.598
            ],
            [
              128.012,
              0.586
            ]
          ]
        ]
      }
    },
    {
      "type": "Feature",
      "properties": {
        "grid_id": "WED378",
        "site": "weda_bay",
        "location_label": "Weda Bay Central Block (Halmahera Deposit) - Maluku Utara nickel laterite",
        "lithology": "peridotite_simulated",
        "slope_deg": 16.4,
        "distance_to_river_m": 1161,
        "distance_to_road_m": 3789,
        "legal_status": "conditional",
        "distance_to_smelter_km": 61.6,
        "area_ha": 1.77,
        "region_id": "NE",
        "fe_oxide_index": 2.523,
        "clay_index": 2.361,
        "ndvi_stress_index": 0.343,
        "tmi_structural_nT": 45202.3,
        "tmi_anomaly_nT": 202.3,
        "elevation_mdpl": 348.7,
        "geochem_assay_ratio": 1.48
      },
      "geometry": {
        "type": "Polygon",
        "coordinates": [
          [
            [
              128.024,
              0.586
            ],
            [
              128.036,
              0.586
            ],
            [
              128.036,
              0.598
            ],
            [
              128.024,
              0.598
            ],
            [
              128.024,
              0.586
            ]
          ]
        ]
      }
    },
    {
      "type": "Feature",
      "properties": {
        "grid_id": "WED379",
        "site": "weda_bay",
        "location_label": "Weda Bay Central Block (Halmahera Deposit) - Maluku Utara nickel laterite",
        "lithology": "serpentinite_simulated",
        "slope_deg": 23.1,
        "distance_to_river_m": 269,
        "distance_to_road_m": 640,
        "legal_status": "conditional",
        "distance_to_smelter_km": 64.6,
        "area_ha": 1.77,
        "region_id": "NE",
        "fe_oxide_index": 2.554,
        "clay_index": 2.225,
        "ndvi_stress_index": 0.276,
        "tmi_structural_nT": 45341.0,
        "tmi_anomaly_nT": 341.0,
        "elevation_mdpl": 286.2,
        "geochem_assay_ratio": 3.02
      },
      "geometry": {
        "type": "Polygon",
        "coordinates": [
          [
            [
              128.036,
              0.586
            ],
            [
              128.048,
              0.586
            ],
            [
              128.048,
              0.598
            ],
            [
              128.036,
              0.598
            ],
            [
              128.036,
              0.586
            ]
          ]
        ]
      }
    },
    {
      "type": "Feature",
      "properties": {
        "grid_id": "WED380",
        "site": "weda_bay",
        "location_label": "Weda Bay Central Block (Halmahera Deposit) - Maluku Utara nickel laterite",
        "lithology": "alluvium",
        "slope_deg": 18.1,
        "distance_to_river_m": 1313,
        "distance_to_road_m": 4193,
        "legal_status": "conditional",
        "distance_to_smelter_km": 67.8,
        "area_ha": 1.77,
        "region_id": "NE",
        "fe_oxide_index": 1.207,
        "clay_index": 1.437,
        "ndvi_stress_index": 0.601,
        "tmi_structural_nT": 45205.1,
        "tmi_anomaly_nT": 205.1,
        "elevation_mdpl": 379.4,
        "geochem_assay_ratio": 5.78
      },
      "geometry": {
        "type": "Polygon",
        "coordinates": [
          [
            [
              128.048,
              0.586
            ],
            [
              128.06,
              0.586
            ],
            [
              128.06,
              0.598
            ],
            [
              128.048,
              0.598
            ],
            [
              128.048,
              0.586
            ]
          ]
        ]
      }
    },
    {
      "type": "Feature",
      "properties": {
        "grid_id": "WED381",
        "site": "weda_bay",
        "location_label": "Weda Bay Central Block (Halmahera Deposit) - Maluku Utara nickel laterite",
        "lithology": "serpentinite_simulated",
        "slope_deg": 18.3,
        "distance_to_river_m": 1433,
        "distance_to_road_m": 2488,
        "legal_status": "allowed",
        "distance_to_smelter_km": 70.8,
        "area_ha": 1.77,
        "region_id": "NW",
        "fe_oxide_index": 2.649,
        "clay_index": 2.079,
        "ndvi_stress_index": 0.409,
        "tmi_structural_nT": 45856.5,
        "tmi_anomaly_nT": 856.5,
        "elevation_mdpl": 307.7,
        "geochem_assay_ratio": 1.51
      },
      "geometry": {
        "type": "Polygon",
        "coordinates": [
          [
            [
              127.82,
              0.598
            ],
            [
              127.832,
              0.598
            ],
            [
              127.832,
              0.61
            ],
            [
              127.82,
              0.61
            ],
            [
              127.82,
              0.598
            ]
          ]
        ]
      }
    },
    {
      "type": "Feature",
      "properties": {
        "grid_id": "WED382",
        "site": "weda_bay",
        "location_label": "Weda Bay Central Block (Halmahera Deposit) - Maluku Utara nickel laterite",
        "lithology": "peridotite_simulated",
        "slope_deg": 16.7,
        "distance_to_river_m": 790,
        "distance_to_road_m": 411,
        "legal_status": "allowed",
        "distance_to_smelter_km": 67.8,
        "area_ha": 1.77,
        "region_id": "NW",
        "fe_oxide_index": 1.825,
        "clay_index": 2.321,
        "ndvi_stress_index": 0.282,
        "tmi_structural_nT": 45468.3,
        "tmi_anomaly_nT": 468.3,
        "elevation_mdpl": 379.8,
        "geochem_assay_ratio": 1.41
      },
      "geometry": {
        "type": "Polygon",
        "coordinates": [
          [
            [
              127.832,
              0.598
            ],
            [
              127.844,
              0.598
            ],
            [
              127.844,
              0.61
            ],
            [
              127.832,
              0.61
            ],
            [
              127.832,
              0.598
            ]
          ]
        ]
      }
    },
    {
      "type": "Feature",
      "properties": {
        "grid_id": "WED383",
        "site": "weda_bay",
        "location_label": "Weda Bay Central Block (Halmahera Deposit) - Maluku Utara nickel laterite",
        "lithology": "peridotite_simulated",
        "slope_deg": 17.8,
        "distance_to_river_m": 699,
        "distance_to_road_m": 405,
        "legal_status": "conditional",
        "distance_to_smelter_km": 65.0,
        "area_ha": 1.77,
        "region_id": "NW",
        "fe_oxide_index": 2.188,
        "clay_index": 1.648,
        "ndvi_stress_index": 0.225,
        "tmi_structural_nT": 45257.0,
        "tmi_anomaly_nT": 257.0,
        "elevation_mdpl": 326.8,
        "geochem_assay_ratio": 1.57
      },
      "geometry": {
        "type": "Polygon",
        "coordinates": [
          [
            [
              127.844,
              0.598
            ],
            [
              127.856,
              0.598
            ],
            [
              127.856,
              0.61
            ],
            [
              127.844,
              0.61
            ],
            [
              127.844,
              0.598
            ]
          ]
        ]
      }
    },
    {
      "type": "Feature",
      "properties": {
        "grid_id": "WED384",
        "site": "weda_bay",
        "location_label": "Weda Bay Central Block (Halmahera Deposit) - Maluku Utara nickel laterite",
        "lithology": "peridotite_simulated",
        "slope_deg": 14.5,
        "distance_to_river_m": 818,
        "distance_to_road_m": 4406,
        "legal_status": "no-go",
        "distance_to_smelter_km": 62.4,
        "area_ha": 1.77,
        "region_id": "NW",
        "fe_oxide_index": 2.434,
        "clay_index": 2.312,
        "ndvi_stress_index": 0.232,
        "tmi_structural_nT": 45871.7,
        "tmi_anomaly_nT": 871.7,
        "elevation_mdpl": 327.3,
        "geochem_assay_ratio": 2.66
      },
      "geometry": {
        "type": "Polygon",
        "coordinates": [
          [
            [
              127.856,
              0.598
            ],
            [
              127.868,
              0.598
            ],
            [
              127.868,
              0.61
            ],
            [
              127.856,
              0.61
            ],
            [
              127.856,
              0.598
            ]
          ]
        ]
      }
    },
    {
      "type": "Feature",
      "properties": {
        "grid_id": "WED385",
        "site": "weda_bay",
        "location_label": "Weda Bay Central Block (Halmahera Deposit) - Maluku Utara nickel laterite",
        "lithology": "ultramafic_simulated",
        "slope_deg": 15.4,
        "distance_to_river_m": 1287,
        "distance_to_road_m": 2880,
        "legal_status": "no-go",
        "distance_to_smelter_km": 60.0,
        "area_ha": 1.77,
        "region_id": "NW",
        "fe_oxide_index": 2.477,
        "clay_index": 2.055,
        "ndvi_stress_index": 0.375,
        "tmi_structural_nT": 45667.5,
        "tmi_anomaly_nT": 667.5,
        "elevation_mdpl": 369.4,
        "geochem_assay_ratio": 2.1
      },
      "geometry": {
        "type": "Polygon",
        "coordinates": [
          [
            [
              127.868,
              0.598
            ],
            [
              127.88,
              0.598
            ],
            [
              127.88,
              0.61
            ],
            [
              127.868,
              0.61
            ],
            [
              127.868,
              0.598
            ]
          ]
        ]
      }
    },
    {
      "type": "Feature",
      "properties": {
        "grid_id": "WED386",
        "site": "weda_bay",
        "location_label": "Weda Bay Central Block (Halmahera Deposit) - Maluku Utara nickel laterite",
        "lithology": "ultramafic_simulated",
        "slope_deg": 22.7,
        "distance_to_river_m": 2335,
        "distance_to_road_m": 797,
        "legal_status": "no-go",
        "distance_to_smelter_km": 58.0,
        "area_ha": 1.77,
        "region_id": "NW",
        "fe_oxide_index": 2.303,
        "clay_index": 1.949,
        "ndvi_stress_index": 0.235,
        "tmi_structural_nT": 46075.7,
        "tmi_anomaly_nT": 1075.7,
        "elevation_mdpl": 356.0,
        "geochem_assay_ratio": 1.63
      },
      "geometry": {
        "type": "Polygon",
        "coordinates": [
          [
            [
              127.88,
              0.598
            ],
            [
              127.892,
              0.598
            ],
            [
              127.892,
              0.61
            ],
            [
              127.88,
              0.61
            ],
            [
              127.88,
              0.598
            ]
          ]
        ]
      }
    },
    {
      "type": "Feature",
      "properties": {
        "grid_id": "WED387",
        "site": "weda_bay",
        "location_label": "Weda Bay Central Block (Halmahera Deposit) - Maluku Utara nickel laterite",
        "lithology": "mafic_volcanic_simulated",
        "slope_deg": 18.7,
        "distance_to_river_m": 883,
        "distance_to_road_m": 516,
        "legal_status": "no-go",
        "distance_to_smelter_km": 56.3,
        "area_ha": 1.77,
        "region_id": "NW",
        "fe_oxide_index": 1.126,
        "clay_index": 1.08,
        "ndvi_stress_index": 0.588,
        "tmi_structural_nT": 45133.7,
        "tmi_anomaly_nT": 133.7,
        "elevation_mdpl": 340.6,
        "geochem_assay_ratio": 5.88
      },
      "geometry": {
        "type": "Polygon",
        "coordinates": [
          [
            [
              127.892,
              0.598
            ],
            [
              127.904,
              0.598
            ],
            [
              127.904,
              0.61
            ],
            [
              127.892,
              0.61
            ],
            [
              127.892,
              0.598
            ]
          ]
        ]
      }
    },
    {
      "type": "Feature",
      "properties": {
        "grid_id": "WED388",
        "site": "weda_bay",
        "location_label": "Weda Bay Central Block (Halmahera Deposit) - Maluku Utara nickel laterite",
        "lithology": "peridotite_simulated",
        "slope_deg": 20.9,
        "distance_to_river_m": 1263,
        "distance_to_road_m": 762,
        "legal_status": "conditional",
        "distance_to_smelter_km": 55.0,
        "area_ha": 1.77,
        "region_id": "NW",
        "fe_oxide_index": 1.91,
        "clay_index": 2.079,
        "ndvi_stress_index": 0.338,
        "tmi_structural_nT": 45976.3,
        "tmi_anomaly_nT": 976.3,
        "elevation_mdpl": 345.6,
        "geochem_assay_ratio": 3.02
      },
      "geometry": {
        "type": "Polygon",
        "coordinates": [
          [
            [
              127.904,
              0.598
            ],
            [
              127.916,
              0.598
            ],
            [
              127.916,
              0.61
            ],
            [
              127.904,
              0.61
            ],
            [
              127.904,
              0.598
            ]
          ]
        ]
      }
    },
    {
      "type": "Feature",
      "properties": {
        "grid_id": "WED389",
        "site": "weda_bay",
        "location_label": "Weda Bay Central Block (Halmahera Deposit) - Maluku Utara nickel laterite",
        "lithology": "serpentinite_simulated",
        "slope_deg": 15.9,
        "distance_to_river_m": 1739,
        "distance_to_road_m": 1916,
        "legal_status": "conditional",
        "distance_to_smelter_km": 54.1,
        "area_ha": 1.77,
        "region_id": "NW",
        "fe_oxide_index": 2.373,
        "clay_index": 1.664,
        "ndvi_stress_index": 0.288,
        "tmi_structural_nT": 45234.2,
        "tmi_anomaly_nT": 234.2,
        "elevation_mdpl": 343.1,
        "geochem_assay_ratio": 1.58
      },
      "geometry": {
        "type": "Polygon",
        "coordinates": [
          [
            [
              127.916,
              0.598
            ],
            [
              127.928,
              0.598
            ],
            [
              127.928,
              0.61
            ],
            [
              127.916,
              0.61
            ],
            [
              127.916,
              0.598
            ]
          ]
        ]
      }
    },
    {
      "type": "Feature",
      "properties": {
        "grid_id": "WED390",
        "site": "weda_bay",
        "location_label": "Weda Bay Central Block (Halmahera Deposit) - Maluku Utara nickel laterite",
        "lithology": "peridotite_simulated",
        "slope_deg": 16.1,
        "distance_to_river_m": 1146,
        "distance_to_road_m": 3653,
        "legal_status": "conditional",
        "distance_to_smelter_km": 53.6,
        "area_ha": 1.77,
        "region_id": "NW",
        "fe_oxide_index": 2.281,
        "clay_index": 2.226,
        "ndvi_stress_index": 0.213,
        "tmi_structural_nT": 45159.9,
        "tmi_anomaly_nT": 159.9,
        "elevation_mdpl": 290.0,
        "geochem_assay_ratio": 1.53
      },
      "geometry": {
        "type": "Polygon",
        "coordinates": [
          [
            [
              127.928,
              0.598
            ],
            [
              127.94,
              0.598
            ],
            [
              127.94,
              0.61
            ],
            [
              127.928,
              0.61
            ],
            [
              127.928,
              0.598
            ]
          ]
        ]
      }
    },
    {
      "type": "Feature",
      "properties": {
        "grid_id": "WED391",
        "site": "weda_bay",
        "location_label": "Weda Bay Central Block (Halmahera Deposit) - Maluku Utara nickel laterite",
        "lithology": "mafic_volcanic_simulated",
        "slope_deg": 16.7,
        "distance_to_river_m": 428,
        "distance_to_road_m": 2086,
        "legal_status": "conditional",
        "distance_to_smelter_km": 53.6,
        "area_ha": 1.77,
        "region_id": "NE",
        "fe_oxide_index": 1.398,
        "clay_index": 1.144,
        "ndvi_stress_index": 0.751,
        "tmi_structural_nT": 44733.6,
        "tmi_anomaly_nT": -266.4,
        "elevation_mdpl": 375.5,
        "geochem_assay_ratio": 4.72
      },
      "geometry": {
        "type": "Polygon",
        "coordinates": [
          [
            [
              127.94,
              0.598
            ],
            [
              127.952,
              0.598
            ],
            [
              127.952,
              0.61
            ],
            [
              127.94,
              0.61
            ],
            [
              127.94,
              0.598
            ]
          ]
        ]
      }
    },
    {
      "type": "Feature",
      "properties": {
        "grid_id": "WED392",
        "site": "weda_bay",
        "location_label": "Weda Bay Central Block (Halmahera Deposit) - Maluku Utara nickel laterite",
        "lithology": "alluvium",
        "slope_deg": 15.7,
        "distance_to_river_m": 704,
        "distance_to_road_m": 3700,
        "legal_status": "conditional",
        "distance_to_smelter_km": 54.1,
        "area_ha": 1.77,
        "region_id": "NE",
        "fe_oxide_index": 1.387,
        "clay_index": 1.217,
        "ndvi_stress_index": 0.509,
        "tmi_structural_nT": 44708.9,
        "tmi_anomaly_nT": -291.1,
        "elevation_mdpl": 281.4,
        "geochem_assay_ratio": 5.78
      },
      "geometry": {
        "type": "Polygon",
        "coordinates": [
          [
            [
              127.952,
              0.598
            ],
            [
              127.964,
              0.598
            ],
            [
              127.964,
              0.61
            ],
            [
              127.952,
              0.61
            ],
            [
              127.952,
              0.598
            ]
          ]
        ]
      }
    },
    {
      "type": "Feature",
      "properties": {
        "grid_id": "WED393",
        "site": "weda_bay",
        "location_label": "Weda Bay Central Block (Halmahera Deposit) - Maluku Utara nickel laterite",
        "lithology": "serpentinite_simulated",
        "slope_deg": 16.9,
        "distance_to_river_m": 1484,
        "distance_to_road_m": 2101,
        "legal_status": "conditional",
        "distance_to_smelter_km": 55.0,
        "area_ha": 1.77,
        "region_id": "NE",
        "fe_oxide_index": 2.401,
        "clay_index": 1.647,
        "ndvi_stress_index": 0.291,
        "tmi_structural_nT": 45235.3,
        "tmi_anomaly_nT": 235.3,
        "elevation_mdpl": 351.9,
        "geochem_assay_ratio": 2.25
      },
      "geometry": {
        "type": "Polygon",
        "coordinates": [
          [
            [
              127.964,
              0.598
            ],
            [
              127.976,
              0.598
            ],
            [
              127.976,
              0.61
            ],
            [
              127.964,
              0.61
            ],
            [
              127.964,
              0.598
            ]
          ]
        ]
      }
    },
    {
      "type": "Feature",
      "properties": {
        "grid_id": "WED394",
        "site": "weda_bay",
        "location_label": "Weda Bay Central Block (Halmahera Deposit) - Maluku Utara nickel laterite",
        "lithology": "mafic_volcanic_simulated",
        "slope_deg": 18.7,
        "distance_to_river_m": 1342,
        "distance_to_road_m": 2098,
        "legal_status": "conditional",
        "distance_to_smelter_km": 56.3,
        "area_ha": 1.77,
        "region_id": "NE",
        "fe_oxide_index": 1.69,
        "clay_index": 1.03,
        "ndvi_stress_index": 0.601,
        "tmi_structural_nT": 44772.9,
        "tmi_anomaly_nT": -227.1,
        "elevation_mdpl": 306.9,
        "geochem_assay_ratio": 4.89
      },
      "geometry": {
        "type": "Polygon",
        "coordinates": [
          [
            [
              127.976,
              0.598
            ],
            [
              127.988,
              0.598
            ],
            [
              127.988,
              0.61
            ],
            [
              127.976,
              0.61
            ],
            [
              127.976,
              0.598
            ]
          ]
        ]
      }
    },
    {
      "type": "Feature",
      "properties": {
        "grid_id": "WED395",
        "site": "weda_bay",
        "location_label": "Weda Bay Central Block (Halmahera Deposit) - Maluku Utara nickel laterite",
        "lithology": "ultramafic_simulated",
        "slope_deg": 20.4,
        "distance_to_river_m": 1187,
        "distance_to_road_m": 1532,
        "legal_status": "conditional",
        "distance_to_smelter_km": 58.0,
        "area_ha": 1.77,
        "region_id": "NE",
        "fe_oxide_index": 2.7,
        "clay_index": 1.605,
        "ndvi_stress_index": 0.323,
        "tmi_structural_nT": 45529.7,
        "tmi_anomaly_nT": 529.7,
        "elevation_mdpl": 315.6,
        "geochem_assay_ratio": 2.6
      },
      "geometry": {
        "type": "Polygon",
        "coordinates": [
          [
            [
              127.988,
              0.598
            ],
            [
              128.0,
              0.598
            ],
            [
              128.0,
              0.61
            ],
            [
              127.988,
              0.61
            ],
            [
              127.988,
              0.598
            ]
          ]
        ]
      }
    },
    {
      "type": "Feature",
      "properties": {
        "grid_id": "WED396",
        "site": "weda_bay",
        "location_label": "Weda Bay Central Block (Halmahera Deposit) - Maluku Utara nickel laterite",
        "lithology": "ultramafic_simulated",
        "slope_deg": 20.0,
        "distance_to_river_m": 1355,
        "distance_to_road_m": 4056,
        "legal_status": "conditional",
        "distance_to_smelter_km": 60.0,
        "area_ha": 1.77,
        "region_id": "NE",
        "fe_oxide_index": 1.859,
        "clay_index": 2.258,
        "ndvi_stress_index": 0.228,
        "tmi_structural_nT": 45209.0,
        "tmi_anomaly_nT": 209.0,
        "elevation_mdpl": 379.2,
        "geochem_assay_ratio": 2.07
      },
      "geometry": {
        "type": "Polygon",
        "coordinates": [
          [
            [
              128.0,
              0.598
            ],
            [
              128.012,
              0.598
            ],
            [
              128.012,
              0.61
            ],
            [
              128.0,
              0.61
            ],
            [
              128.0,
              0.598
            ]
          ]
        ]
      }
    },
    {
      "type": "Feature",
      "properties": {
        "grid_id": "WED397",
        "site": "weda_bay",
        "location_label": "Weda Bay Central Block (Halmahera Deposit) - Maluku Utara nickel laterite",
        "lithology": "mafic_volcanic_simulated",
        "slope_deg": 16.8,
        "distance_to_river_m": 899,
        "distance_to_road_m": 2738,
        "legal_status": "conditional",
        "distance_to_smelter_km": 62.4,
        "area_ha": 1.77,
        "region_id": "NE",
        "fe_oxide_index": 1.303,
        "clay_index": 1.459,
        "ndvi_stress_index": 0.689,
        "tmi_structural_nT": 45314.5,
        "tmi_anomaly_nT": 314.5,
        "elevation_mdpl": 286.1,
        "geochem_assay_ratio": 4.3
      },
      "geometry": {
        "type": "Polygon",
        "coordinates": [
          [
            [
              128.012,
              0.598
            ],
            [
              128.024,
              0.598
            ],
            [
              128.024,
              0.61
            ],
            [
              128.012,
              0.61
            ],
            [
              128.012,
              0.598
            ]
          ]
        ]
      }
    },
    {
      "type": "Feature",
      "properties": {
        "grid_id": "WED398",
        "site": "weda_bay",
        "location_label": "Weda Bay Central Block (Halmahera Deposit) - Maluku Utara nickel laterite",
        "lithology": "peridotite_simulated",
        "slope_deg": 17.5,
        "distance_to_river_m": 2342,
        "distance_to_road_m": 1127,
        "legal_status": "conditional",
        "distance_to_smelter_km": 65.0,
        "area_ha": 1.77,
        "region_id": "NE",
        "fe_oxide_index": 2.161,
        "clay_index": 1.875,
        "ndvi_stress_index": 0.411,
        "tmi_structural_nT": 46064.4,
        "tmi_anomaly_nT": 1064.4,
        "elevation_mdpl": 353.8,
        "geochem_assay_ratio": 2.91
      },
      "geometry": {
        "type": "Polygon",
        "coordinates": [
          [
            [
              128.024,
              0.598
            ],
            [
              128.036,
              0.598
            ],
            [
              128.036,
              0.61
            ],
            [
              128.024,
              0.61
            ],
            [
              128.024,
              0.598
            ]
          ]
        ]
      }
    },
    {
      "type": "Feature",
      "properties": {
        "grid_id": "WED399",
        "site": "weda_bay",
        "location_label": "Weda Bay Central Block (Halmahera Deposit) - Maluku Utara nickel laterite",
        "lithology": "peridotite_simulated",
        "slope_deg": 18.7,
        "distance_to_river_m": 2312,
        "distance_to_road_m": 2420,
        "legal_status": "conditional",
        "distance_to_smelter_km": 67.8,
        "area_ha": 1.77,
        "region_id": "NE",
        "fe_oxide_index": 2.543,
        "clay_index": 1.851,
        "ndvi_stress_index": 0.386,
        "tmi_structural_nT": 45572.4,
        "tmi_anomaly_nT": 572.4,
        "elevation_mdpl": 325.4,
        "geochem_assay_ratio": 1.87
      },
      "geometry": {
        "type": "Polygon",
        "coordinates": [
          [
            [
              128.036,
              0.598
            ],
            [
              128.048,
              0.598
            ],
            [
              128.048,
              0.61
            ],
            [
              128.036,
              0.61
            ],
            [
              128.036,
              0.598
            ]
          ]
        ]
      }
    },
    {
      "type": "Feature",
      "properties": {
        "grid_id": "WED400",
        "site": "weda_bay",
        "location_label": "Weda Bay Central Block (Halmahera Deposit) - Maluku Utara nickel laterite",
        "lithology": "peridotite_simulated",
        "slope_deg": 20.4,
        "distance_to_river_m": 755,
        "distance_to_road_m": 1924,
        "legal_status": "conditional",
        "distance_to_smelter_km": 70.8,
        "area_ha": 1.77,
        "region_id": "NE",
        "fe_oxide_index": 2.328,
        "clay_index": 1.96,
        "ndvi_stress_index": 0.301,
        "tmi_structural_nT": 46060.4,
        "tmi_anomaly_nT": 1060.4,
        "elevation_mdpl": 327.0,
        "geochem_assay_ratio": 2.79
      },
      "geometry": {
        "type": "Polygon",
        "coordinates": [
          [
            [
              128.048,
              0.598
            ],
            [
              128.06,
              0.598
            ],
            [
              128.06,
              0.61
            ],
            [
              128.048,
              0.61
            ],
            [
              128.048,
              0.598
            ]
          ]
        ]
      }
    }
  ]
}