{
  "type": "FeatureCollection",
  "name": "study_grid_tapunopaka",
  "features": [
    {
      "type": "Feature",
      "properties": {
        "grid_id": "TAP001",
        "site": "tapunopaka",
        "location_label": "Tapunopaka Greenfield Interior Prospect - Sulawesi Tenggara greenfield nickel laterite",
        "lithology": "alluvium",
        "slope_deg": 5.9,
        "distance_to_river_m": 2414,
        "distance_to_road_m": 4085,
        "distance_to_settlement_m": 8184,
        "legal_status": "no-go",
        "distance_to_smelter_km": 76.8,
        "area_ha": 0.31,
        "region_id": "SW",
        "fe_oxide_index": 1.147,
        "clay_index": 1.469,
        "ndvi_stress_index": 0.692,
        "tmi_structural_nT": 44839.0,
        "tmi_anomaly_nT": -161.0,
        "elevation_mdpl": 137.3,
        "geochem_assay_ratio": 3.55
      },
      "geometry": {
        "type": "Polygon",
        "coordinates": [
          [
            [
              122.11,
              -3.63
            ],
            [
              122.115,
              -3.63
            ],
            [
              122.115,
              -3.625
            ],
            [
              122.11,
              -3.625
            ],
            [
              122.11,
              -3.63
            ]
          ]
        ]
      }
    },
    {
      "type": "Feature",
      "properties": {
        "grid_id": "TAP002",
        "site": "tapunopaka",
        "location_label": "Tapunopaka Greenfield Interior Prospect - Sulawesi Tenggara greenfield nickel laterite",
        "lithology": "alluvium",
        "slope_deg": 11.0,
        "distance_to_river_m": 2556,
        "distance_to_road_m": 2684,
        "distance_to_settlement_m": 11640,
        "legal_status": "no-go",
        "distance_to_smelter_km": 73.8,
        "area_ha": 0.31,
        "region_id": "SW",
        "fe_oxide_index": 1.401,
        "clay_index": 1.414,
        "ndvi_stress_index": 0.591,
        "tmi_structural_nT": 45084.4,
        "tmi_anomaly_nT": 84.4,
        "elevation_mdpl": 173.7,
        "geochem_assay_ratio": 4.49
      },
      "geometry": {
        "type": "Polygon",
        "coordinates": [
          [
            [
              122.115,
              -3.63
            ],
            [
              122.12,
              -3.63
            ],
            [
              122.12,
              -3.625
            ],
            [
              122.115,
              -3.625
            ],
            [
              122.115,
              -3.63
            ]
          ]
        ]
      }
    },
    {
      "type": "Feature",
      "properties": {
        "grid_id": "TAP003",
        "site": "tapunopaka",
        "location_label": "Tapunopaka Greenfield Interior Prospect - Sulawesi Tenggara greenfield nickel laterite",
        "lithology": "mafic_volcanic_simulated",
        "slope_deg": 6.5,
        "distance_to_river_m": 1229,
        "distance_to_road_m": 3700,
        "distance_to_settlement_m": 4189,
        "legal_status": "no-go",
        "distance_to_smelter_km": 71.0,
        "area_ha": 0.31,
        "region_id": "SW",
        "fe_oxide_index": 1.377,
        "clay_index": 1.231,
        "ndvi_stress_index": 0.6,
        "tmi_structural_nT": 44868.0,
        "tmi_anomaly_nT": -132.0,
        "elevation_mdpl": 108.1,
        "geochem_assay_ratio": 5.04
      },
      "geometry": {
        "type": "Polygon",
        "coordinates": [
          [
            [
              122.12,
              -3.63
            ],
            [
              122.125,
              -3.63
            ],
            [
              122.125,
              -3.625
            ],
            [
              122.12,
              -3.625
            ],
            [
              122.12,
              -3.63
            ]
          ]
        ]
      }
    },
    {
      "type": "Feature",
      "properties": {
        "grid_id": "TAP004",
        "site": "tapunopaka",
        "location_label": "Tapunopaka Greenfield Interior Prospect - Sulawesi Tenggara greenfield nickel laterite",
        "lithology": "mafic_volcanic_simulated",
        "slope_deg": 5.0,
        "distance_to_river_m": 2401,
        "distance_to_road_m": 4498,
        "distance_to_settlement_m": 7242,
        "legal_status": "no-go",
        "distance_to_smelter_km": 68.4,
        "area_ha": 0.31,
        "region_id": "SW",
        "fe_oxide_index": 1.629,
        "clay_index": 1.086,
        "ndvi_stress_index": 0.701,
        "tmi_structural_nT": 44835.5,
        "tmi_anomaly_nT": -164.5,
        "elevation_mdpl": 90.6,
        "geochem_assay_ratio": 4.77
      },
      "geometry": {
        "type": "Polygon",
        "coordinates": [
          [
            [
              122.125,
              -3.63
            ],
            [
              122.13,
              -3.63
            ],
            [
              122.13,
              -3.625
            ],
            [
              122.125,
              -3.625
            ],
            [
              122.125,
              -3.63
            ]
          ]
        ]
      }
    },
    {
      "type": "Feature",
      "properties": {
        "grid_id": "TAP005",
        "site": "tapunopaka",
        "location_label": "Tapunopaka Greenfield Interior Prospect - Sulawesi Tenggara greenfield nickel laterite",
        "lithology": "alluvium",
        "slope_deg": 2.3,
        "distance_to_river_m": 1081,
        "distance_to_road_m": 2270,
        "distance_to_settlement_m": 10771,
        "legal_status": "no-go",
        "distance_to_smelter_km": 66.0,
        "area_ha": 0.31,
        "region_id": "SW",
        "fe_oxide_index": 1.513,
        "clay_index": 1.221,
        "ndvi_stress_index": 0.623,
        "tmi_structural_nT": 44960.5,
        "tmi_anomaly_nT": -39.5,
        "elevation_mdpl": 87.3,
        "geochem_assay_ratio": 3.56
      },
      "geometry": {
        "type": "Polygon",
        "coordinates": [
          [
            [
              122.13,
              -3.63
            ],
            [
              122.135,
              -3.63
            ],
            [
              122.135,
              -3.625
            ],
            [
              122.13,
              -3.625
            ],
            [
              122.13,
              -3.63
            ]
          ]
        ]
      }
    },
    {
      "type": "Feature",
      "properties": {
        "grid_id": "TAP006",
        "site": "tapunopaka",
        "location_label": "Tapunopaka Greenfield Interior Prospect - Sulawesi Tenggara greenfield nickel laterite",
        "lithology": "mafic_volcanic_simulated",
        "slope_deg": 3.4,
        "distance_to_river_m": 2285,
        "distance_to_road_m": 3683,
        "distance_to_settlement_m": 8771,
        "legal_status": "no-go",
        "distance_to_smelter_km": 64.0,
        "area_ha": 0.31,
        "region_id": "SW",
        "fe_oxide_index": 1.198,
        "clay_index": 1.26,
        "ndvi_stress_index": 0.62,
        "tmi_structural_nT": 44516.5,
        "tmi_anomaly_nT": -483.5,
        "elevation_mdpl": 133.2,
        "geochem_assay_ratio": 5.77
      },
      "geometry": {
        "type": "Polygon",
        "coordinates": [
          [
            [
              122.135,
              -3.63
            ],
            [
              122.14,
              -3.63
            ],
            [
              122.14,
              -3.625
            ],
            [
              122.135,
              -3.625
            ],
            [
              122.135,
              -3.63
            ]
          ]
        ]
      }
    },
    {
      "type": "Feature",
      "properties": {
        "grid_id": "TAP007",
        "site": "tapunopaka",
        "location_label": "Tapunopaka Greenfield Interior Prospect - Sulawesi Tenggara greenfield nickel laterite",
        "lithology": "ultramafic_simulated",
        "slope_deg": 3.1,
        "distance_to_river_m": 286,
        "distance_to_road_m": 1229,
        "distance_to_settlement_m": 7923,
        "legal_status": "no-go",
        "distance_to_smelter_km": 62.3,
        "area_ha": 0.31,
        "region_id": "SW",
        "fe_oxide_index": 1.977,
        "clay_index": 2.214,
        "ndvi_stress_index": 0.318,
        "tmi_structural_nT": 45524.4,
        "tmi_anomaly_nT": 524.4,
        "elevation_mdpl": 134.7,
        "geochem_assay_ratio": 2.27
      },
      "geometry": {
        "type": "Polygon",
        "coordinates": [
          [
            [
              122.14,
              -3.63
            ],
            [
              122.145,
              -3.63
            ],
            [
              122.145,
              -3.625
            ],
            [
              122.14,
              -3.625
            ],
            [
              122.14,
              -3.63
            ]
          ]
        ]
      }
    },
    {
      "type": "Feature",
      "properties": {
        "grid_id": "TAP008",
        "site": "tapunopaka",
        "location_label": "Tapunopaka Greenfield Interior Prospect - Sulawesi Tenggara greenfield nickel laterite",
        "lithology": "ultramafic_simulated",
        "slope_deg": 11.0,
        "distance_to_river_m": 2141,
        "distance_to_road_m": 3946,
        "distance_to_settlement_m": 10370,
        "legal_status": "no-go",
        "distance_to_smelter_km": 61.0,
        "area_ha": 0.31,
        "region_id": "SW",
        "fe_oxide_index": 2.307,
        "clay_index": 1.945,
        "ndvi_stress_index": 0.214,
        "tmi_structural_nT": 45518.3,
        "tmi_anomaly_nT": 518.3,
        "elevation_mdpl": 131.0,
        "geochem_assay_ratio": 2.7
      },
      "geometry": {
        "type": "Polygon",
        "coordinates": [
          [
            [
              122.145,
              -3.63
            ],
            [
              122.15,
              -3.63
            ],
            [
              122.15,
              -3.625
            ],
            [
              122.145,
              -3.625
            ],
            [
              122.145,
              -3.63
            ]
          ]
        ]
      }
    },
    {
      "type": "Feature",
      "properties": {
        "grid_id": "TAP009",
        "site": "tapunopaka",
        "location_label": "Tapunopaka Greenfield Interior Prospect - Sulawesi Tenggara greenfield nickel laterite",
        "lithology": "ultramafic_simulated",
        "slope_deg": 8.8,
        "distance_to_river_m": 2229,
        "distance_to_road_m": 3702,
        "distance_to_settlement_m": 11198,
        "legal_status": "no-go",
        "distance_to_smelter_km": 60.1,
        "area_ha": 0.31,
        "region_id": "SW",
        "fe_oxide_index": 2.051,
        "clay_index": 2.41,
        "ndvi_stress_index": 0.415,
        "tmi_structural_nT": 45438.3,
        "tmi_anomaly_nT": 438.3,
        "elevation_mdpl": 133.4,
        "geochem_assay_ratio": 1.41
      },
      "geometry": {
        "type": "Polygon",
        "coordinates": [
          [
            [
              122.15,
              -3.63
            ],
            [
              122.155,
              -3.63
            ],
            [
              122.155,
              -3.625
            ],
            [
              122.15,
              -3.625
            ],
            [
              122.15,
              -3.63
            ]
          ]
        ]
      }
    },
    {
      "type": "Feature",
      "properties": {
        "grid_id": "TAP010",
        "site": "tapunopaka",
        "location_label": "Tapunopaka Greenfield Interior Prospect - Sulawesi Tenggara greenfield nickel laterite",
        "lithology": "peridotite_simulated",
        "slope_deg": 10.3,
        "distance_to_river_m": 1847,
        "distance_to_road_m": 4113,
        "distance_to_settlement_m": 11641,
        "legal_status": "no-go",
        "distance_to_smelter_km": 59.6,
        "area_ha": 0.31,
        "region_id": "SW",
        "fe_oxide_index": 1.921,
        "clay_index": 2.139,
        "ndvi_stress_index": 0.254,
        "tmi_structural_nT": 46082.6,
        "tmi_anomaly_nT": 1082.6,
        "elevation_mdpl": 167.3,
        "geochem_assay_ratio": 1.48
      },
      "geometry": {
        "type": "Polygon",
        "coordinates": [
          [
            [
              122.155,
              -3.63
            ],
            [
              122.16,
              -3.63
            ],
            [
              122.16,
              -3.625
            ],
            [
              122.155,
              -3.625
            ],
            [
              122.155,
              -3.63
            ]
          ]
        ]
      }
    },
    {
      "type": "Feature",
      "properties": {
        "grid_id": "TAP011",
        "site": "tapunopaka",
        "location_label": "Tapunopaka Greenfield Interior Prospect - Sulawesi Tenggara greenfield nickel laterite",
        "lithology": "alluvium",
        "slope_deg": 8.3,
        "distance_to_river_m": 439,
        "distance_to_road_m": 4894,
        "distance_to_settlement_m": 11673,
        "legal_status": "conditional",
        "distance_to_smelter_km": 59.6,
        "area_ha": 0.31,
        "region_id": "SE",
        "fe_oxide_index": 1.169,
        "clay_index": 1.107,
        "ndvi_stress_index": 0.592,
        "tmi_structural_nT": 45315.2,
        "tmi_anomaly_nT": 315.2,
        "elevation_mdpl": 145.9,
        "geochem_assay_ratio": 4.62
      },
      "geometry": {
        "type": "Polygon",
        "coordinates": [
          [
            [
              122.16,
              -3.63
            ],
            [
              122.165,
              -3.63
            ],
            [
              122.165,
              -3.625
            ],
            [
              122.16,
              -3.625
            ],
            [
              122.16,
              -3.63
            ]
          ]
        ]
      }
    },
    {
      "type": "Feature",
      "properties": {
        "grid_id": "TAP012",
        "site": "tapunopaka",
        "location_label": "Tapunopaka Greenfield Interior Prospect - Sulawesi Tenggara greenfield nickel laterite",
        "lithology": "serpentinite_simulated",
        "slope_deg": 6.2,
        "distance_to_river_m": 353,
        "distance_to_road_m": 5064,
        "distance_to_settlement_m": 9321,
        "legal_status": "conditional",
        "distance_to_smelter_km": 60.1,
        "area_ha": 0.31,
        "region_id": "SE",
        "fe_oxide_index": 2.096,
        "clay_index": 1.868,
        "ndvi_stress_index": 0.373,
        "tmi_structural_nT": 45652.1,
        "tmi_anomaly_nT": 652.1,
        "elevation_mdpl": 122.8,
        "geochem_assay_ratio": 1.75
      },
      "geometry": {
        "type": "Polygon",
        "coordinates": [
          [
            [
              122.165,
              -3.63
            ],
            [
              122.17,
              -3.63
            ],
            [
              122.17,
              -3.625
            ],
            [
              122.165,
              -3.625
            ],
            [
              122.165,
              -3.63
            ]
          ]
        ]
      }
    },
    {
      "type": "Feature",
      "properties": {
        "grid_id": "TAP013",
        "site": "tapunopaka",
        "location_label": "Tapunopaka Greenfield Interior Prospect - Sulawesi Tenggara greenfield nickel laterite",
        "lithology": "alluvium",
        "slope_deg": 8.9,
        "distance_to_river_m": 645,
        "distance_to_road_m": 3068,
        "distance_to_settlement_m": 10371,
        "legal_status": "conditional",
        "distance_to_smelter_km": 61.0,
        "area_ha": 0.31,
        "region_id": "SE",
        "fe_oxide_index": 1.25,
        "clay_index": 1.282,
        "ndvi_stress_index": 0.689,
        "tmi_structural_nT": 45396.5,
        "tmi_anomaly_nT": 396.5,
        "elevation_mdpl": 81.4,
        "geochem_assay_ratio": 5.25
      },
      "geometry": {
        "type": "Polygon",
        "coordinates": [
          [
            [
              122.17,
              -3.63
            ],
            [
              122.175,
              -3.63
            ],
            [
              122.175,
              -3.625
            ],
            [
              122.17,
              -3.625
            ],
            [
              122.17,
              -3.63
            ]
          ]
        ]
      }
    },
    {
      "type": "Feature",
      "properties": {
        "grid_id": "TAP014",
        "site": "tapunopaka",
        "location_label": "Tapunopaka Greenfield Interior Prospect - Sulawesi Tenggara greenfield nickel laterite",
        "lithology": "alluvium",
        "slope_deg": 8.4,
        "distance_to_river_m": 934,
        "distance_to_road_m": 4815,
        "distance_to_settlement_m": 8297,
        "legal_status": "no-go",
        "distance_to_smelter_km": 62.3,
        "area_ha": 0.31,
        "region_id": "SE",
        "fe_oxide_index": 1.601,
        "clay_index": 1.428,
        "ndvi_stress_index": 0.626,
        "tmi_structural_nT": 44893.4,
        "tmi_anomaly_nT": -106.6,
        "elevation_mdpl": 87.8,
        "geochem_assay_ratio": 4.0
      },
      "geometry": {
        "type": "Polygon",
        "coordinates": [
          [
            [
              122.175,
              -3.63
            ],
            [
              122.18,
              -3.63
            ],
            [
              122.18,
              -3.625
            ],
            [
              122.175,
              -3.625
            ],
            [
              122.175,
              -3.63
            ]
          ]
        ]
      }
    },
    {
      "type": "Feature",
      "properties": {
        "grid_id": "TAP015",
        "site": "tapunopaka",
        "location_label": "Tapunopaka Greenfield Interior Prospect - Sulawesi Tenggara greenfield nickel laterite",
        "lithology": "mafic_volcanic_simulated",
        "slope_deg": 11.5,
        "distance_to_river_m": 2400,
        "distance_to_road_m": 2762,
        "distance_to_settlement_m": 3806,
        "legal_status": "no-go",
        "distance_to_smelter_km": 64.0,
        "area_ha": 0.31,
        "region_id": "SE",
        "fe_oxide_index": 1.556,
        "clay_index": 1.212,
        "ndvi_stress_index": 0.528,
        "tmi_structural_nT": 44432.0,
        "tmi_anomaly_nT": -568.0,
        "elevation_mdpl": 149.9,
        "geochem_assay_ratio": 3.76
      },
      "geometry": {
        "type": "Polygon",
        "coordinates": [
          [
            [
              122.18,
              -3.63
            ],
            [
              122.185,
              -3.63
            ],
            [
              122.185,
              -3.625
            ],
            [
              122.18,
              -3.625
            ],
            [
              122.18,
              -3.63
            ]
          ]
        ]
      }
    },
    {
      "type": "Feature",
      "properties": {
        "grid_id": "TAP016",
        "site": "tapunopaka",
        "location_label": "Tapunopaka Greenfield Interior Prospect - Sulawesi Tenggara greenfield nickel laterite",
        "lithology": "alluvium",
        "slope_deg": 2.5,
        "distance_to_river_m": 1067,
        "distance_to_road_m": 2100,
        "distance_to_settlement_m": 5277,
        "legal_status": "allowed",
        "distance_to_smelter_km": 66.0,
        "area_ha": 0.31,
        "region_id": "SE",
        "fe_oxide_index": 1.681,
        "clay_index": 1.236,
        "ndvi_stress_index": 0.581,
        "tmi_structural_nT": 45364.8,
        "tmi_anomaly_nT": 364.8,
        "elevation_mdpl": 101.3,
        "geochem_assay_ratio": 3.66
      },
      "geometry": {
        "type": "Polygon",
        "coordinates": [
          [
            [
              122.185,
              -3.63
            ],
            [
              122.19,
              -3.63
            ],
            [
              122.19,
              -3.625
            ],
            [
              122.185,
              -3.625
            ],
            [
              122.185,
              -3.63
            ]
          ]
        ]
      }
    },
    {
      "type": "Feature",
      "properties": {
        "grid_id": "TAP017",
        "site": "tapunopaka",
        "location_label": "Tapunopaka Greenfield Interior Prospect - Sulawesi Tenggara greenfield nickel laterite",
        "lithology": "alluvium",
        "slope_deg": 9.3,
        "distance_to_river_m": 2070,
        "distance_to_road_m": 2005,
        "distance_to_settlement_m": 5882,
        "legal_status": "allowed",
        "distance_to_smelter_km": 68.4,
        "area_ha": 0.31,
        "region_id": "SE",
        "fe_oxide_index": 1.604,
        "clay_index": 1.379,
        "ndvi_stress_index": 0.687,
        "tmi_structural_nT": 44769.1,
        "tmi_anomaly_nT": -230.9,
        "elevation_mdpl": 98.1,
        "geochem_assay_ratio": 4.39
      },
      "geometry": {
        "type": "Polygon",
        "coordinates": [
          [
            [
              122.19,
              -3.63
            ],
            [
              122.195,
              -3.63
            ],
            [
              122.195,
              -3.625
            ],
            [
              122.19,
              -3.625
            ],
            [
              122.19,
              -3.63
            ]
          ]
        ]
      }
    },
    {
      "type": "Feature",
      "properties": {
        "grid_id": "TAP018",
        "site": "tapunopaka",
        "location_label": "Tapunopaka Greenfield Interior Prospect - Sulawesi Tenggara greenfield nickel laterite",
        "lithology": "alluvium",
        "slope_deg": 6.6,
        "distance_to_river_m": 2553,
        "distance_to_road_m": 2099,
        "distance_to_settlement_m": 5938,
        "legal_status": "allowed",
        "distance_to_smelter_km": 71.0,
        "area_ha": 0.31,
        "region_id": "SE",
        "fe_oxide_index": 1.366,
        "clay_index": 1.419,
        "ndvi_stress_index": 0.679,
        "tmi_structural_nT": 45208.5,
        "tmi_anomaly_nT": 208.5,
        "elevation_mdpl": 119.5,
        "geochem_assay_ratio": 4.22
      },
      "geometry": {
        "type": "Polygon",
        "coordinates": [
          [
            [
              122.195,
              -3.63
            ],
            [
              122.2,
              -3.63
            ],
            [
              122.2,
              -3.625
            ],
            [
              122.195,
              -3.625
            ],
            [
              122.195,
              -3.63
            ]
          ]
        ]
      }
    },
    {
      "type": "Feature",
      "properties": {
        "grid_id": "TAP019",
        "site": "tapunopaka",
        "location_label": "Tapunopaka Greenfield Interior Prospect - Sulawesi Tenggara greenfield nickel laterite",
        "lithology": "mafic_volcanic_simulated",
        "slope_deg": 10.0,
        "distance_to_river_m": 2395,
        "distance_to_road_m": 4128,
        "distance_to_settlement_m": 4505,
        "legal_status": "allowed",
        "distance_to_smelter_km": 73.8,
        "area_ha": 0.31,
        "region_id": "SE",
        "fe_oxide_index": 1.23,
        "clay_index": 1.293,
        "ndvi_stress_index": 0.65,
        "tmi_structural_nT": 44638.2,
        "tmi_anomaly_nT": -361.8,
        "elevation_mdpl": 114.5,
        "geochem_assay_ratio": 3.63
      },
      "geometry": {
        "type": "Polygon",
        "coordinates": [
          [
            [
              122.2,
              -3.63
            ],
            [
              122.205,
              -3.63
            ],
            [
              122.205,
              -3.625
            ],
            [
              122.2,
              -3.625
            ],
            [
              122.2,
              -3.63
            ]
          ]
        ]
      }
    },
    {
      "type": "Feature",
      "properties": {
        "grid_id": "TAP020",
        "site": "tapunopaka",
        "location_label": "Tapunopaka Greenfield Interior Prospect - Sulawesi Tenggara greenfield nickel laterite",
        "lithology": "alluvium",
        "slope_deg": 4.7,
        "distance_to_river_m": 521,
        "distance_to_road_m": 5415,
        "distance_to_settlement_m": 5836,
        "legal_status": "allowed",
        "distance_to_smelter_km": 76.8,
        "area_ha": 0.31,
        "region_id": "SE",
        "fe_oxide_index": 1.327,
        "clay_index": 1.4,
        "ndvi_stress_index": 0.674,
        "tmi_structural_nT": 44574.4,
        "tmi_anomaly_nT": -425.6,
        "elevation_mdpl": 170.7,
        "geochem_assay_ratio": 4.53
      },
      "geometry": {
        "type": "Polygon",
        "coordinates": [
          [
            [
              122.205,
              -3.63
            ],
            [
              122.21,
              -3.63
            ],
            [
              122.21,
              -3.625
            ],
            [
              122.205,
              -3.625
            ],
            [
              122.205,
              -3.63
            ]
          ]
        ]
      }
    },
    {
      "type": "Feature",
      "properties": {
        "grid_id": "TAP021",
        "site": "tapunopaka",
        "location_label": "Tapunopaka Greenfield Interior Prospect - Sulawesi Tenggara greenfield nickel laterite",
        "lithology": "alluvium",
        "slope_deg": 5.1,
        "distance_to_river_m": 1880,
        "distance_to_road_m": 4828,
        "distance_to_settlement_m": 9698,
        "legal_status": "no-go",
        "distance_to_smelter_km": 73.8,
        "area_ha": 0.31,
        "region_id": "SW",
        "fe_oxide_index": 1.501,
        "clay_index": 1.461,
        "ndvi_stress_index": 0.567,
        "tmi_structural_nT": 44593.3,
        "tmi_anomaly_nT": -406.7,
        "elevation_mdpl": 142.4,
        "geochem_assay_ratio": 5.05
      },
      "geometry": {
        "type": "Polygon",
        "coordinates": [
          [
            [
              122.11,
              -3.625
            ],
            [
              122.115,
              -3.625
            ],
            [
              122.115,
              -3.62
            ],
            [
              122.11,
              -3.62
            ],
            [
              122.11,
              -3.625
            ]
          ]
        ]
      }
    },
    {
      "type": "Feature",
      "properties": {
        "grid_id": "TAP022",
        "site": "tapunopaka",
        "location_label": "Tapunopaka Greenfield Interior Prospect - Sulawesi Tenggara greenfield nickel laterite",
        "lithology": "mafic_volcanic_simulated",
        "slope_deg": 2.2,
        "distance_to_river_m": 2640,
        "distance_to_road_m": 1370,
        "distance_to_settlement_m": 5286,
        "legal_status": "no-go",
        "distance_to_smelter_km": 70.6,
        "area_ha": 0.31,
        "region_id": "SW",
        "fe_oxide_index": 1.35,
        "clay_index": 1.294,
        "ndvi_stress_index": 0.771,
        "tmi_structural_nT": 44978.2,
        "tmi_anomaly_nT": -21.8,
        "elevation_mdpl": 96.9,
        "geochem_assay_ratio": 5.04
      },
      "geometry": {
        "type": "Polygon",
        "coordinates": [
          [
            [
              122.115,
              -3.625
            ],
            [
              122.12,
              -3.625
            ],
            [
              122.12,
              -3.62
            ],
            [
              122.115,
              -3.62
            ],
            [
              122.115,
              -3.625
            ]
          ]
        ]
      }
    },
    {
      "type": "Feature",
      "properties": {
        "grid_id": "TAP023",
        "site": "tapunopaka",
        "location_label": "Tapunopaka Greenfield Interior Prospect - Sulawesi Tenggara greenfield nickel laterite",
        "lithology": "mafic_volcanic_simulated",
        "slope_deg": 3.3,
        "distance_to_river_m": 515,
        "distance_to_road_m": 2070,
        "distance_to_settlement_m": 6661,
        "legal_status": "no-go",
        "distance_to_smelter_km": 67.6,
        "area_ha": 0.31,
        "region_id": "SW",
        "fe_oxide_index": 1.164,
        "clay_index": 1.358,
        "ndvi_stress_index": 0.768,
        "tmi_structural_nT": 44576.7,
        "tmi_anomaly_nT": -423.3,
        "elevation_mdpl": 122.6,
        "geochem_assay_ratio": 4.75
      },
      "geometry": {
        "type": "Polygon",
        "coordinates": [
          [
            [
              122.12,
              -3.625
            ],
            [
              122.125,
              -3.625
            ],
            [
              122.125,
              -3.62
            ],
            [
              122.12,
              -3.62
            ],
            [
              122.12,
              -3.625
            ]
          ]
        ]
      }
    },
    {
      "type": "Feature",
      "properties": {
        "grid_id": "TAP024",
        "site": "tapunopaka",
        "location_label": "Tapunopaka Greenfield Interior Prospect - Sulawesi Tenggara greenfield nickel laterite",
        "lithology": "alluvium",
        "slope_deg": 9.5,
        "distance_to_river_m": 2289,
        "distance_to_road_m": 5159,
        "distance_to_settlement_m": 11237,
        "legal_status": "no-go",
        "distance_to_smelter_km": 64.8,
        "area_ha": 0.31,
        "region_id": "SW",
        "fe_oxide_index": 1.254,
        "clay_index": 1.429,
        "ndvi_stress_index": 0.768,
        "tmi_structural_nT": 44619.1,
        "tmi_anomaly_nT": -380.9,
        "elevation_mdpl": 141.3,
        "geochem_assay_ratio": 5.11
      },
      "geometry": {
        "type": "Polygon",
        "coordinates": [
          [
            [
              122.125,
              -3.625
            ],
            [
              122.13,
              -3.625
            ],
            [
              122.13,
              -3.62
            ],
            [
              122.125,
              -3.62
            ],
            [
              122.125,
              -3.625
            ]
          ]
        ]
      }
    },
    {
      "type": "Feature",
      "properties": {
        "grid_id": "TAP025",
        "site": "tapunopaka",
        "location_label": "Tapunopaka Greenfield Interior Prospect - Sulawesi Tenggara greenfield nickel laterite",
        "lithology": "peridotite_simulated",
        "slope_deg": 9.6,
        "distance_to_river_m": 2303,
        "distance_to_road_m": 1337,
        "distance_to_settlement_m": 10779,
        "legal_status": "no-go",
        "distance_to_smelter_km": 62.3,
        "area_ha": 0.31,
        "region_id": "SW",
        "fe_oxide_index": 1.813,
        "clay_index": 1.671,
        "ndvi_stress_index": 0.201,
        "tmi_structural_nT": 45756.6,
        "tmi_anomaly_nT": 756.6,
        "elevation_mdpl": 174.5,
        "geochem_assay_ratio": 2.87
      },
      "geometry": {
        "type": "Polygon",
        "coordinates": [
          [
            [
              122.13,
              -3.625
            ],
            [
              122.135,
              -3.625
            ],
            [
              122.135,
              -3.62
            ],
            [
              122.13,
              -3.62
            ],
            [
              122.13,
              -3.625
            ]
          ]
        ]
      }
    },
    {
      "type": "Feature",
      "properties": {
        "grid_id": "TAP026",
        "site": "tapunopaka",
        "location_label": "Tapunopaka Greenfield Interior Prospect - Sulawesi Tenggara greenfield nickel laterite",
        "lithology": "ultramafic_simulated",
        "slope_deg": 3.2,
        "distance_to_river_m": 758,
        "distance_to_road_m": 3301,
        "distance_to_settlement_m": 3834,
        "legal_status": "no-go",
        "distance_to_smelter_km": 60.1,
        "area_ha": 0.31,
        "region_id": "SW",
        "fe_oxide_index": 1.976,
        "clay_index": 1.745,
        "ndvi_stress_index": 0.343,
        "tmi_structural_nT": 45311.9,
        "tmi_anomaly_nT": 311.9,
        "elevation_mdpl": 159.1,
        "geochem_assay_ratio": 1.48
      },
      "geometry": {
        "type": "Polygon",
        "coordinates": [
          [
            [
              122.135,
              -3.625
            ],
            [
              122.14,
              -3.625
            ],
            [
              122.14,
              -3.62
            ],
            [
              122.135,
              -3.62
            ],
            [
              122.135,
              -3.625
            ]
          ]
        ]
      }
    },
    {
      "type": "Feature",
      "properties": {
        "grid_id": "TAP027",
        "site": "tapunopaka",
        "location_label": "Tapunopaka Greenfield Interior Prospect - Sulawesi Tenggara greenfield nickel laterite",
        "lithology": "mafic_volcanic_simulated",
        "slope_deg": 5.7,
        "distance_to_river_m": 959,
        "distance_to_road_m": 1984,
        "distance_to_settlement_m": 5962,
        "legal_status": "no-go",
        "distance_to_smelter_km": 58.2,
        "area_ha": 0.31,
        "region_id": "SW",
        "fe_oxide_index": 1.508,
        "clay_index": 1.332,
        "ndvi_stress_index": 0.723,
        "tmi_structural_nT": 45366.1,
        "tmi_anomaly_nT": 366.1,
        "elevation_mdpl": 144.7,
        "geochem_assay_ratio": 3.84
      },
      "geometry": {
        "type": "Polygon",
        "coordinates": [
          [
            [
              122.14,
              -3.625
            ],
            [
              122.145,
              -3.625
            ],
            [
              122.145,
              -3.62
            ],
            [
              122.14,
              -3.62
            ],
            [
              122.14,
              -3.625
            ]
          ]
        ]
      }
    },
    {
      "type": "Feature",
      "properties": {
        "grid_id": "TAP028",
        "site": "tapunopaka",
        "location_label": "Tapunopaka Greenfield Interior Prospect - Sulawesi Tenggara greenfield nickel laterite",
        "lithology": "peridotite_simulated",
        "slope_deg": 11.2,
        "distance_to_river_m": 2502,
        "distance_to_road_m": 2908,
        "distance_to_settlement_m": 5768,
        "legal_status": "no-go",
        "distance_to_smelter_km": 56.8,
        "area_ha": 0.31,
        "region_id": "SW",
        "fe_oxide_index": 2.334,
        "clay_index": 2.396,
        "ndvi_stress_index": 0.248,
        "tmi_structural_nT": 45305.5,
        "tmi_anomaly_nT": 305.5,
        "elevation_mdpl": 86.4,
        "geochem_assay_ratio": 1.83
      },
      "geometry": {
        "type": "Polygon",
        "coordinates": [
          [
            [
              122.145,
              -3.625
            ],
            [
              122.15,
              -3.625
            ],
            [
              122.15,
              -3.62
            ],
            [
              122.145,
              -3.62
            ],
            [
              122.145,
              -3.625
            ]
          ]
        ]
      }
    },
    {
      "type": "Feature",
      "properties": {
        "grid_id": "TAP029",
        "site": "tapunopaka",
        "location_label": "Tapunopaka Greenfield Interior Prospect - Sulawesi Tenggara greenfield nickel laterite",
        "lithology": "peridotite_simulated",
        "slope_deg": 9.2,
        "distance_to_river_m": 1803,
        "distance_to_road_m": 4526,
        "distance_to_settlement_m": 4688,
        "legal_status": "no-go",
        "distance_to_smelter_km": 55.8,
        "area_ha": 0.31,
        "region_id": "SW",
        "fe_oxide_index": 2.363,
        "clay_index": 2.044,
        "ndvi_stress_index": 0.211,
        "tmi_structural_nT": 45541.2,
        "tmi_anomaly_nT": 541.2,
        "elevation_mdpl": 154.4,
        "geochem_assay_ratio": 1.5
      },
      "geometry": {
        "type": "Polygon",
        "coordinates": [
          [
            [
              122.15,
              -3.625
            ],
            [
              122.155,
              -3.625
            ],
            [
              122.155,
              -3.62
            ],
            [
              122.15,
              -3.62
            ],
            [
              122.15,
              -3.625
            ]
          ]
        ]
      }
    },
    {
      "type": "Feature",
      "properties": {
        "grid_id": "TAP030",
        "site": "tapunopaka",
        "location_label": "Tapunopaka Greenfield Interior Prospect - Sulawesi Tenggara greenfield nickel laterite",
        "lithology": "alluvium",
        "slope_deg": 10.2,
        "distance_to_river_m": 671,
        "distance_to_road_m": 3499,
        "distance_to_settlement_m": 5302,
        "legal_status": "conditional",
        "distance_to_smelter_km": 55.3,
        "area_ha": 0.31,
        "region_id": "SW",
        "fe_oxide_index": 1.175,
        "clay_index": 1.229,
        "ndvi_stress_index": 0.591,
        "tmi_structural_nT": 44859.6,
        "tmi_anomaly_nT": -140.4,
        "elevation_mdpl": 82.6,
        "geochem_assay_ratio": 5.58
      },
      "geometry": {
        "type": "Polygon",
        "coordinates": [
          [
            [
              122.155,
              -3.625
            ],
            [
              122.16,
              -3.625
            ],
            [
              122.16,
              -3.62
            ],
            [
              122.155,
              -3.62
            ],
            [
              122.155,
              -3.625
            ]
          ]
        ]
      }
    },
    {
      "type": "Feature",
      "properties": {
        "grid_id": "TAP031",
        "site": "tapunopaka",
        "location_label": "Tapunopaka Greenfield Interior Prospect - Sulawesi Tenggara greenfield nickel laterite",
        "lithology": "mafic_volcanic_simulated",
        "slope_deg": 10.0,
        "distance_to_river_m": 2188,
        "distance_to_road_m": 2902,
        "distance_to_settlement_m": 10319,
        "legal_status": "conditional",
        "distance_to_smelter_km": 55.3,
        "area_ha": 0.31,
        "region_id": "SE",
        "fe_oxide_index": 1.181,
        "clay_index": 1.129,
        "ndvi_stress_index": 0.658,
        "tmi_structural_nT": 44809.2,
        "tmi_anomaly_nT": -190.8,
        "elevation_mdpl": 104.0,
        "geochem_assay_ratio": 4.06
      },
      "geometry": {
        "type": "Polygon",
        "coordinates": [
          [
            [
              122.16,
              -3.625
            ],
            [
              122.165,
              -3.625
            ],
            [
              122.165,
              -3.62
            ],
            [
              122.16,
              -3.62
            ],
            [
              122.16,
              -3.625
            ]
          ]
        ]
      }
    },
    {
      "type": "Feature",
      "properties": {
        "grid_id": "TAP032",
        "site": "tapunopaka",
        "location_label": "Tapunopaka Greenfield Interior Prospect - Sulawesi Tenggara greenfield nickel laterite",
        "lithology": "peridotite_simulated",
        "slope_deg": 4.1,
        "distance_to_river_m": 1230,
        "distance_to_road_m": 1684,
        "distance_to_settlement_m": 7919,
        "legal_status": "allowed",
        "distance_to_smelter_km": 55.8,
        "area_ha": 0.31,
        "region_id": "SE",
        "fe_oxide_index": 2.146,
        "clay_index": 1.959,
        "ndvi_stress_index": 0.371,
        "tmi_structural_nT": 45799.8,
        "tmi_anomaly_nT": 799.8,
        "elevation_mdpl": 172.3,
        "geochem_assay_ratio": 2.28
      },
      "geometry": {
        "type": "Polygon",
        "coordinates": [
          [
            [
              122.165,
              -3.625
            ],
            [
              122.17,
              -3.625
            ],
            [
              122.17,
              -3.62
            ],
            [
              122.165,
              -3.62
            ],
            [
              122.165,
              -3.625
            ]
          ]
        ]
      }
    },
    {
      "type": "Feature",
      "properties": {
        "grid_id": "TAP033",
        "site": "tapunopaka",
        "location_label": "Tapunopaka Greenfield Interior Prospect - Sulawesi Tenggara greenfield nickel laterite",
        "lithology": "ultramafic_simulated",
        "slope_deg": 3.3,
        "distance_to_river_m": 1628,
        "distance_to_road_m": 4085,
        "distance_to_settlement_m": 10970,
        "legal_status": "allowed",
        "distance_to_smelter_km": 56.8,
        "area_ha": 0.31,
        "region_id": "SE",
        "fe_oxide_index": 1.875,
        "clay_index": 2.001,
        "ndvi_stress_index": 0.311,
        "tmi_structural_nT": 45595.2,
        "tmi_anomaly_nT": 595.2,
        "elevation_mdpl": 149.1,
        "geochem_assay_ratio": 2.4
      },
      "geometry": {
        "type": "Polygon",
        "coordinates": [
          [
            [
              122.17,
              -3.625
            ],
            [
              122.175,
              -3.625
            ],
            [
              122.175,
              -3.62
            ],
            [
              122.17,
              -3.62
            ],
            [
              122.17,
              -3.625
            ]
          ]
        ]
      }
    },
    {
      "type": "Feature",
      "properties": {
        "grid_id": "TAP034",
        "site": "tapunopaka",
        "location_label": "Tapunopaka Greenfield Interior Prospect - Sulawesi Tenggara greenfield nickel laterite",
        "lithology": "alluvium",
        "slope_deg": 8.6,
        "distance_to_river_m": 1170,
        "distance_to_road_m": 2313,
        "distance_to_settlement_m": 8451,
        "legal_status": "allowed",
        "distance_to_smelter_km": 58.2,
        "area_ha": 0.31,
        "region_id": "SE",
        "fe_oxide_index": 1.417,
        "clay_index": 1.104,
        "ndvi_stress_index": 0.505,
        "tmi_structural_nT": 45333.5,
        "tmi_anomaly_nT": 333.5,
        "elevation_mdpl": 107.0,
        "geochem_assay_ratio": 4.46
      },
      "geometry": {
        "type": "Polygon",
        "coordinates": [
          [
            [
              122.175,
              -3.625
            ],
            [
              122.18,
              -3.625
            ],
            [
              122.18,
              -3.62
            ],
            [
              122.175,
              -3.62
            ],
            [
              122.175,
              -3.625
            ]
          ]
        ]
      }
    },
    {
      "type": "Feature",
      "properties": {
        "grid_id": "TAP035",
        "site": "tapunopaka",
        "location_label": "Tapunopaka Greenfield Interior Prospect - Sulawesi Tenggara greenfield nickel laterite",
        "lithology": "peridotite_simulated",
        "slope_deg": 3.6,
        "distance_to_river_m": 1952,
        "distance_to_road_m": 5245,
        "distance_to_settlement_m": 5614,
        "legal_status": "allowed",
        "distance_to_smelter_km": 60.1,
        "area_ha": 0.31,
        "region_id": "SE",
        "fe_oxide_index": 1.886,
        "clay_index": 2.28,
        "ndvi_stress_index": 0.218,
        "tmi_structural_nT": 46084.5,
        "tmi_anomaly_nT": 1084.5,
        "elevation_mdpl": 169.5,
        "geochem_assay_ratio": 1.91
      },
      "geometry": {
        "type": "Polygon",
        "coordinates": [
          [
            [
              122.18,
              -3.625
            ],
            [
              122.185,
              -3.625
            ],
            [
              122.185,
              -3.62
            ],
            [
              122.18,
              -3.62
            ],
            [
              122.18,
              -3.625
            ]
          ]
        ]
      }
    },
    {
      "type": "Feature",
      "properties": {
        "grid_id": "TAP036",
        "site": "tapunopaka",
        "location_label": "Tapunopaka Greenfield Interior Prospect - Sulawesi Tenggara greenfield nickel laterite",
        "lithology": "mafic_volcanic_simulated",
        "slope_deg": 6.5,
        "distance_to_river_m": 723,
        "distance_to_road_m": 1215,
        "distance_to_settlement_m": 6605,
        "legal_status": "allowed",
        "distance_to_smelter_km": 62.3,
        "area_ha": 0.31,
        "region_id": "SE",
        "fe_oxide_index": 1.556,
        "clay_index": 1.453,
        "ndvi_stress_index": 0.556,
        "tmi_structural_nT": 44929.9,
        "tmi_anomaly_nT": -70.1,
        "elevation_mdpl": 81.1,
        "geochem_assay_ratio": 5.68
      },
      "geometry": {
        "type": "Polygon",
        "coordinates": [
          [
            [
              122.185,
              -3.625
            ],
            [
              122.19,
              -3.625
            ],
            [
              122.19,
              -3.62
            ],
            [
              122.185,
              -3.62
            ],
            [
              122.185,
              -3.625
            ]
          ]
        ]
      }
    },
    {
      "type": "Feature",
      "properties": {
        "grid_id": "TAP037",
        "site": "tapunopaka",
        "location_label": "Tapunopaka Greenfield Interior Prospect - Sulawesi Tenggara greenfield nickel laterite",
        "lithology": "peridotite_simulated",
        "slope_deg": 9.3,
        "distance_to_river_m": 858,
        "distance_to_road_m": 2206,
        "distance_to_settlement_m": 6476,
        "legal_status": "allowed",
        "distance_to_smelter_km": 64.8,
        "area_ha": 0.31,
        "region_id": "SE",
        "fe_oxide_index": 2.3,
        "clay_index": 1.95,
        "ndvi_stress_index": 0.224,
        "tmi_structural_nT": 45535.3,
        "tmi_anomaly_nT": 535.3,
        "elevation_mdpl": 157.6,
        "geochem_assay_ratio": 3.19
      },
      "geometry": {
        "type": "Polygon",
        "coordinates": [
          [
            [
              122.19,
              -3.625
            ],
            [
              122.195,
              -3.625
            ],
            [
              122.195,
              -3.62
            ],
            [
              122.19,
              -3.62
            ],
            [
              122.19,
              -3.625
            ]
          ]
        ]
      }
    },
    {
      "type": "Feature",
      "properties": {
        "grid_id": "TAP038",
        "site": "tapunopaka",
        "location_label": "Tapunopaka Greenfield Interior Prospect - Sulawesi Tenggara greenfield nickel laterite",
        "lithology": "ultramafic_simulated",
        "slope_deg": 5.8,
        "distance_to_river_m": 1034,
        "distance_to_road_m": 2091,
        "distance_to_settlement_m": 4249,
        "legal_status": "allowed",
        "distance_to_smelter_km": 67.6,
        "area_ha": 0.31,
        "region_id": "SE",
        "fe_oxide_index": 2.056,
        "clay_index": 2.058,
        "ndvi_stress_index": 0.264,
        "tmi_structural_nT": 45888.6,
        "tmi_anomaly_nT": 888.6,
        "elevation_mdpl": 90.0,
        "geochem_assay_ratio": 2.55
      },
      "geometry": {
        "type": "Polygon",
        "coordinates": [
          [
            [
              122.195,
              -3.625
            ],
            [
              122.2,
              -3.625
            ],
            [
              122.2,
              -3.62
            ],
            [
              122.195,
              -3.62
            ],
            [
              122.195,
              -3.625
            ]
          ]
        ]
      }
    },
    {
      "type": "Feature",
      "properties": {
        "grid_id": "TAP039",
        "site": "tapunopaka",
        "location_label": "Tapunopaka Greenfield Interior Prospect - Sulawesi Tenggara greenfield nickel laterite",
        "lithology": "mafic_volcanic_simulated",
        "slope_deg": 12.0,
        "distance_to_river_m": 1305,
        "distance_to_road_m": 3267,
        "distance_to_settlement_m": 5893,
        "legal_status": "allowed",
        "distance_to_smelter_km": 70.6,
        "area_ha": 0.31,
        "region_id": "SE",
        "fe_oxide_index": 1.215,
        "clay_index": 1.207,
        "ndvi_stress_index": 0.603,
        "tmi_structural_nT": 45332.5,
        "tmi_anomaly_nT": 332.5,
        "elevation_mdpl": 164.0,
        "geochem_assay_ratio": 4.78
      },
      "geometry": {
        "type": "Polygon",
        "coordinates": [
          [
            [
              122.2,
              -3.625
            ],
            [
              122.205,
              -3.625
            ],
            [
              122.205,
              -3.62
            ],
            [
              122.2,
              -3.62
            ],
            [
              122.2,
              -3.625
            ]
          ]
        ]
      }
    },
    {
      "type": "Feature",
      "properties": {
        "grid_id": "TAP040",
        "site": "tapunopaka",
        "location_label": "Tapunopaka Greenfield Interior Prospect - Sulawesi Tenggara greenfield nickel laterite",
        "lithology": "alluvium",
        "slope_deg": 11.8,
        "distance_to_river_m": 2226,
        "distance_to_road_m": 4223,
        "distance_to_settlement_m": 5348,
        "legal_status": "allowed",
        "distance_to_smelter_km": 73.8,
        "area_ha": 0.31,
        "region_id": "SE",
        "fe_oxide_index": 1.211,
        "clay_index": 1.481,
        "ndvi_stress_index": 0.517,
        "tmi_structural_nT": 45066.8,
        "tmi_anomaly_nT": 66.8,
        "elevation_mdpl": 156.7,
        "geochem_assay_ratio": 5.45
      },
      "geometry": {
        "type": "Polygon",
        "coordinates": [
          [
            [
              122.205,
              -3.625
            ],
            [
              122.21,
              -3.625
            ],
            [
              122.21,
              -3.62
            ],
            [
              122.205,
              -3.62
            ],
            [
              122.205,
              -3.625
            ]
          ]
        ]
      }
    },
    {
      "type": "Feature",
      "properties": {
        "grid_id": "TAP041",
        "site": "tapunopaka",
        "location_label": "Tapunopaka Greenfield Interior Prospect - Sulawesi Tenggara greenfield nickel laterite",
        "lithology": "mafic_volcanic_simulated",
        "slope_deg": 11.3,
        "distance_to_river_m": 2363,
        "distance_to_road_m": 3925,
        "distance_to_settlement_m": 9984,
        "legal_status": "no-go",
        "distance_to_smelter_km": 71.0,
        "area_ha": 0.31,
        "region_id": "SW",
        "fe_oxide_index": 1.389,
        "clay_index": 1.309,
        "ndvi_stress_index": 0.611,
        "tmi_structural_nT": 44547.7,
        "tmi_anomaly_nT": -452.3,
        "elevation_mdpl": 134.0,
        "geochem_assay_ratio": 5.92
      },
      "geometry": {
        "type": "Polygon",
        "coordinates": [
          [
            [
              122.11,
              -3.62
            ],
            [
              122.115,
              -3.62
            ],
            [
              122.115,
              -3.615
            ],
            [
              122.11,
              -3.615
            ],
            [
              122.11,
              -3.62
            ]
          ]
        ]
      }
    },
    {
      "type": "Feature",
      "properties": {
        "grid_id": "TAP042",
        "site": "tapunopaka",
        "location_label": "Tapunopaka Greenfield Interior Prospect - Sulawesi Tenggara greenfield nickel laterite",
        "lithology": "peridotite_simulated",
        "slope_deg": 11.2,
        "distance_to_river_m": 2299,
        "distance_to_road_m": 4352,
        "distance_to_settlement_m": 4879,
        "legal_status": "no-go",
        "distance_to_smelter_km": 67.6,
        "area_ha": 0.31,
        "region_id": "SW",
        "fe_oxide_index": 1.809,
        "clay_index": 2.328,
        "ndvi_stress_index": 0.249,
        "tmi_structural_nT": 45537.0,
        "tmi_anomaly_nT": 537.0,
        "elevation_mdpl": 140.4,
        "geochem_assay_ratio": 2.01
      },
      "geometry": {
        "type": "Polygon",
        "coordinates": [
          [
            [
              122.115,
              -3.62
            ],
            [
              122.12,
              -3.62
            ],
            [
              122.12,
              -3.615
            ],
            [
              122.115,
              -3.615
            ],
            [
              122.115,
              -3.62
            ]
          ]
        ]
      }
    },
    {
      "type": "Feature",
      "properties": {
        "grid_id": "TAP043",
        "site": "tapunopaka",
        "location_label": "Tapunopaka Greenfield Interior Prospect - Sulawesi Tenggara greenfield nickel laterite",
        "lithology": "mafic_volcanic_simulated",
        "slope_deg": 6.9,
        "distance_to_river_m": 1209,
        "distance_to_road_m": 2602,
        "distance_to_settlement_m": 4416,
        "legal_status": "no-go",
        "distance_to_smelter_km": 64.4,
        "area_ha": 0.31,
        "region_id": "SW",
        "fe_oxide_index": 1.505,
        "clay_index": 1.157,
        "ndvi_stress_index": 0.582,
        "tmi_structural_nT": 45062.8,
        "tmi_anomaly_nT": 62.8,
        "elevation_mdpl": 91.4,
        "geochem_assay_ratio": 3.89
      },
      "geometry": {
        "type": "Polygon",
        "coordinates": [
          [
            [
              122.12,
              -3.62
            ],
            [
              122.125,
              -3.62
            ],
            [
              122.125,
              -3.615
            ],
            [
              122.12,
              -3.615
            ],
            [
              122.12,
              -3.62
            ]
          ]
        ]
      }
    },
    {
      "type": "Feature",
      "properties": {
        "grid_id": "TAP044",
        "site": "tapunopaka",
        "location_label": "Tapunopaka Greenfield Interior Prospect - Sulawesi Tenggara greenfield nickel laterite",
        "lithology": "ultramafic_simulated",
        "slope_deg": 8.5,
        "distance_to_river_m": 1316,
        "distance_to_road_m": 1468,
        "distance_to_settlement_m": 6789,
        "legal_status": "no-go",
        "distance_to_smelter_km": 61.4,
        "area_ha": 0.31,
        "region_id": "SW",
        "fe_oxide_index": 2.502,
        "clay_index": 1.895,
        "ndvi_stress_index": 0.293,
        "tmi_structural_nT": 45168.6,
        "tmi_anomaly_nT": 168.6,
        "elevation_mdpl": 142.8,
        "geochem_assay_ratio": 2.77
      },
      "geometry": {
        "type": "Polygon",
        "coordinates": [
          [
            [
              122.125,
              -3.62
            ],
            [
              122.13,
              -3.62
            ],
            [
              122.13,
              -3.615
            ],
            [
              122.125,
              -3.615
            ],
            [
              122.125,
              -3.62
            ]
          ]
        ]
      }
    },
    {
      "type": "Feature",
      "properties": {
        "grid_id": "TAP045",
        "site": "tapunopaka",
        "location_label": "Tapunopaka Greenfield Interior Prospect - Sulawesi Tenggara greenfield nickel laterite",
        "lithology": "mafic_volcanic_simulated",
        "slope_deg": 10.4,
        "distance_to_river_m": 2486,
        "distance_to_road_m": 3533,
        "distance_to_settlement_m": 10660,
        "legal_status": "no-go",
        "distance_to_smelter_km": 58.7,
        "area_ha": 0.31,
        "region_id": "SW",
        "fe_oxide_index": 1.506,
        "clay_index": 1.22,
        "ndvi_stress_index": 0.559,
        "tmi_structural_nT": 45207.2,
        "tmi_anomaly_nT": 207.2,
        "elevation_mdpl": 139.3,
        "geochem_assay_ratio": 3.69
      },
      "geometry": {
        "type": "Polygon",
        "coordinates": [
          [
            [
              122.13,
              -3.62
            ],
            [
              122.135,
              -3.62
            ],
            [
              122.135,
              -3.615
            ],
            [
              122.13,
              -3.615
            ],
            [
              122.13,
              -3.62
            ]
          ]
        ]
      }
    },
    {
      "type": "Feature",
      "properties": {
        "grid_id": "TAP046",
        "site": "tapunopaka",
        "location_label": "Tapunopaka Greenfield Interior Prospect - Sulawesi Tenggara greenfield nickel laterite",
        "lithology": "serpentinite_simulated",
        "slope_deg": 8.6,
        "distance_to_river_m": 1743,
        "distance_to_road_m": 2259,
        "distance_to_settlement_m": 9151,
        "legal_status": "no-go",
        "distance_to_smelter_km": 56.3,
        "area_ha": 0.31,
        "region_id": "SW",
        "fe_oxide_index": 2.063,
        "clay_index": 1.834,
        "ndvi_stress_index": 0.259,
        "tmi_structural_nT": 45188.0,
        "tmi_anomaly_nT": 188.0,
        "elevation_mdpl": 166.6,
        "geochem_assay_ratio": 1.57
      },
      "geometry": {
        "type": "Polygon",
        "coordinates": [
          [
            [
              122.135,
              -3.62
            ],
            [
              122.14,
              -3.62
            ],
            [
              122.14,
              -3.615
            ],
            [
              122.135,
              -3.615
            ],
            [
              122.135,
              -3.62
            ]
          ]
        ]
      }
    },
    {
      "type": "Feature",
      "properties": {
        "grid_id": "TAP047",
        "site": "tapunopaka",
        "location_label": "Tapunopaka Greenfield Interior Prospect - Sulawesi Tenggara greenfield nickel laterite",
        "lithology": "mafic_volcanic_simulated",
        "slope_deg": 9.5,
        "distance_to_river_m": 1650,
        "distance_to_road_m": 3366,
        "distance_to_settlement_m": 9130,
        "legal_status": "no-go",
        "distance_to_smelter_km": 54.2,
        "area_ha": 0.31,
        "region_id": "SW",
        "fe_oxide_index": 1.263,
        "clay_index": 1.271,
        "ndvi_stress_index": 0.674,
        "tmi_structural_nT": 44490.4,
        "tmi_anomaly_nT": -509.6,
        "elevation_mdpl": 140.3,
        "geochem_assay_ratio": 5.46
      },
      "geometry": {
        "type": "Polygon",
        "coordinates": [
          [
            [
              122.14,
              -3.62
            ],
            [
              122.145,
              -3.62
            ],
            [
              122.145,
              -3.615
            ],
            [
              122.14,
              -3.615
            ],
            [
              122.14,
              -3.62
            ]
          ]
        ]
      }
    },
    {
      "type": "Feature",
      "properties": {
        "grid_id": "TAP048",
        "site": "tapunopaka",
        "location_label": "Tapunopaka Greenfield Interior Prospect - Sulawesi Tenggara greenfield nickel laterite",
        "lithology": "ultramafic_simulated",
        "slope_deg": 10.2,
        "distance_to_river_m": 2248,
        "distance_to_road_m": 1468,
        "distance_to_settlement_m": 7172,
        "legal_status": "no-go",
        "distance_to_smelter_km": 52.6,
        "area_ha": 0.31,
        "region_id": "SW",
        "fe_oxide_index": 1.873,
        "clay_index": 2.019,
        "ndvi_stress_index": 0.38,
        "tmi_structural_nT": 45928.6,
        "tmi_anomaly_nT": 928.6,
        "elevation_mdpl": 89.4,
        "geochem_assay_ratio": 3.01
      },
      "geometry": {
        "type": "Polygon",
        "coordinates": [
          [
            [
              122.145,
              -3.62
            ],
            [
              122.15,
              -3.62
            ],
            [
              122.15,
              -3.615
            ],
            [
              122.145,
              -3.615
            ],
            [
              122.145,
              -3.62
            ]
          ]
        ]
      }
    },
    {
      "type": "Feature",
      "properties": {
        "grid_id": "TAP049",
        "site": "tapunopaka",
        "location_label": "Tapunopaka Greenfield Interior Prospect - Sulawesi Tenggara greenfield nickel laterite",
        "lithology": "mafic_volcanic_simulated",
        "slope_deg": 11.2,
        "distance_to_river_m": 828,
        "distance_to_road_m": 2352,
        "distance_to_settlement_m": 9415,
        "legal_status": "conditional",
        "distance_to_smelter_km": 51.5,
        "area_ha": 0.31,
        "region_id": "SW",
        "fe_oxide_index": 1.329,
        "clay_index": 1.078,
        "ndvi_stress_index": 0.657,
        "tmi_structural_nT": 45335.6,
        "tmi_anomaly_nT": 335.6,
        "elevation_mdpl": 157.7,
        "geochem_assay_ratio": 4.98
      },
      "geometry": {
        "type": "Polygon",
        "coordinates": [
          [
            [
              122.15,
              -3.62
            ],
            [
              122.155,
              -3.62
            ],
            [
              122.155,
              -3.615
            ],
            [
              122.15,
              -3.615
            ],
            [
              122.15,
              -3.62
            ]
          ]
        ]
      }
    },
    {
      "type": "Feature",
      "properties": {
        "grid_id": "TAP050",
        "site": "tapunopaka",
        "location_label": "Tapunopaka Greenfield Interior Prospect - Sulawesi Tenggara greenfield nickel laterite",
        "lithology": "mafic_volcanic_simulated",
        "slope_deg": 3.1,
        "distance_to_river_m": 1276,
        "distance_to_road_m": 3480,
        "distance_to_settlement_m": 3674,
        "legal_status": "allowed",
        "distance_to_smelter_km": 50.9,
        "area_ha": 0.31,
        "region_id": "SW",
        "fe_oxide_index": 1.551,
        "clay_index": 1.424,
        "ndvi_stress_index": 0.685,
        "tmi_structural_nT": 44542.7,
        "tmi_anomaly_nT": -457.3,
        "elevation_mdpl": 149.2,
        "geochem_assay_ratio": 3.7
      },
      "geometry": {
        "type": "Polygon",
        "coordinates": [
          [
            [
              122.155,
              -3.62
            ],
            [
              122.16,
              -3.62
            ],
            [
              122.16,
              -3.615
            ],
            [
              122.155,
              -3.615
            ],
            [
              122.155,
              -3.62
            ]
          ]
        ]
      }
    },
    {
      "type": "Feature",
      "properties": {
        "grid_id": "TAP051",
        "site": "tapunopaka",
        "location_label": "Tapunopaka Greenfield Interior Prospect - Sulawesi Tenggara greenfield nickel laterite",
        "lithology": "mafic_volcanic_simulated",
        "slope_deg": 4.5,
        "distance_to_river_m": 1605,
        "distance_to_road_m": 3849,
        "distance_to_settlement_m": 8726,
        "legal_status": "allowed",
        "distance_to_smelter_km": 50.9,
        "area_ha": 0.31,
        "region_id": "SE",
        "fe_oxide_index": 1.241,
        "clay_index": 1.425,
        "ndvi_stress_index": 0.597,
        "tmi_structural_nT": 44955.5,
        "tmi_anomaly_nT": -44.5,
        "elevation_mdpl": 141.6,
        "geochem_assay_ratio": 4.51
      },
      "geometry": {
        "type": "Polygon",
        "coordinates": [
          [
            [
              122.16,
              -3.62
            ],
            [
              122.165,
              -3.62
            ],
            [
              122.165,
              -3.615
            ],
            [
              122.16,
              -3.615
            ],
            [
              122.16,
              -3.62
            ]
          ]
        ]
      }
    },
    {
      "type": "Feature",
      "properties": {
        "grid_id": "TAP052",
        "site": "tapunopaka",
        "location_label": "Tapunopaka Greenfield Interior Prospect - Sulawesi Tenggara greenfield nickel laterite",
        "lithology": "peridotite_simulated",
        "slope_deg": 7.3,
        "distance_to_river_m": 2309,
        "distance_to_road_m": 2930,
        "distance_to_settlement_m": 10063,
        "legal_status": "allowed",
        "distance_to_smelter_km": 51.5,
        "area_ha": 0.31,
        "region_id": "SE",
        "fe_oxide_index": 2.647,
        "clay_index": 2.348,
        "ndvi_stress_index": 0.329,
        "tmi_structural_nT": 45684.0,
        "tmi_anomaly_nT": 684.0,
        "elevation_mdpl": 136.3,
        "geochem_assay_ratio": 1.95
      },
      "geometry": {
        "type": "Polygon",
        "coordinates": [
          [
            [
              122.165,
              -3.62
            ],
            [
              122.17,
              -3.62
            ],
            [
              122.17,
              -3.615
            ],
            [
              122.165,
              -3.615
            ],
            [
              122.165,
              -3.62
            ]
          ]
        ]
      }
    },
    {
      "type": "Feature",
      "properties": {
        "grid_id": "TAP053",
        "site": "tapunopaka",
        "location_label": "Tapunopaka Greenfield Interior Prospect - Sulawesi Tenggara greenfield nickel laterite",
        "lithology": "alluvium",
        "slope_deg": 4.1,
        "distance_to_river_m": 366,
        "distance_to_road_m": 3902,
        "distance_to_settlement_m": 8894,
        "legal_status": "allowed",
        "distance_to_smelter_km": 52.6,
        "area_ha": 0.31,
        "region_id": "SE",
        "fe_oxide_index": 1.634,
        "clay_index": 1.254,
        "ndvi_stress_index": 0.53,
        "tmi_structural_nT": 44846.1,
        "tmi_anomaly_nT": -153.9,
        "elevation_mdpl": 114.4,
        "geochem_assay_ratio": 4.27
      },
      "geometry": {
        "type": "Polygon",
        "coordinates": [
          [
            [
              122.17,
              -3.62
            ],
            [
              122.175,
              -3.62
            ],
            [
              122.175,
              -3.615
            ],
            [
              122.17,
              -3.615
            ],
            [
              122.17,
              -3.62
            ]
          ]
        ]
      }
    },
    {
      "type": "Feature",
      "properties": {
        "grid_id": "TAP054",
        "site": "tapunopaka",
        "location_label": "Tapunopaka Greenfield Interior Prospect - Sulawesi Tenggara greenfield nickel laterite",
        "lithology": "alluvium",
        "slope_deg": 7.3,
        "distance_to_river_m": 2007,
        "distance_to_road_m": 4187,
        "distance_to_settlement_m": 4255,
        "legal_status": "allowed",
        "distance_to_smelter_km": 54.2,
        "area_ha": 0.31,
        "region_id": "SE",
        "fe_oxide_index": 1.475,
        "clay_index": 1.153,
        "ndvi_stress_index": 0.639,
        "tmi_structural_nT": 44941.1,
        "tmi_anomaly_nT": -58.9,
        "elevation_mdpl": 151.3,
        "geochem_assay_ratio": 5.94
      },
      "geometry": {
        "type": "Polygon",
        "coordinates": [
          [
            [
              122.175,
              -3.62
            ],
            [
              122.18,
              -3.62
            ],
            [
              122.18,
              -3.615
            ],
            [
              122.175,
              -3.615
            ],
            [
              122.175,
              -3.62
            ]
          ]
        ]
      }
    },
    {
      "type": "Feature",
      "properties": {
        "grid_id": "TAP055",
        "site": "tapunopaka",
        "location_label": "Tapunopaka Greenfield Interior Prospect - Sulawesi Tenggara greenfield nickel laterite",
        "lithology": "alluvium",
        "slope_deg": 10.3,
        "distance_to_river_m": 629,
        "distance_to_road_m": 2713,
        "distance_to_settlement_m": 4376,
        "legal_status": "allowed",
        "distance_to_smelter_km": 56.3,
        "area_ha": 0.31,
        "region_id": "SE",
        "fe_oxide_index": 1.385,
        "clay_index": 1.426,
        "ndvi_stress_index": 0.708,
        "tmi_structural_nT": 44429.1,
        "tmi_anomaly_nT": -570.9,
        "elevation_mdpl": 150.4,
        "geochem_assay_ratio": 5.33
      },
      "geometry": {
        "type": "Polygon",
        "coordinates": [
          [
            [
              122.18,
              -3.62
            ],
            [
              122.185,
              -3.62
            ],
            [
              122.185,
              -3.615
            ],
            [
              122.18,
              -3.615
            ],
            [
              122.18,
              -3.62
            ]
          ]
        ]
      }
    },
    {
      "type": "Feature",
      "properties": {
        "grid_id": "TAP056",
        "site": "tapunopaka",
        "location_label": "Tapunopaka Greenfield Interior Prospect - Sulawesi Tenggara greenfield nickel laterite",
        "lithology": "alluvium",
        "slope_deg": 9.3,
        "distance_to_river_m": 2678,
        "distance_to_road_m": 5302,
        "distance_to_settlement_m": 5701,
        "legal_status": "allowed",
        "distance_to_smelter_km": 58.7,
        "area_ha": 0.31,
        "region_id": "SE",
        "fe_oxide_index": 1.38,
        "clay_index": 1.408,
        "ndvi_stress_index": 0.609,
        "tmi_structural_nT": 45355.7,
        "tmi_anomaly_nT": 355.7,
        "elevation_mdpl": 152.3,
        "geochem_assay_ratio": 5.08
      },
      "geometry": {
        "type": "Polygon",
        "coordinates": [
          [
            [
              122.185,
              -3.62
            ],
            [
              122.19,
              -3.62
            ],
            [
              122.19,
              -3.615
            ],
            [
              122.185,
              -3.615
            ],
            [
              122.185,
              -3.62
            ]
          ]
        ]
      }
    },
    {
      "type": "Feature",
      "properties": {
        "grid_id": "TAP057",
        "site": "tapunopaka",
        "location_label": "Tapunopaka Greenfield Interior Prospect - Sulawesi Tenggara greenfield nickel laterite",
        "lithology": "peridotite_simulated",
        "slope_deg": 5.9,
        "distance_to_river_m": 1226,
        "distance_to_road_m": 1904,
        "distance_to_settlement_m": 6105,
        "legal_status": "allowed",
        "distance_to_smelter_km": 61.4,
        "area_ha": 0.31,
        "region_id": "SE",
        "fe_oxide_index": 2.505,
        "clay_index": 2.014,
        "ndvi_stress_index": 0.325,
        "tmi_structural_nT": 45523.1,
        "tmi_anomaly_nT": 523.1,
        "elevation_mdpl": 139.6,
        "geochem_assay_ratio": 2.81
      },
      "geometry": {
        "type": "Polygon",
        "coordinates": [
          [
            [
              122.19,
              -3.62
            ],
            [
              122.195,
              -3.62
            ],
            [
              122.195,
              -3.615
            ],
            [
              122.19,
              -3.615
            ],
            [
              122.19,
              -3.62
            ]
          ]
        ]
      }
    },
    {
      "type": "Feature",
      "properties": {
        "grid_id": "TAP058",
        "site": "tapunopaka",
        "location_label": "Tapunopaka Greenfield Interior Prospect - Sulawesi Tenggara greenfield nickel laterite",
        "lithology": "alluvium",
        "slope_deg": 11.2,
        "distance_to_river_m": 340,
        "distance_to_road_m": 1674,
        "distance_to_settlement_m": 11385,
        "legal_status": "allowed",
        "distance_to_smelter_km": 64.4,
        "area_ha": 0.31,
        "region_id": "SE",
        "fe_oxide_index": 1.336,
        "clay_index": 1.085,
        "ndvi_stress_index": 0.513,
        "tmi_structural_nT": 44867.0,
        "tmi_anomaly_nT": -133.0,
        "elevation_mdpl": 162.2,
        "geochem_assay_ratio": 5.08
      },
      "geometry": {
        "type": "Polygon",
        "coordinates": [
          [
            [
              122.195,
              -3.62
            ],
            [
              122.2,
              -3.62
            ],
            [
              122.2,
              -3.615
            ],
            [
              122.195,
              -3.615
            ],
            [
              122.195,
              -3.62
            ]
          ]
        ]
      }
    },
    {
      "type": "Feature",
      "properties": {
        "grid_id": "TAP059",
        "site": "tapunopaka",
        "location_label": "Tapunopaka Greenfield Interior Prospect - Sulawesi Tenggara greenfield nickel laterite",
        "lithology": "alluvium",
        "slope_deg": 4.7,
        "distance_to_river_m": 2502,
        "distance_to_road_m": 4407,
        "distance_to_settlement_m": 7312,
        "legal_status": "allowed",
        "distance_to_smelter_km": 67.6,
        "area_ha": 0.31,
        "region_id": "SE",
        "fe_oxide_index": 1.102,
        "clay_index": 1.325,
        "ndvi_stress_index": 0.652,
        "tmi_structural_nT": 44442.7,
        "tmi_anomaly_nT": -557.3,
        "elevation_mdpl": 117.0,
        "geochem_assay_ratio": 4.43
      },
      "geometry": {
        "type": "Polygon",
        "coordinates": [
          [
            [
              122.2,
              -3.62
            ],
            [
              122.205,
              -3.62
            ],
            [
              122.205,
              -3.615
            ],
            [
              122.2,
              -3.615
            ],
            [
              122.2,
              -3.62
            ]
          ]
        ]
      }
    },
    {
      "type": "Feature",
      "properties": {
        "grid_id": "TAP060",
        "site": "tapunopaka",
        "location_label": "Tapunopaka Greenfield Interior Prospect - Sulawesi Tenggara greenfield nickel laterite",
        "lithology": "mafic_volcanic_simulated",
        "slope_deg": 9.7,
        "distance_to_river_m": 2625,
        "distance_to_road_m": 2223,
        "distance_to_settlement_m": 9759,
        "legal_status": "allowed",
        "distance_to_smelter_km": 71.0,
        "area_ha": 0.31,
        "region_id": "SE",
        "fe_oxide_index": 1.336,
        "clay_index": 1.323,
        "ndvi_stress_index": 0.548,
        "tmi_structural_nT": 44593.4,
        "tmi_anomaly_nT": -406.6,
        "elevation_mdpl": 138.3,
        "geochem_assay_ratio": 4.96
      },
      "geometry": {
        "type": "Polygon",
        "coordinates": [
          [
            [
              122.205,
              -3.62
            ],
            [
              122.21,
              -3.62
            ],
            [
              122.21,
              -3.615
            ],
            [
              122.205,
              -3.615
            ],
            [
              122.205,
              -3.62
            ]
          ]
        ]
      }
    },
    {
      "type": "Feature",
      "properties": {
        "grid_id": "TAP061",
        "site": "tapunopaka",
        "location_label": "Tapunopaka Greenfield Interior Prospect - Sulawesi Tenggara greenfield nickel laterite",
        "lithology": "mafic_volcanic_simulated",
        "slope_deg": 9.4,
        "distance_to_river_m": 552,
        "distance_to_road_m": 2006,
        "distance_to_settlement_m": 11926,
        "legal_status": "no-go",
        "distance_to_smelter_km": 68.4,
        "area_ha": 0.31,
        "region_id": "SW",
        "fe_oxide_index": 1.194,
        "clay_index": 1.208,
        "ndvi_stress_index": 0.661,
        "tmi_structural_nT": 45049.4,
        "tmi_anomaly_nT": 49.4,
        "elevation_mdpl": 137.9,
        "geochem_assay_ratio": 4.76
      },
      "geometry": {
        "type": "Polygon",
        "coordinates": [
          [
            [
              122.11,
              -3.615
            ],
            [
              122.115,
              -3.615
            ],
            [
              122.115,
              -3.61
            ],
            [
              122.11,
              -3.61
            ],
            [
              122.11,
              -3.615
            ]
          ]
        ]
      }
    },
    {
      "type": "Feature",
      "properties": {
        "grid_id": "TAP062",
        "site": "tapunopaka",
        "location_label": "Tapunopaka Greenfield Interior Prospect - Sulawesi Tenggara greenfield nickel laterite",
        "lithology": "peridotite_simulated",
        "slope_deg": 5.1,
        "distance_to_river_m": 1853,
        "distance_to_road_m": 1437,
        "distance_to_settlement_m": 7702,
        "legal_status": "no-go",
        "distance_to_smelter_km": 64.8,
        "area_ha": 0.31,
        "region_id": "SW",
        "fe_oxide_index": 2.668,
        "clay_index": 2.263,
        "ndvi_stress_index": 0.297,
        "tmi_structural_nT": 45752.5,
        "tmi_anomaly_nT": 752.5,
        "elevation_mdpl": 85.6,
        "geochem_assay_ratio": 1.54
      },
      "geometry": {
        "type": "Polygon",
        "coordinates": [
          [
            [
              122.115,
              -3.615
            ],
            [
              122.12,
              -3.615
            ],
            [
              122.12,
              -3.61
            ],
            [
              122.115,
              -3.61
            ],
            [
              122.115,
              -3.615
            ]
          ]
        ]
      }
    },
    {
      "type": "Feature",
      "properties": {
        "grid_id": "TAP063",
        "site": "tapunopaka",
        "location_label": "Tapunopaka Greenfield Interior Prospect - Sulawesi Tenggara greenfield nickel laterite",
        "lithology": "serpentinite_simulated",
        "slope_deg": 11.1,
        "distance_to_river_m": 1500,
        "distance_to_road_m": 3482,
        "distance_to_settlement_m": 4162,
        "legal_status": "no-go",
        "distance_to_smelter_km": 61.4,
        "area_ha": 0.31,
        "region_id": "SW",
        "fe_oxide_index": 2.616,
        "clay_index": 1.851,
        "ndvi_stress_index": 0.211,
        "tmi_structural_nT": 45549.8,
        "tmi_anomaly_nT": 549.8,
        "elevation_mdpl": 154.9,
        "geochem_assay_ratio": 2.18
      },
      "geometry": {
        "type": "Polygon",
        "coordinates": [
          [
            [
              122.12,
              -3.615
            ],
            [
              122.125,
              -3.615
            ],
            [
              122.125,
              -3.61
            ],
            [
              122.12,
              -3.61
            ],
            [
              122.12,
              -3.615
            ]
          ]
        ]
      }
    },
    {
      "type": "Feature",
      "properties": {
        "grid_id": "TAP064",
        "site": "tapunopaka",
        "location_label": "Tapunopaka Greenfield Interior Prospect - Sulawesi Tenggara greenfield nickel laterite",
        "lithology": "mafic_volcanic_simulated",
        "slope_deg": 4.0,
        "distance_to_river_m": 2520,
        "distance_to_road_m": 2626,
        "distance_to_settlement_m": 6773,
        "legal_status": "no-go",
        "distance_to_smelter_km": 58.2,
        "area_ha": 0.31,
        "region_id": "SW",
        "fe_oxide_index": 1.348,
        "clay_index": 1.409,
        "ndvi_stress_index": 0.698,
        "tmi_structural_nT": 44562.7,
        "tmi_anomaly_nT": -437.3,
        "elevation_mdpl": 164.2,
        "geochem_assay_ratio": 4.31
      },
      "geometry": {
        "type": "Polygon",
        "coordinates": [
          [
            [
              122.125,
              -3.615
            ],
            [
              122.13,
              -3.615
            ],
            [
              122.13,
              -3.61
            ],
            [
              122.125,
              -3.61
            ],
            [
              122.125,
              -3.615
            ]
          ]
        ]
      }
    },
    {
      "type": "Feature",
      "properties": {
        "grid_id": "TAP065",
        "site": "tapunopaka",
        "location_label": "Tapunopaka Greenfield Interior Prospect - Sulawesi Tenggara greenfield nickel laterite",
        "lithology": "alluvium",
        "slope_deg": 9.7,
        "distance_to_river_m": 1090,
        "distance_to_road_m": 2632,
        "distance_to_settlement_m": 10377,
        "legal_status": "no-go",
        "distance_to_smelter_km": 55.3,
        "area_ha": 0.31,
        "region_id": "SW",
        "fe_oxide_index": 1.323,
        "clay_index": 1.213,
        "ndvi_stress_index": 0.647,
        "tmi_structural_nT": 44555.1,
        "tmi_anomaly_nT": -444.9,
        "elevation_mdpl": 178.9,
        "geochem_assay_ratio": 4.85
      },
      "geometry": {
        "type": "Polygon",
        "coordinates": [
          [
            [
              122.13,
              -3.615
            ],
            [
              122.135,
              -3.615
            ],
            [
              122.135,
              -3.61
            ],
            [
              122.13,
              -3.61
            ],
            [
              122.13,
              -3.615
            ]
          ]
        ]
      }
    },
    {
      "type": "Feature",
      "properties": {
        "grid_id": "TAP066",
        "site": "tapunopaka",
        "location_label": "Tapunopaka Greenfield Interior Prospect - Sulawesi Tenggara greenfield nickel laterite",
        "lithology": "serpentinite_simulated",
        "slope_deg": 7.0,
        "distance_to_river_m": 476,
        "distance_to_road_m": 1303,
        "distance_to_settlement_m": 7600,
        "legal_status": "no-go",
        "distance_to_smelter_km": 52.6,
        "area_ha": 0.31,
        "region_id": "SW",
        "fe_oxide_index": 2.575,
        "clay_index": 1.795,
        "ndvi_stress_index": 0.283,
        "tmi_structural_nT": 45543.0,
        "tmi_anomaly_nT": 543.0,
        "elevation_mdpl": 178.1,
        "geochem_assay_ratio": 1.64
      },
      "geometry": {
        "type": "Polygon",
        "coordinates": [
          [
            [
              122.135,
              -3.615
            ],
            [
              122.14,
              -3.615
            ],
            [
              122.14,
              -3.61
            ],
            [
              122.135,
              -3.61
            ],
            [
              122.135,
              -3.615
            ]
          ]
        ]
      }
    },
    {
      "type": "Feature",
      "properties": {
        "grid_id": "TAP067",
        "site": "tapunopaka",
        "location_label": "Tapunopaka Greenfield Interior Prospect - Sulawesi Tenggara greenfield nickel laterite",
        "lithology": "ultramafic_simulated",
        "slope_deg": 7.6,
        "distance_to_river_m": 1067,
        "distance_to_road_m": 1703,
        "distance_to_settlement_m": 11628,
        "legal_status": "no-go",
        "distance_to_smelter_km": 50.3,
        "area_ha": 0.31,
        "region_id": "SW",
        "fe_oxide_index": 2.482,
        "clay_index": 1.647,
        "ndvi_stress_index": 0.335,
        "tmi_structural_nT": 45892.2,
        "tmi_anomaly_nT": 892.2,
        "elevation_mdpl": 104.3,
        "geochem_assay_ratio": 3.14
      },
      "geometry": {
        "type": "Polygon",
        "coordinates": [
          [
            [
              122.14,
              -3.615
            ],
            [
              122.145,
              -3.615
            ],
            [
              122.145,
              -3.61
            ],
            [
              122.14,
              -3.61
            ],
            [
              122.14,
              -3.615
            ]
          ]
        ]
      }
    },
    {
      "type": "Feature",
      "properties": {
        "grid_id": "TAP068",
        "site": "tapunopaka",
        "location_label": "Tapunopaka Greenfield Interior Prospect - Sulawesi Tenggara greenfield nickel laterite",
        "lithology": "mafic_volcanic_simulated",
        "slope_deg": 2.0,
        "distance_to_river_m": 1026,
        "distance_to_road_m": 5339,
        "distance_to_settlement_m": 3669,
        "legal_status": "conditional",
        "distance_to_smelter_km": 48.5,
        "area_ha": 0.31,
        "region_id": "SW",
        "fe_oxide_index": 1.567,
        "clay_index": 1.254,
        "ndvi_stress_index": 0.518,
        "tmi_structural_nT": 44855.7,
        "tmi_anomaly_nT": -144.3,
        "elevation_mdpl": 86.3,
        "geochem_assay_ratio": 5.75
      },
      "geometry": {
        "type": "Polygon",
        "coordinates": [
          [
            [
              122.145,
              -3.615
            ],
            [
              122.15,
              -3.615
            ],
            [
              122.15,
              -3.61
            ],
            [
              122.145,
              -3.61
            ],
            [
              122.145,
              -3.615
            ]
          ]
        ]
      }
    },
    {
      "type": "Feature",
      "properties": {
        "grid_id": "TAP069",
        "site": "tapunopaka",
        "location_label": "Tapunopaka Greenfield Interior Prospect - Sulawesi Tenggara greenfield nickel laterite",
        "lithology": "alluvium",
        "slope_deg": 3.7,
        "distance_to_river_m": 1841,
        "distance_to_road_m": 4182,
        "distance_to_settlement_m": 8485,
        "legal_status": "conditional",
        "distance_to_smelter_km": 47.2,
        "area_ha": 0.31,
        "region_id": "SW",
        "fe_oxide_index": 1.139,
        "clay_index": 1.446,
        "ndvi_stress_index": 0.61,
        "tmi_structural_nT": 44619.2,
        "tmi_anomaly_nT": -380.8,
        "elevation_mdpl": 144.3,
        "geochem_assay_ratio": 5.22
      },
      "geometry": {
        "type": "Polygon",
        "coordinates": [
          [
            [
              122.15,
              -3.615
            ],
            [
              122.155,
              -3.615
            ],
            [
              122.155,
              -3.61
            ],
            [
              122.15,
              -3.61
            ],
            [
              122.15,
              -3.615
            ]
          ]
        ]
      }
    },
    {
      "type": "Feature",
      "properties": {
        "grid_id": "TAP070",
        "site": "tapunopaka",
        "location_label": "Tapunopaka Greenfield Interior Prospect - Sulawesi Tenggara greenfield nickel laterite",
        "lithology": "alluvium",
        "slope_deg": 11.0,
        "distance_to_river_m": 1033,
        "distance_to_road_m": 4151,
        "distance_to_settlement_m": 7094,
        "legal_status": "conditional",
        "distance_to_smelter_km": 46.5,
        "area_ha": 0.31,
        "region_id": "SW",
        "fe_oxide_index": 1.197,
        "clay_index": 1.353,
        "ndvi_stress_index": 0.594,
        "tmi_structural_nT": 44902.7,
        "tmi_anomaly_nT": -97.3,
        "elevation_mdpl": 117.7,
        "geochem_assay_ratio": 5.03
      },
      "geometry": {
        "type": "Polygon",
        "coordinates": [
          [
            [
              122.155,
              -3.615
            ],
            [
              122.16,
              -3.615
            ],
            [
              122.16,
              -3.61
            ],
            [
              122.155,
              -3.61
            ],
            [
              122.155,
              -3.615
            ]
          ]
        ]
      }
    },
    {
      "type": "Feature",
      "properties": {
        "grid_id": "TAP071",
        "site": "tapunopaka",
        "location_label": "Tapunopaka Greenfield Interior Prospect - Sulawesi Tenggara greenfield nickel laterite",
        "lithology": "mafic_volcanic_simulated",
        "slope_deg": 3.6,
        "distance_to_river_m": 2591,
        "distance_to_road_m": 3385,
        "distance_to_settlement_m": 11936,
        "legal_status": "allowed",
        "distance_to_smelter_km": 46.5,
        "area_ha": 0.31,
        "region_id": "SE",
        "fe_oxide_index": 1.466,
        "clay_index": 1.021,
        "ndvi_stress_index": 0.634,
        "tmi_structural_nT": 44516.2,
        "tmi_anomaly_nT": -483.8,
        "elevation_mdpl": 139.6,
        "geochem_assay_ratio": 4.75
      },
      "geometry": {
        "type": "Polygon",
        "coordinates": [
          [
            [
              122.16,
              -3.615
            ],
            [
              122.165,
              -3.615
            ],
            [
              122.165,
              -3.61
            ],
            [
              122.16,
              -3.61
            ],
            [
              122.16,
              -3.615
            ]
          ]
        ]
      }
    },
    {
      "type": "Feature",
      "properties": {
        "grid_id": "TAP072",
        "site": "tapunopaka",
        "location_label": "Tapunopaka Greenfield Interior Prospect - Sulawesi Tenggara greenfield nickel laterite",
        "lithology": "alluvium",
        "slope_deg": 6.2,
        "distance_to_river_m": 1390,
        "distance_to_road_m": 5023,
        "distance_to_settlement_m": 7029,
        "legal_status": "allowed",
        "distance_to_smelter_km": 47.2,
        "area_ha": 0.31,
        "region_id": "SE",
        "fe_oxide_index": 1.24,
        "clay_index": 1.314,
        "ndvi_stress_index": 0.73,
        "tmi_structural_nT": 44611.3,
        "tmi_anomaly_nT": -388.7,
        "elevation_mdpl": 93.4,
        "geochem_assay_ratio": 4.23
      },
      "geometry": {
        "type": "Polygon",
        "coordinates": [
          [
            [
              122.165,
              -3.615
            ],
            [
              122.17,
              -3.615
            ],
            [
              122.17,
              -3.61
            ],
            [
              122.165,
              -3.61
            ],
            [
              122.165,
              -3.615
            ]
          ]
        ]
      }
    },
    {
      "type": "Feature",
      "properties": {
        "grid_id": "TAP073",
        "site": "tapunopaka",
        "location_label": "Tapunopaka Greenfield Interior Prospect - Sulawesi Tenggara greenfield nickel laterite",
        "lithology": "alluvium",
        "slope_deg": 2.9,
        "distance_to_river_m": 443,
        "distance_to_road_m": 4807,
        "distance_to_settlement_m": 11738,
        "legal_status": "allowed",
        "distance_to_smelter_km": 48.5,
        "area_ha": 0.31,
        "region_id": "SE",
        "fe_oxide_index": 1.435,
        "clay_index": 1.403,
        "ndvi_stress_index": 0.661,
        "tmi_structural_nT": 44925.4,
        "tmi_anomaly_nT": -74.6,
        "elevation_mdpl": 175.8,
        "geochem_assay_ratio": 3.85
      },
      "geometry": {
        "type": "Polygon",
        "coordinates": [
          [
            [
              122.17,
              -3.615
            ],
            [
              122.175,
              -3.615
            ],
            [
              122.175,
              -3.61
            ],
            [
              122.17,
              -3.61
            ],
            [
              122.17,
              -3.615
            ]
          ]
        ]
      }
    },
    {
      "type": "Feature",
      "properties": {
        "grid_id": "TAP074",
        "site": "tapunopaka",
        "location_label": "Tapunopaka Greenfield Interior Prospect - Sulawesi Tenggara greenfield nickel laterite",
        "lithology": "alluvium",
        "slope_deg": 6.3,
        "distance_to_river_m": 2430,
        "distance_to_road_m": 2699,
        "distance_to_settlement_m": 8844,
        "legal_status": "allowed",
        "distance_to_smelter_km": 50.3,
        "area_ha": 0.31,
        "region_id": "SE",
        "fe_oxide_index": 1.112,
        "clay_index": 1.325,
        "ndvi_stress_index": 0.762,
        "tmi_structural_nT": 45364.0,
        "tmi_anomaly_nT": 364.0,
        "elevation_mdpl": 103.4,
        "geochem_assay_ratio": 5.01
      },
      "geometry": {
        "type": "Polygon",
        "coordinates": [
          [
            [
              122.175,
              -3.615
            ],
            [
              122.18,
              -3.615
            ],
            [
              122.18,
              -3.61
            ],
            [
              122.175,
              -3.61
            ],
            [
              122.175,
              -3.615
            ]
          ]
        ]
      }
    },
    {
      "type": "Feature",
      "properties": {
        "grid_id": "TAP075",
        "site": "tapunopaka",
        "location_label": "Tapunopaka Greenfield Interior Prospect - Sulawesi Tenggara greenfield nickel laterite",
        "lithology": "ultramafic_simulated",
        "slope_deg": 8.7,
        "distance_to_river_m": 1828,
        "distance_to_road_m": 2955,
        "distance_to_settlement_m": 7296,
        "legal_status": "allowed",
        "distance_to_smelter_km": 52.6,
        "area_ha": 0.31,
        "region_id": "SE",
        "fe_oxide_index": 2.517,
        "clay_index": 2.379,
        "ndvi_stress_index": 0.335,
        "tmi_structural_nT": 45877.7,
        "tmi_anomaly_nT": 877.7,
        "elevation_mdpl": 156.7,
        "geochem_assay_ratio": 2.88
      },
      "geometry": {
        "type": "Polygon",
        "coordinates": [
          [
            [
              122.18,
              -3.615
            ],
            [
              122.185,
              -3.615
            ],
            [
              122.185,
              -3.61
            ],
            [
              122.18,
              -3.61
            ],
            [
              122.18,
              -3.615
            ]
          ]
        ]
      }
    },
    {
      "type": "Feature",
      "properties": {
        "grid_id": "TAP076",
        "site": "tapunopaka",
        "location_label": "Tapunopaka Greenfield Interior Prospect - Sulawesi Tenggara greenfield nickel laterite",
        "lithology": "alluvium",
        "slope_deg": 3.6,
        "distance_to_river_m": 920,
        "distance_to_road_m": 4151,
        "distance_to_settlement_m": 5586,
        "legal_status": "allowed",
        "distance_to_smelter_km": 55.3,
        "area_ha": 0.31,
        "region_id": "SE",
        "fe_oxide_index": 1.677,
        "clay_index": 1.118,
        "ndvi_stress_index": 0.56,
        "tmi_structural_nT": 44642.5,
        "tmi_anomaly_nT": -357.5,
        "elevation_mdpl": 81.5,
        "geochem_assay_ratio": 5.33
      },
      "geometry": {
        "type": "Polygon",
        "coordinates": [
          [
            [
              122.185,
              -3.615
            ],
            [
              122.19,
              -3.615
            ],
            [
              122.19,
              -3.61
            ],
            [
              122.185,
              -3.61
            ],
            [
              122.185,
              -3.615
            ]
          ]
        ]
      }
    },
    {
      "type": "Feature",
      "properties": {
        "grid_id": "TAP077",
        "site": "tapunopaka",
        "location_label": "Tapunopaka Greenfield Interior Prospect - Sulawesi Tenggara greenfield nickel laterite",
        "lithology": "serpentinite_simulated",
        "slope_deg": 9.9,
        "distance_to_river_m": 813,
        "distance_to_road_m": 2087,
        "distance_to_settlement_m": 5943,
        "legal_status": "allowed",
        "distance_to_smelter_km": 58.2,
        "area_ha": 0.31,
        "region_id": "SE",
        "fe_oxide_index": 2.643,
        "clay_index": 2.392,
        "ndvi_stress_index": 0.246,
        "tmi_structural_nT": 45115.4,
        "tmi_anomaly_nT": 115.4,
        "elevation_mdpl": 82.6,
        "geochem_assay_ratio": 3.18
      },
      "geometry": {
        "type": "Polygon",
        "coordinates": [
          [
            [
              122.19,
              -3.615
            ],
            [
              122.195,
              -3.615
            ],
            [
              122.195,
              -3.61
            ],
            [
              122.19,
              -3.61
            ],
            [
              122.19,
              -3.615
            ]
          ]
        ]
      }
    },
    {
      "type": "Feature",
      "properties": {
        "grid_id": "TAP078",
        "site": "tapunopaka",
        "location_label": "Tapunopaka Greenfield Interior Prospect - Sulawesi Tenggara greenfield nickel laterite",
        "lithology": "ultramafic_simulated",
        "slope_deg": 6.2,
        "distance_to_river_m": 1454,
        "distance_to_road_m": 4760,
        "distance_to_settlement_m": 10968,
        "legal_status": "allowed",
        "distance_to_smelter_km": 61.4,
        "area_ha": 0.31,
        "region_id": "SE",
        "fe_oxide_index": 1.837,
        "clay_index": 2.239,
        "ndvi_stress_index": 0.305,
        "tmi_structural_nT": 46065.5,
        "tmi_anomaly_nT": 1065.5,
        "elevation_mdpl": 147.0,
        "geochem_assay_ratio": 2.29
      },
      "geometry": {
        "type": "Polygon",
        "coordinates": [
          [
            [
              122.195,
              -3.615
            ],
            [
              122.2,
              -3.615
            ],
            [
              122.2,
              -3.61
            ],
            [
              122.195,
              -3.61
            ],
            [
              122.195,
              -3.615
            ]
          ]
        ]
      }
    },
    {
      "type": "Feature",
      "properties": {
        "grid_id": "TAP079",
        "site": "tapunopaka",
        "location_label": "Tapunopaka Greenfield Interior Prospect - Sulawesi Tenggara greenfield nickel laterite",
        "lithology": "mafic_volcanic_simulated",
        "slope_deg": 4.9,
        "distance_to_river_m": 2367,
        "distance_to_road_m": 4685,
        "distance_to_settlement_m": 8945,
        "legal_status": "allowed",
        "distance_to_smelter_km": 64.8,
        "area_ha": 0.31,
        "region_id": "SE",
        "fe_oxide_index": 1.181,
        "clay_index": 1.093,
        "ndvi_stress_index": 0.572,
        "tmi_structural_nT": 44712.0,
        "tmi_anomaly_nT": -288.0,
        "elevation_mdpl": 169.4,
        "geochem_assay_ratio": 4.01
      },
      "geometry": {
        "type": "Polygon",
        "coordinates": [
          [
            [
              122.2,
              -3.615
            ],
            [
              122.205,
              -3.615
            ],
            [
              122.205,
              -3.61
            ],
            [
              122.2,
              -3.61
            ],
            [
              122.2,
              -3.615
            ]
          ]
        ]
      }
    },
    {
      "type": "Feature",
      "properties": {
        "grid_id": "TAP080",
        "site": "tapunopaka",
        "location_label": "Tapunopaka Greenfield Interior Prospect - Sulawesi Tenggara greenfield nickel laterite",
        "lithology": "alluvium",
        "slope_deg": 8.0,
        "distance_to_river_m": 954,
        "distance_to_road_m": 1636,
        "distance_to_settlement_m": 6854,
        "legal_status": "allowed",
        "distance_to_smelter_km": 68.4,
        "area_ha": 0.31,
        "region_id": "SE",
        "fe_oxide_index": 1.547,
        "clay_index": 1.053,
        "ndvi_stress_index": 0.518,
        "tmi_structural_nT": 44440.9,
        "tmi_anomaly_nT": -559.1,
        "elevation_mdpl": 83.0,
        "geochem_assay_ratio": 4.54
      },
      "geometry": {
        "type": "Polygon",
        "coordinates": [
          [
            [
              122.205,
              -3.615
            ],
            [
              122.21,
              -3.615
            ],
            [
              122.21,
              -3.61
            ],
            [
              122.205,
              -3.61
            ],
            [
              122.205,
              -3.615
            ]
          ]
        ]
      }
    },
    {
      "type": "Feature",
      "properties": {
        "grid_id": "TAP081",
        "site": "tapunopaka",
        "location_label": "Tapunopaka Greenfield Interior Prospect - Sulawesi Tenggara greenfield nickel laterite",
        "lithology": "mafic_volcanic_simulated",
        "slope_deg": 7.1,
        "distance_to_river_m": 1984,
        "distance_to_road_m": 3890,
        "distance_to_settlement_m": 6406,
        "legal_status": "no-go",
        "distance_to_smelter_km": 66.0,
        "area_ha": 0.31,
        "region_id": "SW",
        "fe_oxide_index": 1.563,
        "clay_index": 1.459,
        "ndvi_stress_index": 0.672,
        "tmi_structural_nT": 44786.7,
        "tmi_anomaly_nT": -213.3,
        "elevation_mdpl": 163.6,
        "geochem_assay_ratio": 4.21
      },
      "geometry": {
        "type": "Polygon",
        "coordinates": [
          [
            [
              122.11,
              -3.61
            ],
            [
              122.115,
              -3.61
            ],
            [
              122.115,
              -3.605
            ],
            [
              122.11,
              -3.605
            ],
            [
              122.11,
              -3.61
            ]
          ]
        ]
      }
    },
    {
      "type": "Feature",
      "properties": {
        "grid_id": "TAP082",
        "site": "tapunopaka",
        "location_label": "Tapunopaka Greenfield Interior Prospect - Sulawesi Tenggara greenfield nickel laterite",
        "lithology": "serpentinite_simulated",
        "slope_deg": 6.2,
        "distance_to_river_m": 2312,
        "distance_to_road_m": 2631,
        "distance_to_settlement_m": 8358,
        "legal_status": "no-go",
        "distance_to_smelter_km": 62.3,
        "area_ha": 0.31,
        "region_id": "SW",
        "fe_oxide_index": 2.675,
        "clay_index": 1.673,
        "ndvi_stress_index": 0.372,
        "tmi_structural_nT": 45356.5,
        "tmi_anomaly_nT": 356.5,
        "elevation_mdpl": 84.3,
        "geochem_assay_ratio": 2.74
      },
      "geometry": {
        "type": "Polygon",
        "coordinates": [
          [
            [
              122.115,
              -3.61
            ],
            [
              122.12,
              -3.61
            ],
            [
              122.12,
              -3.605
            ],
            [
              122.115,
              -3.605
            ],
            [
              122.115,
              -3.61
            ]
          ]
        ]
      }
    },
    {
      "type": "Feature",
      "properties": {
        "grid_id": "TAP083",
        "site": "tapunopaka",
        "location_label": "Tapunopaka Greenfield Interior Prospect - Sulawesi Tenggara greenfield nickel laterite",
        "lithology": "alluvium",
        "slope_deg": 10.5,
        "distance_to_river_m": 2533,
        "distance_to_road_m": 5407,
        "distance_to_settlement_m": 4085,
        "legal_status": "no-go",
        "distance_to_smelter_km": 58.7,
        "area_ha": 0.31,
        "region_id": "SW",
        "fe_oxide_index": 1.589,
        "clay_index": 1.123,
        "ndvi_stress_index": 0.572,
        "tmi_structural_nT": 44559.9,
        "tmi_anomaly_nT": -440.1,
        "elevation_mdpl": 124.9,
        "geochem_assay_ratio": 3.68
      },
      "geometry": {
        "type": "Polygon",
        "coordinates": [
          [
            [
              122.12,
              -3.61
            ],
            [
              122.125,
              -3.61
            ],
            [
              122.125,
              -3.605
            ],
            [
              122.12,
              -3.605
            ],
            [
              122.12,
              -3.61
            ]
          ]
        ]
      }
    },
    {
      "type": "Feature",
      "properties": {
        "grid_id": "TAP084",
        "site": "tapunopaka",
        "location_label": "Tapunopaka Greenfield Interior Prospect - Sulawesi Tenggara greenfield nickel laterite",
        "lithology": "serpentinite_simulated",
        "slope_deg": 11.4,
        "distance_to_river_m": 824,
        "distance_to_road_m": 4042,
        "distance_to_settlement_m": 11247,
        "legal_status": "no-go",
        "distance_to_smelter_km": 55.3,
        "area_ha": 0.31,
        "region_id": "SW",
        "fe_oxide_index": 1.81,
        "clay_index": 2.086,
        "ndvi_stress_index": 0.393,
        "tmi_structural_nT": 45931.6,
        "tmi_anomaly_nT": 931.6,
        "elevation_mdpl": 176.9,
        "geochem_assay_ratio": 1.82
      },
      "geometry": {
        "type": "Polygon",
        "coordinates": [
          [
            [
              122.125,
              -3.61
            ],
            [
              122.13,
              -3.61
            ],
            [
              122.13,
              -3.605
            ],
            [
              122.125,
              -3.605
            ],
            [
              122.125,
              -3.61
            ]
          ]
        ]
      }
    },
    {
      "type": "Feature",
      "properties": {
        "grid_id": "TAP085",
        "site": "tapunopaka",
        "location_label": "Tapunopaka Greenfield Interior Prospect - Sulawesi Tenggara greenfield nickel laterite",
        "lithology": "alluvium",
        "slope_deg": 3.3,
        "distance_to_river_m": 1145,
        "distance_to_road_m": 2797,
        "distance_to_settlement_m": 9301,
        "legal_status": "no-go",
        "distance_to_smelter_km": 52.0,
        "area_ha": 0.31,
        "region_id": "SW",
        "fe_oxide_index": 1.123,
        "clay_index": 1.076,
        "ndvi_stress_index": 0.676,
        "tmi_structural_nT": 45008.2,
        "tmi_anomaly_nT": 8.2,
        "elevation_mdpl": 163.5,
        "geochem_assay_ratio": 5.63
      },
      "geometry": {
        "type": "Polygon",
        "coordinates": [
          [
            [
              122.13,
              -3.61
            ],
            [
              122.135,
              -3.61
            ],
            [
              122.135,
              -3.605
            ],
            [
              122.13,
              -3.605
            ],
            [
              122.13,
              -3.61
            ]
          ]
        ]
      }
    },
    {
      "type": "Feature",
      "properties": {
        "grid_id": "TAP086",
        "site": "tapunopaka",
        "location_label": "Tapunopaka Greenfield Interior Prospect - Sulawesi Tenggara greenfield nickel laterite",
        "lithology": "peridotite_simulated",
        "slope_deg": 3.9,
        "distance_to_river_m": 2492,
        "distance_to_road_m": 5227,
        "distance_to_settlement_m": 7163,
        "legal_status": "no-go",
        "distance_to_smelter_km": 49.1,
        "area_ha": 0.31,
        "region_id": "SW",
        "fe_oxide_index": 2.519,
        "clay_index": 1.602,
        "ndvi_stress_index": 0.336,
        "tmi_structural_nT": 45210.0,
        "tmi_anomaly_nT": 210.0,
        "elevation_mdpl": 172.5,
        "geochem_assay_ratio": 1.77
      },
      "geometry": {
        "type": "Polygon",
        "coordinates": [
          [
            [
              122.135,
              -3.61
            ],
            [
              122.14,
              -3.61
            ],
            [
              122.14,
              -3.605
            ],
            [
              122.135,
              -3.605
            ],
            [
              122.135,
              -3.61
            ]
          ]
        ]
      }
    },
    {
      "type": "Feature",
      "properties": {
        "grid_id": "TAP087",
        "site": "tapunopaka",
        "location_label": "Tapunopaka Greenfield Interior Prospect - Sulawesi Tenggara greenfield nickel laterite",
        "lithology": "peridotite_simulated",
        "slope_deg": 11.7,
        "distance_to_river_m": 2538,
        "distance_to_road_m": 4710,
        "distance_to_settlement_m": 10945,
        "legal_status": "conditional",
        "distance_to_smelter_km": 46.5,
        "area_ha": 0.31,
        "region_id": "SW",
        "fe_oxide_index": 2.186,
        "clay_index": 1.898,
        "ndvi_stress_index": 0.199,
        "tmi_structural_nT": 45131.1,
        "tmi_anomaly_nT": 131.1,
        "elevation_mdpl": 86.9,
        "geochem_assay_ratio": 2.23
      },
      "geometry": {
        "type": "Polygon",
        "coordinates": [
          [
            [
              122.14,
              -3.61
            ],
            [
              122.145,
              -3.61
            ],
            [
              122.145,
              -3.605
            ],
            [
              122.14,
              -3.605
            ],
            [
              122.14,
              -3.61
            ]
          ]
        ]
      }
    },
    {
      "type": "Feature",
      "properties": {
        "grid_id": "TAP088",
        "site": "tapunopaka",
        "location_label": "Tapunopaka Greenfield Interior Prospect - Sulawesi Tenggara greenfield nickel laterite",
        "lithology": "mafic_volcanic_simulated",
        "slope_deg": 2.9,
        "distance_to_river_m": 1726,
        "distance_to_road_m": 4253,
        "distance_to_settlement_m": 3605,
        "legal_status": "conditional",
        "distance_to_smelter_km": 44.4,
        "area_ha": 0.31,
        "region_id": "SW",
        "fe_oxide_index": 1.399,
        "clay_index": 1.451,
        "ndvi_stress_index": 0.757,
        "tmi_structural_nT": 45227.1,
        "tmi_anomaly_nT": 227.1,
        "elevation_mdpl": 167.4,
        "geochem_assay_ratio": 5.82
      },
      "geometry": {
        "type": "Polygon",
        "coordinates": [
          [
            [
              122.145,
              -3.61
            ],
            [
              122.15,
              -3.61
            ],
            [
              122.15,
              -3.605
            ],
            [
              122.145,
              -3.605
            ],
            [
              122.145,
              -3.61
            ]
          ]
        ]
      }
    },
    {
      "type": "Feature",
      "properties": {
        "grid_id": "TAP089",
        "site": "tapunopaka",
        "location_label": "Tapunopaka Greenfield Interior Prospect - Sulawesi Tenggara greenfield nickel laterite",
        "lithology": "mafic_volcanic_simulated",
        "slope_deg": 8.9,
        "distance_to_river_m": 2741,
        "distance_to_road_m": 5443,
        "distance_to_settlement_m": 10224,
        "legal_status": "conditional",
        "distance_to_smelter_km": 42.9,
        "area_ha": 0.31,
        "region_id": "SW",
        "fe_oxide_index": 1.574,
        "clay_index": 1.023,
        "ndvi_stress_index": 0.624,
        "tmi_structural_nT": 45242.6,
        "tmi_anomaly_nT": 242.6,
        "elevation_mdpl": 131.3,
        "geochem_assay_ratio": 4.08
      },
      "geometry": {
        "type": "Polygon",
        "coordinates": [
          [
            [
              122.15,
              -3.61
            ],
            [
              122.155,
              -3.61
            ],
            [
              122.155,
              -3.605
            ],
            [
              122.15,
              -3.605
            ],
            [
              122.15,
              -3.61
            ]
          ]
        ]
      }
    },
    {
      "type": "Feature",
      "properties": {
        "grid_id": "TAP090",
        "site": "tapunopaka",
        "location_label": "Tapunopaka Greenfield Interior Prospect - Sulawesi Tenggara greenfield nickel laterite",
        "lithology": "peridotite_simulated",
        "slope_deg": 5.8,
        "distance_to_river_m": 1324,
        "distance_to_road_m": 5232,
        "distance_to_settlement_m": 4160,
        "legal_status": "allowed",
        "distance_to_smelter_km": 42.2,
        "area_ha": 0.31,
        "region_id": "SW",
        "fe_oxide_index": 2.442,
        "clay_index": 2.355,
        "ndvi_stress_index": 0.203,
        "tmi_structural_nT": 45578.7,
        "tmi_anomaly_nT": 578.7,
        "elevation_mdpl": 99.8,
        "geochem_assay_ratio": 1.97
      },
      "geometry": {
        "type": "Polygon",
        "coordinates": [
          [
            [
              122.155,
              -3.61
            ],
            [
              122.16,
              -3.61
            ],
            [
              122.16,
              -3.605
            ],
            [
              122.155,
              -3.605
            ],
            [
              122.155,
              -3.61
            ]
          ]
        ]
      }
    },
    {
      "type": "Feature",
      "properties": {
        "grid_id": "TAP091",
        "site": "tapunopaka",
        "location_label": "Tapunopaka Greenfield Interior Prospect - Sulawesi Tenggara greenfield nickel laterite",
        "lithology": "peridotite_simulated",
        "slope_deg": 11.0,
        "distance_to_river_m": 458,
        "distance_to_road_m": 1246,
        "distance_to_settlement_m": 9457,
        "legal_status": "allowed",
        "distance_to_smelter_km": 42.2,
        "area_ha": 0.31,
        "region_id": "SE",
        "fe_oxide_index": 1.923,
        "clay_index": 1.628,
        "ndvi_stress_index": 0.364,
        "tmi_structural_nT": 45336.1,
        "tmi_anomaly_nT": 336.1,
        "elevation_mdpl": 166.1,
        "geochem_assay_ratio": 2.33
      },
      "geometry": {
        "type": "Polygon",
        "coordinates": [
          [
            [
              122.16,
              -3.61
            ],
            [
              122.165,
              -3.61
            ],
            [
              122.165,
              -3.605
            ],
            [
              122.16,
              -3.605
            ],
            [
              122.16,
              -3.61
            ]
          ]
        ]
      }
    },
    {
      "type": "Feature",
      "properties": {
        "grid_id": "TAP092",
        "site": "tapunopaka",
        "location_label": "Tapunopaka Greenfield Interior Prospect - Sulawesi Tenggara greenfield nickel laterite",
        "lithology": "mafic_volcanic_simulated",
        "slope_deg": 5.9,
        "distance_to_river_m": 2502,
        "distance_to_road_m": 5408,
        "distance_to_settlement_m": 8354,
        "legal_status": "allowed",
        "distance_to_smelter_km": 42.9,
        "area_ha": 0.31,
        "region_id": "SE",
        "fe_oxide_index": 1.55,
        "clay_index": 1.28,
        "ndvi_stress_index": 0.723,
        "tmi_structural_nT": 44934.8,
        "tmi_anomaly_nT": -65.2,
        "elevation_mdpl": 93.8,
        "geochem_assay_ratio": 5.5
      },
      "geometry": {
        "type": "Polygon",
        "coordinates": [
          [
            [
              122.165,
              -3.61
            ],
            [
              122.17,
              -3.61
            ],
            [
              122.17,
              -3.605
            ],
            [
              122.165,
              -3.605
            ],
            [
              122.165,
              -3.61
            ]
          ]
        ]
      }
    },
    {
      "type": "Feature",
      "properties": {
        "grid_id": "TAP093",
        "site": "tapunopaka",
        "location_label": "Tapunopaka Greenfield Interior Prospect - Sulawesi Tenggara greenfield nickel laterite",
        "lithology": "mafic_volcanic_simulated",
        "slope_deg": 8.5,
        "distance_to_river_m": 2048,
        "distance_to_road_m": 5011,
        "distance_to_settlement_m": 6471,
        "legal_status": "allowed",
        "distance_to_smelter_km": 44.4,
        "area_ha": 0.31,
        "region_id": "SE",
        "fe_oxide_index": 1.466,
        "clay_index": 1.231,
        "ndvi_stress_index": 0.772,
        "tmi_structural_nT": 44686.6,
        "tmi_anomaly_nT": -313.4,
        "elevation_mdpl": 122.0,
        "geochem_assay_ratio": 5.18
      },
      "geometry": {
        "type": "Polygon",
        "coordinates": [
          [
            [
              122.17,
              -3.61
            ],
            [
              122.175,
              -3.61
            ],
            [
              122.175,
              -3.605
            ],
            [
              122.17,
              -3.605
            ],
            [
              122.17,
              -3.61
            ]
          ]
        ]
      }
    },
    {
      "type": "Feature",
      "properties": {
        "grid_id": "TAP094",
        "site": "tapunopaka",
        "location_label": "Tapunopaka Greenfield Interior Prospect - Sulawesi Tenggara greenfield nickel laterite",
        "lithology": "mafic_volcanic_simulated",
        "slope_deg": 9.4,
        "distance_to_river_m": 1390,
        "distance_to_road_m": 2410,
        "distance_to_settlement_m": 3535,
        "legal_status": "allowed",
        "distance_to_smelter_km": 46.5,
        "area_ha": 0.31,
        "region_id": "SE",
        "fe_oxide_index": 1.303,
        "clay_index": 1.347,
        "ndvi_stress_index": 0.638,
        "tmi_structural_nT": 44859.0,
        "tmi_anomaly_nT": -141.0,
        "elevation_mdpl": 179.0,
        "geochem_assay_ratio": 5.76
      },
      "geometry": {
        "type": "Polygon",
        "coordinates": [
          [
            [
              122.175,
              -3.61
            ],
            [
              122.18,
              -3.61
            ],
            [
              122.18,
              -3.605
            ],
            [
              122.175,
              -3.605
            ],
            [
              122.175,
              -3.61
            ]
          ]
        ]
      }
    },
    {
      "type": "Feature",
      "properties": {
        "grid_id": "TAP095",
        "site": "tapunopaka",
        "location_label": "Tapunopaka Greenfield Interior Prospect - Sulawesi Tenggara greenfield nickel laterite",
        "lithology": "ultramafic_simulated",
        "slope_deg": 10.4,
        "distance_to_river_m": 2067,
        "distance_to_road_m": 3909,
        "distance_to_settlement_m": 8765,
        "legal_status": "allowed",
        "distance_to_smelter_km": 49.1,
        "area_ha": 0.31,
        "region_id": "SE",
        "fe_oxide_index": 2.803,
        "clay_index": 1.693,
        "ndvi_stress_index": 0.325,
        "tmi_structural_nT": 45468.3,
        "tmi_anomaly_nT": 468.3,
        "elevation_mdpl": 148.6,
        "geochem_assay_ratio": 2.81
      },
      "geometry": {
        "type": "Polygon",
        "coordinates": [
          [
            [
              122.18,
              -3.61
            ],
            [
              122.185,
              -3.61
            ],
            [
              122.185,
              -3.605
            ],
            [
              122.18,
              -3.605
            ],
            [
              122.18,
              -3.61
            ]
          ]
        ]
      }
    },
    {
      "type": "Feature",
      "properties": {
        "grid_id": "TAP096",
        "site": "tapunopaka",
        "location_label": "Tapunopaka Greenfield Interior Prospect - Sulawesi Tenggara greenfield nickel laterite",
        "lithology": "alluvium",
        "slope_deg": 7.4,
        "distance_to_river_m": 569,
        "distance_to_road_m": 2946,
        "distance_to_settlement_m": 7982,
        "legal_status": "allowed",
        "distance_to_smelter_km": 52.0,
        "area_ha": 0.31,
        "region_id": "SE",
        "fe_oxide_index": 1.315,
        "clay_index": 1.476,
        "ndvi_stress_index": 0.625,
        "tmi_structural_nT": 44981.8,
        "tmi_anomaly_nT": -18.2,
        "elevation_mdpl": 138.8,
        "geochem_assay_ratio": 5.38
      },
      "geometry": {
        "type": "Polygon",
        "coordinates": [
          [
            [
              122.185,
              -3.61
            ],
            [
              122.19,
              -3.61
            ],
            [
              122.19,
              -3.605
            ],
            [
              122.185,
              -3.605
            ],
            [
              122.185,
              -3.61
            ]
          ]
        ]
      }
    },
    {
      "type": "Feature",
      "properties": {
        "grid_id": "TAP097",
        "site": "tapunopaka",
        "location_label": "Tapunopaka Greenfield Interior Prospect - Sulawesi Tenggara greenfield nickel laterite",
        "lithology": "alluvium",
        "slope_deg": 11.9,
        "distance_to_river_m": 2437,
        "distance_to_road_m": 5096,
        "distance_to_settlement_m": 7902,
        "legal_status": "allowed",
        "distance_to_smelter_km": 55.3,
        "area_ha": 0.31,
        "region_id": "SE",
        "fe_oxide_index": 1.24,
        "clay_index": 1.438,
        "ndvi_stress_index": 0.644,
        "tmi_structural_nT": 44793.4,
        "tmi_anomaly_nT": -206.6,
        "elevation_mdpl": 93.4,
        "geochem_assay_ratio": 4.04
      },
      "geometry": {
        "type": "Polygon",
        "coordinates": [
          [
            [
              122.19,
              -3.61
            ],
            [
              122.195,
              -3.61
            ],
            [
              122.195,
              -3.605
            ],
            [
              122.19,
              -3.605
            ],
            [
              122.19,
              -3.61
            ]
          ]
        ]
      }
    },
    {
      "type": "Feature",
      "properties": {
        "grid_id": "TAP098",
        "site": "tapunopaka",
        "location_label": "Tapunopaka Greenfield Interior Prospect - Sulawesi Tenggara greenfield nickel laterite",
        "lithology": "alluvium",
        "slope_deg": 8.5,
        "distance_to_river_m": 1602,
        "distance_to_road_m": 3717,
        "distance_to_settlement_m": 5690,
        "legal_status": "allowed",
        "distance_to_smelter_km": 58.7,
        "area_ha": 0.31,
        "region_id": "SE",
        "fe_oxide_index": 1.656,
        "clay_index": 1.469,
        "ndvi_stress_index": 0.776,
        "tmi_structural_nT": 44821.1,
        "tmi_anomaly_nT": -178.9,
        "elevation_mdpl": 141.5,
        "geochem_assay_ratio": 5.87
      },
      "geometry": {
        "type": "Polygon",
        "coordinates": [
          [
            [
              122.195,
              -3.61
            ],
            [
              122.2,
              -3.61
            ],
            [
              122.2,
              -3.605
            ],
            [
              122.195,
              -3.605
            ],
            [
              122.195,
              -3.61
            ]
          ]
        ]
      }
    },
    {
      "type": "Feature",
      "properties": {
        "grid_id": "TAP099",
        "site": "tapunopaka",
        "location_label": "Tapunopaka Greenfield Interior Prospect - Sulawesi Tenggara greenfield nickel laterite",
        "lithology": "mafic_volcanic_simulated",
        "slope_deg": 3.6,
        "distance_to_river_m": 1862,
        "distance_to_road_m": 3952,
        "distance_to_settlement_m": 11827,
        "legal_status": "allowed",
        "distance_to_smelter_km": 62.3,
        "area_ha": 0.31,
        "region_id": "SE",
        "fe_oxide_index": 1.106,
        "clay_index": 1.385,
        "ndvi_stress_index": 0.697,
        "tmi_structural_nT": 45353.1,
        "tmi_anomaly_nT": 353.1,
        "elevation_mdpl": 87.9,
        "geochem_assay_ratio": 5.54
      },
      "geometry": {
        "type": "Polygon",
        "coordinates": [
          [
            [
              122.2,
              -3.61
            ],
            [
              122.205,
              -3.61
            ],
            [
              122.205,
              -3.605
            ],
            [
              122.2,
              -3.605
            ],
            [
              122.2,
              -3.61
            ]
          ]
        ]
      }
    },
    {
      "type": "Feature",
      "properties": {
        "grid_id": "TAP100",
        "site": "tapunopaka",
        "location_label": "Tapunopaka Greenfield Interior Prospect - Sulawesi Tenggara greenfield nickel laterite",
        "lithology": "mafic_volcanic_simulated",
        "slope_deg": 5.7,
        "distance_to_river_m": 932,
        "distance_to_road_m": 2638,
        "distance_to_settlement_m": 3606,
        "legal_status": "allowed",
        "distance_to_smelter_km": 66.0,
        "area_ha": 0.31,
        "region_id": "SE",
        "fe_oxide_index": 1.624,
        "clay_index": 1.271,
        "ndvi_stress_index": 0.663,
        "tmi_structural_nT": 44448.0,
        "tmi_anomaly_nT": -552.0,
        "elevation_mdpl": 138.4,
        "geochem_assay_ratio": 5.03
      },
      "geometry": {
        "type": "Polygon",
        "coordinates": [
          [
            [
              122.205,
              -3.61
            ],
            [
              122.21,
              -3.61
            ],
            [
              122.21,
              -3.605
            ],
            [
              122.205,
              -3.605
            ],
            [
              122.205,
              -3.61
            ]
          ]
        ]
      }
    },
    {
      "type": "Feature",
      "properties": {
        "grid_id": "TAP101",
        "site": "tapunopaka",
        "location_label": "Tapunopaka Greenfield Interior Prospect - Sulawesi Tenggara greenfield nickel laterite",
        "lithology": "alluvium",
        "slope_deg": 2.9,
        "distance_to_river_m": 1123,
        "distance_to_road_m": 1560,
        "distance_to_settlement_m": 9624,
        "legal_status": "no-go",
        "distance_to_smelter_km": 64.0,
        "area_ha": 0.31,
        "region_id": "SW",
        "fe_oxide_index": 1.171,
        "clay_index": 1.039,
        "ndvi_stress_index": 0.652,
        "tmi_structural_nT": 44903.3,
        "tmi_anomaly_nT": -96.7,
        "elevation_mdpl": 175.4,
        "geochem_assay_ratio": 4.0
      },
      "geometry": {
        "type": "Polygon",
        "coordinates": [
          [
            [
              122.11,
              -3.605
            ],
            [
              122.115,
              -3.605
            ],
            [
              122.115,
              -3.6
            ],
            [
              122.11,
              -3.6
            ],
            [
              122.11,
              -3.605
            ]
          ]
        ]
      }
    },
    {
      "type": "Feature",
      "properties": {
        "grid_id": "TAP102",
        "site": "tapunopaka",
        "location_label": "Tapunopaka Greenfield Interior Prospect - Sulawesi Tenggara greenfield nickel laterite",
        "lithology": "mafic_volcanic_simulated",
        "slope_deg": 11.5,
        "distance_to_river_m": 1129,
        "distance_to_road_m": 4120,
        "distance_to_settlement_m": 8844,
        "legal_status": "no-go",
        "distance_to_smelter_km": 60.1,
        "area_ha": 0.31,
        "region_id": "SW",
        "fe_oxide_index": 1.54,
        "clay_index": 1.435,
        "ndvi_stress_index": 0.753,
        "tmi_structural_nT": 45321.3,
        "tmi_anomaly_nT": 321.3,
        "elevation_mdpl": 165.4,
        "geochem_assay_ratio": 3.72
      },
      "geometry": {
        "type": "Polygon",
        "coordinates": [
          [
            [
              122.115,
              -3.605
            ],
            [
              122.12,
              -3.605
            ],
            [
              122.12,
              -3.6
            ],
            [
              122.115,
              -3.6
            ],
            [
              122.115,
              -3.605
            ]
          ]
        ]
      }
    },
    {
      "type": "Feature",
      "properties": {
        "grid_id": "TAP103",
        "site": "tapunopaka",
        "location_label": "Tapunopaka Greenfield Interior Prospect - Sulawesi Tenggara greenfield nickel laterite",
        "lithology": "mafic_volcanic_simulated",
        "slope_deg": 3.1,
        "distance_to_river_m": 2193,
        "distance_to_road_m": 3160,
        "distance_to_settlement_m": 4062,
        "legal_status": "no-go",
        "distance_to_smelter_km": 56.3,
        "area_ha": 0.31,
        "region_id": "SW",
        "fe_oxide_index": 1.615,
        "clay_index": 1.474,
        "ndvi_stress_index": 0.76,
        "tmi_structural_nT": 44870.6,
        "tmi_anomaly_nT": -129.4,
        "elevation_mdpl": 99.0,
        "geochem_assay_ratio": 3.94
      },
      "geometry": {
        "type": "Polygon",
        "coordinates": [
          [
            [
              122.12,
              -3.605
            ],
            [
              122.125,
              -3.605
            ],
            [
              122.125,
              -3.6
            ],
            [
              122.12,
              -3.6
            ],
            [
              122.12,
              -3.605
            ]
          ]
        ]
      }
    },
    {
      "type": "Feature",
      "properties": {
        "grid_id": "TAP104",
        "site": "tapunopaka",
        "location_label": "Tapunopaka Greenfield Interior Prospect - Sulawesi Tenggara greenfield nickel laterite",
        "lithology": "alluvium",
        "slope_deg": 7.7,
        "distance_to_river_m": 2356,
        "distance_to_road_m": 3022,
        "distance_to_settlement_m": 4803,
        "legal_status": "no-go",
        "distance_to_smelter_km": 52.6,
        "area_ha": 0.31,
        "region_id": "SW",
        "fe_oxide_index": 1.444,
        "clay_index": 1.342,
        "ndvi_stress_index": 0.667,
        "tmi_structural_nT": 44731.2,
        "tmi_anomaly_nT": -268.8,
        "elevation_mdpl": 151.0,
        "geochem_assay_ratio": 4.16
      },
      "geometry": {
        "type": "Polygon",
        "coordinates": [
          [
            [
              122.125,
              -3.605
            ],
            [
              122.13,
              -3.605
            ],
            [
              122.13,
              -3.6
            ],
            [
              122.125,
              -3.6
            ],
            [
              122.125,
              -3.605
            ]
          ]
        ]
      }
    },
    {
      "type": "Feature",
      "properties": {
        "grid_id": "TAP105",
        "site": "tapunopaka",
        "location_label": "Tapunopaka Greenfield Interior Prospect - Sulawesi Tenggara greenfield nickel laterite",
        "lithology": "alluvium",
        "slope_deg": 11.7,
        "distance_to_river_m": 518,
        "distance_to_road_m": 2994,
        "distance_to_settlement_m": 5629,
        "legal_status": "no-go",
        "distance_to_smelter_km": 49.1,
        "area_ha": 0.31,
        "region_id": "SW",
        "fe_oxide_index": 1.357,
        "clay_index": 1.093,
        "ndvi_stress_index": 0.769,
        "tmi_structural_nT": 45057.5,
        "tmi_anomaly_nT": 57.5,
        "elevation_mdpl": 86.7,
        "geochem_assay_ratio": 5.85
      },
      "geometry": {
        "type": "Polygon",
        "coordinates": [
          [
            [
              122.13,
              -3.605
            ],
            [
              122.135,
              -3.605
            ],
            [
              122.135,
              -3.6
            ],
            [
              122.13,
              -3.6
            ],
            [
              122.13,
              -3.605
            ]
          ]
        ]
      }
    },
    {
      "type": "Feature",
      "properties": {
        "grid_id": "TAP106",
        "site": "tapunopaka",
        "location_label": "Tapunopaka Greenfield Interior Prospect - Sulawesi Tenggara greenfield nickel laterite",
        "lithology": "peridotite_simulated",
        "slope_deg": 8.4,
        "distance_to_river_m": 1848,
        "distance_to_road_m": 3440,
        "distance_to_settlement_m": 4002,
        "legal_status": "conditional",
        "distance_to_smelter_km": 45.8,
        "area_ha": 0.31,
        "region_id": "SW",
        "fe_oxide_index": 2.098,
        "clay_index": 1.952,
        "ndvi_stress_index": 0.233,
        "tmi_structural_nT": 46080.5,
        "tmi_anomaly_nT": 1080.5,
        "elevation_mdpl": 110.7,
        "geochem_assay_ratio": 2.03
      },
      "geometry": {
        "type": "Polygon",
        "coordinates": [
          [
            [
              122.135,
              -3.605
            ],
            [
              122.14,
              -3.605
            ],
            [
              122.14,
              -3.6
            ],
            [
              122.135,
              -3.6
            ],
            [
              122.135,
              -3.605
            ]
          ]
        ]
      }
    },
    {
      "type": "Feature",
      "properties": {
        "grid_id": "TAP107",
        "site": "tapunopaka",
        "location_label": "Tapunopaka Greenfield Interior Prospect - Sulawesi Tenggara greenfield nickel laterite",
        "lithology": "mafic_volcanic_simulated",
        "slope_deg": 5.2,
        "distance_to_river_m": 1302,
        "distance_to_road_m": 4441,
        "distance_to_settlement_m": 11381,
        "legal_status": "conditional",
        "distance_to_smelter_km": 42.9,
        "area_ha": 0.31,
        "region_id": "SW",
        "fe_oxide_index": 1.319,
        "clay_index": 1.172,
        "ndvi_stress_index": 0.757,
        "tmi_structural_nT": 44961.4,
        "tmi_anomaly_nT": -38.6,
        "elevation_mdpl": 146.5,
        "geochem_assay_ratio": 5.43
      },
      "geometry": {
        "type": "Polygon",
        "coordinates": [
          [
            [
              122.14,
              -3.605
            ],
            [
              122.145,
              -3.605
            ],
            [
              122.145,
              -3.6
            ],
            [
              122.14,
              -3.6
            ],
            [
              122.14,
              -3.605
            ]
          ]
        ]
      }
    },
    {
      "type": "Feature",
      "properties": {
        "grid_id": "TAP108",
        "site": "tapunopaka",
        "location_label": "Tapunopaka Greenfield Interior Prospect - Sulawesi Tenggara greenfield nickel laterite",
        "lithology": "alluvium",
        "slope_deg": 8.0,
        "distance_to_river_m": 741,
        "distance_to_road_m": 4195,
        "distance_to_settlement_m": 5501,
        "legal_status": "conditional",
        "distance_to_smelter_km": 40.5,
        "area_ha": 0.31,
        "region_id": "SW",
        "fe_oxide_index": 1.105,
        "clay_index": 1.11,
        "ndvi_stress_index": 0.729,
        "tmi_structural_nT": 44931.0,
        "tmi_anomaly_nT": -69.0,
        "elevation_mdpl": 175.4,
        "geochem_assay_ratio": 5.0
      },
      "geometry": {
        "type": "Polygon",
        "coordinates": [
          [
            [
              122.145,
              -3.605
            ],
            [
              122.15,
              -3.605
            ],
            [
              122.15,
              -3.6
            ],
            [
              122.145,
              -3.6
            ],
            [
              122.145,
              -3.605
            ]
          ]
        ]
      }
    },
    {
      "type": "Feature",
      "properties": {
        "grid_id": "TAP109",
        "site": "tapunopaka",
        "location_label": "Tapunopaka Greenfield Interior Prospect - Sulawesi Tenggara greenfield nickel laterite",
        "lithology": "mafic_volcanic_simulated",
        "slope_deg": 4.6,
        "distance_to_river_m": 2671,
        "distance_to_road_m": 4761,
        "distance_to_settlement_m": 8480,
        "legal_status": "allowed",
        "distance_to_smelter_km": 38.8,
        "area_ha": 0.31,
        "region_id": "SW",
        "fe_oxide_index": 1.288,
        "clay_index": 1.441,
        "ndvi_stress_index": 0.55,
        "tmi_structural_nT": 45086.6,
        "tmi_anomaly_nT": 86.6,
        "elevation_mdpl": 159.2,
        "geochem_assay_ratio": 3.95
      },
      "geometry": {
        "type": "Polygon",
        "coordinates": [
          [
            [
              122.15,
              -3.605
            ],
            [
              122.155,
              -3.605
            ],
            [
              122.155,
              -3.6
            ],
            [
              122.15,
              -3.6
            ],
            [
              122.15,
              -3.605
            ]
          ]
        ]
      }
    },
    {
      "type": "Feature",
      "properties": {
        "grid_id": "TAP110",
        "site": "tapunopaka",
        "location_label": "Tapunopaka Greenfield Interior Prospect - Sulawesi Tenggara greenfield nickel laterite",
        "lithology": "serpentinite_simulated",
        "slope_deg": 9.6,
        "distance_to_river_m": 733,
        "distance_to_road_m": 1346,
        "distance_to_settlement_m": 5144,
        "legal_status": "allowed",
        "distance_to_smelter_km": 37.8,
        "area_ha": 0.31,
        "region_id": "SW",
        "fe_oxide_index": 1.81,
        "clay_index": 1.652,
        "ndvi_stress_index": 0.25,
        "tmi_structural_nT": 45149.5,
        "tmi_anomaly_nT": 149.5,
        "elevation_mdpl": 134.2,
        "geochem_assay_ratio": 2.47
      },
      "geometry": {
        "type": "Polygon",
        "coordinates": [
          [
            [
              122.155,
              -3.605
            ],
            [
              122.16,
              -3.605
            ],
            [
              122.16,
              -3.6
            ],
            [
              122.155,
              -3.6
            ],
            [
              122.155,
              -3.605
            ]
          ]
        ]
      }
    },
    {
      "type": "Feature",
      "properties": {
        "grid_id": "TAP111",
        "site": "tapunopaka",
        "location_label": "Tapunopaka Greenfield Interior Prospect - Sulawesi Tenggara greenfield nickel laterite",
        "lithology": "mafic_volcanic_simulated",
        "slope_deg": 5.7,
        "distance_to_river_m": 2463,
        "distance_to_road_m": 1307,
        "distance_to_settlement_m": 3723,
        "legal_status": "allowed",
        "distance_to_smelter_km": 37.8,
        "area_ha": 0.31,
        "region_id": "SE",
        "fe_oxide_index": 1.693,
        "clay_index": 1.037,
        "ndvi_stress_index": 0.662,
        "tmi_structural_nT": 44410.5,
        "tmi_anomaly_nT": -589.5,
        "elevation_mdpl": 176.8,
        "geochem_assay_ratio": 4.27
      },
      "geometry": {
        "type": "Polygon",
        "coordinates": [
          [
            [
              122.16,
              -3.605
            ],
            [
              122.165,
              -3.605
            ],
            [
              122.165,
              -3.6
            ],
            [
              122.16,
              -3.6
            ],
            [
              122.16,
              -3.605
            ]
          ]
        ]
      }
    },
    {
      "type": "Feature",
      "properties": {
        "grid_id": "TAP112",
        "site": "tapunopaka",
        "location_label": "Tapunopaka Greenfield Interior Prospect - Sulawesi Tenggara greenfield nickel laterite",
        "lithology": "alluvium",
        "slope_deg": 6.7,
        "distance_to_river_m": 700,
        "distance_to_road_m": 4210,
        "distance_to_settlement_m": 8616,
        "legal_status": "allowed",
        "distance_to_smelter_km": 38.8,
        "area_ha": 0.31,
        "region_id": "SE",
        "fe_oxide_index": 1.414,
        "clay_index": 1.225,
        "ndvi_stress_index": 0.564,
        "tmi_structural_nT": 45169.4,
        "tmi_anomaly_nT": 169.4,
        "elevation_mdpl": 157.2,
        "geochem_assay_ratio": 4.06
      },
      "geometry": {
        "type": "Polygon",
        "coordinates": [
          [
            [
              122.165,
              -3.605
            ],
            [
              122.17,
              -3.605
            ],
            [
              122.17,
              -3.6
            ],
            [
              122.165,
              -3.6
            ],
            [
              122.165,
              -3.605
            ]
          ]
        ]
      }
    },
    {
      "type": "Feature",
      "properties": {
        "grid_id": "TAP113",
        "site": "tapunopaka",
        "location_label": "Tapunopaka Greenfield Interior Prospect - Sulawesi Tenggara greenfield nickel laterite",
        "lithology": "mafic_volcanic_simulated",
        "slope_deg": 11.3,
        "distance_to_river_m": 440,
        "distance_to_road_m": 1542,
        "distance_to_settlement_m": 8678,
        "legal_status": "allowed",
        "distance_to_smelter_km": 40.5,
        "area_ha": 0.31,
        "region_id": "SE",
        "fe_oxide_index": 1.616,
        "clay_index": 1.22,
        "ndvi_stress_index": 0.767,
        "tmi_structural_nT": 44640.2,
        "tmi_anomaly_nT": -359.8,
        "elevation_mdpl": 172.0,
        "geochem_assay_ratio": 4.19
      },
      "geometry": {
        "type": "Polygon",
        "coordinates": [
          [
            [
              122.17,
              -3.605
            ],
            [
              122.175,
              -3.605
            ],
            [
              122.175,
              -3.6
            ],
            [
              122.17,
              -3.6
            ],
            [
              122.17,
              -3.605
            ]
          ]
        ]
      }
    },
    {
      "type": "Feature",
      "properties": {
        "grid_id": "TAP114",
        "site": "tapunopaka",
        "location_label": "Tapunopaka Greenfield Interior Prospect - Sulawesi Tenggara greenfield nickel laterite",
        "lithology": "alluvium",
        "slope_deg": 9.2,
        "distance_to_river_m": 1659,
        "distance_to_road_m": 1825,
        "distance_to_settlement_m": 6351,
        "legal_status": "allowed",
        "distance_to_smelter_km": 42.9,
        "area_ha": 0.31,
        "region_id": "SE",
        "fe_oxide_index": 1.13,
        "clay_index": 1.432,
        "ndvi_stress_index": 0.6,
        "tmi_structural_nT": 45359.2,
        "tmi_anomaly_nT": 359.2,
        "elevation_mdpl": 124.4,
        "geochem_assay_ratio": 5.91
      },
      "geometry": {
        "type": "Polygon",
        "coordinates": [
          [
            [
              122.175,
              -3.605
            ],
            [
              122.18,
              -3.605
            ],
            [
              122.18,
              -3.6
            ],
            [
              122.175,
              -3.6
            ],
            [
              122.175,
              -3.605
            ]
          ]
        ]
      }
    },
    {
      "type": "Feature",
      "properties": {
        "grid_id": "TAP115",
        "site": "tapunopaka",
        "location_label": "Tapunopaka Greenfield Interior Prospect - Sulawesi Tenggara greenfield nickel laterite",
        "lithology": "alluvium",
        "slope_deg": 6.4,
        "distance_to_river_m": 1782,
        "distance_to_road_m": 5371,
        "distance_to_settlement_m": 10176,
        "legal_status": "allowed",
        "distance_to_smelter_km": 45.8,
        "area_ha": 0.31,
        "region_id": "SE",
        "fe_oxide_index": 1.615,
        "clay_index": 1.393,
        "ndvi_stress_index": 0.741,
        "tmi_structural_nT": 45000.3,
        "tmi_anomaly_nT": 0.3,
        "elevation_mdpl": 123.5,
        "geochem_assay_ratio": 3.88
      },
      "geometry": {
        "type": "Polygon",
        "coordinates": [
          [
            [
              122.18,
              -3.605
            ],
            [
              122.185,
              -3.605
            ],
            [
              122.185,
              -3.6
            ],
            [
              122.18,
              -3.6
            ],
            [
              122.18,
              -3.605
            ]
          ]
        ]
      }
    },
    {
      "type": "Feature",
      "properties": {
        "grid_id": "TAP116",
        "site": "tapunopaka",
        "location_label": "Tapunopaka Greenfield Interior Prospect - Sulawesi Tenggara greenfield nickel laterite",
        "lithology": "alluvium",
        "slope_deg": 6.9,
        "distance_to_river_m": 1939,
        "distance_to_road_m": 1259,
        "distance_to_settlement_m": 11822,
        "legal_status": "allowed",
        "distance_to_smelter_km": 49.1,
        "area_ha": 0.31,
        "region_id": "SE",
        "fe_oxide_index": 1.281,
        "clay_index": 1.018,
        "ndvi_stress_index": 0.524,
        "tmi_structural_nT": 44696.4,
        "tmi_anomaly_nT": -303.6,
        "elevation_mdpl": 132.4,
        "geochem_assay_ratio": 3.74
      },
      "geometry": {
        "type": "Polygon",
        "coordinates": [
          [
            [
              122.185,
              -3.605
            ],
            [
              122.19,
              -3.605
            ],
            [
              122.19,
              -3.6
            ],
            [
              122.185,
              -3.6
            ],
            [
              122.185,
              -3.605
            ]
          ]
        ]
      }
    },
    {
      "type": "Feature",
      "properties": {
        "grid_id": "TAP117",
        "site": "tapunopaka",
        "location_label": "Tapunopaka Greenfield Interior Prospect - Sulawesi Tenggara greenfield nickel laterite",
        "lithology": "alluvium",
        "slope_deg": 11.4,
        "distance_to_river_m": 1566,
        "distance_to_road_m": 3254,
        "distance_to_settlement_m": 5421,
        "legal_status": "allowed",
        "distance_to_smelter_km": 52.6,
        "area_ha": 0.31,
        "region_id": "SE",
        "fe_oxide_index": 1.115,
        "clay_index": 1.226,
        "ndvi_stress_index": 0.695,
        "tmi_structural_nT": 44694.2,
        "tmi_anomaly_nT": -305.8,
        "elevation_mdpl": 121.8,
        "geochem_assay_ratio": 4.07
      },
      "geometry": {
        "type": "Polygon",
        "coordinates": [
          [
            [
              122.19,
              -3.605
            ],
            [
              122.195,
              -3.605
            ],
            [
              122.195,
              -3.6
            ],
            [
              122.19,
              -3.6
            ],
            [
              122.19,
              -3.605
            ]
          ]
        ]
      }
    },
    {
      "type": "Feature",
      "properties": {
        "grid_id": "TAP118",
        "site": "tapunopaka",
        "location_label": "Tapunopaka Greenfield Interior Prospect - Sulawesi Tenggara greenfield nickel laterite",
        "lithology": "mafic_volcanic_simulated",
        "slope_deg": 5.0,
        "distance_to_river_m": 2345,
        "distance_to_road_m": 2103,
        "distance_to_settlement_m": 6977,
        "legal_status": "allowed",
        "distance_to_smelter_km": 56.3,
        "area_ha": 0.31,
        "region_id": "SE",
        "fe_oxide_index": 1.195,
        "clay_index": 1.047,
        "ndvi_stress_index": 0.729,
        "tmi_structural_nT": 45267.0,
        "tmi_anomaly_nT": 267.0,
        "elevation_mdpl": 127.7,
        "geochem_assay_ratio": 5.14
      },
      "geometry": {
        "type": "Polygon",
        "coordinates": [
          [
            [
              122.195,
              -3.605
            ],
            [
              122.2,
              -3.605
            ],
            [
              122.2,
              -3.6
            ],
            [
              122.195,
              -3.6
            ],
            [
              122.195,
              -3.605
            ]
          ]
        ]
      }
    },
    {
      "type": "Feature",
      "properties": {
        "grid_id": "TAP119",
        "site": "tapunopaka",
        "location_label": "Tapunopaka Greenfield Interior Prospect - Sulawesi Tenggara greenfield nickel laterite",
        "lithology": "alluvium",
        "slope_deg": 4.3,
        "distance_to_river_m": 897,
        "distance_to_road_m": 2826,
        "distance_to_settlement_m": 5148,
        "legal_status": "allowed",
        "distance_to_smelter_km": 60.1,
        "area_ha": 0.31,
        "region_id": "SE",
        "fe_oxide_index": 1.522,
        "clay_index": 1.477,
        "ndvi_stress_index": 0.685,
        "tmi_structural_nT": 45355.2,
        "tmi_anomaly_nT": 355.2,
        "elevation_mdpl": 139.7,
        "geochem_assay_ratio": 4.02
      },
      "geometry": {
        "type": "Polygon",
        "coordinates": [
          [
            [
              122.2,
              -3.605
            ],
            [
              122.205,
              -3.605
            ],
            [
              122.205,
              -3.6
            ],
            [
              122.2,
              -3.6
            ],
            [
              122.2,
              -3.605
            ]
          ]
        ]
      }
    },
    {
      "type": "Feature",
      "properties": {
        "grid_id": "TAP120",
        "site": "tapunopaka",
        "location_label": "Tapunopaka Greenfield Interior Prospect - Sulawesi Tenggara greenfield nickel laterite",
        "lithology": "alluvium",
        "slope_deg": 9.3,
        "distance_to_river_m": 1960,
        "distance_to_road_m": 3425,
        "distance_to_settlement_m": 10068,
        "legal_status": "allowed",
        "distance_to_smelter_km": 64.0,
        "area_ha": 0.31,
        "region_id": "SE",
        "fe_oxide_index": 1.627,
        "clay_index": 1.06,
        "ndvi_stress_index": 0.66,
        "tmi_structural_nT": 45085.1,
        "tmi_anomaly_nT": 85.1,
        "elevation_mdpl": 81.5,
        "geochem_assay_ratio": 4.84
      },
      "geometry": {
        "type": "Polygon",
        "coordinates": [
          [
            [
              122.205,
              -3.605
            ],
            [
              122.21,
              -3.605
            ],
            [
              122.21,
              -3.6
            ],
            [
              122.205,
              -3.6
            ],
            [
              122.205,
              -3.605
            ]
          ]
        ]
      }
    },
    {
      "type": "Feature",
      "properties": {
        "grid_id": "TAP121",
        "site": "tapunopaka",
        "location_label": "Tapunopaka Greenfield Interior Prospect - Sulawesi Tenggara greenfield nickel laterite",
        "lithology": "serpentinite_simulated",
        "slope_deg": 9.3,
        "distance_to_river_m": 1149,
        "distance_to_road_m": 4780,
        "distance_to_settlement_m": 8014,
        "legal_status": "no-go",
        "distance_to_smelter_km": 62.3,
        "area_ha": 0.31,
        "region_id": "SW",
        "fe_oxide_index": 2.618,
        "clay_index": 2.078,
        "ndvi_stress_index": 0.225,
        "tmi_structural_nT": 45317.9,
        "tmi_anomaly_nT": 317.9,
        "elevation_mdpl": 103.9,
        "geochem_assay_ratio": 2.24
      },
      "geometry": {
        "type": "Polygon",
        "coordinates": [
          [
            [
              122.11,
              -3.6
            ],
            [
              122.115,
              -3.6
            ],
            [
              122.115,
              -3.595
            ],
            [
              122.11,
              -3.595
            ],
            [
              122.11,
              -3.6
            ]
          ]
        ]
      }
    },
    {
      "type": "Feature",
      "properties": {
        "grid_id": "TAP122",
        "site": "tapunopaka",
        "location_label": "Tapunopaka Greenfield Interior Prospect - Sulawesi Tenggara greenfield nickel laterite",
        "lithology": "alluvium",
        "slope_deg": 3.4,
        "distance_to_river_m": 314,
        "distance_to_road_m": 2750,
        "distance_to_settlement_m": 11391,
        "legal_status": "no-go",
        "distance_to_smelter_km": 58.2,
        "area_ha": 0.31,
        "region_id": "SW",
        "fe_oxide_index": 1.118,
        "clay_index": 1.471,
        "ndvi_stress_index": 0.565,
        "tmi_structural_nT": 45285.6,
        "tmi_anomaly_nT": 285.6,
        "elevation_mdpl": 149.4,
        "geochem_assay_ratio": 3.63
      },
      "geometry": {
        "type": "Polygon",
        "coordinates": [
          [
            [
              122.115,
              -3.6
            ],
            [
              122.12,
              -3.6
            ],
            [
              122.12,
              -3.595
            ],
            [
              122.115,
              -3.595
            ],
            [
              122.115,
              -3.6
            ]
          ]
        ]
      }
    },
    {
      "type": "Feature",
      "properties": {
        "grid_id": "TAP123",
        "site": "tapunopaka",
        "location_label": "Tapunopaka Greenfield Interior Prospect - Sulawesi Tenggara greenfield nickel laterite",
        "lithology": "mafic_volcanic_simulated",
        "slope_deg": 11.4,
        "distance_to_river_m": 2751,
        "distance_to_road_m": 3706,
        "distance_to_settlement_m": 6106,
        "legal_status": "no-go",
        "distance_to_smelter_km": 54.2,
        "area_ha": 0.31,
        "region_id": "SW",
        "fe_oxide_index": 1.35,
        "clay_index": 1.277,
        "ndvi_stress_index": 0.58,
        "tmi_structural_nT": 44995.0,
        "tmi_anomaly_nT": -5.0,
        "elevation_mdpl": 133.1,
        "geochem_assay_ratio": 4.23
      },
      "geometry": {
        "type": "Polygon",
        "coordinates": [
          [
            [
              122.12,
              -3.6
            ],
            [
              122.125,
              -3.6
            ],
            [
              122.125,
              -3.595
            ],
            [
              122.12,
              -3.595
            ],
            [
              122.12,
              -3.6
            ]
          ]
        ]
      }
    },
    {
      "type": "Feature",
      "properties": {
        "grid_id": "TAP124",
        "site": "tapunopaka",
        "location_label": "Tapunopaka Greenfield Interior Prospect - Sulawesi Tenggara greenfield nickel laterite",
        "lithology": "mafic_volcanic_simulated",
        "slope_deg": 7.4,
        "distance_to_river_m": 1525,
        "distance_to_road_m": 3892,
        "distance_to_settlement_m": 7265,
        "legal_status": "no-go",
        "distance_to_smelter_km": 50.3,
        "area_ha": 0.31,
        "region_id": "SW",
        "fe_oxide_index": 1.189,
        "clay_index": 1.021,
        "ndvi_stress_index": 0.746,
        "tmi_structural_nT": 44945.6,
        "tmi_anomaly_nT": -54.4,
        "elevation_mdpl": 105.8,
        "geochem_assay_ratio": 3.74
      },
      "geometry": {
        "type": "Polygon",
        "coordinates": [
          [
            [
              122.125,
              -3.6
            ],
            [
              122.13,
              -3.6
            ],
            [
              122.13,
              -3.595
            ],
            [
              122.125,
              -3.595
            ],
            [
              122.125,
              -3.6
            ]
          ]
        ]
      }
    },
    {
      "type": "Feature",
      "properties": {
        "grid_id": "TAP125",
        "site": "tapunopaka",
        "location_label": "Tapunopaka Greenfield Interior Prospect - Sulawesi Tenggara greenfield nickel laterite",
        "lithology": "mafic_volcanic_simulated",
        "slope_deg": 9.3,
        "distance_to_river_m": 1149,
        "distance_to_road_m": 4464,
        "distance_to_settlement_m": 7375,
        "legal_status": "conditional",
        "distance_to_smelter_km": 46.5,
        "area_ha": 0.31,
        "region_id": "SW",
        "fe_oxide_index": 1.602,
        "clay_index": 1.479,
        "ndvi_stress_index": 0.593,
        "tmi_structural_nT": 44901.3,
        "tmi_anomaly_nT": -98.7,
        "elevation_mdpl": 93.4,
        "geochem_assay_ratio": 4.17
      },
      "geometry": {
        "type": "Polygon",
        "coordinates": [
          [
            [
              122.13,
              -3.6
            ],
            [
              122.135,
              -3.6
            ],
            [
              122.135,
              -3.595
            ],
            [
              122.13,
              -3.595
            ],
            [
              122.13,
              -3.6
            ]
          ]
        ]
      }
    },
    {
      "type": "Feature",
      "properties": {
        "grid_id": "TAP126",
        "site": "tapunopaka",
        "location_label": "Tapunopaka Greenfield Interior Prospect - Sulawesi Tenggara greenfield nickel laterite",
        "lithology": "mafic_volcanic_simulated",
        "slope_deg": 7.0,
        "distance_to_river_m": 2620,
        "distance_to_road_m": 4246,
        "distance_to_settlement_m": 9113,
        "legal_status": "conditional",
        "distance_to_smelter_km": 42.9,
        "area_ha": 0.31,
        "region_id": "SW",
        "fe_oxide_index": 1.483,
        "clay_index": 1.478,
        "ndvi_stress_index": 0.584,
        "tmi_structural_nT": 44491.7,
        "tmi_anomaly_nT": -508.3,
        "elevation_mdpl": 156.8,
        "geochem_assay_ratio": 5.97
      },
      "geometry": {
        "type": "Polygon",
        "coordinates": [
          [
            [
              122.135,
              -3.6
            ],
            [
              122.14,
              -3.6
            ],
            [
              122.14,
              -3.595
            ],
            [
              122.135,
              -3.595
            ],
            [
              122.135,
              -3.6
            ]
          ]
        ]
      }
    },
    {
      "type": "Feature",
      "properties": {
        "grid_id": "TAP127",
        "site": "tapunopaka",
        "location_label": "Tapunopaka Greenfield Interior Prospect - Sulawesi Tenggara greenfield nickel laterite",
        "lithology": "alluvium",
        "slope_deg": 3.4,
        "distance_to_river_m": 961,
        "distance_to_road_m": 4140,
        "distance_to_settlement_m": 11072,
        "legal_status": "conditional",
        "distance_to_smelter_km": 39.7,
        "area_ha": 0.31,
        "region_id": "SW",
        "fe_oxide_index": 1.212,
        "clay_index": 1.11,
        "ndvi_stress_index": 0.772,
        "tmi_structural_nT": 44781.1,
        "tmi_anomaly_nT": -218.9,
        "elevation_mdpl": 137.2,
        "geochem_assay_ratio": 4.57
      },
      "geometry": {
        "type": "Polygon",
        "coordinates": [
          [
            [
              122.14,
              -3.6
            ],
            [
              122.145,
              -3.6
            ],
            [
              122.145,
              -3.595
            ],
            [
              122.14,
              -3.595
            ],
            [
              122.14,
              -3.6
            ]
          ]
        ]
      }
    },
    {
      "type": "Feature",
      "properties": {
        "grid_id": "TAP128",
        "site": "tapunopaka",
        "location_label": "Tapunopaka Greenfield Interior Prospect - Sulawesi Tenggara greenfield nickel laterite",
        "lithology": "serpentinite_simulated",
        "slope_deg": 6.3,
        "distance_to_river_m": 2336,
        "distance_to_road_m": 4751,
        "distance_to_settlement_m": 7931,
        "legal_status": "conditional",
        "distance_to_smelter_km": 36.8,
        "area_ha": 0.31,
        "region_id": "SW",
        "fe_oxide_index": 2.028,
        "clay_index": 1.728,
        "ndvi_stress_index": 0.253,
        "tmi_structural_nT": 45879.8,
        "tmi_anomaly_nT": 879.8,
        "elevation_mdpl": 150.5,
        "geochem_assay_ratio": 3.08
      },
      "geometry": {
        "type": "Polygon",
        "coordinates": [
          [
            [
              122.145,
              -3.6
            ],
            [
              122.15,
              -3.6
            ],
            [
              122.15,
              -3.595
            ],
            [
              122.145,
              -3.595
            ],
            [
              122.145,
              -3.6
            ]
          ]
        ]
      }
    },
    {
      "type": "Feature",
      "properties": {
        "grid_id": "TAP129",
        "site": "tapunopaka",
        "location_label": "Tapunopaka Greenfield Interior Prospect - Sulawesi Tenggara greenfield nickel laterite",
        "lithology": "mafic_volcanic_simulated",
        "slope_deg": 5.8,
        "distance_to_river_m": 2113,
        "distance_to_road_m": 1731,
        "distance_to_settlement_m": 9557,
        "legal_status": "allowed",
        "distance_to_smelter_km": 34.7,
        "area_ha": 0.31,
        "region_id": "SW",
        "fe_oxide_index": 1.672,
        "clay_index": 1.467,
        "ndvi_stress_index": 0.669,
        "tmi_structural_nT": 45008.4,
        "tmi_anomaly_nT": 8.4,
        "elevation_mdpl": 122.2,
        "geochem_assay_ratio": 4.96
      },
      "geometry": {
        "type": "Polygon",
        "coordinates": [
          [
            [
              122.15,
              -3.6
            ],
            [
              122.155,
              -3.6
            ],
            [
              122.155,
              -3.595
            ],
            [
              122.15,
              -3.595
            ],
            [
              122.15,
              -3.6
            ]
          ]
        ]
      }
    },
    {
      "type": "Feature",
      "properties": {
        "grid_id": "TAP130",
        "site": "tapunopaka",
        "location_label": "Tapunopaka Greenfield Interior Prospect - Sulawesi Tenggara greenfield nickel laterite",
        "lithology": "mafic_volcanic_simulated",
        "slope_deg": 9.9,
        "distance_to_river_m": 2453,
        "distance_to_road_m": 3947,
        "distance_to_settlement_m": 5518,
        "legal_status": "allowed",
        "distance_to_smelter_km": 33.5,
        "area_ha": 0.31,
        "region_id": "SW",
        "fe_oxide_index": 1.364,
        "clay_index": 1.456,
        "ndvi_stress_index": 0.642,
        "tmi_structural_nT": 44796.1,
        "tmi_anomaly_nT": -203.9,
        "elevation_mdpl": 176.8,
        "geochem_assay_ratio": 4.9
      },
      "geometry": {
        "type": "Polygon",
        "coordinates": [
          [
            [
              122.155,
              -3.6
            ],
            [
              122.16,
              -3.6
            ],
            [
              122.16,
              -3.595
            ],
            [
              122.155,
              -3.595
            ],
            [
              122.155,
              -3.6
            ]
          ]
        ]
      }
    },
    {
      "type": "Feature",
      "properties": {
        "grid_id": "TAP131",
        "site": "tapunopaka",
        "location_label": "Tapunopaka Greenfield Interior Prospect - Sulawesi Tenggara greenfield nickel laterite",
        "lithology": "mafic_volcanic_simulated",
        "slope_deg": 7.8,
        "distance_to_river_m": 1554,
        "distance_to_road_m": 3660,
        "distance_to_settlement_m": 11309,
        "legal_status": "allowed",
        "distance_to_smelter_km": 33.5,
        "area_ha": 0.31,
        "region_id": "SE",
        "fe_oxide_index": 1.617,
        "clay_index": 1.43,
        "ndvi_stress_index": 0.564,
        "tmi_structural_nT": 44726.8,
        "tmi_anomaly_nT": -273.2,
        "elevation_mdpl": 83.6,
        "geochem_assay_ratio": 3.75
      },
      "geometry": {
        "type": "Polygon",
        "coordinates": [
          [
            [
              122.16,
              -3.6
            ],
            [
              122.165,
              -3.6
            ],
            [
              122.165,
              -3.595
            ],
            [
              122.16,
              -3.595
            ],
            [
              122.16,
              -3.6
            ]
          ]
        ]
      }
    },
    {
      "type": "Feature",
      "properties": {
        "grid_id": "TAP132",
        "site": "tapunopaka",
        "location_label": "Tapunopaka Greenfield Interior Prospect - Sulawesi Tenggara greenfield nickel laterite",
        "lithology": "mafic_volcanic_simulated",
        "slope_deg": 11.8,
        "distance_to_river_m": 965,
        "distance_to_road_m": 1272,
        "distance_to_settlement_m": 9381,
        "legal_status": "allowed",
        "distance_to_smelter_km": 34.7,
        "area_ha": 0.31,
        "region_id": "SE",
        "fe_oxide_index": 1.278,
        "clay_index": 1.106,
        "ndvi_stress_index": 0.612,
        "tmi_structural_nT": 44901.2,
        "tmi_anomaly_nT": -98.8,
        "elevation_mdpl": 114.6,
        "geochem_assay_ratio": 3.67
      },
      "geometry": {
        "type": "Polygon",
        "coordinates": [
          [
            [
              122.165,
              -3.6
            ],
            [
              122.17,
              -3.6
            ],
            [
              122.17,
              -3.595
            ],
            [
              122.165,
              -3.595
            ],
            [
              122.165,
              -3.6
            ]
          ]
        ]
      }
    },
    {
      "type": "Feature",
      "properties": {
        "grid_id": "TAP133",
        "site": "tapunopaka",
        "location_label": "Tapunopaka Greenfield Interior Prospect - Sulawesi Tenggara greenfield nickel laterite",
        "lithology": "serpentinite_simulated",
        "slope_deg": 10.6,
        "distance_to_river_m": 2375,
        "distance_to_road_m": 2806,
        "distance_to_settlement_m": 10125,
        "legal_status": "allowed",
        "distance_to_smelter_km": 36.8,
        "area_ha": 0.31,
        "region_id": "SE",
        "fe_oxide_index": 2.577,
        "clay_index": 2.335,
        "ndvi_stress_index": 0.33,
        "tmi_structural_nT": 45609.1,
        "tmi_anomaly_nT": 609.1,
        "elevation_mdpl": 168.0,
        "geochem_assay_ratio": 3.09
      },
      "geometry": {
        "type": "Polygon",
        "coordinates": [
          [
            [
              122.17,
              -3.6
            ],
            [
              122.175,
              -3.6
            ],
            [
              122.175,
              -3.595
            ],
            [
              122.17,
              -3.595
            ],
            [
              122.17,
              -3.6
            ]
          ]
        ]
      }
    },
    {
      "type": "Feature",
      "properties": {
        "grid_id": "TAP134",
        "site": "tapunopaka",
        "location_label": "Tapunopaka Greenfield Interior Prospect - Sulawesi Tenggara greenfield nickel laterite",
        "lithology": "mafic_volcanic_simulated",
        "slope_deg": 4.9,
        "distance_to_river_m": 508,
        "distance_to_road_m": 4538,
        "distance_to_settlement_m": 8050,
        "legal_status": "allowed",
        "distance_to_smelter_km": 39.7,
        "area_ha": 0.31,
        "region_id": "SE",
        "fe_oxide_index": 1.476,
        "clay_index": 1.34,
        "ndvi_stress_index": 0.686,
        "tmi_structural_nT": 44586.3,
        "tmi_anomaly_nT": -413.7,
        "elevation_mdpl": 86.6,
        "geochem_assay_ratio": 4.16
      },
      "geometry": {
        "type": "Polygon",
        "coordinates": [
          [
            [
              122.175,
              -3.6
            ],
            [
              122.18,
              -3.6
            ],
            [
              122.18,
              -3.595
            ],
            [
              122.175,
              -3.595
            ],
            [
              122.175,
              -3.6
            ]
          ]
        ]
      }
    },
    {
      "type": "Feature",
      "properties": {
        "grid_id": "TAP135",
        "site": "tapunopaka",
        "location_label": "Tapunopaka Greenfield Interior Prospect - Sulawesi Tenggara greenfield nickel laterite",
        "lithology": "alluvium",
        "slope_deg": 6.3,
        "distance_to_river_m": 2189,
        "distance_to_road_m": 4256,
        "distance_to_settlement_m": 6224,
        "legal_status": "allowed",
        "distance_to_smelter_km": 42.9,
        "area_ha": 0.31,
        "region_id": "SE",
        "fe_oxide_index": 1.219,
        "clay_index": 1.138,
        "ndvi_stress_index": 0.632,
        "tmi_structural_nT": 45354.4,
        "tmi_anomaly_nT": 354.4,
        "elevation_mdpl": 153.7,
        "geochem_assay_ratio": 5.86
      },
      "geometry": {
        "type": "Polygon",
        "coordinates": [
          [
            [
              122.18,
              -3.6
            ],
            [
              122.185,
              -3.6
            ],
            [
              122.185,
              -3.595
            ],
            [
              122.18,
              -3.595
            ],
            [
              122.18,
              -3.6
            ]
          ]
        ]
      }
    },
    {
      "type": "Feature",
      "properties": {
        "grid_id": "TAP136",
        "site": "tapunopaka",
        "location_label": "Tapunopaka Greenfield Interior Prospect - Sulawesi Tenggara greenfield nickel laterite",
        "lithology": "mafic_volcanic_simulated",
        "slope_deg": 3.6,
        "distance_to_river_m": 361,
        "distance_to_road_m": 3956,
        "distance_to_settlement_m": 8515,
        "legal_status": "allowed",
        "distance_to_smelter_km": 46.5,
        "area_ha": 0.31,
        "region_id": "SE",
        "fe_oxide_index": 1.277,
        "clay_index": 1.073,
        "ndvi_stress_index": 0.508,
        "tmi_structural_nT": 44977.7,
        "tmi_anomaly_nT": -22.3,
        "elevation_mdpl": 146.4,
        "geochem_assay_ratio": 4.69
      },
      "geometry": {
        "type": "Polygon",
        "coordinates": [
          [
            [
              122.185,
              -3.6
            ],
            [
              122.19,
              -3.6
            ],
            [
              122.19,
              -3.595
            ],
            [
              122.185,
              -3.595
            ],
            [
              122.185,
              -3.6
            ]
          ]
        ]
      }
    },
    {
      "type": "Feature",
      "properties": {
        "grid_id": "TAP137",
        "site": "tapunopaka",
        "location_label": "Tapunopaka Greenfield Interior Prospect - Sulawesi Tenggara greenfield nickel laterite",
        "lithology": "alluvium",
        "slope_deg": 10.7,
        "distance_to_river_m": 2358,
        "distance_to_road_m": 4113,
        "distance_to_settlement_m": 3995,
        "legal_status": "allowed",
        "distance_to_smelter_km": 50.3,
        "area_ha": 0.31,
        "region_id": "SE",
        "fe_oxide_index": 1.638,
        "clay_index": 1.117,
        "ndvi_stress_index": 0.725,
        "tmi_structural_nT": 45297.0,
        "tmi_anomaly_nT": 297.0,
        "elevation_mdpl": 135.7,
        "geochem_assay_ratio": 4.43
      },
      "geometry": {
        "type": "Polygon",
        "coordinates": [
          [
            [
              122.19,
              -3.6
            ],
            [
              122.195,
              -3.6
            ],
            [
              122.195,
              -3.595
            ],
            [
              122.19,
              -3.595
            ],
            [
              122.19,
              -3.6
            ]
          ]
        ]
      }
    },
    {
      "type": "Feature",
      "properties": {
        "grid_id": "TAP138",
        "site": "tapunopaka",
        "location_label": "Tapunopaka Greenfield Interior Prospect - Sulawesi Tenggara greenfield nickel laterite",
        "lithology": "mafic_volcanic_simulated",
        "slope_deg": 9.7,
        "distance_to_river_m": 1781,
        "distance_to_road_m": 2415,
        "distance_to_settlement_m": 6924,
        "legal_status": "allowed",
        "distance_to_smelter_km": 54.2,
        "area_ha": 0.31,
        "region_id": "SE",
        "fe_oxide_index": 1.191,
        "clay_index": 1.254,
        "ndvi_stress_index": 0.557,
        "tmi_structural_nT": 45260.4,
        "tmi_anomaly_nT": 260.4,
        "elevation_mdpl": 155.7,
        "geochem_assay_ratio": 5.63
      },
      "geometry": {
        "type": "Polygon",
        "coordinates": [
          [
            [
              122.195,
              -3.6
            ],
            [
              122.2,
              -3.6
            ],
            [
              122.2,
              -3.595
            ],
            [
              122.195,
              -3.595
            ],
            [
              122.195,
              -3.6
            ]
          ]
        ]
      }
    },
    {
      "type": "Feature",
      "properties": {
        "grid_id": "TAP139",
        "site": "tapunopaka",
        "location_label": "Tapunopaka Greenfield Interior Prospect - Sulawesi Tenggara greenfield nickel laterite",
        "lithology": "peridotite_simulated",
        "slope_deg": 3.1,
        "distance_to_river_m": 610,
        "distance_to_road_m": 2331,
        "distance_to_settlement_m": 7939,
        "legal_status": "allowed",
        "distance_to_smelter_km": 58.2,
        "area_ha": 0.31,
        "region_id": "SE",
        "fe_oxide_index": 2.26,
        "clay_index": 1.762,
        "ndvi_stress_index": 0.215,
        "tmi_structural_nT": 45864.9,
        "tmi_anomaly_nT": 864.9,
        "elevation_mdpl": 140.9,
        "geochem_assay_ratio": 2.81
      },
      "geometry": {
        "type": "Polygon",
        "coordinates": [
          [
            [
              122.2,
              -3.6
            ],
            [
              122.205,
              -3.6
            ],
            [
              122.205,
              -3.595
            ],
            [
              122.2,
              -3.595
            ],
            [
              122.2,
              -3.6
            ]
          ]
        ]
      }
    },
    {
      "type": "Feature",
      "properties": {
        "grid_id": "TAP140",
        "site": "tapunopaka",
        "location_label": "Tapunopaka Greenfield Interior Prospect - Sulawesi Tenggara greenfield nickel laterite",
        "lithology": "mafic_volcanic_simulated",
        "slope_deg": 8.5,
        "distance_to_river_m": 2454,
        "distance_to_road_m": 2992,
        "distance_to_settlement_m": 5736,
        "legal_status": "allowed",
        "distance_to_smelter_km": 62.3,
        "area_ha": 0.31,
        "region_id": "SE",
        "fe_oxide_index": 1.45,
        "clay_index": 1.369,
        "ndvi_stress_index": 0.556,
        "tmi_structural_nT": 44502.5,
        "tmi_anomaly_nT": -497.5,
        "elevation_mdpl": 121.7,
        "geochem_assay_ratio": 3.74
      },
      "geometry": {
        "type": "Polygon",
        "coordinates": [
          [
            [
              122.205,
              -3.6
            ],
            [
              122.21,
              -3.6
            ],
            [
              122.21,
              -3.595
            ],
            [
              122.205,
              -3.595
            ],
            [
              122.205,
              -3.6
            ]
          ]
        ]
      }
    },
    {
      "type": "Feature",
      "properties": {
        "grid_id": "TAP141",
        "site": "tapunopaka",
        "location_label": "Tapunopaka Greenfield Interior Prospect - Sulawesi Tenggara greenfield nickel laterite",
        "lithology": "ultramafic_simulated",
        "slope_deg": 10.6,
        "distance_to_river_m": 2694,
        "distance_to_road_m": 3503,
        "distance_to_settlement_m": 7410,
        "legal_status": "no-go",
        "distance_to_smelter_km": 61.0,
        "area_ha": 0.31,
        "region_id": "SW",
        "fe_oxide_index": 2.831,
        "clay_index": 1.812,
        "ndvi_stress_index": 0.337,
        "tmi_structural_nT": 45838.7,
        "tmi_anomaly_nT": 838.7,
        "elevation_mdpl": 163.9,
        "geochem_assay_ratio": 2.94
      },
      "geometry": {
        "type": "Polygon",
        "coordinates": [
          [
            [
              122.11,
              -3.595
            ],
            [
              122.115,
              -3.595
            ],
            [
              122.115,
              -3.59
            ],
            [
              122.11,
              -3.59
            ],
            [
              122.11,
              -3.595
            ]
          ]
        ]
      }
    },
    {
      "type": "Feature",
      "properties": {
        "grid_id": "TAP142",
        "site": "tapunopaka",
        "location_label": "Tapunopaka Greenfield Interior Prospect - Sulawesi Tenggara greenfield nickel laterite",
        "lithology": "alluvium",
        "slope_deg": 8.4,
        "distance_to_river_m": 2486,
        "distance_to_road_m": 2046,
        "distance_to_settlement_m": 8380,
        "legal_status": "no-go",
        "distance_to_smelter_km": 56.8,
        "area_ha": 0.31,
        "region_id": "SW",
        "fe_oxide_index": 1.207,
        "clay_index": 1.208,
        "ndvi_stress_index": 0.639,
        "tmi_structural_nT": 44925.7,
        "tmi_anomaly_nT": -74.3,
        "elevation_mdpl": 127.8,
        "geochem_assay_ratio": 4.91
      },
      "geometry": {
        "type": "Polygon",
        "coordinates": [
          [
            [
              122.115,
              -3.595
            ],
            [
              122.12,
              -3.595
            ],
            [
              122.12,
              -3.59
            ],
            [
              122.115,
              -3.59
            ],
            [
              122.115,
              -3.595
            ]
          ]
        ]
      }
    },
    {
      "type": "Feature",
      "properties": {
        "grid_id": "TAP143",
        "site": "tapunopaka",
        "location_label": "Tapunopaka Greenfield Interior Prospect - Sulawesi Tenggara greenfield nickel laterite",
        "lithology": "mafic_volcanic_simulated",
        "slope_deg": 2.9,
        "distance_to_river_m": 1167,
        "distance_to_road_m": 3480,
        "distance_to_settlement_m": 7094,
        "legal_status": "no-go",
        "distance_to_smelter_km": 52.6,
        "area_ha": 0.31,
        "region_id": "SW",
        "fe_oxide_index": 1.574,
        "clay_index": 1.459,
        "ndvi_stress_index": 0.758,
        "tmi_structural_nT": 44567.8,
        "tmi_anomaly_nT": -432.2,
        "elevation_mdpl": 168.8,
        "geochem_assay_ratio": 5.2
      },
      "geometry": {
        "type": "Polygon",
        "coordinates": [
          [
            [
              122.12,
              -3.595
            ],
            [
              122.125,
              -3.595
            ],
            [
              122.125,
              -3.59
            ],
            [
              122.12,
              -3.59
            ],
            [
              122.12,
              -3.595
            ]
          ]
        ]
      }
    },
    {
      "type": "Feature",
      "properties": {
        "grid_id": "TAP144",
        "site": "tapunopaka",
        "location_label": "Tapunopaka Greenfield Interior Prospect - Sulawesi Tenggara greenfield nickel laterite",
        "lithology": "serpentinite_simulated",
        "slope_deg": 11.2,
        "distance_to_river_m": 1762,
        "distance_to_road_m": 3781,
        "distance_to_settlement_m": 4011,
        "legal_status": "conditional",
        "distance_to_smelter_km": 48.5,
        "area_ha": 0.31,
        "region_id": "SW",
        "fe_oxide_index": 2.644,
        "clay_index": 2.327,
        "ndvi_stress_index": 0.183,
        "tmi_structural_nT": 45925.9,
        "tmi_anomaly_nT": 925.9,
        "elevation_mdpl": 115.4,
        "geochem_assay_ratio": 2.0
      },
      "geometry": {
        "type": "Polygon",
        "coordinates": [
          [
            [
              122.125,
              -3.595
            ],
            [
              122.13,
              -3.595
            ],
            [
              122.13,
              -3.59
            ],
            [
              122.125,
              -3.59
            ],
            [
              122.125,
              -3.595
            ]
          ]
        ]
      }
    },
    {
      "type": "Feature",
      "properties": {
        "grid_id": "TAP145",
        "site": "tapunopaka",
        "location_label": "Tapunopaka Greenfield Interior Prospect - Sulawesi Tenggara greenfield nickel laterite",
        "lithology": "alluvium",
        "slope_deg": 9.4,
        "distance_to_river_m": 2496,
        "distance_to_road_m": 5128,
        "distance_to_settlement_m": 11553,
        "legal_status": "allowed",
        "distance_to_smelter_km": 44.4,
        "area_ha": 0.31,
        "region_id": "SW",
        "fe_oxide_index": 1.138,
        "clay_index": 1.186,
        "ndvi_stress_index": 0.727,
        "tmi_structural_nT": 45372.5,
        "tmi_anomaly_nT": 372.5,
        "elevation_mdpl": 124.0,
        "geochem_assay_ratio": 4.63
      },
      "geometry": {
        "type": "Polygon",
        "coordinates": [
          [
            [
              122.13,
              -3.595
            ],
            [
              122.135,
              -3.595
            ],
            [
              122.135,
              -3.59
            ],
            [
              122.13,
              -3.59
            ],
            [
              122.13,
              -3.595
            ]
          ]
        ]
      }
    },
    {
      "type": "Feature",
      "properties": {
        "grid_id": "TAP146",
        "site": "tapunopaka",
        "location_label": "Tapunopaka Greenfield Interior Prospect - Sulawesi Tenggara greenfield nickel laterite",
        "lithology": "mafic_volcanic_simulated",
        "slope_deg": 12.0,
        "distance_to_river_m": 2004,
        "distance_to_road_m": 4064,
        "distance_to_settlement_m": 10013,
        "legal_status": "conditional",
        "distance_to_smelter_km": 40.5,
        "area_ha": 0.31,
        "region_id": "SW",
        "fe_oxide_index": 1.517,
        "clay_index": 1.033,
        "ndvi_stress_index": 0.604,
        "tmi_structural_nT": 45026.7,
        "tmi_anomaly_nT": 26.7,
        "elevation_mdpl": 101.5,
        "geochem_assay_ratio": 5.32
      },
      "geometry": {
        "type": "Polygon",
        "coordinates": [
          [
            [
              122.135,
              -3.595
            ],
            [
              122.14,
              -3.595
            ],
            [
              122.14,
              -3.59
            ],
            [
              122.135,
              -3.59
            ],
            [
              122.135,
              -3.595
            ]
          ]
        ]
      }
    },
    {
      "type": "Feature",
      "properties": {
        "grid_id": "TAP147",
        "site": "tapunopaka",
        "location_label": "Tapunopaka Greenfield Interior Prospect - Sulawesi Tenggara greenfield nickel laterite",
        "lithology": "alluvium",
        "slope_deg": 4.0,
        "distance_to_river_m": 2640,
        "distance_to_road_m": 5263,
        "distance_to_settlement_m": 10256,
        "legal_status": "conditional",
        "distance_to_smelter_km": 36.8,
        "area_ha": 0.31,
        "region_id": "SW",
        "fe_oxide_index": 1.169,
        "clay_index": 1.095,
        "ndvi_stress_index": 0.735,
        "tmi_structural_nT": 45276.3,
        "tmi_anomaly_nT": 276.3,
        "elevation_mdpl": 128.7,
        "geochem_assay_ratio": 4.4
      },
      "geometry": {
        "type": "Polygon",
        "coordinates": [
          [
            [
              122.14,
              -3.595
            ],
            [
              122.145,
              -3.595
            ],
            [
              122.145,
              -3.59
            ],
            [
              122.14,
              -3.59
            ],
            [
              122.14,
              -3.595
            ]
          ]
        ]
      }
    },
    {
      "type": "Feature",
      "properties": {
        "grid_id": "TAP148",
        "site": "tapunopaka",
        "location_label": "Tapunopaka Greenfield Interior Prospect - Sulawesi Tenggara greenfield nickel laterite",
        "lithology": "ultramafic_simulated",
        "slope_deg": 3.1,
        "distance_to_river_m": 2723,
        "distance_to_road_m": 1706,
        "distance_to_settlement_m": 4651,
        "legal_status": "conditional",
        "distance_to_smelter_km": 33.5,
        "area_ha": 0.31,
        "region_id": "SW",
        "fe_oxide_index": 2.102,
        "clay_index": 1.943,
        "ndvi_stress_index": 0.327,
        "tmi_structural_nT": 45824.4,
        "tmi_anomaly_nT": 824.4,
        "elevation_mdpl": 122.9,
        "geochem_assay_ratio": 1.56
      },
      "geometry": {
        "type": "Polygon",
        "coordinates": [
          [
            [
              122.145,
              -3.595
            ],
            [
              122.15,
              -3.595
            ],
            [
              122.15,
              -3.59
            ],
            [
              122.145,
              -3.59
            ],
            [
              122.145,
              -3.595
            ]
          ]
        ]
      }
    },
    {
      "type": "Feature",
      "properties": {
        "grid_id": "TAP149",
        "site": "tapunopaka",
        "location_label": "Tapunopaka Greenfield Interior Prospect - Sulawesi Tenggara greenfield nickel laterite",
        "lithology": "peridotite_simulated",
        "slope_deg": 2.8,
        "distance_to_river_m": 2336,
        "distance_to_road_m": 4576,
        "distance_to_settlement_m": 8074,
        "legal_status": "conditional",
        "distance_to_smelter_km": 30.8,
        "area_ha": 0.31,
        "region_id": "SW",
        "fe_oxide_index": 1.886,
        "clay_index": 1.773,
        "ndvi_stress_index": 0.332,
        "tmi_structural_nT": 45738.5,
        "tmi_anomaly_nT": 738.5,
        "elevation_mdpl": 120.1,
        "geochem_assay_ratio": 2.31
      },
      "geometry": {
        "type": "Polygon",
        "coordinates": [
          [
            [
              122.15,
              -3.595
            ],
            [
              122.155,
              -3.595
            ],
            [
              122.155,
              -3.59
            ],
            [
              122.15,
              -3.59
            ],
            [
              122.15,
              -3.595
            ]
          ]
        ]
      }
    },
    {
      "type": "Feature",
      "properties": {
        "grid_id": "TAP150",
        "site": "tapunopaka",
        "location_label": "Tapunopaka Greenfield Interior Prospect - Sulawesi Tenggara greenfield nickel laterite",
        "lithology": "mafic_volcanic_simulated",
        "slope_deg": 5.9,
        "distance_to_river_m": 757,
        "distance_to_road_m": 2493,
        "distance_to_settlement_m": 11346,
        "legal_status": "allowed",
        "distance_to_smelter_km": 29.2,
        "area_ha": 0.31,
        "region_id": "SW",
        "fe_oxide_index": 1.689,
        "clay_index": 1.014,
        "ndvi_stress_index": 0.523,
        "tmi_structural_nT": 44945.7,
        "tmi_anomaly_nT": -54.3,
        "elevation_mdpl": 82.9,
        "geochem_assay_ratio": 5.89
      },
      "geometry": {
        "type": "Polygon",
        "coordinates": [
          [
            [
              122.155,
              -3.595
            ],
            [
              122.16,
              -3.595
            ],
            [
              122.16,
              -3.59
            ],
            [
              122.155,
              -3.59
            ],
            [
              122.155,
              -3.595
            ]
          ]
        ]
      }
    },
    {
      "type": "Feature",
      "properties": {
        "grid_id": "TAP151",
        "site": "tapunopaka",
        "location_label": "Tapunopaka Greenfield Interior Prospect - Sulawesi Tenggara greenfield nickel laterite",
        "lithology": "alluvium",
        "slope_deg": 6.3,
        "distance_to_river_m": 2435,
        "distance_to_road_m": 1224,
        "distance_to_settlement_m": 10464,
        "legal_status": "allowed",
        "distance_to_smelter_km": 29.2,
        "area_ha": 0.31,
        "region_id": "SE",
        "fe_oxide_index": 1.377,
        "clay_index": 1.089,
        "ndvi_stress_index": 0.647,
        "tmi_structural_nT": 45288.4,
        "tmi_anomaly_nT": 288.4,
        "elevation_mdpl": 139.0,
        "geochem_assay_ratio": 5.79
      },
      "geometry": {
        "type": "Polygon",
        "coordinates": [
          [
            [
              122.16,
              -3.595
            ],
            [
              122.165,
              -3.595
            ],
            [
              122.165,
              -3.59
            ],
            [
              122.16,
              -3.59
            ],
            [
              122.16,
              -3.595
            ]
          ]
        ]
      }
    },
    {
      "type": "Feature",
      "properties": {
        "grid_id": "TAP152",
        "site": "tapunopaka",
        "location_label": "Tapunopaka Greenfield Interior Prospect - Sulawesi Tenggara greenfield nickel laterite",
        "lithology": "peridotite_simulated",
        "slope_deg": 11.2,
        "distance_to_river_m": 1227,
        "distance_to_road_m": 2149,
        "distance_to_settlement_m": 8802,
        "legal_status": "allowed",
        "distance_to_smelter_km": 30.8,
        "area_ha": 0.31,
        "region_id": "SE",
        "fe_oxide_index": 2.825,
        "clay_index": 1.88,
        "ndvi_stress_index": 0.277,
        "tmi_structural_nT": 45153.3,
        "tmi_anomaly_nT": 153.3,
        "elevation_mdpl": 104.0,
        "geochem_assay_ratio": 2.37
      },
      "geometry": {
        "type": "Polygon",
        "coordinates": [
          [
            [
              122.165,
              -3.595
            ],
            [
              122.17,
              -3.595
            ],
            [
              122.17,
              -3.59
            ],
            [
              122.165,
              -3.59
            ],
            [
              122.165,
              -3.595
            ]
          ]
        ]
      }
    },
    {
      "type": "Feature",
      "properties": {
        "grid_id": "TAP153",
        "site": "tapunopaka",
        "location_label": "Tapunopaka Greenfield Interior Prospect - Sulawesi Tenggara greenfield nickel laterite",
        "lithology": "ultramafic_simulated",
        "slope_deg": 4.2,
        "distance_to_river_m": 1962,
        "distance_to_road_m": 2476,
        "distance_to_settlement_m": 5042,
        "legal_status": "allowed",
        "distance_to_smelter_km": 33.5,
        "area_ha": 0.31,
        "region_id": "SE",
        "fe_oxide_index": 2.573,
        "clay_index": 1.74,
        "ndvi_stress_index": 0.404,
        "tmi_structural_nT": 45458.4,
        "tmi_anomaly_nT": 458.4,
        "elevation_mdpl": 154.4,
        "geochem_assay_ratio": 2.66
      },
      "geometry": {
        "type": "Polygon",
        "coordinates": [
          [
            [
              122.17,
              -3.595
            ],
            [
              122.175,
              -3.595
            ],
            [
              122.175,
              -3.59
            ],
            [
              122.17,
              -3.59
            ],
            [
              122.17,
              -3.595
            ]
          ]
        ]
      }
    },
    {
      "type": "Feature",
      "properties": {
        "grid_id": "TAP154",
        "site": "tapunopaka",
        "location_label": "Tapunopaka Greenfield Interior Prospect - Sulawesi Tenggara greenfield nickel laterite",
        "lithology": "alluvium",
        "slope_deg": 10.9,
        "distance_to_river_m": 730,
        "distance_to_road_m": 3822,
        "distance_to_settlement_m": 5401,
        "legal_status": "allowed",
        "distance_to_smelter_km": 36.8,
        "area_ha": 0.31,
        "region_id": "SE",
        "fe_oxide_index": 1.664,
        "clay_index": 1.365,
        "ndvi_stress_index": 0.607,
        "tmi_structural_nT": 44501.4,
        "tmi_anomaly_nT": -498.6,
        "elevation_mdpl": 82.6,
        "geochem_assay_ratio": 3.96
      },
      "geometry": {
        "type": "Polygon",
        "coordinates": [
          [
            [
              122.175,
              -3.595
            ],
            [
              122.18,
              -3.595
            ],
            [
              122.18,
              -3.59
            ],
            [
              122.175,
              -3.59
            ],
            [
              122.175,
              -3.595
            ]
          ]
        ]
      }
    },
    {
      "type": "Feature",
      "properties": {
        "grid_id": "TAP155",
        "site": "tapunopaka",
        "location_label": "Tapunopaka Greenfield Interior Prospect - Sulawesi Tenggara greenfield nickel laterite",
        "lithology": "serpentinite_simulated",
        "slope_deg": 11.0,
        "distance_to_river_m": 1986,
        "distance_to_road_m": 4984,
        "distance_to_settlement_m": 10496,
        "legal_status": "allowed",
        "distance_to_smelter_km": 40.5,
        "area_ha": 0.31,
        "region_id": "SE",
        "fe_oxide_index": 2.189,
        "clay_index": 1.766,
        "ndvi_stress_index": 0.311,
        "tmi_structural_nT": 45672.6,
        "tmi_anomaly_nT": 672.6,
        "elevation_mdpl": 171.4,
        "geochem_assay_ratio": 2.89
      },
      "geometry": {
        "type": "Polygon",
        "coordinates": [
          [
            [
              122.18,
              -3.595
            ],
            [
              122.185,
              -3.595
            ],
            [
              122.185,
              -3.59
            ],
            [
              122.18,
              -3.59
            ],
            [
              122.18,
              -3.595
            ]
          ]
        ]
      }
    },
    {
      "type": "Feature",
      "properties": {
        "grid_id": "TAP156",
        "site": "tapunopaka",
        "location_label": "Tapunopaka Greenfield Interior Prospect - Sulawesi Tenggara greenfield nickel laterite",
        "lithology": "ultramafic_simulated",
        "slope_deg": 6.0,
        "distance_to_river_m": 1628,
        "distance_to_road_m": 4100,
        "distance_to_settlement_m": 8789,
        "legal_status": "allowed",
        "distance_to_smelter_km": 44.4,
        "area_ha": 0.31,
        "region_id": "SE",
        "fe_oxide_index": 2.533,
        "clay_index": 2.321,
        "ndvi_stress_index": 0.261,
        "tmi_structural_nT": 45651.7,
        "tmi_anomaly_nT": 651.7,
        "elevation_mdpl": 169.6,
        "geochem_assay_ratio": 1.64
      },
      "geometry": {
        "type": "Polygon",
        "coordinates": [
          [
            [
              122.185,
              -3.595
            ],
            [
              122.19,
              -3.595
            ],
            [
              122.19,
              -3.59
            ],
            [
              122.185,
              -3.59
            ],
            [
              122.185,
              -3.595
            ]
          ]
        ]
      }
    },
    {
      "type": "Feature",
      "properties": {
        "grid_id": "TAP157",
        "site": "tapunopaka",
        "location_label": "Tapunopaka Greenfield Interior Prospect - Sulawesi Tenggara greenfield nickel laterite",
        "lithology": "ultramafic_simulated",
        "slope_deg": 3.1,
        "distance_to_river_m": 1471,
        "distance_to_road_m": 1771,
        "distance_to_settlement_m": 8954,
        "legal_status": "allowed",
        "distance_to_smelter_km": 48.5,
        "area_ha": 0.31,
        "region_id": "SE",
        "fe_oxide_index": 2.563,
        "clay_index": 2.348,
        "ndvi_stress_index": 0.245,
        "tmi_structural_nT": 46015.5,
        "tmi_anomaly_nT": 1015.5,
        "elevation_mdpl": 102.7,
        "geochem_assay_ratio": 3.07
      },
      "geometry": {
        "type": "Polygon",
        "coordinates": [
          [
            [
              122.19,
              -3.595
            ],
            [
              122.195,
              -3.595
            ],
            [
              122.195,
              -3.59
            ],
            [
              122.19,
              -3.59
            ],
            [
              122.19,
              -3.595
            ]
          ]
        ]
      }
    },
    {
      "type": "Feature",
      "properties": {
        "grid_id": "TAP158",
        "site": "tapunopaka",
        "location_label": "Tapunopaka Greenfield Interior Prospect - Sulawesi Tenggara greenfield nickel laterite",
        "lithology": "alluvium",
        "slope_deg": 9.6,
        "distance_to_river_m": 1058,
        "distance_to_road_m": 3209,
        "distance_to_settlement_m": 11928,
        "legal_status": "allowed",
        "distance_to_smelter_km": 52.6,
        "area_ha": 0.31,
        "region_id": "SE",
        "fe_oxide_index": 1.648,
        "clay_index": 1.034,
        "ndvi_stress_index": 0.706,
        "tmi_structural_nT": 44686.5,
        "tmi_anomaly_nT": -313.5,
        "elevation_mdpl": 143.7,
        "geochem_assay_ratio": 5.0
      },
      "geometry": {
        "type": "Polygon",
        "coordinates": [
          [
            [
              122.195,
              -3.595
            ],
            [
              122.2,
              -3.595
            ],
            [
              122.2,
              -3.59
            ],
            [
              122.195,
              -3.59
            ],
            [
              122.195,
              -3.595
            ]
          ]
        ]
      }
    },
    {
      "type": "Feature",
      "properties": {
        "grid_id": "TAP159",
        "site": "tapunopaka",
        "location_label": "Tapunopaka Greenfield Interior Prospect - Sulawesi Tenggara greenfield nickel laterite",
        "lithology": "ultramafic_simulated",
        "slope_deg": 2.8,
        "distance_to_river_m": 1302,
        "distance_to_road_m": 4593,
        "distance_to_settlement_m": 7688,
        "legal_status": "allowed",
        "distance_to_smelter_km": 56.8,
        "area_ha": 0.31,
        "region_id": "SE",
        "fe_oxide_index": 2.151,
        "clay_index": 2.313,
        "ndvi_stress_index": 0.2,
        "tmi_structural_nT": 45816.0,
        "tmi_anomaly_nT": 816.0,
        "elevation_mdpl": 153.4,
        "geochem_assay_ratio": 1.65
      },
      "geometry": {
        "type": "Polygon",
        "coordinates": [
          [
            [
              122.2,
              -3.595
            ],
            [
              122.205,
              -3.595
            ],
            [
              122.205,
              -3.59
            ],
            [
              122.2,
              -3.59
            ],
            [
              122.2,
              -3.595
            ]
          ]
        ]
      }
    },
    {
      "type": "Feature",
      "properties": {
        "grid_id": "TAP160",
        "site": "tapunopaka",
        "location_label": "Tapunopaka Greenfield Interior Prospect - Sulawesi Tenggara greenfield nickel laterite",
        "lithology": "serpentinite_simulated",
        "slope_deg": 5.0,
        "distance_to_river_m": 1354,
        "distance_to_road_m": 4353,
        "distance_to_settlement_m": 9054,
        "legal_status": "allowed",
        "distance_to_smelter_km": 61.0,
        "area_ha": 0.31,
        "region_id": "SE",
        "fe_oxide_index": 2.774,
        "clay_index": 1.893,
        "ndvi_stress_index": 0.199,
        "tmi_structural_nT": 45662.7,
        "tmi_anomaly_nT": 662.7,
        "elevation_mdpl": 174.0,
        "geochem_assay_ratio": 2.54
      },
      "geometry": {
        "type": "Polygon",
        "coordinates": [
          [
            [
              122.205,
              -3.595
            ],
            [
              122.21,
              -3.595
            ],
            [
              122.21,
              -3.59
            ],
            [
              122.205,
              -3.59
            ],
            [
              122.205,
              -3.595
            ]
          ]
        ]
      }
    },
    {
      "type": "Feature",
      "properties": {
        "grid_id": "TAP161",
        "site": "tapunopaka",
        "location_label": "Tapunopaka Greenfield Interior Prospect - Sulawesi Tenggara greenfield nickel laterite",
        "lithology": "alluvium",
        "slope_deg": 7.2,
        "distance_to_river_m": 2478,
        "distance_to_road_m": 3786,
        "distance_to_settlement_m": 8093,
        "legal_status": "no-go",
        "distance_to_smelter_km": 60.1,
        "area_ha": 0.31,
        "region_id": "SW",
        "fe_oxide_index": 1.633,
        "clay_index": 1.455,
        "ndvi_stress_index": 0.537,
        "tmi_structural_nT": 45233.0,
        "tmi_anomaly_nT": 233.0,
        "elevation_mdpl": 155.3,
        "geochem_assay_ratio": 3.79
      },
      "geometry": {
        "type": "Polygon",
        "coordinates": [
          [
            [
              122.11,
              -3.59
            ],
            [
              122.115,
              -3.59
            ],
            [
              122.115,
              -3.585
            ],
            [
              122.11,
              -3.585
            ],
            [
              122.11,
              -3.59
            ]
          ]
        ]
      }
    },
    {
      "type": "Feature",
      "properties": {
        "grid_id": "TAP162",
        "site": "tapunopaka",
        "location_label": "Tapunopaka Greenfield Interior Prospect - Sulawesi Tenggara greenfield nickel laterite",
        "lithology": "ultramafic_simulated",
        "slope_deg": 9.4,
        "distance_to_river_m": 2111,
        "distance_to_road_m": 4418,
        "distance_to_settlement_m": 7290,
        "legal_status": "conditional",
        "distance_to_smelter_km": 55.8,
        "area_ha": 0.31,
        "region_id": "SW",
        "fe_oxide_index": 2.005,
        "clay_index": 2.408,
        "ndvi_stress_index": 0.223,
        "tmi_structural_nT": 45826.1,
        "tmi_anomaly_nT": 826.1,
        "elevation_mdpl": 167.3,
        "geochem_assay_ratio": 2.68
      },
      "geometry": {
        "type": "Polygon",
        "coordinates": [
          [
            [
              122.115,
              -3.59
            ],
            [
              122.12,
              -3.59
            ],
            [
              122.12,
              -3.585
            ],
            [
              122.115,
              -3.585
            ],
            [
              122.115,
              -3.59
            ]
          ]
        ]
      }
    },
    {
      "type": "Feature",
      "properties": {
        "grid_id": "TAP163",
        "site": "tapunopaka",
        "location_label": "Tapunopaka Greenfield Interior Prospect - Sulawesi Tenggara greenfield nickel laterite",
        "lithology": "mafic_volcanic_simulated",
        "slope_deg": 7.4,
        "distance_to_river_m": 1913,
        "distance_to_road_m": 3579,
        "distance_to_settlement_m": 11699,
        "legal_status": "conditional",
        "distance_to_smelter_km": 51.5,
        "area_ha": 0.31,
        "region_id": "SW",
        "fe_oxide_index": 1.172,
        "clay_index": 1.096,
        "ndvi_stress_index": 0.755,
        "tmi_structural_nT": 44661.2,
        "tmi_anomaly_nT": -338.8,
        "elevation_mdpl": 130.6,
        "geochem_assay_ratio": 3.76
      },
      "geometry": {
        "type": "Polygon",
        "coordinates": [
          [
            [
              122.12,
              -3.59
            ],
            [
              122.125,
              -3.59
            ],
            [
              122.125,
              -3.585
            ],
            [
              122.12,
              -3.585
            ],
            [
              122.12,
              -3.59
            ]
          ]
        ]
      }
    },
    {
      "type": "Feature",
      "properties": {
        "grid_id": "TAP164",
        "site": "tapunopaka",
        "location_label": "Tapunopaka Greenfield Interior Prospect - Sulawesi Tenggara greenfield nickel laterite",
        "lithology": "alluvium",
        "slope_deg": 3.7,
        "distance_to_river_m": 394,
        "distance_to_road_m": 1360,
        "distance_to_settlement_m": 7493,
        "legal_status": "conditional",
        "distance_to_smelter_km": 47.2,
        "area_ha": 0.31,
        "region_id": "SW",
        "fe_oxide_index": 1.401,
        "clay_index": 1.129,
        "ndvi_stress_index": 0.627,
        "tmi_structural_nT": 44649.9,
        "tmi_anomaly_nT": -350.1,
        "elevation_mdpl": 179.4,
        "geochem_assay_ratio": 4.13
      },
      "geometry": {
        "type": "Polygon",
        "coordinates": [
          [
            [
              122.125,
              -3.59
            ],
            [
              122.13,
              -3.59
            ],
            [
              122.13,
              -3.585
            ],
            [
              122.125,
              -3.585
            ],
            [
              122.125,
              -3.59
            ]
          ]
        ]
      }
    },
    {
      "type": "Feature",
      "properties": {
        "grid_id": "TAP165",
        "site": "tapunopaka",
        "location_label": "Tapunopaka Greenfield Interior Prospect - Sulawesi Tenggara greenfield nickel laterite",
        "lithology": "mafic_volcanic_simulated",
        "slope_deg": 2.5,
        "distance_to_river_m": 454,
        "distance_to_road_m": 3387,
        "distance_to_settlement_m": 8868,
        "legal_status": "allowed",
        "distance_to_smelter_km": 42.9,
        "area_ha": 0.31,
        "region_id": "SW",
        "fe_oxide_index": 1.184,
        "clay_index": 1.016,
        "ndvi_stress_index": 0.668,
        "tmi_structural_nT": 45390.3,
        "tmi_anomaly_nT": 390.3,
        "elevation_mdpl": 154.4,
        "geochem_assay_ratio": 4.65
      },
      "geometry": {
        "type": "Polygon",
        "coordinates": [
          [
            [
              122.13,
              -3.59
            ],
            [
              122.135,
              -3.59
            ],
            [
              122.135,
              -3.585
            ],
            [
              122.13,
              -3.585
            ],
            [
              122.13,
              -3.59
            ]
          ]
        ]
      }
    },
    {
      "type": "Feature",
      "properties": {
        "grid_id": "TAP166",
        "site": "tapunopaka",
        "location_label": "Tapunopaka Greenfield Interior Prospect - Sulawesi Tenggara greenfield nickel laterite",
        "lithology": "ultramafic_simulated",
        "slope_deg": 2.6,
        "distance_to_river_m": 731,
        "distance_to_road_m": 4501,
        "distance_to_settlement_m": 11137,
        "legal_status": "conditional",
        "distance_to_smelter_km": 38.8,
        "area_ha": 0.31,
        "region_id": "SW",
        "fe_oxide_index": 2.416,
        "clay_index": 1.714,
        "ndvi_stress_index": 0.319,
        "tmi_structural_nT": 45104.5,
        "tmi_anomaly_nT": 104.5,
        "elevation_mdpl": 80.1,
        "geochem_assay_ratio": 2.81
      },
      "geometry": {
        "type": "Polygon",
        "coordinates": [
          [
            [
              122.135,
              -3.59
            ],
            [
              122.14,
              -3.59
            ],
            [
              122.14,
              -3.585
            ],
            [
              122.135,
              -3.585
            ],
            [
              122.135,
              -3.59
            ]
          ]
        ]
      }
    },
    {
      "type": "Feature",
      "properties": {
        "grid_id": "TAP167",
        "site": "tapunopaka",
        "location_label": "Tapunopaka Greenfield Interior Prospect - Sulawesi Tenggara greenfield nickel laterite",
        "lithology": "mafic_volcanic_simulated",
        "slope_deg": 2.9,
        "distance_to_river_m": 2433,
        "distance_to_road_m": 4268,
        "distance_to_settlement_m": 9170,
        "legal_status": "conditional",
        "distance_to_smelter_km": 34.7,
        "area_ha": 0.31,
        "region_id": "SW",
        "fe_oxide_index": 1.671,
        "clay_index": 1.175,
        "ndvi_stress_index": 0.603,
        "tmi_structural_nT": 44864.8,
        "tmi_anomaly_nT": -135.2,
        "elevation_mdpl": 111.2,
        "geochem_assay_ratio": 5.17
      },
      "geometry": {
        "type": "Polygon",
        "coordinates": [
          [
            [
              122.14,
              -3.59
            ],
            [
              122.145,
              -3.59
            ],
            [
              122.145,
              -3.585
            ],
            [
              122.14,
              -3.585
            ],
            [
              122.14,
              -3.59
            ]
          ]
        ]
      }
    },
    {
      "type": "Feature",
      "properties": {
        "grid_id": "TAP168",
        "site": "tapunopaka",
        "location_label": "Tapunopaka Greenfield Interior Prospect - Sulawesi Tenggara greenfield nickel laterite",
        "lithology": "alluvium",
        "slope_deg": 11.7,
        "distance_to_river_m": 1878,
        "distance_to_road_m": 3358,
        "distance_to_settlement_m": 9078,
        "legal_status": "conditional",
        "distance_to_smelter_km": 30.8,
        "area_ha": 0.31,
        "region_id": "SW",
        "fe_oxide_index": 1.25,
        "clay_index": 1.143,
        "ndvi_stress_index": 0.717,
        "tmi_structural_nT": 45136.2,
        "tmi_anomaly_nT": 136.2,
        "elevation_mdpl": 106.6,
        "geochem_assay_ratio": 4.38
      },
      "geometry": {
        "type": "Polygon",
        "coordinates": [
          [
            [
              122.145,
              -3.59
            ],
            [
              122.15,
              -3.59
            ],
            [
              122.15,
              -3.585
            ],
            [
              122.145,
              -3.585
            ],
            [
              122.145,
              -3.59
            ]
          ]
        ]
      }
    },
    {
      "type": "Feature",
      "properties": {
        "grid_id": "TAP169",
        "site": "tapunopaka",
        "location_label": "Tapunopaka Greenfield Interior Prospect - Sulawesi Tenggara greenfield nickel laterite",
        "lithology": "alluvium",
        "slope_deg": 5.5,
        "distance_to_river_m": 1022,
        "distance_to_road_m": 4422,
        "distance_to_settlement_m": 5733,
        "legal_status": "conditional",
        "distance_to_smelter_km": 27.3,
        "area_ha": 0.31,
        "region_id": "SW",
        "fe_oxide_index": 1.666,
        "clay_index": 1.251,
        "ndvi_stress_index": 0.663,
        "tmi_structural_nT": 45034.7,
        "tmi_anomaly_nT": 34.7,
        "elevation_mdpl": 83.6,
        "geochem_assay_ratio": 5.98
      },
      "geometry": {
        "type": "Polygon",
        "coordinates": [
          [
            [
              122.15,
              -3.59
            ],
            [
              122.155,
              -3.59
            ],
            [
              122.155,
              -3.585
            ],
            [
              122.15,
              -3.585
            ],
            [
              122.15,
              -3.59
            ]
          ]
        ]
      }
    },
    {
      "type": "Feature",
      "properties": {
        "grid_id": "TAP170",
        "site": "tapunopaka",
        "location_label": "Tapunopaka Greenfield Interior Prospect - Sulawesi Tenggara greenfield nickel laterite",
        "lithology": "alluvium",
        "slope_deg": 2.5,
        "distance_to_river_m": 1276,
        "distance_to_road_m": 3730,
        "distance_to_settlement_m": 9975,
        "legal_status": "allowed",
        "distance_to_smelter_km": 24.9,
        "area_ha": 0.31,
        "region_id": "SW",
        "fe_oxide_index": 1.655,
        "clay_index": 1.096,
        "ndvi_stress_index": 0.57,
        "tmi_structural_nT": 44404.5,
        "tmi_anomaly_nT": -595.5,
        "elevation_mdpl": 108.3,
        "geochem_assay_ratio": 4.7
      },
      "geometry": {
        "type": "Polygon",
        "coordinates": [
          [
            [
              122.155,
              -3.59
            ],
            [
              122.16,
              -3.59
            ],
            [
              122.16,
              -3.585
            ],
            [
              122.155,
              -3.585
            ],
            [
              122.155,
              -3.59
            ]
          ]
        ]
      }
    },
    {
      "type": "Feature",
      "properties": {
        "grid_id": "TAP171",
        "site": "tapunopaka",
        "location_label": "Tapunopaka Greenfield Interior Prospect - Sulawesi Tenggara greenfield nickel laterite",
        "lithology": "mafic_volcanic_simulated",
        "slope_deg": 4.6,
        "distance_to_river_m": 2391,
        "distance_to_road_m": 4859,
        "distance_to_settlement_m": 7553,
        "legal_status": "allowed",
        "distance_to_smelter_km": 24.9,
        "area_ha": 0.31,
        "region_id": "SE",
        "fe_oxide_index": 1.233,
        "clay_index": 1.084,
        "ndvi_stress_index": 0.525,
        "tmi_structural_nT": 44445.4,
        "tmi_anomaly_nT": -554.6,
        "elevation_mdpl": 157.7,
        "geochem_assay_ratio": 4.87
      },
      "geometry": {
        "type": "Polygon",
        "coordinates": [
          [
            [
              122.16,
              -3.59
            ],
            [
              122.165,
              -3.59
            ],
            [
              122.165,
              -3.585
            ],
            [
              122.16,
              -3.585
            ],
            [
              122.16,
              -3.59
            ]
          ]
        ]
      }
    },
    {
      "type": "Feature",
      "properties": {
        "grid_id": "TAP172",
        "site": "tapunopaka",
        "location_label": "Tapunopaka Greenfield Interior Prospect - Sulawesi Tenggara greenfield nickel laterite",
        "lithology": "serpentinite_simulated",
        "slope_deg": 9.3,
        "distance_to_river_m": 1354,
        "distance_to_road_m": 1265,
        "distance_to_settlement_m": 4439,
        "legal_status": "allowed",
        "distance_to_smelter_km": 27.3,
        "area_ha": 0.31,
        "region_id": "SE",
        "fe_oxide_index": 2.811,
        "clay_index": 1.858,
        "ndvi_stress_index": 0.328,
        "tmi_structural_nT": 45928.2,
        "tmi_anomaly_nT": 928.2,
        "elevation_mdpl": 96.2,
        "geochem_assay_ratio": 2.04
      },
      "geometry": {
        "type": "Polygon",
        "coordinates": [
          [
            [
              122.165,
              -3.59
            ],
            [
              122.17,
              -3.59
            ],
            [
              122.17,
              -3.585
            ],
            [
              122.165,
              -3.585
            ],
            [
              122.165,
              -3.59
            ]
          ]
        ]
      }
    },
    {
      "type": "Feature",
      "properties": {
        "grid_id": "TAP173",
        "site": "tapunopaka",
        "location_label": "Tapunopaka Greenfield Interior Prospect - Sulawesi Tenggara greenfield nickel laterite",
        "lithology": "alluvium",
        "slope_deg": 2.0,
        "distance_to_river_m": 2483,
        "distance_to_road_m": 1876,
        "distance_to_settlement_m": 5295,
        "legal_status": "allowed",
        "distance_to_smelter_km": 30.8,
        "area_ha": 0.31,
        "region_id": "SE",
        "fe_oxide_index": 1.559,
        "clay_index": 1.284,
        "ndvi_stress_index": 0.512,
        "tmi_structural_nT": 44590.2,
        "tmi_anomaly_nT": -409.8,
        "elevation_mdpl": 138.5,
        "geochem_assay_ratio": 4.85
      },
      "geometry": {
        "type": "Polygon",
        "coordinates": [
          [
            [
              122.17,
              -3.59
            ],
            [
              122.175,
              -3.59
            ],
            [
              122.175,
              -3.585
            ],
            [
              122.17,
              -3.585
            ],
            [
              122.17,
              -3.59
            ]
          ]
        ]
      }
    },
    {
      "type": "Feature",
      "properties": {
        "grid_id": "TAP174",
        "site": "tapunopaka",
        "location_label": "Tapunopaka Greenfield Interior Prospect - Sulawesi Tenggara greenfield nickel laterite",
        "lithology": "ultramafic_simulated",
        "slope_deg": 11.2,
        "distance_to_river_m": 2168,
        "distance_to_road_m": 3535,
        "distance_to_settlement_m": 4212,
        "legal_status": "allowed",
        "distance_to_smelter_km": 34.7,
        "area_ha": 0.31,
        "region_id": "SE",
        "fe_oxide_index": 1.856,
        "clay_index": 2.05,
        "ndvi_stress_index": 0.281,
        "tmi_structural_nT": 45698.9,
        "tmi_anomaly_nT": 698.9,
        "elevation_mdpl": 136.5,
        "geochem_assay_ratio": 2.99
      },
      "geometry": {
        "type": "Polygon",
        "coordinates": [
          [
            [
              122.175,
              -3.59
            ],
            [
              122.18,
              -3.59
            ],
            [
              122.18,
              -3.585
            ],
            [
              122.175,
              -3.585
            ],
            [
              122.175,
              -3.59
            ]
          ]
        ]
      }
    },
    {
      "type": "Feature",
      "properties": {
        "grid_id": "TAP175",
        "site": "tapunopaka",
        "location_label": "Tapunopaka Greenfield Interior Prospect - Sulawesi Tenggara greenfield nickel laterite",
        "lithology": "alluvium",
        "slope_deg": 2.2,
        "distance_to_river_m": 2306,
        "distance_to_road_m": 4963,
        "distance_to_settlement_m": 9936,
        "legal_status": "allowed",
        "distance_to_smelter_km": 38.8,
        "area_ha": 0.31,
        "region_id": "SE",
        "fe_oxide_index": 1.603,
        "clay_index": 1.147,
        "ndvi_stress_index": 0.666,
        "tmi_structural_nT": 45000.3,
        "tmi_anomaly_nT": 0.3,
        "elevation_mdpl": 89.4,
        "geochem_assay_ratio": 4.7
      },
      "geometry": {
        "type": "Polygon",
        "coordinates": [
          [
            [
              122.18,
              -3.59
            ],
            [
              122.185,
              -3.59
            ],
            [
              122.185,
              -3.585
            ],
            [
              122.18,
              -3.585
            ],
            [
              122.18,
              -3.59
            ]
          ]
        ]
      }
    },
    {
      "type": "Feature",
      "properties": {
        "grid_id": "TAP176",
        "site": "tapunopaka",
        "location_label": "Tapunopaka Greenfield Interior Prospect - Sulawesi Tenggara greenfield nickel laterite",
        "lithology": "serpentinite_simulated",
        "slope_deg": 3.6,
        "distance_to_river_m": 1233,
        "distance_to_road_m": 3333,
        "distance_to_settlement_m": 9501,
        "legal_status": "allowed",
        "distance_to_smelter_km": 42.9,
        "area_ha": 0.31,
        "region_id": "SE",
        "fe_oxide_index": 2.792,
        "clay_index": 1.662,
        "ndvi_stress_index": 0.186,
        "tmi_structural_nT": 45580.3,
        "tmi_anomaly_nT": 580.3,
        "elevation_mdpl": 104.0,
        "geochem_assay_ratio": 2.71
      },
      "geometry": {
        "type": "Polygon",
        "coordinates": [
          [
            [
              122.185,
              -3.59
            ],
            [
              122.19,
              -3.59
            ],
            [
              122.19,
              -3.585
            ],
            [
              122.185,
              -3.585
            ],
            [
              122.185,
              -3.59
            ]
          ]
        ]
      }
    },
    {
      "type": "Feature",
      "properties": {
        "grid_id": "TAP177",
        "site": "tapunopaka",
        "location_label": "Tapunopaka Greenfield Interior Prospect - Sulawesi Tenggara greenfield nickel laterite",
        "lithology": "peridotite_simulated",
        "slope_deg": 8.1,
        "distance_to_river_m": 583,
        "distance_to_road_m": 5072,
        "distance_to_settlement_m": 10615,
        "legal_status": "allowed",
        "distance_to_smelter_km": 47.2,
        "area_ha": 0.31,
        "region_id": "SE",
        "fe_oxide_index": 1.95,
        "clay_index": 2.282,
        "ndvi_stress_index": 0.335,
        "tmi_structural_nT": 45328.8,
        "tmi_anomaly_nT": 328.8,
        "elevation_mdpl": 85.6,
        "geochem_assay_ratio": 2.26
      },
      "geometry": {
        "type": "Polygon",
        "coordinates": [
          [
            [
              122.19,
              -3.59
            ],
            [
              122.195,
              -3.59
            ],
            [
              122.195,
              -3.585
            ],
            [
              122.19,
              -3.585
            ],
            [
              122.19,
              -3.59
            ]
          ]
        ]
      }
    },
    {
      "type": "Feature",
      "properties": {
        "grid_id": "TAP178",
        "site": "tapunopaka",
        "location_label": "Tapunopaka Greenfield Interior Prospect - Sulawesi Tenggara greenfield nickel laterite",
        "lithology": "peridotite_simulated",
        "slope_deg": 7.1,
        "distance_to_river_m": 1459,
        "distance_to_road_m": 2938,
        "distance_to_settlement_m": 8801,
        "legal_status": "allowed",
        "distance_to_smelter_km": 51.5,
        "area_ha": 0.31,
        "region_id": "SE",
        "fe_oxide_index": 2.394,
        "clay_index": 2.031,
        "ndvi_stress_index": 0.324,
        "tmi_structural_nT": 45480.2,
        "tmi_anomaly_nT": 480.2,
        "elevation_mdpl": 88.1,
        "geochem_assay_ratio": 2.25
      },
      "geometry": {
        "type": "Polygon",
        "coordinates": [
          [
            [
              122.195,
              -3.59
            ],
            [
              122.2,
              -3.59
            ],
            [
              122.2,
              -3.585
            ],
            [
              122.195,
              -3.585
            ],
            [
              122.195,
              -3.59
            ]
          ]
        ]
      }
    },
    {
      "type": "Feature",
      "properties": {
        "grid_id": "TAP179",
        "site": "tapunopaka",
        "location_label": "Tapunopaka Greenfield Interior Prospect - Sulawesi Tenggara greenfield nickel laterite",
        "lithology": "ultramafic_simulated",
        "slope_deg": 11.0,
        "distance_to_river_m": 1472,
        "distance_to_road_m": 2703,
        "distance_to_settlement_m": 6653,
        "legal_status": "allowed",
        "distance_to_smelter_km": 55.8,
        "area_ha": 0.31,
        "region_id": "SE",
        "fe_oxide_index": 2.433,
        "clay_index": 2.336,
        "ndvi_stress_index": 0.29,
        "tmi_structural_nT": 45509.2,
        "tmi_anomaly_nT": 509.2,
        "elevation_mdpl": 136.7,
        "geochem_assay_ratio": 1.76
      },
      "geometry": {
        "type": "Polygon",
        "coordinates": [
          [
            [
              122.2,
              -3.59
            ],
            [
              122.205,
              -3.59
            ],
            [
              122.205,
              -3.585
            ],
            [
              122.2,
              -3.585
            ],
            [
              122.2,
              -3.59
            ]
          ]
        ]
      }
    },
    {
      "type": "Feature",
      "properties": {
        "grid_id": "TAP180",
        "site": "tapunopaka",
        "location_label": "Tapunopaka Greenfield Interior Prospect - Sulawesi Tenggara greenfield nickel laterite",
        "lithology": "serpentinite_simulated",
        "slope_deg": 6.7,
        "distance_to_river_m": 1350,
        "distance_to_road_m": 5169,
        "distance_to_settlement_m": 11492,
        "legal_status": "allowed",
        "distance_to_smelter_km": 60.1,
        "area_ha": 0.31,
        "region_id": "SE",
        "fe_oxide_index": 2.538,
        "clay_index": 2.002,
        "ndvi_stress_index": 0.376,
        "tmi_structural_nT": 45617.3,
        "tmi_anomaly_nT": 617.3,
        "elevation_mdpl": 111.2,
        "geochem_assay_ratio": 2.48
      },
      "geometry": {
        "type": "Polygon",
        "coordinates": [
          [
            [
              122.205,
              -3.59
            ],
            [
              122.21,
              -3.59
            ],
            [
              122.21,
              -3.585
            ],
            [
              122.205,
              -3.585
            ],
            [
              122.205,
              -3.59
            ]
          ]
        ]
      }
    },
    {
      "type": "Feature",
      "properties": {
        "grid_id": "TAP181",
        "site": "tapunopaka",
        "location_label": "Tapunopaka Greenfield Interior Prospect - Sulawesi Tenggara greenfield nickel laterite",
        "lithology": "mafic_volcanic_simulated",
        "slope_deg": 2.8,
        "distance_to_river_m": 2213,
        "distance_to_road_m": 4806,
        "distance_to_settlement_m": 9797,
        "legal_status": "conditional",
        "distance_to_smelter_km": 59.6,
        "area_ha": 0.31,
        "region_id": "SW",
        "fe_oxide_index": 1.464,
        "clay_index": 1.089,
        "ndvi_stress_index": 0.521,
        "tmi_structural_nT": 44701.0,
        "tmi_anomaly_nT": -299.0,
        "elevation_mdpl": 99.9,
        "geochem_assay_ratio": 5.79
      },
      "geometry": {
        "type": "Polygon",
        "coordinates": [
          [
            [
              122.11,
              -3.585
            ],
            [
              122.115,
              -3.585
            ],
            [
              122.115,
              -3.58
            ],
            [
              122.11,
              -3.58
            ],
            [
              122.11,
              -3.585
            ]
          ]
        ]
      }
    },
    {
      "type": "Feature",
      "properties": {
        "grid_id": "TAP182",
        "site": "tapunopaka",
        "location_label": "Tapunopaka Greenfield Interior Prospect - Sulawesi Tenggara greenfield nickel laterite",
        "lithology": "ultramafic_simulated",
        "slope_deg": 11.1,
        "distance_to_river_m": 760,
        "distance_to_road_m": 1828,
        "distance_to_settlement_m": 9233,
        "legal_status": "conditional",
        "distance_to_smelter_km": 55.3,
        "area_ha": 0.31,
        "region_id": "SW",
        "fe_oxide_index": 2.468,
        "clay_index": 2.161,
        "ndvi_stress_index": 0.383,
        "tmi_structural_nT": 45154.7,
        "tmi_anomaly_nT": 154.7,
        "elevation_mdpl": 175.0,
        "geochem_assay_ratio": 1.91
      },
      "geometry": {
        "type": "Polygon",
        "coordinates": [
          [
            [
              122.115,
              -3.585
            ],
            [
              122.12,
              -3.585
            ],
            [
              122.12,
              -3.58
            ],
            [
              122.115,
              -3.58
            ],
            [
              122.115,
              -3.585
            ]
          ]
        ]
      }
    },
    {
      "type": "Feature",
      "properties": {
        "grid_id": "TAP183",
        "site": "tapunopaka",
        "location_label": "Tapunopaka Greenfield Interior Prospect - Sulawesi Tenggara greenfield nickel laterite",
        "lithology": "mafic_volcanic_simulated",
        "slope_deg": 7.1,
        "distance_to_river_m": 1975,
        "distance_to_road_m": 1964,
        "distance_to_settlement_m": 6403,
        "legal_status": "conditional",
        "distance_to_smelter_km": 50.9,
        "area_ha": 0.31,
        "region_id": "SW",
        "fe_oxide_index": 1.554,
        "clay_index": 1.114,
        "ndvi_stress_index": 0.555,
        "tmi_structural_nT": 44672.1,
        "tmi_anomaly_nT": -327.9,
        "elevation_mdpl": 137.9,
        "geochem_assay_ratio": 5.46
      },
      "geometry": {
        "type": "Polygon",
        "coordinates": [
          [
            [
              122.12,
              -3.585
            ],
            [
              122.125,
              -3.585
            ],
            [
              122.125,
              -3.58
            ],
            [
              122.12,
              -3.58
            ],
            [
              122.12,
              -3.585
            ]
          ]
        ]
      }
    },
    {
      "type": "Feature",
      "properties": {
        "grid_id": "TAP184",
        "site": "tapunopaka",
        "location_label": "Tapunopaka Greenfield Interior Prospect - Sulawesi Tenggara greenfield nickel laterite",
        "lithology": "alluvium",
        "slope_deg": 6.4,
        "distance_to_river_m": 1801,
        "distance_to_road_m": 5349,
        "distance_to_settlement_m": 6449,
        "legal_status": "conditional",
        "distance_to_smelter_km": 46.5,
        "area_ha": 0.31,
        "region_id": "SW",
        "fe_oxide_index": 1.581,
        "clay_index": 1.291,
        "ndvi_stress_index": 0.587,
        "tmi_structural_nT": 44946.0,
        "tmi_anomaly_nT": -54.0,
        "elevation_mdpl": 148.4,
        "geochem_assay_ratio": 5.77
      },
      "geometry": {
        "type": "Polygon",
        "coordinates": [
          [
            [
              122.125,
              -3.585
            ],
            [
              122.13,
              -3.585
            ],
            [
              122.13,
              -3.58
            ],
            [
              122.125,
              -3.58
            ],
            [
              122.125,
              -3.585
            ]
          ]
        ]
      }
    },
    {
      "type": "Feature",
      "properties": {
        "grid_id": "TAP185",
        "site": "tapunopaka",
        "location_label": "Tapunopaka Greenfield Interior Prospect - Sulawesi Tenggara greenfield nickel laterite",
        "lithology": "ultramafic_simulated",
        "slope_deg": 11.8,
        "distance_to_river_m": 1587,
        "distance_to_road_m": 4779,
        "distance_to_settlement_m": 8912,
        "legal_status": "allowed",
        "distance_to_smelter_km": 42.2,
        "area_ha": 0.31,
        "region_id": "SW",
        "fe_oxide_index": 1.867,
        "clay_index": 1.635,
        "ndvi_stress_index": 0.214,
        "tmi_structural_nT": 45192.3,
        "tmi_anomaly_nT": 192.3,
        "elevation_mdpl": 136.8,
        "geochem_assay_ratio": 1.65
      },
      "geometry": {
        "type": "Polygon",
        "coordinates": [
          [
            [
              122.13,
              -3.585
            ],
            [
              122.135,
              -3.585
            ],
            [
              122.135,
              -3.58
            ],
            [
              122.13,
              -3.58
            ],
            [
              122.13,
              -3.585
            ]
          ]
        ]
      }
    },
    {
      "type": "Feature",
      "properties": {
        "grid_id": "TAP186",
        "site": "tapunopaka",
        "location_label": "Tapunopaka Greenfield Interior Prospect - Sulawesi Tenggara greenfield nickel laterite",
        "lithology": "ultramafic_simulated",
        "slope_deg": 6.1,
        "distance_to_river_m": 539,
        "distance_to_road_m": 5260,
        "distance_to_settlement_m": 9657,
        "legal_status": "conditional",
        "distance_to_smelter_km": 37.8,
        "area_ha": 0.31,
        "region_id": "SW",
        "fe_oxide_index": 2.044,
        "clay_index": 2.036,
        "ndvi_stress_index": 0.406,
        "tmi_structural_nT": 45190.5,
        "tmi_anomaly_nT": 190.5,
        "elevation_mdpl": 92.1,
        "geochem_assay_ratio": 3.1
      },
      "geometry": {
        "type": "Polygon",
        "coordinates": [
          [
            [
              122.135,
              -3.585
            ],
            [
              122.14,
              -3.585
            ],
            [
              122.14,
              -3.58
            ],
            [
              122.135,
              -3.58
            ],
            [
              122.135,
              -3.585
            ]
          ]
        ]
      }
    },
    {
      "type": "Feature",
      "properties": {
        "grid_id": "TAP187",
        "site": "tapunopaka",
        "location_label": "Tapunopaka Greenfield Interior Prospect - Sulawesi Tenggara greenfield nickel laterite",
        "lithology": "mafic_volcanic_simulated",
        "slope_deg": 11.8,
        "distance_to_river_m": 2574,
        "distance_to_road_m": 3284,
        "distance_to_settlement_m": 9515,
        "legal_status": "conditional",
        "distance_to_smelter_km": 33.5,
        "area_ha": 0.31,
        "region_id": "SW",
        "fe_oxide_index": 1.41,
        "clay_index": 1.386,
        "ndvi_stress_index": 0.666,
        "tmi_structural_nT": 44454.6,
        "tmi_anomaly_nT": -545.4,
        "elevation_mdpl": 171.3,
        "geochem_assay_ratio": 5.88
      },
      "geometry": {
        "type": "Polygon",
        "coordinates": [
          [
            [
              122.14,
              -3.585
            ],
            [
              122.145,
              -3.585
            ],
            [
              122.145,
              -3.58
            ],
            [
              122.14,
              -3.58
            ],
            [
              122.14,
              -3.585
            ]
          ]
        ]
      }
    },
    {
      "type": "Feature",
      "properties": {
        "grid_id": "TAP188",
        "site": "tapunopaka",
        "location_label": "Tapunopaka Greenfield Interior Prospect - Sulawesi Tenggara greenfield nickel laterite",
        "lithology": "alluvium",
        "slope_deg": 5.6,
        "distance_to_river_m": 914,
        "distance_to_road_m": 2546,
        "distance_to_settlement_m": 6962,
        "legal_status": "allowed",
        "distance_to_smelter_km": 29.2,
        "area_ha": 0.31,
        "region_id": "SW",
        "fe_oxide_index": 1.19,
        "clay_index": 1.007,
        "ndvi_stress_index": 0.551,
        "tmi_structural_nT": 44503.1,
        "tmi_anomaly_nT": -496.9,
        "elevation_mdpl": 90.3,
        "geochem_assay_ratio": 5.92
      },
      "geometry": {
        "type": "Polygon",
        "coordinates": [
          [
            [
              122.145,
              -3.585
            ],
            [
              122.15,
              -3.585
            ],
            [
              122.15,
              -3.58
            ],
            [
              122.145,
              -3.58
            ],
            [
              122.145,
              -3.585
            ]
          ]
        ]
      }
    },
    {
      "type": "Feature",
      "properties": {
        "grid_id": "TAP189",
        "site": "tapunopaka",
        "location_label": "Tapunopaka Greenfield Interior Prospect - Sulawesi Tenggara greenfield nickel laterite",
        "lithology": "alluvium",
        "slope_deg": 4.4,
        "distance_to_river_m": 2118,
        "distance_to_road_m": 4102,
        "distance_to_settlement_m": 5348,
        "legal_status": "allowed",
        "distance_to_smelter_km": 24.9,
        "area_ha": 0.31,
        "region_id": "SW",
        "fe_oxide_index": 1.404,
        "clay_index": 1.234,
        "ndvi_stress_index": 0.703,
        "tmi_structural_nT": 45114.7,
        "tmi_anomaly_nT": 114.7,
        "elevation_mdpl": 180.0,
        "geochem_assay_ratio": 4.53
      },
      "geometry": {
        "type": "Polygon",
        "coordinates": [
          [
            [
              122.15,
              -3.585
            ],
            [
              122.155,
              -3.585
            ],
            [
              122.155,
              -3.58
            ],
            [
              122.15,
              -3.58
            ],
            [
              122.15,
              -3.585
            ]
          ]
        ]
      }
    },
    {
      "type": "Feature",
      "properties": {
        "grid_id": "TAP190",
        "site": "tapunopaka",
        "location_label": "Tapunopaka Greenfield Interior Prospect - Sulawesi Tenggara greenfield nickel laterite",
        "lithology": "serpentinite_simulated",
        "slope_deg": 9.2,
        "distance_to_river_m": 1260,
        "distance_to_road_m": 4435,
        "distance_to_settlement_m": 8240,
        "legal_status": "allowed",
        "distance_to_smelter_km": 21.1,
        "area_ha": 0.31,
        "region_id": "SW",
        "fe_oxide_index": 2.177,
        "clay_index": 1.639,
        "ndvi_stress_index": 0.185,
        "tmi_structural_nT": 45104.0,
        "tmi_anomaly_nT": 104.0,
        "elevation_mdpl": 150.4,
        "geochem_assay_ratio": 1.71
      },
      "geometry": {
        "type": "Polygon",
        "coordinates": [
          [
            [
              122.155,
              -3.585
            ],
            [
              122.16,
              -3.585
            ],
            [
              122.16,
              -3.58
            ],
            [
              122.155,
              -3.58
            ],
            [
              122.155,
              -3.585
            ]
          ]
        ]
      }
    },
    {
      "type": "Feature",
      "properties": {
        "grid_id": "TAP191",
        "site": "tapunopaka",
        "location_label": "Tapunopaka Greenfield Interior Prospect - Sulawesi Tenggara greenfield nickel laterite",
        "lithology": "mafic_volcanic_simulated",
        "slope_deg": 7.3,
        "distance_to_river_m": 2152,
        "distance_to_road_m": 1470,
        "distance_to_settlement_m": 11787,
        "legal_status": "allowed",
        "distance_to_smelter_km": 21.1,
        "area_ha": 0.31,
        "region_id": "SE",
        "fe_oxide_index": 1.404,
        "clay_index": 1.389,
        "ndvi_stress_index": 0.731,
        "tmi_structural_nT": 44509.2,
        "tmi_anomaly_nT": -490.8,
        "elevation_mdpl": 97.9,
        "geochem_assay_ratio": 4.49
      },
      "geometry": {
        "type": "Polygon",
        "coordinates": [
          [
            [
              122.16,
              -3.585
            ],
            [
              122.165,
              -3.585
            ],
            [
              122.165,
              -3.58
            ],
            [
              122.16,
              -3.58
            ],
            [
              122.16,
              -3.585
            ]
          ]
        ]
      }
    },
    {
      "type": "Feature",
      "properties": {
        "grid_id": "TAP192",
        "site": "tapunopaka",
        "location_label": "Tapunopaka Greenfield Interior Prospect - Sulawesi Tenggara greenfield nickel laterite",
        "lithology": "ultramafic_simulated",
        "slope_deg": 5.5,
        "distance_to_river_m": 2321,
        "distance_to_road_m": 1335,
        "distance_to_settlement_m": 7350,
        "legal_status": "allowed",
        "distance_to_smelter_km": 24.9,
        "area_ha": 0.31,
        "region_id": "SE",
        "fe_oxide_index": 2.622,
        "clay_index": 2.066,
        "ndvi_stress_index": 0.25,
        "tmi_structural_nT": 45228.9,
        "tmi_anomaly_nT": 228.9,
        "elevation_mdpl": 173.8,
        "geochem_assay_ratio": 3.09
      },
      "geometry": {
        "type": "Polygon",
        "coordinates": [
          [
            [
              122.165,
              -3.585
            ],
            [
              122.17,
              -3.585
            ],
            [
              122.17,
              -3.58
            ],
            [
              122.165,
              -3.58
            ],
            [
              122.165,
              -3.585
            ]
          ]
        ]
      }
    },
    {
      "type": "Feature",
      "properties": {
        "grid_id": "TAP193",
        "site": "tapunopaka",
        "location_label": "Tapunopaka Greenfield Interior Prospect - Sulawesi Tenggara greenfield nickel laterite",
        "lithology": "alluvium",
        "slope_deg": 4.9,
        "distance_to_river_m": 395,
        "distance_to_road_m": 3414,
        "distance_to_settlement_m": 11617,
        "legal_status": "allowed",
        "distance_to_smelter_km": 29.2,
        "area_ha": 0.31,
        "region_id": "SE",
        "fe_oxide_index": 1.457,
        "clay_index": 1.049,
        "ndvi_stress_index": 0.502,
        "tmi_structural_nT": 44721.7,
        "tmi_anomaly_nT": -278.3,
        "elevation_mdpl": 142.1,
        "geochem_assay_ratio": 3.93
      },
      "geometry": {
        "type": "Polygon",
        "coordinates": [
          [
            [
              122.17,
              -3.585
            ],
            [
              122.175,
              -3.585
            ],
            [
              122.175,
              -3.58
            ],
            [
              122.17,
              -3.58
            ],
            [
              122.17,
              -3.585
            ]
          ]
        ]
      }
    },
    {
      "type": "Feature",
      "properties": {
        "grid_id": "TAP194",
        "site": "tapunopaka",
        "location_label": "Tapunopaka Greenfield Interior Prospect - Sulawesi Tenggara greenfield nickel laterite",
        "lithology": "alluvium",
        "slope_deg": 6.3,
        "distance_to_river_m": 1018,
        "distance_to_road_m": 4530,
        "distance_to_settlement_m": 5641,
        "legal_status": "allowed",
        "distance_to_smelter_km": 33.5,
        "area_ha": 0.31,
        "region_id": "SE",
        "fe_oxide_index": 1.108,
        "clay_index": 1.276,
        "ndvi_stress_index": 0.57,
        "tmi_structural_nT": 45134.8,
        "tmi_anomaly_nT": 134.8,
        "elevation_mdpl": 119.0,
        "geochem_assay_ratio": 5.85
      },
      "geometry": {
        "type": "Polygon",
        "coordinates": [
          [
            [
              122.175,
              -3.585
            ],
            [
              122.18,
              -3.585
            ],
            [
              122.18,
              -3.58
            ],
            [
              122.175,
              -3.58
            ],
            [
              122.175,
              -3.585
            ]
          ]
        ]
      }
    },
    {
      "type": "Feature",
      "properties": {
        "grid_id": "TAP195",
        "site": "tapunopaka",
        "location_label": "Tapunopaka Greenfield Interior Prospect - Sulawesi Tenggara greenfield nickel laterite",
        "lithology": "mafic_volcanic_simulated",
        "slope_deg": 9.2,
        "distance_to_river_m": 1894,
        "distance_to_road_m": 2856,
        "distance_to_settlement_m": 11786,
        "legal_status": "allowed",
        "distance_to_smelter_km": 37.8,
        "area_ha": 0.31,
        "region_id": "SE",
        "fe_oxide_index": 1.32,
        "clay_index": 1.423,
        "ndvi_stress_index": 0.749,
        "tmi_structural_nT": 44635.2,
        "tmi_anomaly_nT": -364.8,
        "elevation_mdpl": 134.4,
        "geochem_assay_ratio": 4.15
      },
      "geometry": {
        "type": "Polygon",
        "coordinates": [
          [
            [
              122.18,
              -3.585
            ],
            [
              122.185,
              -3.585
            ],
            [
              122.185,
              -3.58
            ],
            [
              122.18,
              -3.58
            ],
            [
              122.18,
              -3.585
            ]
          ]
        ]
      }
    },
    {
      "type": "Feature",
      "properties": {
        "grid_id": "TAP196",
        "site": "tapunopaka",
        "location_label": "Tapunopaka Greenfield Interior Prospect - Sulawesi Tenggara greenfield nickel laterite",
        "lithology": "alluvium",
        "slope_deg": 7.4,
        "distance_to_river_m": 2396,
        "distance_to_road_m": 1287,
        "distance_to_settlement_m": 9244,
        "legal_status": "allowed",
        "distance_to_smelter_km": 42.2,
        "area_ha": 0.31,
        "region_id": "SE",
        "fe_oxide_index": 1.618,
        "clay_index": 1.448,
        "ndvi_stress_index": 0.65,
        "tmi_structural_nT": 44403.8,
        "tmi_anomaly_nT": -596.2,
        "elevation_mdpl": 103.1,
        "geochem_assay_ratio": 5.46
      },
      "geometry": {
        "type": "Polygon",
        "coordinates": [
          [
            [
              122.185,
              -3.585
            ],
            [
              122.19,
              -3.585
            ],
            [
              122.19,
              -3.58
            ],
            [
              122.185,
              -3.58
            ],
            [
              122.185,
              -3.585
            ]
          ]
        ]
      }
    },
    {
      "type": "Feature",
      "properties": {
        "grid_id": "TAP197",
        "site": "tapunopaka",
        "location_label": "Tapunopaka Greenfield Interior Prospect - Sulawesi Tenggara greenfield nickel laterite",
        "lithology": "peridotite_simulated",
        "slope_deg": 7.3,
        "distance_to_river_m": 1487,
        "distance_to_road_m": 5020,
        "distance_to_settlement_m": 5550,
        "legal_status": "allowed",
        "distance_to_smelter_km": 46.5,
        "area_ha": 0.31,
        "region_id": "SE",
        "fe_oxide_index": 2.167,
        "clay_index": 2.443,
        "ndvi_stress_index": 0.241,
        "tmi_structural_nT": 45744.9,
        "tmi_anomaly_nT": 744.9,
        "elevation_mdpl": 124.2,
        "geochem_assay_ratio": 2.76
      },
      "geometry": {
        "type": "Polygon",
        "coordinates": [
          [
            [
              122.19,
              -3.585
            ],
            [
              122.195,
              -3.585
            ],
            [
              122.195,
              -3.58
            ],
            [
              122.19,
              -3.58
            ],
            [
              122.19,
              -3.585
            ]
          ]
        ]
      }
    },
    {
      "type": "Feature",
      "properties": {
        "grid_id": "TAP198",
        "site": "tapunopaka",
        "location_label": "Tapunopaka Greenfield Interior Prospect - Sulawesi Tenggara greenfield nickel laterite",
        "lithology": "alluvium",
        "slope_deg": 7.2,
        "distance_to_river_m": 1481,
        "distance_to_road_m": 3719,
        "distance_to_settlement_m": 8468,
        "legal_status": "allowed",
        "distance_to_smelter_km": 50.9,
        "area_ha": 0.31,
        "region_id": "SE",
        "fe_oxide_index": 1.218,
        "clay_index": 1.49,
        "ndvi_stress_index": 0.766,
        "tmi_structural_nT": 45226.9,
        "tmi_anomaly_nT": 226.9,
        "elevation_mdpl": 98.0,
        "geochem_assay_ratio": 3.63
      },
      "geometry": {
        "type": "Polygon",
        "coordinates": [
          [
            [
              122.195,
              -3.585
            ],
            [
              122.2,
              -3.585
            ],
            [
              122.2,
              -3.58
            ],
            [
              122.195,
              -3.58
            ],
            [
              122.195,
              -3.585
            ]
          ]
        ]
      }
    },
    {
      "type": "Feature",
      "properties": {
        "grid_id": "TAP199",
        "site": "tapunopaka",
        "location_label": "Tapunopaka Greenfield Interior Prospect - Sulawesi Tenggara greenfield nickel laterite",
        "lithology": "mafic_volcanic_simulated",
        "slope_deg": 7.2,
        "distance_to_river_m": 792,
        "distance_to_road_m": 2766,
        "distance_to_settlement_m": 10446,
        "legal_status": "allowed",
        "distance_to_smelter_km": 55.3,
        "area_ha": 0.31,
        "region_id": "SE",
        "fe_oxide_index": 1.118,
        "clay_index": 1.241,
        "ndvi_stress_index": 0.6,
        "tmi_structural_nT": 45160.0,
        "tmi_anomaly_nT": 160.0,
        "elevation_mdpl": 169.2,
        "geochem_assay_ratio": 4.29
      },
      "geometry": {
        "type": "Polygon",
        "coordinates": [
          [
            [
              122.2,
              -3.585
            ],
            [
              122.205,
              -3.585
            ],
            [
              122.205,
              -3.58
            ],
            [
              122.2,
              -3.58
            ],
            [
              122.2,
              -3.585
            ]
          ]
        ]
      }
    },
    {
      "type": "Feature",
      "properties": {
        "grid_id": "TAP200",
        "site": "tapunopaka",
        "location_label": "Tapunopaka Greenfield Interior Prospect - Sulawesi Tenggara greenfield nickel laterite",
        "lithology": "alluvium",
        "slope_deg": 11.6,
        "distance_to_river_m": 2624,
        "distance_to_road_m": 5233,
        "distance_to_settlement_m": 10354,
        "legal_status": "allowed",
        "distance_to_smelter_km": 59.6,
        "area_ha": 0.31,
        "region_id": "SE",
        "fe_oxide_index": 1.486,
        "clay_index": 1.423,
        "ndvi_stress_index": 0.547,
        "tmi_structural_nT": 45326.4,
        "tmi_anomaly_nT": 326.4,
        "elevation_mdpl": 83.3,
        "geochem_assay_ratio": 4.52
      },
      "geometry": {
        "type": "Polygon",
        "coordinates": [
          [
            [
              122.205,
              -3.585
            ],
            [
              122.21,
              -3.585
            ],
            [
              122.21,
              -3.58
            ],
            [
              122.205,
              -3.58
            ],
            [
              122.205,
              -3.585
            ]
          ]
        ]
      }
    },
    {
      "type": "Feature",
      "properties": {
        "grid_id": "TAP201",
        "site": "tapunopaka",
        "location_label": "Tapunopaka Greenfield Interior Prospect - Sulawesi Tenggara greenfield nickel laterite",
        "lithology": "alluvium",
        "slope_deg": 5.8,
        "distance_to_river_m": 1613,
        "distance_to_road_m": 2190,
        "distance_to_settlement_m": 9157,
        "legal_status": "conditional",
        "distance_to_smelter_km": 59.6,
        "area_ha": 0.31,
        "region_id": "NW",
        "fe_oxide_index": 1.282,
        "clay_index": 1.31,
        "ndvi_stress_index": 0.678,
        "tmi_structural_nT": 45270.3,
        "tmi_anomaly_nT": 270.3,
        "elevation_mdpl": 109.7,
        "geochem_assay_ratio": 4.19
      },
      "geometry": {
        "type": "Polygon",
        "coordinates": [
          [
            [
              122.11,
              -3.58
            ],
            [
              122.115,
              -3.58
            ],
            [
              122.115,
              -3.575
            ],
            [
              122.11,
              -3.575
            ],
            [
              122.11,
              -3.58
            ]
          ]
        ]
      }
    },
    {
      "type": "Feature",
      "properties": {
        "grid_id": "TAP202",
        "site": "tapunopaka",
        "location_label": "Tapunopaka Greenfield Interior Prospect - Sulawesi Tenggara greenfield nickel laterite",
        "lithology": "serpentinite_simulated",
        "slope_deg": 3.5,
        "distance_to_river_m": 1294,
        "distance_to_road_m": 2810,
        "distance_to_settlement_m": 11524,
        "legal_status": "conditional",
        "distance_to_smelter_km": 55.3,
        "area_ha": 0.31,
        "region_id": "NW",
        "fe_oxide_index": 1.901,
        "clay_index": 1.717,
        "ndvi_stress_index": 0.2,
        "tmi_structural_nT": 45492.9,
        "tmi_anomaly_nT": 492.9,
        "elevation_mdpl": 141.7,
        "geochem_assay_ratio": 1.77
      },
      "geometry": {
        "type": "Polygon",
        "coordinates": [
          [
            [
              122.115,
              -3.58
            ],
            [
              122.12,
              -3.58
            ],
            [
              122.12,
              -3.575
            ],
            [
              122.115,
              -3.575
            ],
            [
              122.115,
              -3.58
            ]
          ]
        ]
      }
    },
    {
      "type": "Feature",
      "properties": {
        "grid_id": "TAP203",
        "site": "tapunopaka",
        "location_label": "Tapunopaka Greenfield Interior Prospect - Sulawesi Tenggara greenfield nickel laterite",
        "lithology": "alluvium",
        "slope_deg": 10.2,
        "distance_to_river_m": 335,
        "distance_to_road_m": 4921,
        "distance_to_settlement_m": 4612,
        "legal_status": "conditional",
        "distance_to_smelter_km": 50.9,
        "area_ha": 0.31,
        "region_id": "NW",
        "fe_oxide_index": 1.602,
        "clay_index": 1.3,
        "ndvi_stress_index": 0.653,
        "tmi_structural_nT": 44962.1,
        "tmi_anomaly_nT": -37.9,
        "elevation_mdpl": 89.9,
        "geochem_assay_ratio": 4.98
      },
      "geometry": {
        "type": "Polygon",
        "coordinates": [
          [
            [
              122.12,
              -3.58
            ],
            [
              122.125,
              -3.58
            ],
            [
              122.125,
              -3.575
            ],
            [
              122.12,
              -3.575
            ],
            [
              122.12,
              -3.58
            ]
          ]
        ]
      }
    },
    {
      "type": "Feature",
      "properties": {
        "grid_id": "TAP204",
        "site": "tapunopaka",
        "location_label": "Tapunopaka Greenfield Interior Prospect - Sulawesi Tenggara greenfield nickel laterite",
        "lithology": "alluvium",
        "slope_deg": 11.9,
        "distance_to_river_m": 1277,
        "distance_to_road_m": 2453,
        "distance_to_settlement_m": 7617,
        "legal_status": "conditional",
        "distance_to_smelter_km": 46.5,
        "area_ha": 0.31,
        "region_id": "NW",
        "fe_oxide_index": 1.34,
        "clay_index": 1.224,
        "ndvi_stress_index": 0.681,
        "tmi_structural_nT": 44775.8,
        "tmi_anomaly_nT": -224.2,
        "elevation_mdpl": 125.9,
        "geochem_assay_ratio": 4.24
      },
      "geometry": {
        "type": "Polygon",
        "coordinates": [
          [
            [
              122.125,
              -3.58
            ],
            [
              122.13,
              -3.58
            ],
            [
              122.13,
              -3.575
            ],
            [
              122.125,
              -3.575
            ],
            [
              122.125,
              -3.58
            ]
          ]
        ]
      }
    },
    {
      "type": "Feature",
      "properties": {
        "grid_id": "TAP205",
        "site": "tapunopaka",
        "location_label": "Tapunopaka Greenfield Interior Prospect - Sulawesi Tenggara greenfield nickel laterite",
        "lithology": "alluvium",
        "slope_deg": 6.2,
        "distance_to_river_m": 471,
        "distance_to_road_m": 1758,
        "distance_to_settlement_m": 8682,
        "legal_status": "allowed",
        "distance_to_smelter_km": 42.2,
        "area_ha": 0.31,
        "region_id": "NW",
        "fe_oxide_index": 1.344,
        "clay_index": 1.387,
        "ndvi_stress_index": 0.547,
        "tmi_structural_nT": 45049.0,
        "tmi_anomaly_nT": 49.0,
        "elevation_mdpl": 171.4,
        "geochem_assay_ratio": 5.02
      },
      "geometry": {
        "type": "Polygon",
        "coordinates": [
          [
            [
              122.13,
              -3.58
            ],
            [
              122.135,
              -3.58
            ],
            [
              122.135,
              -3.575
            ],
            [
              122.13,
              -3.575
            ],
            [
              122.13,
              -3.58
            ]
          ]
        ]
      }
    },
    {
      "type": "Feature",
      "properties": {
        "grid_id": "TAP206",
        "site": "tapunopaka",
        "location_label": "Tapunopaka Greenfield Interior Prospect - Sulawesi Tenggara greenfield nickel laterite",
        "lithology": "alluvium",
        "slope_deg": 11.5,
        "distance_to_river_m": 494,
        "distance_to_road_m": 3063,
        "distance_to_settlement_m": 8279,
        "legal_status": "conditional",
        "distance_to_smelter_km": 37.8,
        "area_ha": 0.31,
        "region_id": "NW",
        "fe_oxide_index": 1.552,
        "clay_index": 1.058,
        "ndvi_stress_index": 0.682,
        "tmi_structural_nT": 45254.9,
        "tmi_anomaly_nT": 254.9,
        "elevation_mdpl": 108.8,
        "geochem_assay_ratio": 5.01
      },
      "geometry": {
        "type": "Polygon",
        "coordinates": [
          [
            [
              122.135,
              -3.58
            ],
            [
              122.14,
              -3.58
            ],
            [
              122.14,
              -3.575
            ],
            [
              122.135,
              -3.575
            ],
            [
              122.135,
              -3.58
            ]
          ]
        ]
      }
    },
    {
      "type": "Feature",
      "properties": {
        "grid_id": "TAP207",
        "site": "tapunopaka",
        "location_label": "Tapunopaka Greenfield Interior Prospect - Sulawesi Tenggara greenfield nickel laterite",
        "lithology": "alluvium",
        "slope_deg": 6.3,
        "distance_to_river_m": 370,
        "distance_to_road_m": 4348,
        "distance_to_settlement_m": 6881,
        "legal_status": "allowed",
        "distance_to_smelter_km": 33.5,
        "area_ha": 0.31,
        "region_id": "NW",
        "fe_oxide_index": 1.497,
        "clay_index": 1.225,
        "ndvi_stress_index": 0.745,
        "tmi_structural_nT": 45331.5,
        "tmi_anomaly_nT": 331.5,
        "elevation_mdpl": 110.6,
        "geochem_assay_ratio": 4.25
      },
      "geometry": {
        "type": "Polygon",
        "coordinates": [
          [
            [
              122.14,
              -3.58
            ],
            [
              122.145,
              -3.58
            ],
            [
              122.145,
              -3.575
            ],
            [
              122.14,
              -3.575
            ],
            [
              122.14,
              -3.58
            ]
          ]
        ]
      }
    },
    {
      "type": "Feature",
      "properties": {
        "grid_id": "TAP208",
        "site": "tapunopaka",
        "location_label": "Tapunopaka Greenfield Interior Prospect - Sulawesi Tenggara greenfield nickel laterite",
        "lithology": "peridotite_simulated",
        "slope_deg": 8.2,
        "distance_to_river_m": 848,
        "distance_to_road_m": 2340,
        "distance_to_settlement_m": 5625,
        "legal_status": "allowed",
        "distance_to_smelter_km": 29.2,
        "area_ha": 0.31,
        "region_id": "NW",
        "fe_oxide_index": 1.955,
        "clay_index": 2.138,
        "ndvi_stress_index": 0.243,
        "tmi_structural_nT": 46097.8,
        "tmi_anomaly_nT": 1097.8,
        "elevation_mdpl": 149.6,
        "geochem_assay_ratio": 2.25
      },
      "geometry": {
        "type": "Polygon",
        "coordinates": [
          [
            [
              122.145,
              -3.58
            ],
            [
              122.15,
              -3.58
            ],
            [
              122.15,
              -3.575
            ],
            [
              122.145,
              -3.575
            ],
            [
              122.145,
              -3.58
            ]
          ]
        ]
      }
    },
    {
      "type": "Feature",
      "properties": {
        "grid_id": "TAP209",
        "site": "tapunopaka",
        "location_label": "Tapunopaka Greenfield Interior Prospect - Sulawesi Tenggara greenfield nickel laterite",
        "lithology": "serpentinite_simulated",
        "slope_deg": 3.1,
        "distance_to_river_m": 1076,
        "distance_to_road_m": 1859,
        "distance_to_settlement_m": 8421,
        "legal_status": "allowed",
        "distance_to_smelter_km": 24.9,
        "area_ha": 0.31,
        "region_id": "NW",
        "fe_oxide_index": 2.251,
        "clay_index": 1.858,
        "ndvi_stress_index": 0.283,
        "tmi_structural_nT": 46050.8,
        "tmi_anomaly_nT": 1050.8,
        "elevation_mdpl": 103.3,
        "geochem_assay_ratio": 2.75
      },
      "geometry": {
        "type": "Polygon",
        "coordinates": [
          [
            [
              122.15,
              -3.58
            ],
            [
              122.155,
              -3.58
            ],
            [
              122.155,
              -3.575
            ],
            [
              122.15,
              -3.575
            ],
            [
              122.15,
              -3.58
            ]
          ]
        ]
      }
    },
    {
      "type": "Feature",
      "properties": {
        "grid_id": "TAP210",
        "site": "tapunopaka",
        "location_label": "Tapunopaka Greenfield Interior Prospect - Sulawesi Tenggara greenfield nickel laterite",
        "lithology": "serpentinite_simulated",
        "slope_deg": 9.5,
        "distance_to_river_m": 692,
        "distance_to_road_m": 2086,
        "distance_to_settlement_m": 8530,
        "legal_status": "allowed",
        "distance_to_smelter_km": 21.1,
        "area_ha": 0.31,
        "region_id": "NW",
        "fe_oxide_index": 2.278,
        "clay_index": 2.314,
        "ndvi_stress_index": 0.361,
        "tmi_structural_nT": 45336.0,
        "tmi_anomaly_nT": 336.0,
        "elevation_mdpl": 156.4,
        "geochem_assay_ratio": 1.81
      },
      "geometry": {
        "type": "Polygon",
        "coordinates": [
          [
            [
              122.155,
              -3.58
            ],
            [
              122.16,
              -3.58
            ],
            [
              122.16,
              -3.575
            ],
            [
              122.155,
              -3.575
            ],
            [
              122.155,
              -3.58
            ]
          ]
        ]
      }
    },
    {
      "type": "Feature",
      "properties": {
        "grid_id": "TAP211",
        "site": "tapunopaka",
        "location_label": "Tapunopaka Greenfield Interior Prospect - Sulawesi Tenggara greenfield nickel laterite",
        "lithology": "mafic_volcanic_simulated",
        "slope_deg": 9.2,
        "distance_to_river_m": 1144,
        "distance_to_road_m": 2646,
        "distance_to_settlement_m": 7056,
        "legal_status": "allowed",
        "distance_to_smelter_km": 21.1,
        "area_ha": 0.31,
        "region_id": "NE",
        "fe_oxide_index": 1.468,
        "clay_index": 1.468,
        "ndvi_stress_index": 0.507,
        "tmi_structural_nT": 44477.6,
        "tmi_anomaly_nT": -522.4,
        "elevation_mdpl": 132.1,
        "geochem_assay_ratio": 3.73
      },
      "geometry": {
        "type": "Polygon",
        "coordinates": [
          [
            [
              122.16,
              -3.58
            ],
            [
              122.165,
              -3.58
            ],
            [
              122.165,
              -3.575
            ],
            [
              122.16,
              -3.575
            ],
            [
              122.16,
              -3.58
            ]
          ]
        ]
      }
    },
    {
      "type": "Feature",
      "properties": {
        "grid_id": "TAP212",
        "site": "tapunopaka",
        "location_label": "Tapunopaka Greenfield Interior Prospect - Sulawesi Tenggara greenfield nickel laterite",
        "lithology": "alluvium",
        "slope_deg": 5.8,
        "distance_to_river_m": 565,
        "distance_to_road_m": 3957,
        "distance_to_settlement_m": 10873,
        "legal_status": "allowed",
        "distance_to_smelter_km": 24.9,
        "area_ha": 0.31,
        "region_id": "NE",
        "fe_oxide_index": 1.257,
        "clay_index": 1.167,
        "ndvi_stress_index": 0.78,
        "tmi_structural_nT": 44896.4,
        "tmi_anomaly_nT": -103.6,
        "elevation_mdpl": 115.0,
        "geochem_assay_ratio": 3.72
      },
      "geometry": {
        "type": "Polygon",
        "coordinates": [
          [
            [
              122.165,
              -3.58
            ],
            [
              122.17,
              -3.58
            ],
            [
              122.17,
              -3.575
            ],
            [
              122.165,
              -3.575
            ],
            [
              122.165,
              -3.58
            ]
          ]
        ]
      }
    },
    {
      "type": "Feature",
      "properties": {
        "grid_id": "TAP213",
        "site": "tapunopaka",
        "location_label": "Tapunopaka Greenfield Interior Prospect - Sulawesi Tenggara greenfield nickel laterite",
        "lithology": "alluvium",
        "slope_deg": 9.9,
        "distance_to_river_m": 1057,
        "distance_to_road_m": 1249,
        "distance_to_settlement_m": 7449,
        "legal_status": "allowed",
        "distance_to_smelter_km": 29.2,
        "area_ha": 0.31,
        "region_id": "NE",
        "fe_oxide_index": 1.271,
        "clay_index": 1.118,
        "ndvi_stress_index": 0.542,
        "tmi_structural_nT": 44421.9,
        "tmi_anomaly_nT": -578.1,
        "elevation_mdpl": 178.7,
        "geochem_assay_ratio": 4.39
      },
      "geometry": {
        "type": "Polygon",
        "coordinates": [
          [
            [
              122.17,
              -3.58
            ],
            [
              122.175,
              -3.58
            ],
            [
              122.175,
              -3.575
            ],
            [
              122.17,
              -3.575
            ],
            [
              122.17,
              -3.58
            ]
          ]
        ]
      }
    },
    {
      "type": "Feature",
      "properties": {
        "grid_id": "TAP214",
        "site": "tapunopaka",
        "location_label": "Tapunopaka Greenfield Interior Prospect - Sulawesi Tenggara greenfield nickel laterite",
        "lithology": "serpentinite_simulated",
        "slope_deg": 3.6,
        "distance_to_river_m": 2796,
        "distance_to_road_m": 2424,
        "distance_to_settlement_m": 11532,
        "legal_status": "allowed",
        "distance_to_smelter_km": 33.5,
        "area_ha": 0.31,
        "region_id": "NE",
        "fe_oxide_index": 2.093,
        "clay_index": 1.687,
        "ndvi_stress_index": 0.207,
        "tmi_structural_nT": 45682.0,
        "tmi_anomaly_nT": 682.0,
        "elevation_mdpl": 143.2,
        "geochem_assay_ratio": 1.83
      },
      "geometry": {
        "type": "Polygon",
        "coordinates": [
          [
            [
              122.175,
              -3.58
            ],
            [
              122.18,
              -3.58
            ],
            [
              122.18,
              -3.575
            ],
            [
              122.175,
              -3.575
            ],
            [
              122.175,
              -3.58
            ]
          ]
        ]
      }
    },
    {
      "type": "Feature",
      "properties": {
        "grid_id": "TAP215",
        "site": "tapunopaka",
        "location_label": "Tapunopaka Greenfield Interior Prospect - Sulawesi Tenggara greenfield nickel laterite",
        "lithology": "alluvium",
        "slope_deg": 10.3,
        "distance_to_river_m": 1888,
        "distance_to_road_m": 4545,
        "distance_to_settlement_m": 9991,
        "legal_status": "allowed",
        "distance_to_smelter_km": 37.8,
        "area_ha": 0.31,
        "region_id": "NE",
        "fe_oxide_index": 1.389,
        "clay_index": 1.336,
        "ndvi_stress_index": 0.539,
        "tmi_structural_nT": 44564.2,
        "tmi_anomaly_nT": -435.8,
        "elevation_mdpl": 99.4,
        "geochem_assay_ratio": 5.29
      },
      "geometry": {
        "type": "Polygon",
        "coordinates": [
          [
            [
              122.18,
              -3.58
            ],
            [
              122.185,
              -3.58
            ],
            [
              122.185,
              -3.575
            ],
            [
              122.18,
              -3.575
            ],
            [
              122.18,
              -3.58
            ]
          ]
        ]
      }
    },
    {
      "type": "Feature",
      "properties": {
        "grid_id": "TAP216",
        "site": "tapunopaka",
        "location_label": "Tapunopaka Greenfield Interior Prospect - Sulawesi Tenggara greenfield nickel laterite",
        "lithology": "mafic_volcanic_simulated",
        "slope_deg": 6.8,
        "distance_to_river_m": 1009,
        "distance_to_road_m": 1785,
        "distance_to_settlement_m": 7198,
        "legal_status": "allowed",
        "distance_to_smelter_km": 42.2,
        "area_ha": 0.31,
        "region_id": "NE",
        "fe_oxide_index": 1.231,
        "clay_index": 1.14,
        "ndvi_stress_index": 0.767,
        "tmi_structural_nT": 45065.3,
        "tmi_anomaly_nT": 65.3,
        "elevation_mdpl": 114.3,
        "geochem_assay_ratio": 3.55
      },
      "geometry": {
        "type": "Polygon",
        "coordinates": [
          [
            [
              122.185,
              -3.58
            ],
            [
              122.19,
              -3.58
            ],
            [
              122.19,
              -3.575
            ],
            [
              122.185,
              -3.575
            ],
            [
              122.185,
              -3.58
            ]
          ]
        ]
      }
    },
    {
      "type": "Feature",
      "properties": {
        "grid_id": "TAP217",
        "site": "tapunopaka",
        "location_label": "Tapunopaka Greenfield Interior Prospect - Sulawesi Tenggara greenfield nickel laterite",
        "lithology": "mafic_volcanic_simulated",
        "slope_deg": 9.6,
        "distance_to_river_m": 2156,
        "distance_to_road_m": 3535,
        "distance_to_settlement_m": 9611,
        "legal_status": "allowed",
        "distance_to_smelter_km": 46.5,
        "area_ha": 0.31,
        "region_id": "NE",
        "fe_oxide_index": 1.124,
        "clay_index": 1.362,
        "ndvi_stress_index": 0.574,
        "tmi_structural_nT": 45080.8,
        "tmi_anomaly_nT": 80.8,
        "elevation_mdpl": 169.4,
        "geochem_assay_ratio": 5.79
      },
      "geometry": {
        "type": "Polygon",
        "coordinates": [
          [
            [
              122.19,
              -3.58
            ],
            [
              122.195,
              -3.58
            ],
            [
              122.195,
              -3.575
            ],
            [
              122.19,
              -3.575
            ],
            [
              122.19,
              -3.58
            ]
          ]
        ]
      }
    },
    {
      "type": "Feature",
      "properties": {
        "grid_id": "TAP218",
        "site": "tapunopaka",
        "location_label": "Tapunopaka Greenfield Interior Prospect - Sulawesi Tenggara greenfield nickel laterite",
        "lithology": "mafic_volcanic_simulated",
        "slope_deg": 4.3,
        "distance_to_river_m": 1047,
        "distance_to_road_m": 3155,
        "distance_to_settlement_m": 8927,
        "legal_status": "allowed",
        "distance_to_smelter_km": 50.9,
        "area_ha": 0.31,
        "region_id": "NE",
        "fe_oxide_index": 1.184,
        "clay_index": 1.041,
        "ndvi_stress_index": 0.549,
        "tmi_structural_nT": 44469.7,
        "tmi_anomaly_nT": -530.3,
        "elevation_mdpl": 165.8,
        "geochem_assay_ratio": 5.82
      },
      "geometry": {
        "type": "Polygon",
        "coordinates": [
          [
            [
              122.195,
              -3.58
            ],
            [
              122.2,
              -3.58
            ],
            [
              122.2,
              -3.575
            ],
            [
              122.195,
              -3.575
            ],
            [
              122.195,
              -3.58
            ]
          ]
        ]
      }
    },
    {
      "type": "Feature",
      "properties": {
        "grid_id": "TAP219",
        "site": "tapunopaka",
        "location_label": "Tapunopaka Greenfield Interior Prospect - Sulawesi Tenggara greenfield nickel laterite",
        "lithology": "alluvium",
        "slope_deg": 3.0,
        "distance_to_river_m": 2746,
        "distance_to_road_m": 4828,
        "distance_to_settlement_m": 7634,
        "legal_status": "allowed",
        "distance_to_smelter_km": 55.3,
        "area_ha": 0.31,
        "region_id": "NE",
        "fe_oxide_index": 1.238,
        "clay_index": 1.487,
        "ndvi_stress_index": 0.539,
        "tmi_structural_nT": 45334.9,
        "tmi_anomaly_nT": 334.9,
        "elevation_mdpl": 110.0,
        "geochem_assay_ratio": 3.9
      },
      "geometry": {
        "type": "Polygon",
        "coordinates": [
          [
            [
              122.2,
              -3.58
            ],
            [
              122.205,
              -3.58
            ],
            [
              122.205,
              -3.575
            ],
            [
              122.2,
              -3.575
            ],
            [
              122.2,
              -3.58
            ]
          ]
        ]
      }
    },
    {
      "type": "Feature",
      "properties": {
        "grid_id": "TAP220",
        "site": "tapunopaka",
        "location_label": "Tapunopaka Greenfield Interior Prospect - Sulawesi Tenggara greenfield nickel laterite",
        "lithology": "ultramafic_simulated",
        "slope_deg": 10.9,
        "distance_to_river_m": 1820,
        "distance_to_road_m": 2504,
        "distance_to_settlement_m": 6704,
        "legal_status": "allowed",
        "distance_to_smelter_km": 59.6,
        "area_ha": 0.31,
        "region_id": "NE",
        "fe_oxide_index": 2.449,
        "clay_index": 2.182,
        "ndvi_stress_index": 0.381,
        "tmi_structural_nT": 45375.1,
        "tmi_anomaly_nT": 375.1,
        "elevation_mdpl": 92.3,
        "geochem_assay_ratio": 1.73
      },
      "geometry": {
        "type": "Polygon",
        "coordinates": [
          [
            [
              122.205,
              -3.58
            ],
            [
              122.21,
              -3.58
            ],
            [
              122.21,
              -3.575
            ],
            [
              122.205,
              -3.575
            ],
            [
              122.205,
              -3.58
            ]
          ]
        ]
      }
    },
    {
      "type": "Feature",
      "properties": {
        "grid_id": "TAP221",
        "site": "tapunopaka",
        "location_label": "Tapunopaka Greenfield Interior Prospect - Sulawesi Tenggara greenfield nickel laterite",
        "lithology": "alluvium",
        "slope_deg": 2.7,
        "distance_to_river_m": 2619,
        "distance_to_road_m": 1640,
        "distance_to_settlement_m": 6672,
        "legal_status": "conditional",
        "distance_to_smelter_km": 60.1,
        "area_ha": 0.31,
        "region_id": "NW",
        "fe_oxide_index": 1.22,
        "clay_index": 1.092,
        "ndvi_stress_index": 0.662,
        "tmi_structural_nT": 44714.0,
        "tmi_anomaly_nT": -286.0,
        "elevation_mdpl": 108.5,
        "geochem_assay_ratio": 4.51
      },
      "geometry": {
        "type": "Polygon",
        "coordinates": [
          [
            [
              122.11,
              -3.575
            ],
            [
              122.115,
              -3.575
            ],
            [
              122.115,
              -3.57
            ],
            [
              122.11,
              -3.57
            ],
            [
              122.11,
              -3.575
            ]
          ]
        ]
      }
    },
    {
      "type": "Feature",
      "properties": {
        "grid_id": "TAP222",
        "site": "tapunopaka",
        "location_label": "Tapunopaka Greenfield Interior Prospect - Sulawesi Tenggara greenfield nickel laterite",
        "lithology": "alluvium",
        "slope_deg": 4.8,
        "distance_to_river_m": 1811,
        "distance_to_road_m": 3258,
        "distance_to_settlement_m": 10886,
        "legal_status": "conditional",
        "distance_to_smelter_km": 55.8,
        "area_ha": 0.31,
        "region_id": "NW",
        "fe_oxide_index": 1.277,
        "clay_index": 1.356,
        "ndvi_stress_index": 0.585,
        "tmi_structural_nT": 45279.1,
        "tmi_anomaly_nT": 279.1,
        "elevation_mdpl": 130.7,
        "geochem_assay_ratio": 3.73
      },
      "geometry": {
        "type": "Polygon",
        "coordinates": [
          [
            [
              122.115,
              -3.575
            ],
            [
              122.12,
              -3.575
            ],
            [
              122.12,
              -3.57
            ],
            [
              122.115,
              -3.57
            ],
            [
              122.115,
              -3.575
            ]
          ]
        ]
      }
    },
    {
      "type": "Feature",
      "properties": {
        "grid_id": "TAP223",
        "site": "tapunopaka",
        "location_label": "Tapunopaka Greenfield Interior Prospect - Sulawesi Tenggara greenfield nickel laterite",
        "lithology": "ultramafic_simulated",
        "slope_deg": 11.2,
        "distance_to_river_m": 512,
        "distance_to_road_m": 2933,
        "distance_to_settlement_m": 6462,
        "legal_status": "conditional",
        "distance_to_smelter_km": 51.5,
        "area_ha": 0.31,
        "region_id": "NW",
        "fe_oxide_index": 1.803,
        "clay_index": 2.099,
        "ndvi_stress_index": 0.196,
        "tmi_structural_nT": 45145.9,
        "tmi_anomaly_nT": 145.9,
        "elevation_mdpl": 145.2,
        "geochem_assay_ratio": 1.9
      },
      "geometry": {
        "type": "Polygon",
        "coordinates": [
          [
            [
              122.12,
              -3.575
            ],
            [
              122.125,
              -3.575
            ],
            [
              122.125,
              -3.57
            ],
            [
              122.12,
              -3.57
            ],
            [
              122.12,
              -3.575
            ]
          ]
        ]
      }
    },
    {
      "type": "Feature",
      "properties": {
        "grid_id": "TAP224",
        "site": "tapunopaka",
        "location_label": "Tapunopaka Greenfield Interior Prospect - Sulawesi Tenggara greenfield nickel laterite",
        "lithology": "serpentinite_simulated",
        "slope_deg": 6.8,
        "distance_to_river_m": 456,
        "distance_to_road_m": 3607,
        "distance_to_settlement_m": 9652,
        "legal_status": "conditional",
        "distance_to_smelter_km": 47.2,
        "area_ha": 0.31,
        "region_id": "NW",
        "fe_oxide_index": 2.467,
        "clay_index": 1.808,
        "ndvi_stress_index": 0.229,
        "tmi_structural_nT": 45703.1,
        "tmi_anomaly_nT": 703.1,
        "elevation_mdpl": 150.7,
        "geochem_assay_ratio": 2.56
      },
      "geometry": {
        "type": "Polygon",
        "coordinates": [
          [
            [
              122.125,
              -3.575
            ],
            [
              122.13,
              -3.575
            ],
            [
              122.13,
              -3.57
            ],
            [
              122.125,
              -3.57
            ],
            [
              122.125,
              -3.575
            ]
          ]
        ]
      }
    },
    {
      "type": "Feature",
      "properties": {
        "grid_id": "TAP225",
        "site": "tapunopaka",
        "location_label": "Tapunopaka Greenfield Interior Prospect - Sulawesi Tenggara greenfield nickel laterite",
        "lithology": "mafic_volcanic_simulated",
        "slope_deg": 3.8,
        "distance_to_river_m": 976,
        "distance_to_road_m": 3135,
        "distance_to_settlement_m": 11578,
        "legal_status": "allowed",
        "distance_to_smelter_km": 42.9,
        "area_ha": 0.31,
        "region_id": "NW",
        "fe_oxide_index": 1.405,
        "clay_index": 1.258,
        "ndvi_stress_index": 0.703,
        "tmi_structural_nT": 45347.7,
        "tmi_anomaly_nT": 347.7,
        "elevation_mdpl": 138.3,
        "geochem_assay_ratio": 3.56
      },
      "geometry": {
        "type": "Polygon",
        "coordinates": [
          [
            [
              122.13,
              -3.575
            ],
            [
              122.135,
              -3.575
            ],
            [
              122.135,
              -3.57
            ],
            [
              122.13,
              -3.57
            ],
            [
              122.13,
              -3.575
            ]
          ]
        ]
      }
    },
    {
      "type": "Feature",
      "properties": {
        "grid_id": "TAP226",
        "site": "tapunopaka",
        "location_label": "Tapunopaka Greenfield Interior Prospect - Sulawesi Tenggara greenfield nickel laterite",
        "lithology": "alluvium",
        "slope_deg": 9.6,
        "distance_to_river_m": 846,
        "distance_to_road_m": 2751,
        "distance_to_settlement_m": 7507,
        "legal_status": "allowed",
        "distance_to_smelter_km": 38.8,
        "area_ha": 0.31,
        "region_id": "NW",
        "fe_oxide_index": 1.662,
        "clay_index": 1.018,
        "ndvi_stress_index": 0.717,
        "tmi_structural_nT": 44577.7,
        "tmi_anomaly_nT": -422.3,
        "elevation_mdpl": 114.8,
        "geochem_assay_ratio": 3.8
      },
      "geometry": {
        "type": "Polygon",
        "coordinates": [
          [
            [
              122.135,
              -3.575
            ],
            [
              122.14,
              -3.575
            ],
            [
              122.14,
              -3.57
            ],
            [
              122.135,
              -3.57
            ],
            [
              122.135,
              -3.575
            ]
          ]
        ]
      }
    },
    {
      "type": "Feature",
      "properties": {
        "grid_id": "TAP227",
        "site": "tapunopaka",
        "location_label": "Tapunopaka Greenfield Interior Prospect - Sulawesi Tenggara greenfield nickel laterite",
        "lithology": "mafic_volcanic_simulated",
        "slope_deg": 11.0,
        "distance_to_river_m": 944,
        "distance_to_road_m": 4955,
        "distance_to_settlement_m": 5070,
        "legal_status": "allowed",
        "distance_to_smelter_km": 34.7,
        "area_ha": 0.31,
        "region_id": "NW",
        "fe_oxide_index": 1.289,
        "clay_index": 1.396,
        "ndvi_stress_index": 0.582,
        "tmi_structural_nT": 44832.7,
        "tmi_anomaly_nT": -167.3,
        "elevation_mdpl": 145.7,
        "geochem_assay_ratio": 3.64
      },
      "geometry": {
        "type": "Polygon",
        "coordinates": [
          [
            [
              122.14,
              -3.575
            ],
            [
              122.145,
              -3.575
            ],
            [
              122.145,
              -3.57
            ],
            [
              122.14,
              -3.57
            ],
            [
              122.14,
              -3.575
            ]
          ]
        ]
      }
    },
    {
      "type": "Feature",
      "properties": {
        "grid_id": "TAP228",
        "site": "tapunopaka",
        "location_label": "Tapunopaka Greenfield Interior Prospect - Sulawesi Tenggara greenfield nickel laterite",
        "lithology": "alluvium",
        "slope_deg": 9.9,
        "distance_to_river_m": 1408,
        "distance_to_road_m": 4450,
        "distance_to_settlement_m": 7972,
        "legal_status": "allowed",
        "distance_to_smelter_km": 30.8,
        "area_ha": 0.31,
        "region_id": "NW",
        "fe_oxide_index": 1.623,
        "clay_index": 1.075,
        "ndvi_stress_index": 0.62,
        "tmi_structural_nT": 45333.5,
        "tmi_anomaly_nT": 333.5,
        "elevation_mdpl": 140.2,
        "geochem_assay_ratio": 4.34
      },
      "geometry": {
        "type": "Polygon",
        "coordinates": [
          [
            [
              122.145,
              -3.575
            ],
            [
              122.15,
              -3.575
            ],
            [
              122.15,
              -3.57
            ],
            [
              122.145,
              -3.57
            ],
            [
              122.145,
              -3.575
            ]
          ]
        ]
      }
    },
    {
      "type": "Feature",
      "properties": {
        "grid_id": "TAP229",
        "site": "tapunopaka",
        "location_label": "Tapunopaka Greenfield Interior Prospect - Sulawesi Tenggara greenfield nickel laterite",
        "lithology": "peridotite_simulated",
        "slope_deg": 11.3,
        "distance_to_river_m": 1967,
        "distance_to_road_m": 3947,
        "distance_to_settlement_m": 10998,
        "legal_status": "allowed",
        "distance_to_smelter_km": 27.3,
        "area_ha": 0.31,
        "region_id": "NW",
        "fe_oxide_index": 2.295,
        "clay_index": 2.437,
        "ndvi_stress_index": 0.356,
        "tmi_structural_nT": 45186.6,
        "tmi_anomaly_nT": 186.6,
        "elevation_mdpl": 125.3,
        "geochem_assay_ratio": 1.76
      },
      "geometry": {
        "type": "Polygon",
        "coordinates": [
          [
            [
              122.15,
              -3.575
            ],
            [
              122.155,
              -3.575
            ],
            [
              122.155,
              -3.57
            ],
            [
              122.15,
              -3.57
            ],
            [
              122.15,
              -3.575
            ]
          ]
        ]
      }
    },
    {
      "type": "Feature",
      "properties": {
        "grid_id": "TAP230",
        "site": "tapunopaka",
        "location_label": "Tapunopaka Greenfield Interior Prospect - Sulawesi Tenggara greenfield nickel laterite",
        "lithology": "mafic_volcanic_simulated",
        "slope_deg": 3.1,
        "distance_to_river_m": 903,
        "distance_to_road_m": 3764,
        "distance_to_settlement_m": 4752,
        "legal_status": "allowed",
        "distance_to_smelter_km": 24.9,
        "area_ha": 0.31,
        "region_id": "NW",
        "fe_oxide_index": 1.191,
        "clay_index": 1.338,
        "ndvi_stress_index": 0.772,
        "tmi_structural_nT": 45020.1,
        "tmi_anomaly_nT": 20.1,
        "elevation_mdpl": 111.9,
        "geochem_assay_ratio": 4.75
      },
      "geometry": {
        "type": "Polygon",
        "coordinates": [
          [
            [
              122.155,
              -3.575
            ],
            [
              122.16,
              -3.575
            ],
            [
              122.16,
              -3.57
            ],
            [
              122.155,
              -3.57
            ],
            [
              122.155,
              -3.575
            ]
          ]
        ]
      }
    },
    {
      "type": "Feature",
      "properties": {
        "grid_id": "TAP231",
        "site": "tapunopaka",
        "location_label": "Tapunopaka Greenfield Interior Prospect - Sulawesi Tenggara greenfield nickel laterite",
        "lithology": "ultramafic_simulated",
        "slope_deg": 2.9,
        "distance_to_river_m": 2648,
        "distance_to_road_m": 4244,
        "distance_to_settlement_m": 9802,
        "legal_status": "allowed",
        "distance_to_smelter_km": 24.9,
        "area_ha": 0.31,
        "region_id": "NE",
        "fe_oxide_index": 1.82,
        "clay_index": 2.152,
        "ndvi_stress_index": 0.262,
        "tmi_structural_nT": 45668.7,
        "tmi_anomaly_nT": 668.7,
        "elevation_mdpl": 90.4,
        "geochem_assay_ratio": 3.19
      },
      "geometry": {
        "type": "Polygon",
        "coordinates": [
          [
            [
              122.16,
              -3.575
            ],
            [
              122.165,
              -3.575
            ],
            [
              122.165,
              -3.57
            ],
            [
              122.16,
              -3.57
            ],
            [
              122.16,
              -3.575
            ]
          ]
        ]
      }
    },
    {
      "type": "Feature",
      "properties": {
        "grid_id": "TAP232",
        "site": "tapunopaka",
        "location_label": "Tapunopaka Greenfield Interior Prospect - Sulawesi Tenggara greenfield nickel laterite",
        "lithology": "serpentinite_simulated",
        "slope_deg": 11.2,
        "distance_to_river_m": 2272,
        "distance_to_road_m": 4532,
        "distance_to_settlement_m": 9593,
        "legal_status": "allowed",
        "distance_to_smelter_km": 27.3,
        "area_ha": 0.31,
        "region_id": "NE",
        "fe_oxide_index": 2.05,
        "clay_index": 2.429,
        "ndvi_stress_index": 0.278,
        "tmi_structural_nT": 45369.9,
        "tmi_anomaly_nT": 369.9,
        "elevation_mdpl": 105.8,
        "geochem_assay_ratio": 1.88
      },
      "geometry": {
        "type": "Polygon",
        "coordinates": [
          [
            [
              122.165,
              -3.575
            ],
            [
              122.17,
              -3.575
            ],
            [
              122.17,
              -3.57
            ],
            [
              122.165,
              -3.57
            ],
            [
              122.165,
              -3.575
            ]
          ]
        ]
      }
    },
    {
      "type": "Feature",
      "properties": {
        "grid_id": "TAP233",
        "site": "tapunopaka",
        "location_label": "Tapunopaka Greenfield Interior Prospect - Sulawesi Tenggara greenfield nickel laterite",
        "lithology": "mafic_volcanic_simulated",
        "slope_deg": 4.5,
        "distance_to_river_m": 1599,
        "distance_to_road_m": 2286,
        "distance_to_settlement_m": 7562,
        "legal_status": "allowed",
        "distance_to_smelter_km": 30.8,
        "area_ha": 0.31,
        "region_id": "NE",
        "fe_oxide_index": 1.172,
        "clay_index": 1.204,
        "ndvi_stress_index": 0.704,
        "tmi_structural_nT": 45170.5,
        "tmi_anomaly_nT": 170.5,
        "elevation_mdpl": 168.7,
        "geochem_assay_ratio": 5.29
      },
      "geometry": {
        "type": "Polygon",
        "coordinates": [
          [
            [
              122.17,
              -3.575
            ],
            [
              122.175,
              -3.575
            ],
            [
              122.175,
              -3.57
            ],
            [
              122.17,
              -3.57
            ],
            [
              122.17,
              -3.575
            ]
          ]
        ]
      }
    },
    {
      "type": "Feature",
      "properties": {
        "grid_id": "TAP234",
        "site": "tapunopaka",
        "location_label": "Tapunopaka Greenfield Interior Prospect - Sulawesi Tenggara greenfield nickel laterite",
        "lithology": "mafic_volcanic_simulated",
        "slope_deg": 9.8,
        "distance_to_river_m": 1950,
        "distance_to_road_m": 2957,
        "distance_to_settlement_m": 5476,
        "legal_status": "allowed",
        "distance_to_smelter_km": 34.7,
        "area_ha": 0.31,
        "region_id": "NE",
        "fe_oxide_index": 1.141,
        "clay_index": 1.018,
        "ndvi_stress_index": 0.745,
        "tmi_structural_nT": 45007.2,
        "tmi_anomaly_nT": 7.2,
        "elevation_mdpl": 175.5,
        "geochem_assay_ratio": 4.86
      },
      "geometry": {
        "type": "Polygon",
        "coordinates": [
          [
            [
              122.175,
              -3.575
            ],
            [
              122.18,
              -3.575
            ],
            [
              122.18,
              -3.57
            ],
            [
              122.175,
              -3.57
            ],
            [
              122.175,
              -3.575
            ]
          ]
        ]
      }
    },
    {
      "type": "Feature",
      "properties": {
        "grid_id": "TAP235",
        "site": "tapunopaka",
        "location_label": "Tapunopaka Greenfield Interior Prospect - Sulawesi Tenggara greenfield nickel laterite",
        "lithology": "alluvium",
        "slope_deg": 4.4,
        "distance_to_river_m": 1464,
        "distance_to_road_m": 2255,
        "distance_to_settlement_m": 4189,
        "legal_status": "allowed",
        "distance_to_smelter_km": 38.8,
        "area_ha": 0.31,
        "region_id": "NE",
        "fe_oxide_index": 1.294,
        "clay_index": 1.009,
        "ndvi_stress_index": 0.568,
        "tmi_structural_nT": 45352.3,
        "tmi_anomaly_nT": 352.3,
        "elevation_mdpl": 131.4,
        "geochem_assay_ratio": 4.22
      },
      "geometry": {
        "type": "Polygon",
        "coordinates": [
          [
            [
              122.18,
              -3.575
            ],
            [
              122.185,
              -3.575
            ],
            [
              122.185,
              -3.57
            ],
            [
              122.18,
              -3.57
            ],
            [
              122.18,
              -3.575
            ]
          ]
        ]
      }
    },
    {
      "type": "Feature",
      "properties": {
        "grid_id": "TAP236",
        "site": "tapunopaka",
        "location_label": "Tapunopaka Greenfield Interior Prospect - Sulawesi Tenggara greenfield nickel laterite",
        "lithology": "mafic_volcanic_simulated",
        "slope_deg": 10.1,
        "distance_to_river_m": 1934,
        "distance_to_road_m": 1984,
        "distance_to_settlement_m": 8118,
        "legal_status": "allowed",
        "distance_to_smelter_km": 42.9,
        "area_ha": 0.31,
        "region_id": "NE",
        "fe_oxide_index": 1.422,
        "clay_index": 1.278,
        "ndvi_stress_index": 0.508,
        "tmi_structural_nT": 44712.2,
        "tmi_anomaly_nT": -287.8,
        "elevation_mdpl": 90.6,
        "geochem_assay_ratio": 4.09
      },
      "geometry": {
        "type": "Polygon",
        "coordinates": [
          [
            [
              122.185,
              -3.575
            ],
            [
              122.19,
              -3.575
            ],
            [
              122.19,
              -3.57
            ],
            [
              122.185,
              -3.57
            ],
            [
              122.185,
              -3.575
            ]
          ]
        ]
      }
    },
    {
      "type": "Feature",
      "properties": {
        "grid_id": "TAP237",
        "site": "tapunopaka",
        "location_label": "Tapunopaka Greenfield Interior Prospect - Sulawesi Tenggara greenfield nickel laterite",
        "lithology": "ultramafic_simulated",
        "slope_deg": 11.9,
        "distance_to_river_m": 2036,
        "distance_to_road_m": 1770,
        "distance_to_settlement_m": 5757,
        "legal_status": "allowed",
        "distance_to_smelter_km": 47.2,
        "area_ha": 0.31,
        "region_id": "NE",
        "fe_oxide_index": 1.937,
        "clay_index": 2.425,
        "ndvi_stress_index": 0.364,
        "tmi_structural_nT": 45682.6,
        "tmi_anomaly_nT": 682.6,
        "elevation_mdpl": 171.0,
        "geochem_assay_ratio": 3.1
      },
      "geometry": {
        "type": "Polygon",
        "coordinates": [
          [
            [
              122.19,
              -3.575
            ],
            [
              122.195,
              -3.575
            ],
            [
              122.195,
              -3.57
            ],
            [
              122.19,
              -3.57
            ],
            [
              122.19,
              -3.575
            ]
          ]
        ]
      }
    },
    {
      "type": "Feature",
      "properties": {
        "grid_id": "TAP238",
        "site": "tapunopaka",
        "location_label": "Tapunopaka Greenfield Interior Prospect - Sulawesi Tenggara greenfield nickel laterite",
        "lithology": "peridotite_simulated",
        "slope_deg": 3.2,
        "distance_to_river_m": 2337,
        "distance_to_road_m": 1350,
        "distance_to_settlement_m": 4297,
        "legal_status": "allowed",
        "distance_to_smelter_km": 51.5,
        "area_ha": 0.31,
        "region_id": "NE",
        "fe_oxide_index": 1.917,
        "clay_index": 1.868,
        "ndvi_stress_index": 0.307,
        "tmi_structural_nT": 45867.6,
        "tmi_anomaly_nT": 867.6,
        "elevation_mdpl": 119.4,
        "geochem_assay_ratio": 1.76
      },
      "geometry": {
        "type": "Polygon",
        "coordinates": [
          [
            [
              122.195,
              -3.575
            ],
            [
              122.2,
              -3.575
            ],
            [
              122.2,
              -3.57
            ],
            [
              122.195,
              -3.57
            ],
            [
              122.195,
              -3.575
            ]
          ]
        ]
      }
    },
    {
      "type": "Feature",
      "properties": {
        "grid_id": "TAP239",
        "site": "tapunopaka",
        "location_label": "Tapunopaka Greenfield Interior Prospect - Sulawesi Tenggara greenfield nickel laterite",
        "lithology": "serpentinite_simulated",
        "slope_deg": 3.6,
        "distance_to_river_m": 1398,
        "distance_to_road_m": 4664,
        "distance_to_settlement_m": 8636,
        "legal_status": "allowed",
        "distance_to_smelter_km": 55.8,
        "area_ha": 0.31,
        "region_id": "NE",
        "fe_oxide_index": 2.236,
        "clay_index": 2.307,
        "ndvi_stress_index": 0.329,
        "tmi_structural_nT": 45294.9,
        "tmi_anomaly_nT": 294.9,
        "elevation_mdpl": 124.8,
        "geochem_assay_ratio": 3.09
      },
      "geometry": {
        "type": "Polygon",
        "coordinates": [
          [
            [
              122.2,
              -3.575
            ],
            [
              122.205,
              -3.575
            ],
            [
              122.205,
              -3.57
            ],
            [
              122.2,
              -3.57
            ],
            [
              122.2,
              -3.575
            ]
          ]
        ]
      }
    },
    {
      "type": "Feature",
      "properties": {
        "grid_id": "TAP240",
        "site": "tapunopaka",
        "location_label": "Tapunopaka Greenfield Interior Prospect - Sulawesi Tenggara greenfield nickel laterite",
        "lithology": "mafic_volcanic_simulated",
        "slope_deg": 7.8,
        "distance_to_river_m": 833,
        "distance_to_road_m": 5342,
        "distance_to_settlement_m": 11365,
        "legal_status": "allowed",
        "distance_to_smelter_km": 60.1,
        "area_ha": 0.31,
        "region_id": "NE",
        "fe_oxide_index": 1.686,
        "clay_index": 1.374,
        "ndvi_stress_index": 0.581,
        "tmi_structural_nT": 45340.9,
        "tmi_anomaly_nT": 340.9,
        "elevation_mdpl": 151.9,
        "geochem_assay_ratio": 5.68
      },
      "geometry": {
        "type": "Polygon",
        "coordinates": [
          [
            [
              122.205,
              -3.575
            ],
            [
              122.21,
              -3.575
            ],
            [
              122.21,
              -3.57
            ],
            [
              122.205,
              -3.57
            ],
            [
              122.205,
              -3.575
            ]
          ]
        ]
      }
    },
    {
      "type": "Feature",
      "properties": {
        "grid_id": "TAP241",
        "site": "tapunopaka",
        "location_label": "Tapunopaka Greenfield Interior Prospect - Sulawesi Tenggara greenfield nickel laterite",
        "lithology": "peridotite_simulated",
        "slope_deg": 11.0,
        "distance_to_river_m": 1184,
        "distance_to_road_m": 4446,
        "distance_to_settlement_m": 11140,
        "legal_status": "conditional",
        "distance_to_smelter_km": 61.0,
        "area_ha": 0.31,
        "region_id": "NW",
        "fe_oxide_index": 1.851,
        "clay_index": 1.629,
        "ndvi_stress_index": 0.414,
        "tmi_structural_nT": 45100.6,
        "tmi_anomaly_nT": 100.6,
        "elevation_mdpl": 160.9,
        "geochem_assay_ratio": 2.03
      },
      "geometry": {
        "type": "Polygon",
        "coordinates": [
          [
            [
              122.11,
              -3.57
            ],
            [
              122.115,
              -3.57
            ],
            [
              122.115,
              -3.565
            ],
            [
              122.11,
              -3.565
            ],
            [
              122.11,
              -3.57
            ]
          ]
        ]
      }
    },
    {
      "type": "Feature",
      "properties": {
        "grid_id": "TAP242",
        "site": "tapunopaka",
        "location_label": "Tapunopaka Greenfield Interior Prospect - Sulawesi Tenggara greenfield nickel laterite",
        "lithology": "mafic_volcanic_simulated",
        "slope_deg": 7.0,
        "distance_to_river_m": 2675,
        "distance_to_road_m": 3649,
        "distance_to_settlement_m": 11077,
        "legal_status": "conditional",
        "distance_to_smelter_km": 56.8,
        "area_ha": 0.31,
        "region_id": "NW",
        "fe_oxide_index": 1.349,
        "clay_index": 1.055,
        "ndvi_stress_index": 0.761,
        "tmi_structural_nT": 45006.9,
        "tmi_anomaly_nT": 6.9,
        "elevation_mdpl": 150.0,
        "geochem_assay_ratio": 3.84
      },
      "geometry": {
        "type": "Polygon",
        "coordinates": [
          [
            [
              122.115,
              -3.57
            ],
            [
              122.12,
              -3.57
            ],
            [
              122.12,
              -3.565
            ],
            [
              122.115,
              -3.565
            ],
            [
              122.115,
              -3.57
            ]
          ]
        ]
      }
    },
    {
      "type": "Feature",
      "properties": {
        "grid_id": "TAP243",
        "site": "tapunopaka",
        "location_label": "Tapunopaka Greenfield Interior Prospect - Sulawesi Tenggara greenfield nickel laterite",
        "lithology": "alluvium",
        "slope_deg": 8.0,
        "distance_to_river_m": 456,
        "distance_to_road_m": 4272,
        "distance_to_settlement_m": 4075,
        "legal_status": "conditional",
        "distance_to_smelter_km": 52.6,
        "area_ha": 0.31,
        "region_id": "NW",
        "fe_oxide_index": 1.669,
        "clay_index": 1.25,
        "ndvi_stress_index": 0.728,
        "tmi_structural_nT": 44785.5,
        "tmi_anomaly_nT": -214.5,
        "elevation_mdpl": 102.7,
        "geochem_assay_ratio": 3.69
      },
      "geometry": {
        "type": "Polygon",
        "coordinates": [
          [
            [
              122.12,
              -3.57
            ],
            [
              122.125,
              -3.57
            ],
            [
              122.125,
              -3.565
            ],
            [
              122.12,
              -3.565
            ],
            [
              122.12,
              -3.57
            ]
          ]
        ]
      }
    },
    {
      "type": "Feature",
      "properties": {
        "grid_id": "TAP244",
        "site": "tapunopaka",
        "location_label": "Tapunopaka Greenfield Interior Prospect - Sulawesi Tenggara greenfield nickel laterite",
        "lithology": "peridotite_simulated",
        "slope_deg": 2.7,
        "distance_to_river_m": 781,
        "distance_to_road_m": 3294,
        "distance_to_settlement_m": 4063,
        "legal_status": "conditional",
        "distance_to_smelter_km": 48.5,
        "area_ha": 0.31,
        "region_id": "NW",
        "fe_oxide_index": 2.773,
        "clay_index": 2.434,
        "ndvi_stress_index": 0.404,
        "tmi_structural_nT": 45134.5,
        "tmi_anomaly_nT": 134.5,
        "elevation_mdpl": 136.2,
        "geochem_assay_ratio": 2.8
      },
      "geometry": {
        "type": "Polygon",
        "coordinates": [
          [
            [
              122.125,
              -3.57
            ],
            [
              122.13,
              -3.57
            ],
            [
              122.13,
              -3.565
            ],
            [
              122.125,
              -3.565
            ],
            [
              122.125,
              -3.57
            ]
          ]
        ]
      }
    },
    {
      "type": "Feature",
      "properties": {
        "grid_id": "TAP245",
        "site": "tapunopaka",
        "location_label": "Tapunopaka Greenfield Interior Prospect - Sulawesi Tenggara greenfield nickel laterite",
        "lithology": "peridotite_simulated",
        "slope_deg": 2.4,
        "distance_to_river_m": 1443,
        "distance_to_road_m": 1666,
        "distance_to_settlement_m": 11018,
        "legal_status": "allowed",
        "distance_to_smelter_km": 44.4,
        "area_ha": 0.31,
        "region_id": "NW",
        "fe_oxide_index": 1.813,
        "clay_index": 2.155,
        "ndvi_stress_index": 0.203,
        "tmi_structural_nT": 45385.8,
        "tmi_anomaly_nT": 385.8,
        "elevation_mdpl": 147.8,
        "geochem_assay_ratio": 2.32
      },
      "geometry": {
        "type": "Polygon",
        "coordinates": [
          [
            [
              122.13,
              -3.57
            ],
            [
              122.135,
              -3.57
            ],
            [
              122.135,
              -3.565
            ],
            [
              122.13,
              -3.565
            ],
            [
              122.13,
              -3.57
            ]
          ]
        ]
      }
    },
    {
      "type": "Feature",
      "properties": {
        "grid_id": "TAP246",
        "site": "tapunopaka",
        "location_label": "Tapunopaka Greenfield Interior Prospect - Sulawesi Tenggara greenfield nickel laterite",
        "lithology": "mafic_volcanic_simulated",
        "slope_deg": 7.5,
        "distance_to_river_m": 1419,
        "distance_to_road_m": 2421,
        "distance_to_settlement_m": 10862,
        "legal_status": "allowed",
        "distance_to_smelter_km": 40.5,
        "area_ha": 0.31,
        "region_id": "NW",
        "fe_oxide_index": 1.562,
        "clay_index": 1.285,
        "ndvi_stress_index": 0.648,
        "tmi_structural_nT": 44743.4,
        "tmi_anomaly_nT": -256.6,
        "elevation_mdpl": 143.5,
        "geochem_assay_ratio": 5.95
      },
      "geometry": {
        "type": "Polygon",
        "coordinates": [
          [
            [
              122.135,
              -3.57
            ],
            [
              122.14,
              -3.57
            ],
            [
              122.14,
              -3.565
            ],
            [
              122.135,
              -3.565
            ],
            [
              122.135,
              -3.57
            ]
          ]
        ]
      }
    },
    {
      "type": "Feature",
      "properties": {
        "grid_id": "TAP247",
        "site": "tapunopaka",
        "location_label": "Tapunopaka Greenfield Interior Prospect - Sulawesi Tenggara greenfield nickel laterite",
        "lithology": "peridotite_simulated",
        "slope_deg": 7.4,
        "distance_to_river_m": 1940,
        "distance_to_road_m": 4233,
        "distance_to_settlement_m": 7789,
        "legal_status": "allowed",
        "distance_to_smelter_km": 36.8,
        "area_ha": 0.31,
        "region_id": "NW",
        "fe_oxide_index": 2.716,
        "clay_index": 2.012,
        "ndvi_stress_index": 0.23,
        "tmi_structural_nT": 45181.9,
        "tmi_anomaly_nT": 181.9,
        "elevation_mdpl": 171.9,
        "geochem_assay_ratio": 3.19
      },
      "geometry": {
        "type": "Polygon",
        "coordinates": [
          [
            [
              122.14,
              -3.57
            ],
            [
              122.145,
              -3.57
            ],
            [
              122.145,
              -3.565
            ],
            [
              122.14,
              -3.565
            ],
            [
              122.14,
              -3.57
            ]
          ]
        ]
      }
    },
    {
      "type": "Feature",
      "properties": {
        "grid_id": "TAP248",
        "site": "tapunopaka",
        "location_label": "Tapunopaka Greenfield Interior Prospect - Sulawesi Tenggara greenfield nickel laterite",
        "lithology": "peridotite_simulated",
        "slope_deg": 3.7,
        "distance_to_river_m": 2358,
        "distance_to_road_m": 2408,
        "distance_to_settlement_m": 6578,
        "legal_status": "allowed",
        "distance_to_smelter_km": 33.5,
        "area_ha": 0.31,
        "region_id": "NW",
        "fe_oxide_index": 2.634,
        "clay_index": 1.862,
        "ndvi_stress_index": 0.28,
        "tmi_structural_nT": 45552.9,
        "tmi_anomaly_nT": 552.9,
        "elevation_mdpl": 83.1,
        "geochem_assay_ratio": 2.3
      },
      "geometry": {
        "type": "Polygon",
        "coordinates": [
          [
            [
              122.145,
              -3.57
            ],
            [
              122.15,
              -3.57
            ],
            [
              122.15,
              -3.565
            ],
            [
              122.145,
              -3.565
            ],
            [
              122.145,
              -3.57
            ]
          ]
        ]
      }
    },
    {
      "type": "Feature",
      "properties": {
        "grid_id": "TAP249",
        "site": "tapunopaka",
        "location_label": "Tapunopaka Greenfield Interior Prospect - Sulawesi Tenggara greenfield nickel laterite",
        "lithology": "peridotite_simulated",
        "slope_deg": 7.4,
        "distance_to_river_m": 850,
        "distance_to_road_m": 5482,
        "distance_to_settlement_m": 5245,
        "legal_status": "allowed",
        "distance_to_smelter_km": 30.8,
        "area_ha": 0.31,
        "region_id": "NW",
        "fe_oxide_index": 1.842,
        "clay_index": 1.711,
        "ndvi_stress_index": 0.394,
        "tmi_structural_nT": 45832.9,
        "tmi_anomaly_nT": 832.9,
        "elevation_mdpl": 156.0,
        "geochem_assay_ratio": 3.19
      },
      "geometry": {
        "type": "Polygon",
        "coordinates": [
          [
            [
              122.15,
              -3.57
            ],
            [
              122.155,
              -3.57
            ],
            [
              122.155,
              -3.565
            ],
            [
              122.15,
              -3.565
            ],
            [
              122.15,
              -3.57
            ]
          ]
        ]
      }
    },
    {
      "type": "Feature",
      "properties": {
        "grid_id": "TAP250",
        "site": "tapunopaka",
        "location_label": "Tapunopaka Greenfield Interior Prospect - Sulawesi Tenggara greenfield nickel laterite",
        "lithology": "mafic_volcanic_simulated",
        "slope_deg": 5.3,
        "distance_to_river_m": 2715,
        "distance_to_road_m": 4170,
        "distance_to_settlement_m": 11020,
        "legal_status": "allowed",
        "distance_to_smelter_km": 29.2,
        "area_ha": 0.31,
        "region_id": "NW",
        "fe_oxide_index": 1.687,
        "clay_index": 1.346,
        "ndvi_stress_index": 0.592,
        "tmi_structural_nT": 44693.0,
        "tmi_anomaly_nT": -307.0,
        "elevation_mdpl": 114.1,
        "geochem_assay_ratio": 5.46
      },
      "geometry": {
        "type": "Polygon",
        "coordinates": [
          [
            [
              122.155,
              -3.57
            ],
            [
              122.16,
              -3.57
            ],
            [
              122.16,
              -3.565
            ],
            [
              122.155,
              -3.565
            ],
            [
              122.155,
              -3.57
            ]
          ]
        ]
      }
    },
    {
      "type": "Feature",
      "properties": {
        "grid_id": "TAP251",
        "site": "tapunopaka",
        "location_label": "Tapunopaka Greenfield Interior Prospect - Sulawesi Tenggara greenfield nickel laterite",
        "lithology": "serpentinite_simulated",
        "slope_deg": 8.0,
        "distance_to_river_m": 1549,
        "distance_to_road_m": 3371,
        "distance_to_settlement_m": 6116,
        "legal_status": "allowed",
        "distance_to_smelter_km": 29.2,
        "area_ha": 0.31,
        "region_id": "NE",
        "fe_oxide_index": 2.075,
        "clay_index": 1.974,
        "ndvi_stress_index": 0.199,
        "tmi_structural_nT": 45569.8,
        "tmi_anomaly_nT": 569.8,
        "elevation_mdpl": 131.0,
        "geochem_assay_ratio": 2.23
      },
      "geometry": {
        "type": "Polygon",
        "coordinates": [
          [
            [
              122.16,
              -3.57
            ],
            [
              122.165,
              -3.57
            ],
            [
              122.165,
              -3.565
            ],
            [
              122.16,
              -3.565
            ],
            [
              122.16,
              -3.57
            ]
          ]
        ]
      }
    },
    {
      "type": "Feature",
      "properties": {
        "grid_id": "TAP252",
        "site": "tapunopaka",
        "location_label": "Tapunopaka Greenfield Interior Prospect - Sulawesi Tenggara greenfield nickel laterite",
        "lithology": "peridotite_simulated",
        "slope_deg": 6.8,
        "distance_to_river_m": 2121,
        "distance_to_road_m": 4986,
        "distance_to_settlement_m": 6073,
        "legal_status": "allowed",
        "distance_to_smelter_km": 30.8,
        "area_ha": 0.31,
        "region_id": "NE",
        "fe_oxide_index": 2.444,
        "clay_index": 1.872,
        "ndvi_stress_index": 0.216,
        "tmi_structural_nT": 45556.6,
        "tmi_anomaly_nT": 556.6,
        "elevation_mdpl": 86.4,
        "geochem_assay_ratio": 1.82
      },
      "geometry": {
        "type": "Polygon",
        "coordinates": [
          [
            [
              122.165,
              -3.57
            ],
            [
              122.17,
              -3.57
            ],
            [
              122.17,
              -3.565
            ],
            [
              122.165,
              -3.565
            ],
            [
              122.165,
              -3.57
            ]
          ]
        ]
      }
    },
    {
      "type": "Feature",
      "properties": {
        "grid_id": "TAP253",
        "site": "tapunopaka",
        "location_label": "Tapunopaka Greenfield Interior Prospect - Sulawesi Tenggara greenfield nickel laterite",
        "lithology": "ultramafic_simulated",
        "slope_deg": 8.3,
        "distance_to_river_m": 2277,
        "distance_to_road_m": 3795,
        "distance_to_settlement_m": 9497,
        "legal_status": "allowed",
        "distance_to_smelter_km": 33.5,
        "area_ha": 0.31,
        "region_id": "NE",
        "fe_oxide_index": 2.481,
        "clay_index": 2.362,
        "ndvi_stress_index": 0.361,
        "tmi_structural_nT": 45883.1,
        "tmi_anomaly_nT": 883.1,
        "elevation_mdpl": 115.8,
        "geochem_assay_ratio": 1.94
      },
      "geometry": {
        "type": "Polygon",
        "coordinates": [
          [
            [
              122.17,
              -3.57
            ],
            [
              122.175,
              -3.57
            ],
            [
              122.175,
              -3.565
            ],
            [
              122.17,
              -3.565
            ],
            [
              122.17,
              -3.57
            ]
          ]
        ]
      }
    },
    {
      "type": "Feature",
      "properties": {
        "grid_id": "TAP254",
        "site": "tapunopaka",
        "location_label": "Tapunopaka Greenfield Interior Prospect - Sulawesi Tenggara greenfield nickel laterite",
        "lithology": "serpentinite_simulated",
        "slope_deg": 4.7,
        "distance_to_river_m": 421,
        "distance_to_road_m": 1986,
        "distance_to_settlement_m": 9053,
        "legal_status": "allowed",
        "distance_to_smelter_km": 36.8,
        "area_ha": 0.31,
        "region_id": "NE",
        "fe_oxide_index": 2.021,
        "clay_index": 2.172,
        "ndvi_stress_index": 0.247,
        "tmi_structural_nT": 45828.9,
        "tmi_anomaly_nT": 828.9,
        "elevation_mdpl": 116.5,
        "geochem_assay_ratio": 2.18
      },
      "geometry": {
        "type": "Polygon",
        "coordinates": [
          [
            [
              122.175,
              -3.57
            ],
            [
              122.18,
              -3.57
            ],
            [
              122.18,
              -3.565
            ],
            [
              122.175,
              -3.565
            ],
            [
              122.175,
              -3.57
            ]
          ]
        ]
      }
    },
    {
      "type": "Feature",
      "properties": {
        "grid_id": "TAP255",
        "site": "tapunopaka",
        "location_label": "Tapunopaka Greenfield Interior Prospect - Sulawesi Tenggara greenfield nickel laterite",
        "lithology": "mafic_volcanic_simulated",
        "slope_deg": 10.0,
        "distance_to_river_m": 1527,
        "distance_to_road_m": 1319,
        "distance_to_settlement_m": 4993,
        "legal_status": "allowed",
        "distance_to_smelter_km": 40.5,
        "area_ha": 0.31,
        "region_id": "NE",
        "fe_oxide_index": 1.658,
        "clay_index": 1.243,
        "ndvi_stress_index": 0.509,
        "tmi_structural_nT": 45212.4,
        "tmi_anomaly_nT": 212.4,
        "elevation_mdpl": 159.7,
        "geochem_assay_ratio": 4.74
      },
      "geometry": {
        "type": "Polygon",
        "coordinates": [
          [
            [
              122.18,
              -3.57
            ],
            [
              122.185,
              -3.57
            ],
            [
              122.185,
              -3.565
            ],
            [
              122.18,
              -3.565
            ],
            [
              122.18,
              -3.57
            ]
          ]
        ]
      }
    },
    {
      "type": "Feature",
      "properties": {
        "grid_id": "TAP256",
        "site": "tapunopaka",
        "location_label": "Tapunopaka Greenfield Interior Prospect - Sulawesi Tenggara greenfield nickel laterite",
        "lithology": "alluvium",
        "slope_deg": 7.4,
        "distance_to_river_m": 419,
        "distance_to_road_m": 4909,
        "distance_to_settlement_m": 9953,
        "legal_status": "allowed",
        "distance_to_smelter_km": 44.4,
        "area_ha": 0.31,
        "region_id": "NE",
        "fe_oxide_index": 1.549,
        "clay_index": 1.183,
        "ndvi_stress_index": 0.751,
        "tmi_structural_nT": 45248.7,
        "tmi_anomaly_nT": 248.7,
        "elevation_mdpl": 86.8,
        "geochem_assay_ratio": 4.46
      },
      "geometry": {
        "type": "Polygon",
        "coordinates": [
          [
            [
              122.185,
              -3.57
            ],
            [
              122.19,
              -3.57
            ],
            [
              122.19,
              -3.565
            ],
            [
              122.185,
              -3.565
            ],
            [
              122.185,
              -3.57
            ]
          ]
        ]
      }
    },
    {
      "type": "Feature",
      "properties": {
        "grid_id": "TAP257",
        "site": "tapunopaka",
        "location_label": "Tapunopaka Greenfield Interior Prospect - Sulawesi Tenggara greenfield nickel laterite",
        "lithology": "ultramafic_simulated",
        "slope_deg": 4.5,
        "distance_to_river_m": 2136,
        "distance_to_road_m": 3654,
        "distance_to_settlement_m": 6100,
        "legal_status": "allowed",
        "distance_to_smelter_km": 48.5,
        "area_ha": 0.31,
        "region_id": "NE",
        "fe_oxide_index": 1.877,
        "clay_index": 2.323,
        "ndvi_stress_index": 0.335,
        "tmi_structural_nT": 45752.1,
        "tmi_anomaly_nT": 752.1,
        "elevation_mdpl": 175.7,
        "geochem_assay_ratio": 2.24
      },
      "geometry": {
        "type": "Polygon",
        "coordinates": [
          [
            [
              122.19,
              -3.57
            ],
            [
              122.195,
              -3.57
            ],
            [
              122.195,
              -3.565
            ],
            [
              122.19,
              -3.565
            ],
            [
              122.19,
              -3.57
            ]
          ]
        ]
      }
    },
    {
      "type": "Feature",
      "properties": {
        "grid_id": "TAP258",
        "site": "tapunopaka",
        "location_label": "Tapunopaka Greenfield Interior Prospect - Sulawesi Tenggara greenfield nickel laterite",
        "lithology": "mafic_volcanic_simulated",
        "slope_deg": 4.0,
        "distance_to_river_m": 1674,
        "distance_to_road_m": 2667,
        "distance_to_settlement_m": 7221,
        "legal_status": "allowed",
        "distance_to_smelter_km": 52.6,
        "area_ha": 0.31,
        "region_id": "NE",
        "fe_oxide_index": 1.612,
        "clay_index": 1.146,
        "ndvi_stress_index": 0.557,
        "tmi_structural_nT": 45198.3,
        "tmi_anomaly_nT": 198.3,
        "elevation_mdpl": 146.0,
        "geochem_assay_ratio": 4.14
      },
      "geometry": {
        "type": "Polygon",
        "coordinates": [
          [
            [
              122.195,
              -3.57
            ],
            [
              122.2,
              -3.57
            ],
            [
              122.2,
              -3.565
            ],
            [
              122.195,
              -3.565
            ],
            [
              122.195,
              -3.57
            ]
          ]
        ]
      }
    },
    {
      "type": "Feature",
      "properties": {
        "grid_id": "TAP259",
        "site": "tapunopaka",
        "location_label": "Tapunopaka Greenfield Interior Prospect - Sulawesi Tenggara greenfield nickel laterite",
        "lithology": "mafic_volcanic_simulated",
        "slope_deg": 11.3,
        "distance_to_river_m": 817,
        "distance_to_road_m": 4738,
        "distance_to_settlement_m": 8898,
        "legal_status": "allowed",
        "distance_to_smelter_km": 56.8,
        "area_ha": 0.31,
        "region_id": "NE",
        "fe_oxide_index": 1.371,
        "clay_index": 1.43,
        "ndvi_stress_index": 0.743,
        "tmi_structural_nT": 44784.1,
        "tmi_anomaly_nT": -215.9,
        "elevation_mdpl": 126.4,
        "geochem_assay_ratio": 3.65
      },
      "geometry": {
        "type": "Polygon",
        "coordinates": [
          [
            [
              122.2,
              -3.57
            ],
            [
              122.205,
              -3.57
            ],
            [
              122.205,
              -3.565
            ],
            [
              122.2,
              -3.565
            ],
            [
              122.2,
              -3.57
            ]
          ]
        ]
      }
    },
    {
      "type": "Feature",
      "properties": {
        "grid_id": "TAP260",
        "site": "tapunopaka",
        "location_label": "Tapunopaka Greenfield Interior Prospect - Sulawesi Tenggara greenfield nickel laterite",
        "lithology": "mafic_volcanic_simulated",
        "slope_deg": 3.4,
        "distance_to_river_m": 517,
        "distance_to_road_m": 1284,
        "distance_to_settlement_m": 5679,
        "legal_status": "allowed",
        "distance_to_smelter_km": 61.0,
        "area_ha": 0.31,
        "region_id": "NE",
        "fe_oxide_index": 1.607,
        "clay_index": 1.455,
        "ndvi_stress_index": 0.606,
        "tmi_structural_nT": 45298.6,
        "tmi_anomaly_nT": 298.6,
        "elevation_mdpl": 93.5,
        "geochem_assay_ratio": 5.31
      },
      "geometry": {
        "type": "Polygon",
        "coordinates": [
          [
            [
              122.205,
              -3.57
            ],
            [
              122.21,
              -3.57
            ],
            [
              122.21,
              -3.565
            ],
            [
              122.205,
              -3.565
            ],
            [
              122.205,
              -3.57
            ]
          ]
        ]
      }
    },
    {
      "type": "Feature",
      "properties": {
        "grid_id": "TAP261",
        "site": "tapunopaka",
        "location_label": "Tapunopaka Greenfield Interior Prospect - Sulawesi Tenggara greenfield nickel laterite",
        "lithology": "mafic_volcanic_simulated",
        "slope_deg": 8.5,
        "distance_to_river_m": 1447,
        "distance_to_road_m": 2453,
        "distance_to_settlement_m": 8853,
        "legal_status": "conditional",
        "distance_to_smelter_km": 62.3,
        "area_ha": 0.31,
        "region_id": "NW",
        "fe_oxide_index": 1.517,
        "clay_index": 1.221,
        "ndvi_stress_index": 0.75,
        "tmi_structural_nT": 44459.4,
        "tmi_anomaly_nT": -540.6,
        "elevation_mdpl": 80.8,
        "geochem_assay_ratio": 5.31
      },
      "geometry": {
        "type": "Polygon",
        "coordinates": [
          [
            [
              122.11,
              -3.565
            ],
            [
              122.115,
              -3.565
            ],
            [
              122.115,
              -3.56
            ],
            [
              122.11,
              -3.56
            ],
            [
              122.11,
              -3.565
            ]
          ]
        ]
      }
    },
    {
      "type": "Feature",
      "properties": {
        "grid_id": "TAP262",
        "site": "tapunopaka",
        "location_label": "Tapunopaka Greenfield Interior Prospect - Sulawesi Tenggara greenfield nickel laterite",
        "lithology": "serpentinite_simulated",
        "slope_deg": 6.0,
        "distance_to_river_m": 1005,
        "distance_to_road_m": 3504,
        "distance_to_settlement_m": 7098,
        "legal_status": "conditional",
        "distance_to_smelter_km": 58.2,
        "area_ha": 0.31,
        "region_id": "NW",
        "fe_oxide_index": 1.824,
        "clay_index": 2.273,
        "ndvi_stress_index": 0.419,
        "tmi_structural_nT": 45975.1,
        "tmi_anomaly_nT": 975.1,
        "elevation_mdpl": 179.9,
        "geochem_assay_ratio": 2.67
      },
      "geometry": {
        "type": "Polygon",
        "coordinates": [
          [
            [
              122.115,
              -3.565
            ],
            [
              122.12,
              -3.565
            ],
            [
              122.12,
              -3.56
            ],
            [
              122.115,
              -3.56
            ],
            [
              122.115,
              -3.565
            ]
          ]
        ]
      }
    },
    {
      "type": "Feature",
      "properties": {
        "grid_id": "TAP263",
        "site": "tapunopaka",
        "location_label": "Tapunopaka Greenfield Interior Prospect - Sulawesi Tenggara greenfield nickel laterite",
        "lithology": "alluvium",
        "slope_deg": 11.9,
        "distance_to_river_m": 473,
        "distance_to_road_m": 4303,
        "distance_to_settlement_m": 11412,
        "legal_status": "conditional",
        "distance_to_smelter_km": 54.2,
        "area_ha": 0.31,
        "region_id": "NW",
        "fe_oxide_index": 1.557,
        "clay_index": 1.341,
        "ndvi_stress_index": 0.675,
        "tmi_structural_nT": 44708.0,
        "tmi_anomaly_nT": -292.0,
        "elevation_mdpl": 108.6,
        "geochem_assay_ratio": 4.06
      },
      "geometry": {
        "type": "Polygon",
        "coordinates": [
          [
            [
              122.12,
              -3.565
            ],
            [
              122.125,
              -3.565
            ],
            [
              122.125,
              -3.56
            ],
            [
              122.12,
              -3.56
            ],
            [
              122.12,
              -3.565
            ]
          ]
        ]
      }
    },
    {
      "type": "Feature",
      "properties": {
        "grid_id": "TAP264",
        "site": "tapunopaka",
        "location_label": "Tapunopaka Greenfield Interior Prospect - Sulawesi Tenggara greenfield nickel laterite",
        "lithology": "alluvium",
        "slope_deg": 4.3,
        "distance_to_river_m": 1139,
        "distance_to_road_m": 2349,
        "distance_to_settlement_m": 10132,
        "legal_status": "allowed",
        "distance_to_smelter_km": 50.3,
        "area_ha": 0.31,
        "region_id": "NW",
        "fe_oxide_index": 1.339,
        "clay_index": 1.461,
        "ndvi_stress_index": 0.534,
        "tmi_structural_nT": 44726.1,
        "tmi_anomaly_nT": -273.9,
        "elevation_mdpl": 90.5,
        "geochem_assay_ratio": 4.25
      },
      "geometry": {
        "type": "Polygon",
        "coordinates": [
          [
            [
              122.125,
              -3.565
            ],
            [
              122.13,
              -3.565
            ],
            [
              122.13,
              -3.56
            ],
            [
              122.125,
              -3.56
            ],
            [
              122.125,
              -3.565
            ]
          ]
        ]
      }
    },
    {
      "type": "Feature",
      "properties": {
        "grid_id": "TAP265",
        "site": "tapunopaka",
        "location_label": "Tapunopaka Greenfield Interior Prospect - Sulawesi Tenggara greenfield nickel laterite",
        "lithology": "mafic_volcanic_simulated",
        "slope_deg": 9.3,
        "distance_to_river_m": 2773,
        "distance_to_road_m": 4866,
        "distance_to_settlement_m": 9084,
        "legal_status": "allowed",
        "distance_to_smelter_km": 46.5,
        "area_ha": 0.31,
        "region_id": "NW",
        "fe_oxide_index": 1.678,
        "clay_index": 1.49,
        "ndvi_stress_index": 0.579,
        "tmi_structural_nT": 44901.2,
        "tmi_anomaly_nT": -98.8,
        "elevation_mdpl": 110.7,
        "geochem_assay_ratio": 3.98
      },
      "geometry": {
        "type": "Polygon",
        "coordinates": [
          [
            [
              122.13,
              -3.565
            ],
            [
              122.135,
              -3.565
            ],
            [
              122.135,
              -3.56
            ],
            [
              122.13,
              -3.56
            ],
            [
              122.13,
              -3.565
            ]
          ]
        ]
      }
    },
    {
      "type": "Feature",
      "properties": {
        "grid_id": "TAP266",
        "site": "tapunopaka",
        "location_label": "Tapunopaka Greenfield Interior Prospect - Sulawesi Tenggara greenfield nickel laterite",
        "lithology": "mafic_volcanic_simulated",
        "slope_deg": 10.4,
        "distance_to_river_m": 1529,
        "distance_to_road_m": 1619,
        "distance_to_settlement_m": 8359,
        "legal_status": "allowed",
        "distance_to_smelter_km": 42.9,
        "area_ha": 0.31,
        "region_id": "NW",
        "fe_oxide_index": 1.343,
        "clay_index": 1.343,
        "ndvi_stress_index": 0.68,
        "tmi_structural_nT": 45121.7,
        "tmi_anomaly_nT": 121.7,
        "elevation_mdpl": 171.5,
        "geochem_assay_ratio": 5.05
      },
      "geometry": {
        "type": "Polygon",
        "coordinates": [
          [
            [
              122.135,
              -3.565
            ],
            [
              122.14,
              -3.565
            ],
            [
              122.14,
              -3.56
            ],
            [
              122.135,
              -3.56
            ],
            [
              122.135,
              -3.565
            ]
          ]
        ]
      }
    },
    {
      "type": "Feature",
      "properties": {
        "grid_id": "TAP267",
        "site": "tapunopaka",
        "location_label": "Tapunopaka Greenfield Interior Prospect - Sulawesi Tenggara greenfield nickel laterite",
        "lithology": "mafic_volcanic_simulated",
        "slope_deg": 8.8,
        "distance_to_river_m": 915,
        "distance_to_road_m": 2983,
        "distance_to_settlement_m": 9101,
        "legal_status": "allowed",
        "distance_to_smelter_km": 39.7,
        "area_ha": 0.31,
        "region_id": "NW",
        "fe_oxide_index": 1.457,
        "clay_index": 1.141,
        "ndvi_stress_index": 0.673,
        "tmi_structural_nT": 45117.6,
        "tmi_anomaly_nT": 117.6,
        "elevation_mdpl": 162.7,
        "geochem_assay_ratio": 4.68
      },
      "geometry": {
        "type": "Polygon",
        "coordinates": [
          [
            [
              122.14,
              -3.565
            ],
            [
              122.145,
              -3.565
            ],
            [
              122.145,
              -3.56
            ],
            [
              122.14,
              -3.56
            ],
            [
              122.14,
              -3.565
            ]
          ]
        ]
      }
    },
    {
      "type": "Feature",
      "properties": {
        "grid_id": "TAP268",
        "site": "tapunopaka",
        "location_label": "Tapunopaka Greenfield Interior Prospect - Sulawesi Tenggara greenfield nickel laterite",
        "lithology": "ultramafic_simulated",
        "slope_deg": 4.2,
        "distance_to_river_m": 2681,
        "distance_to_road_m": 4857,
        "distance_to_settlement_m": 7632,
        "legal_status": "allowed",
        "distance_to_smelter_km": 36.8,
        "area_ha": 0.31,
        "region_id": "NW",
        "fe_oxide_index": 1.809,
        "clay_index": 2.006,
        "ndvi_stress_index": 0.194,
        "tmi_structural_nT": 45610.4,
        "tmi_anomaly_nT": 610.4,
        "elevation_mdpl": 152.8,
        "geochem_assay_ratio": 1.81
      },
      "geometry": {
        "type": "Polygon",
        "coordinates": [
          [
            [
              122.145,
              -3.565
            ],
            [
              122.15,
              -3.565
            ],
            [
              122.15,
              -3.56
            ],
            [
              122.145,
              -3.56
            ],
            [
              122.145,
              -3.565
            ]
          ]
        ]
      }
    },
    {
      "type": "Feature",
      "properties": {
        "grid_id": "TAP269",
        "site": "tapunopaka",
        "location_label": "Tapunopaka Greenfield Interior Prospect - Sulawesi Tenggara greenfield nickel laterite",
        "lithology": "serpentinite_simulated",
        "slope_deg": 11.9,
        "distance_to_river_m": 2005,
        "distance_to_road_m": 2142,
        "distance_to_settlement_m": 11713,
        "legal_status": "allowed",
        "distance_to_smelter_km": 34.7,
        "area_ha": 0.31,
        "region_id": "NW",
        "fe_oxide_index": 2.272,
        "clay_index": 2.383,
        "ndvi_stress_index": 0.19,
        "tmi_structural_nT": 45790.6,
        "tmi_anomaly_nT": 790.6,
        "elevation_mdpl": 150.4,
        "geochem_assay_ratio": 1.89
      },
      "geometry": {
        "type": "Polygon",
        "coordinates": [
          [
            [
              122.15,
              -3.565
            ],
            [
              122.155,
              -3.565
            ],
            [
              122.155,
              -3.56
            ],
            [
              122.15,
              -3.56
            ],
            [
              122.15,
              -3.565
            ]
          ]
        ]
      }
    },
    {
      "type": "Feature",
      "properties": {
        "grid_id": "TAP270",
        "site": "tapunopaka",
        "location_label": "Tapunopaka Greenfield Interior Prospect - Sulawesi Tenggara greenfield nickel laterite",
        "lithology": "alluvium",
        "slope_deg": 5.9,
        "distance_to_river_m": 2657,
        "distance_to_road_m": 2302,
        "distance_to_settlement_m": 7758,
        "legal_status": "allowed",
        "distance_to_smelter_km": 33.5,
        "area_ha": 0.31,
        "region_id": "NW",
        "fe_oxide_index": 1.645,
        "clay_index": 1.062,
        "ndvi_stress_index": 0.561,
        "tmi_structural_nT": 45059.2,
        "tmi_anomaly_nT": 59.2,
        "elevation_mdpl": 150.0,
        "geochem_assay_ratio": 4.94
      },
      "geometry": {
        "type": "Polygon",
        "coordinates": [
          [
            [
              122.155,
              -3.565
            ],
            [
              122.16,
              -3.565
            ],
            [
              122.16,
              -3.56
            ],
            [
              122.155,
              -3.56
            ],
            [
              122.155,
              -3.565
            ]
          ]
        ]
      }
    },
    {
      "type": "Feature",
      "properties": {
        "grid_id": "TAP271",
        "site": "tapunopaka",
        "location_label": "Tapunopaka Greenfield Interior Prospect - Sulawesi Tenggara greenfield nickel laterite",
        "lithology": "mafic_volcanic_simulated",
        "slope_deg": 10.9,
        "distance_to_river_m": 2301,
        "distance_to_road_m": 2717,
        "distance_to_settlement_m": 6703,
        "legal_status": "allowed",
        "distance_to_smelter_km": 33.5,
        "area_ha": 0.31,
        "region_id": "NE",
        "fe_oxide_index": 1.12,
        "clay_index": 1.365,
        "ndvi_stress_index": 0.621,
        "tmi_structural_nT": 45085.3,
        "tmi_anomaly_nT": 85.3,
        "elevation_mdpl": 118.5,
        "geochem_assay_ratio": 3.74
      },
      "geometry": {
        "type": "Polygon",
        "coordinates": [
          [
            [
              122.16,
              -3.565
            ],
            [
              122.165,
              -3.565
            ],
            [
              122.165,
              -3.56
            ],
            [
              122.16,
              -3.56
            ],
            [
              122.16,
              -3.565
            ]
          ]
        ]
      }
    },
    {
      "type": "Feature",
      "properties": {
        "grid_id": "TAP272",
        "site": "tapunopaka",
        "location_label": "Tapunopaka Greenfield Interior Prospect - Sulawesi Tenggara greenfield nickel laterite",
        "lithology": "ultramafic_simulated",
        "slope_deg": 3.5,
        "distance_to_river_m": 1876,
        "distance_to_road_m": 5215,
        "distance_to_settlement_m": 9384,
        "legal_status": "allowed",
        "distance_to_smelter_km": 34.7,
        "area_ha": 0.31,
        "region_id": "NE",
        "fe_oxide_index": 2.704,
        "clay_index": 1.957,
        "ndvi_stress_index": 0.382,
        "tmi_structural_nT": 45193.2,
        "tmi_anomaly_nT": 193.2,
        "elevation_mdpl": 103.0,
        "geochem_assay_ratio": 3.15
      },
      "geometry": {
        "type": "Polygon",
        "coordinates": [
          [
            [
              122.165,
              -3.565
            ],
            [
              122.17,
              -3.565
            ],
            [
              122.17,
              -3.56
            ],
            [
              122.165,
              -3.56
            ],
            [
              122.165,
              -3.565
            ]
          ]
        ]
      }
    },
    {
      "type": "Feature",
      "properties": {
        "grid_id": "TAP273",
        "site": "tapunopaka",
        "location_label": "Tapunopaka Greenfield Interior Prospect - Sulawesi Tenggara greenfield nickel laterite",
        "lithology": "mafic_volcanic_simulated",
        "slope_deg": 4.0,
        "distance_to_river_m": 698,
        "distance_to_road_m": 5282,
        "distance_to_settlement_m": 3787,
        "legal_status": "allowed",
        "distance_to_smelter_km": 36.8,
        "area_ha": 0.31,
        "region_id": "NE",
        "fe_oxide_index": 1.577,
        "clay_index": 1.101,
        "ndvi_stress_index": 0.759,
        "tmi_structural_nT": 45088.7,
        "tmi_anomaly_nT": 88.7,
        "elevation_mdpl": 171.3,
        "geochem_assay_ratio": 4.73
      },
      "geometry": {
        "type": "Polygon",
        "coordinates": [
          [
            [
              122.17,
              -3.565
            ],
            [
              122.175,
              -3.565
            ],
            [
              122.175,
              -3.56
            ],
            [
              122.17,
              -3.56
            ],
            [
              122.17,
              -3.565
            ]
          ]
        ]
      }
    },
    {
      "type": "Feature",
      "properties": {
        "grid_id": "TAP274",
        "site": "tapunopaka",
        "location_label": "Tapunopaka Greenfield Interior Prospect - Sulawesi Tenggara greenfield nickel laterite",
        "lithology": "mafic_volcanic_simulated",
        "slope_deg": 11.5,
        "distance_to_river_m": 434,
        "distance_to_road_m": 3449,
        "distance_to_settlement_m": 10392,
        "legal_status": "allowed",
        "distance_to_smelter_km": 39.7,
        "area_ha": 0.31,
        "region_id": "NE",
        "fe_oxide_index": 1.587,
        "clay_index": 1.189,
        "ndvi_stress_index": 0.533,
        "tmi_structural_nT": 45205.0,
        "tmi_anomaly_nT": 205.0,
        "elevation_mdpl": 157.4,
        "geochem_assay_ratio": 3.91
      },
      "geometry": {
        "type": "Polygon",
        "coordinates": [
          [
            [
              122.175,
              -3.565
            ],
            [
              122.18,
              -3.565
            ],
            [
              122.18,
              -3.56
            ],
            [
              122.175,
              -3.56
            ],
            [
              122.175,
              -3.565
            ]
          ]
        ]
      }
    },
    {
      "type": "Feature",
      "properties": {
        "grid_id": "TAP275",
        "site": "tapunopaka",
        "location_label": "Tapunopaka Greenfield Interior Prospect - Sulawesi Tenggara greenfield nickel laterite",
        "lithology": "alluvium",
        "slope_deg": 2.2,
        "distance_to_river_m": 517,
        "distance_to_road_m": 1428,
        "distance_to_settlement_m": 3713,
        "legal_status": "allowed",
        "distance_to_smelter_km": 42.9,
        "area_ha": 0.31,
        "region_id": "NE",
        "fe_oxide_index": 1.182,
        "clay_index": 1.489,
        "ndvi_stress_index": 0.503,
        "tmi_structural_nT": 44865.7,
        "tmi_anomaly_nT": -134.3,
        "elevation_mdpl": 109.7,
        "geochem_assay_ratio": 3.64
      },
      "geometry": {
        "type": "Polygon",
        "coordinates": [
          [
            [
              122.18,
              -3.565
            ],
            [
              122.185,
              -3.565
            ],
            [
              122.185,
              -3.56
            ],
            [
              122.18,
              -3.56
            ],
            [
              122.18,
              -3.565
            ]
          ]
        ]
      }
    },
    {
      "type": "Feature",
      "properties": {
        "grid_id": "TAP276",
        "site": "tapunopaka",
        "location_label": "Tapunopaka Greenfield Interior Prospect - Sulawesi Tenggara greenfield nickel laterite",
        "lithology": "alluvium",
        "slope_deg": 3.4,
        "distance_to_river_m": 2520,
        "distance_to_road_m": 2572,
        "distance_to_settlement_m": 10079,
        "legal_status": "allowed",
        "distance_to_smelter_km": 46.5,
        "area_ha": 0.31,
        "region_id": "NE",
        "fe_oxide_index": 1.124,
        "clay_index": 1.143,
        "ndvi_stress_index": 0.566,
        "tmi_structural_nT": 45370.1,
        "tmi_anomaly_nT": 370.1,
        "elevation_mdpl": 113.7,
        "geochem_assay_ratio": 3.79
      },
      "geometry": {
        "type": "Polygon",
        "coordinates": [
          [
            [
              122.185,
              -3.565
            ],
            [
              122.19,
              -3.565
            ],
            [
              122.19,
              -3.56
            ],
            [
              122.185,
              -3.56
            ],
            [
              122.185,
              -3.565
            ]
          ]
        ]
      }
    },
    {
      "type": "Feature",
      "properties": {
        "grid_id": "TAP277",
        "site": "tapunopaka",
        "location_label": "Tapunopaka Greenfield Interior Prospect - Sulawesi Tenggara greenfield nickel laterite",
        "lithology": "alluvium",
        "slope_deg": 9.6,
        "distance_to_river_m": 740,
        "distance_to_road_m": 4633,
        "distance_to_settlement_m": 7550,
        "legal_status": "allowed",
        "distance_to_smelter_km": 50.3,
        "area_ha": 0.31,
        "region_id": "NE",
        "fe_oxide_index": 1.105,
        "clay_index": 1.475,
        "ndvi_stress_index": 0.555,
        "tmi_structural_nT": 44601.3,
        "tmi_anomaly_nT": -398.7,
        "elevation_mdpl": 152.9,
        "geochem_assay_ratio": 4.84
      },
      "geometry": {
        "type": "Polygon",
        "coordinates": [
          [
            [
              122.19,
              -3.565
            ],
            [
              122.195,
              -3.565
            ],
            [
              122.195,
              -3.56
            ],
            [
              122.19,
              -3.56
            ],
            [
              122.19,
              -3.565
            ]
          ]
        ]
      }
    },
    {
      "type": "Feature",
      "properties": {
        "grid_id": "TAP278",
        "site": "tapunopaka",
        "location_label": "Tapunopaka Greenfield Interior Prospect - Sulawesi Tenggara greenfield nickel laterite",
        "lithology": "mafic_volcanic_simulated",
        "slope_deg": 5.3,
        "distance_to_river_m": 2727,
        "distance_to_road_m": 3303,
        "distance_to_settlement_m": 10478,
        "legal_status": "allowed",
        "distance_to_smelter_km": 54.2,
        "area_ha": 0.31,
        "region_id": "NE",
        "fe_oxide_index": 1.28,
        "clay_index": 1.193,
        "ndvi_stress_index": 0.682,
        "tmi_structural_nT": 44784.7,
        "tmi_anomaly_nT": -215.3,
        "elevation_mdpl": 144.7,
        "geochem_assay_ratio": 3.61
      },
      "geometry": {
        "type": "Polygon",
        "coordinates": [
          [
            [
              122.195,
              -3.565
            ],
            [
              122.2,
              -3.565
            ],
            [
              122.2,
              -3.56
            ],
            [
              122.195,
              -3.56
            ],
            [
              122.195,
              -3.565
            ]
          ]
        ]
      }
    },
    {
      "type": "Feature",
      "properties": {
        "grid_id": "TAP279",
        "site": "tapunopaka",
        "location_label": "Tapunopaka Greenfield Interior Prospect - Sulawesi Tenggara greenfield nickel laterite",
        "lithology": "alluvium",
        "slope_deg": 7.3,
        "distance_to_river_m": 2114,
        "distance_to_road_m": 1406,
        "distance_to_settlement_m": 10355,
        "legal_status": "allowed",
        "distance_to_smelter_km": 58.2,
        "area_ha": 0.31,
        "region_id": "NE",
        "fe_oxide_index": 1.529,
        "clay_index": 1.462,
        "ndvi_stress_index": 0.604,
        "tmi_structural_nT": 44471.3,
        "tmi_anomaly_nT": -528.7,
        "elevation_mdpl": 143.2,
        "geochem_assay_ratio": 4.73
      },
      "geometry": {
        "type": "Polygon",
        "coordinates": [
          [
            [
              122.2,
              -3.565
            ],
            [
              122.205,
              -3.565
            ],
            [
              122.205,
              -3.56
            ],
            [
              122.2,
              -3.56
            ],
            [
              122.2,
              -3.565
            ]
          ]
        ]
      }
    },
    {
      "type": "Feature",
      "properties": {
        "grid_id": "TAP280",
        "site": "tapunopaka",
        "location_label": "Tapunopaka Greenfield Interior Prospect - Sulawesi Tenggara greenfield nickel laterite",
        "lithology": "mafic_volcanic_simulated",
        "slope_deg": 6.0,
        "distance_to_river_m": 464,
        "distance_to_road_m": 4544,
        "distance_to_settlement_m": 10351,
        "legal_status": "allowed",
        "distance_to_smelter_km": 62.3,
        "area_ha": 0.31,
        "region_id": "NE",
        "fe_oxide_index": 1.126,
        "clay_index": 1.004,
        "ndvi_stress_index": 0.633,
        "tmi_structural_nT": 45280.8,
        "tmi_anomaly_nT": 280.8,
        "elevation_mdpl": 158.1,
        "geochem_assay_ratio": 5.09
      },
      "geometry": {
        "type": "Polygon",
        "coordinates": [
          [
            [
              122.205,
              -3.565
            ],
            [
              122.21,
              -3.565
            ],
            [
              122.21,
              -3.56
            ],
            [
              122.205,
              -3.56
            ],
            [
              122.205,
              -3.565
            ]
          ]
        ]
      }
    },
    {
      "type": "Feature",
      "properties": {
        "grid_id": "TAP281",
        "site": "tapunopaka",
        "location_label": "Tapunopaka Greenfield Interior Prospect - Sulawesi Tenggara greenfield nickel laterite",
        "lithology": "ultramafic_simulated",
        "slope_deg": 4.4,
        "distance_to_river_m": 1185,
        "distance_to_road_m": 2219,
        "distance_to_settlement_m": 8161,
        "legal_status": "conditional",
        "distance_to_smelter_km": 64.0,
        "area_ha": 0.31,
        "region_id": "NW",
        "fe_oxide_index": 2.009,
        "clay_index": 2.35,
        "ndvi_stress_index": 0.295,
        "tmi_structural_nT": 45722.9,
        "tmi_anomaly_nT": 722.9,
        "elevation_mdpl": 137.6,
        "geochem_assay_ratio": 3.13
      },
      "geometry": {
        "type": "Polygon",
        "coordinates": [
          [
            [
              122.11,
              -3.56
            ],
            [
              122.115,
              -3.56
            ],
            [
              122.115,
              -3.555
            ],
            [
              122.11,
              -3.555
            ],
            [
              122.11,
              -3.56
            ]
          ]
        ]
      }
    },
    {
      "type": "Feature",
      "properties": {
        "grid_id": "TAP282",
        "site": "tapunopaka",
        "location_label": "Tapunopaka Greenfield Interior Prospect - Sulawesi Tenggara greenfield nickel laterite",
        "lithology": "alluvium",
        "slope_deg": 10.2,
        "distance_to_river_m": 1562,
        "distance_to_road_m": 4555,
        "distance_to_settlement_m": 10723,
        "legal_status": "conditional",
        "distance_to_smelter_km": 60.1,
        "area_ha": 0.31,
        "region_id": "NW",
        "fe_oxide_index": 1.456,
        "clay_index": 1.137,
        "ndvi_stress_index": 0.621,
        "tmi_structural_nT": 45319.1,
        "tmi_anomaly_nT": 319.1,
        "elevation_mdpl": 108.8,
        "geochem_assay_ratio": 4.33
      },
      "geometry": {
        "type": "Polygon",
        "coordinates": [
          [
            [
              122.115,
              -3.56
            ],
            [
              122.12,
              -3.56
            ],
            [
              122.12,
              -3.555
            ],
            [
              122.115,
              -3.555
            ],
            [
              122.115,
              -3.56
            ]
          ]
        ]
      }
    },
    {
      "type": "Feature",
      "properties": {
        "grid_id": "TAP283",
        "site": "tapunopaka",
        "location_label": "Tapunopaka Greenfield Interior Prospect - Sulawesi Tenggara greenfield nickel laterite",
        "lithology": "ultramafic_simulated",
        "slope_deg": 8.1,
        "distance_to_river_m": 1582,
        "distance_to_road_m": 1593,
        "distance_to_settlement_m": 8309,
        "legal_status": "allowed",
        "distance_to_smelter_km": 56.3,
        "area_ha": 0.31,
        "region_id": "NW",
        "fe_oxide_index": 2.42,
        "clay_index": 2.065,
        "ndvi_stress_index": 0.191,
        "tmi_structural_nT": 45775.9,
        "tmi_anomaly_nT": 775.9,
        "elevation_mdpl": 131.1,
        "geochem_assay_ratio": 2.6
      },
      "geometry": {
        "type": "Polygon",
        "coordinates": [
          [
            [
              122.12,
              -3.56
            ],
            [
              122.125,
              -3.56
            ],
            [
              122.125,
              -3.555
            ],
            [
              122.12,
              -3.555
            ],
            [
              122.12,
              -3.56
            ]
          ]
        ]
      }
    },
    {
      "type": "Feature",
      "properties": {
        "grid_id": "TAP284",
        "site": "tapunopaka",
        "location_label": "Tapunopaka Greenfield Interior Prospect - Sulawesi Tenggara greenfield nickel laterite",
        "lithology": "alluvium",
        "slope_deg": 5.6,
        "distance_to_river_m": 470,
        "distance_to_road_m": 4252,
        "distance_to_settlement_m": 10694,
        "legal_status": "allowed",
        "distance_to_smelter_km": 52.6,
        "area_ha": 0.31,
        "region_id": "NW",
        "fe_oxide_index": 1.514,
        "clay_index": 1.283,
        "ndvi_stress_index": 0.689,
        "tmi_structural_nT": 44478.2,
        "tmi_anomaly_nT": -521.8,
        "elevation_mdpl": 88.4,
        "geochem_assay_ratio": 4.38
      },
      "geometry": {
        "type": "Polygon",
        "coordinates": [
          [
            [
              122.125,
              -3.56
            ],
            [
              122.13,
              -3.56
            ],
            [
              122.13,
              -3.555
            ],
            [
              122.125,
              -3.555
            ],
            [
              122.125,
              -3.56
            ]
          ]
        ]
      }
    },
    {
      "type": "Feature",
      "properties": {
        "grid_id": "TAP285",
        "site": "tapunopaka",
        "location_label": "Tapunopaka Greenfield Interior Prospect - Sulawesi Tenggara greenfield nickel laterite",
        "lithology": "ultramafic_simulated",
        "slope_deg": 6.3,
        "distance_to_river_m": 2451,
        "distance_to_road_m": 2376,
        "distance_to_settlement_m": 6227,
        "legal_status": "allowed",
        "distance_to_smelter_km": 49.1,
        "area_ha": 0.31,
        "region_id": "NW",
        "fe_oxide_index": 1.811,
        "clay_index": 1.685,
        "ndvi_stress_index": 0.372,
        "tmi_structural_nT": 45276.1,
        "tmi_anomaly_nT": 276.1,
        "elevation_mdpl": 137.3,
        "geochem_assay_ratio": 2.62
      },
      "geometry": {
        "type": "Polygon",
        "coordinates": [
          [
            [
              122.13,
              -3.56
            ],
            [
              122.135,
              -3.56
            ],
            [
              122.135,
              -3.555
            ],
            [
              122.13,
              -3.555
            ],
            [
              122.13,
              -3.56
            ]
          ]
        ]
      }
    },
    {
      "type": "Feature",
      "properties": {
        "grid_id": "TAP286",
        "site": "tapunopaka",
        "location_label": "Tapunopaka Greenfield Interior Prospect - Sulawesi Tenggara greenfield nickel laterite",
        "lithology": "ultramafic_simulated",
        "slope_deg": 4.3,
        "distance_to_river_m": 1115,
        "distance_to_road_m": 1733,
        "distance_to_settlement_m": 6902,
        "legal_status": "allowed",
        "distance_to_smelter_km": 45.8,
        "area_ha": 0.31,
        "region_id": "NW",
        "fe_oxide_index": 1.805,
        "clay_index": 2.349,
        "ndvi_stress_index": 0.213,
        "tmi_structural_nT": 45575.2,
        "tmi_anomaly_nT": 575.2,
        "elevation_mdpl": 168.7,
        "geochem_assay_ratio": 2.2
      },
      "geometry": {
        "type": "Polygon",
        "coordinates": [
          [
            [
              122.135,
              -3.56
            ],
            [
              122.14,
              -3.56
            ],
            [
              122.14,
              -3.555
            ],
            [
              122.135,
              -3.555
            ],
            [
              122.135,
              -3.56
            ]
          ]
        ]
      }
    },
    {
      "type": "Feature",
      "properties": {
        "grid_id": "TAP287",
        "site": "tapunopaka",
        "location_label": "Tapunopaka Greenfield Interior Prospect - Sulawesi Tenggara greenfield nickel laterite",
        "lithology": "ultramafic_simulated",
        "slope_deg": 5.9,
        "distance_to_river_m": 712,
        "distance_to_road_m": 3913,
        "distance_to_settlement_m": 10711,
        "legal_status": "allowed",
        "distance_to_smelter_km": 42.9,
        "area_ha": 0.31,
        "region_id": "NW",
        "fe_oxide_index": 2.003,
        "clay_index": 2.049,
        "ndvi_stress_index": 0.227,
        "tmi_structural_nT": 45158.6,
        "tmi_anomaly_nT": 158.6,
        "elevation_mdpl": 162.7,
        "geochem_assay_ratio": 2.48
      },
      "geometry": {
        "type": "Polygon",
        "coordinates": [
          [
            [
              122.14,
              -3.56
            ],
            [
              122.145,
              -3.56
            ],
            [
              122.145,
              -3.555
            ],
            [
              122.14,
              -3.555
            ],
            [
              122.14,
              -3.56
            ]
          ]
        ]
      }
    },
    {
      "type": "Feature",
      "properties": {
        "grid_id": "TAP288",
        "site": "tapunopaka",
        "location_label": "Tapunopaka Greenfield Interior Prospect - Sulawesi Tenggara greenfield nickel laterite",
        "lithology": "mafic_volcanic_simulated",
        "slope_deg": 9.1,
        "distance_to_river_m": 675,
        "distance_to_road_m": 4082,
        "distance_to_settlement_m": 6143,
        "legal_status": "allowed",
        "distance_to_smelter_km": 40.5,
        "area_ha": 0.31,
        "region_id": "NW",
        "fe_oxide_index": 1.462,
        "clay_index": 1.403,
        "ndvi_stress_index": 0.68,
        "tmi_structural_nT": 45012.8,
        "tmi_anomaly_nT": 12.8,
        "elevation_mdpl": 178.6,
        "geochem_assay_ratio": 3.79
      },
      "geometry": {
        "type": "Polygon",
        "coordinates": [
          [
            [
              122.145,
              -3.56
            ],
            [
              122.15,
              -3.56
            ],
            [
              122.15,
              -3.555
            ],
            [
              122.145,
              -3.555
            ],
            [
              122.145,
              -3.56
            ]
          ]
        ]
      }
    },
    {
      "type": "Feature",
      "properties": {
        "grid_id": "TAP289",
        "site": "tapunopaka",
        "location_label": "Tapunopaka Greenfield Interior Prospect - Sulawesi Tenggara greenfield nickel laterite",
        "lithology": "mafic_volcanic_simulated",
        "slope_deg": 6.8,
        "distance_to_river_m": 2640,
        "distance_to_road_m": 2239,
        "distance_to_settlement_m": 7040,
        "legal_status": "allowed",
        "distance_to_smelter_km": 38.8,
        "area_ha": 0.31,
        "region_id": "NW",
        "fe_oxide_index": 1.257,
        "clay_index": 1.208,
        "ndvi_stress_index": 0.699,
        "tmi_structural_nT": 44861.7,
        "tmi_anomaly_nT": -138.3,
        "elevation_mdpl": 137.1,
        "geochem_assay_ratio": 5.81
      },
      "geometry": {
        "type": "Polygon",
        "coordinates": [
          [
            [
              122.15,
              -3.56
            ],
            [
              122.155,
              -3.56
            ],
            [
              122.155,
              -3.555
            ],
            [
              122.15,
              -3.555
            ],
            [
              122.15,
              -3.56
            ]
          ]
        ]
      }
    },
    {
      "type": "Feature",
      "properties": {
        "grid_id": "TAP290",
        "site": "tapunopaka",
        "location_label": "Tapunopaka Greenfield Interior Prospect - Sulawesi Tenggara greenfield nickel laterite",
        "lithology": "ultramafic_simulated",
        "slope_deg": 2.2,
        "distance_to_river_m": 1707,
        "distance_to_road_m": 5259,
        "distance_to_settlement_m": 8752,
        "legal_status": "allowed",
        "distance_to_smelter_km": 37.8,
        "area_ha": 0.31,
        "region_id": "NW",
        "fe_oxide_index": 2.697,
        "clay_index": 1.957,
        "ndvi_stress_index": 0.378,
        "tmi_structural_nT": 45379.7,
        "tmi_anomaly_nT": 379.7,
        "elevation_mdpl": 157.5,
        "geochem_assay_ratio": 2.35
      },
      "geometry": {
        "type": "Polygon",
        "coordinates": [
          [
            [
              122.155,
              -3.56
            ],
            [
              122.16,
              -3.56
            ],
            [
              122.16,
              -3.555
            ],
            [
              122.155,
              -3.555
            ],
            [
              122.155,
              -3.56
            ]
          ]
        ]
      }
    },
    {
      "type": "Feature",
      "properties": {
        "grid_id": "TAP291",
        "site": "tapunopaka",
        "location_label": "Tapunopaka Greenfield Interior Prospect - Sulawesi Tenggara greenfield nickel laterite",
        "lithology": "serpentinite_simulated",
        "slope_deg": 11.9,
        "distance_to_river_m": 258,
        "distance_to_road_m": 5012,
        "distance_to_settlement_m": 7724,
        "legal_status": "allowed",
        "distance_to_smelter_km": 37.8,
        "area_ha": 0.31,
        "region_id": "NE",
        "fe_oxide_index": 2.152,
        "clay_index": 1.614,
        "ndvi_stress_index": 0.193,
        "tmi_structural_nT": 45645.8,
        "tmi_anomaly_nT": 645.8,
        "elevation_mdpl": 89.8,
        "geochem_assay_ratio": 2.8
      },
      "geometry": {
        "type": "Polygon",
        "coordinates": [
          [
            [
              122.16,
              -3.56
            ],
            [
              122.165,
              -3.56
            ],
            [
              122.165,
              -3.555
            ],
            [
              122.16,
              -3.555
            ],
            [
              122.16,
              -3.56
            ]
          ]
        ]
      }
    },
    {
      "type": "Feature",
      "properties": {
        "grid_id": "TAP292",
        "site": "tapunopaka",
        "location_label": "Tapunopaka Greenfield Interior Prospect - Sulawesi Tenggara greenfield nickel laterite",
        "lithology": "alluvium",
        "slope_deg": 7.8,
        "distance_to_river_m": 2215,
        "distance_to_road_m": 3330,
        "distance_to_settlement_m": 10355,
        "legal_status": "allowed",
        "distance_to_smelter_km": 38.8,
        "area_ha": 0.31,
        "region_id": "NE",
        "fe_oxide_index": 1.257,
        "clay_index": 1.122,
        "ndvi_stress_index": 0.753,
        "tmi_structural_nT": 44764.0,
        "tmi_anomaly_nT": -236.0,
        "elevation_mdpl": 121.5,
        "geochem_assay_ratio": 5.2
      },
      "geometry": {
        "type": "Polygon",
        "coordinates": [
          [
            [
              122.165,
              -3.56
            ],
            [
              122.17,
              -3.56
            ],
            [
              122.17,
              -3.555
            ],
            [
              122.165,
              -3.555
            ],
            [
              122.165,
              -3.56
            ]
          ]
        ]
      }
    },
    {
      "type": "Feature",
      "properties": {
        "grid_id": "TAP293",
        "site": "tapunopaka",
        "location_label": "Tapunopaka Greenfield Interior Prospect - Sulawesi Tenggara greenfield nickel laterite",
        "lithology": "mafic_volcanic_simulated",
        "slope_deg": 4.5,
        "distance_to_river_m": 1904,
        "distance_to_road_m": 2942,
        "distance_to_settlement_m": 9407,
        "legal_status": "allowed",
        "distance_to_smelter_km": 40.5,
        "area_ha": 0.31,
        "region_id": "NE",
        "fe_oxide_index": 1.186,
        "clay_index": 1.461,
        "ndvi_stress_index": 0.626,
        "tmi_structural_nT": 44917.7,
        "tmi_anomaly_nT": -82.3,
        "elevation_mdpl": 168.4,
        "geochem_assay_ratio": 3.86
      },
      "geometry": {
        "type": "Polygon",
        "coordinates": [
          [
            [
              122.17,
              -3.56
            ],
            [
              122.175,
              -3.56
            ],
            [
              122.175,
              -3.555
            ],
            [
              122.17,
              -3.555
            ],
            [
              122.17,
              -3.56
            ]
          ]
        ]
      }
    },
    {
      "type": "Feature",
      "properties": {
        "grid_id": "TAP294",
        "site": "tapunopaka",
        "location_label": "Tapunopaka Greenfield Interior Prospect - Sulawesi Tenggara greenfield nickel laterite",
        "lithology": "serpentinite_simulated",
        "slope_deg": 3.9,
        "distance_to_river_m": 2195,
        "distance_to_road_m": 4354,
        "distance_to_settlement_m": 4248,
        "legal_status": "allowed",
        "distance_to_smelter_km": 42.9,
        "area_ha": 0.31,
        "region_id": "NE",
        "fe_oxide_index": 2.025,
        "clay_index": 2.322,
        "ndvi_stress_index": 0.265,
        "tmi_structural_nT": 45542.6,
        "tmi_anomaly_nT": 542.6,
        "elevation_mdpl": 115.4,
        "geochem_assay_ratio": 3.01
      },
      "geometry": {
        "type": "Polygon",
        "coordinates": [
          [
            [
              122.175,
              -3.56
            ],
            [
              122.18,
              -3.56
            ],
            [
              122.18,
              -3.555
            ],
            [
              122.175,
              -3.555
            ],
            [
              122.175,
              -3.56
            ]
          ]
        ]
      }
    },
    {
      "type": "Feature",
      "properties": {
        "grid_id": "TAP295",
        "site": "tapunopaka",
        "location_label": "Tapunopaka Greenfield Interior Prospect - Sulawesi Tenggara greenfield nickel laterite",
        "lithology": "alluvium",
        "slope_deg": 10.6,
        "distance_to_river_m": 2608,
        "distance_to_road_m": 3694,
        "distance_to_settlement_m": 4190,
        "legal_status": "allowed",
        "distance_to_smelter_km": 45.8,
        "area_ha": 0.31,
        "region_id": "NE",
        "fe_oxide_index": 1.616,
        "clay_index": 1.328,
        "ndvi_stress_index": 0.722,
        "tmi_structural_nT": 44507.9,
        "tmi_anomaly_nT": -492.1,
        "elevation_mdpl": 142.7,
        "geochem_assay_ratio": 5.08
      },
      "geometry": {
        "type": "Polygon",
        "coordinates": [
          [
            [
              122.18,
              -3.56
            ],
            [
              122.185,
              -3.56
            ],
            [
              122.185,
              -3.555
            ],
            [
              122.18,
              -3.555
            ],
            [
              122.18,
              -3.56
            ]
          ]
        ]
      }
    },
    {
      "type": "Feature",
      "properties": {
        "grid_id": "TAP296",
        "site": "tapunopaka",
        "location_label": "Tapunopaka Greenfield Interior Prospect - Sulawesi Tenggara greenfield nickel laterite",
        "lithology": "alluvium",
        "slope_deg": 11.9,
        "distance_to_river_m": 2008,
        "distance_to_road_m": 4212,
        "distance_to_settlement_m": 8837,
        "legal_status": "allowed",
        "distance_to_smelter_km": 49.1,
        "area_ha": 0.31,
        "region_id": "NE",
        "fe_oxide_index": 1.502,
        "clay_index": 1.146,
        "ndvi_stress_index": 0.686,
        "tmi_structural_nT": 44525.6,
        "tmi_anomaly_nT": -474.4,
        "elevation_mdpl": 117.5,
        "geochem_assay_ratio": 5.51
      },
      "geometry": {
        "type": "Polygon",
        "coordinates": [
          [
            [
              122.185,
              -3.56
            ],
            [
              122.19,
              -3.56
            ],
            [
              122.19,
              -3.555
            ],
            [
              122.185,
              -3.555
            ],
            [
              122.185,
              -3.56
            ]
          ]
        ]
      }
    },
    {
      "type": "Feature",
      "properties": {
        "grid_id": "TAP297",
        "site": "tapunopaka",
        "location_label": "Tapunopaka Greenfield Interior Prospect - Sulawesi Tenggara greenfield nickel laterite",
        "lithology": "mafic_volcanic_simulated",
        "slope_deg": 11.7,
        "distance_to_river_m": 1446,
        "distance_to_road_m": 1234,
        "distance_to_settlement_m": 10501,
        "legal_status": "allowed",
        "distance_to_smelter_km": 52.6,
        "area_ha": 0.31,
        "region_id": "NE",
        "fe_oxide_index": 1.454,
        "clay_index": 1.027,
        "ndvi_stress_index": 0.71,
        "tmi_structural_nT": 44611.7,
        "tmi_anomaly_nT": -388.3,
        "elevation_mdpl": 91.6,
        "geochem_assay_ratio": 5.64
      },
      "geometry": {
        "type": "Polygon",
        "coordinates": [
          [
            [
              122.19,
              -3.56
            ],
            [
              122.195,
              -3.56
            ],
            [
              122.195,
              -3.555
            ],
            [
              122.19,
              -3.555
            ],
            [
              122.19,
              -3.56
            ]
          ]
        ]
      }
    },
    {
      "type": "Feature",
      "properties": {
        "grid_id": "TAP298",
        "site": "tapunopaka",
        "location_label": "Tapunopaka Greenfield Interior Prospect - Sulawesi Tenggara greenfield nickel laterite",
        "lithology": "mafic_volcanic_simulated",
        "slope_deg": 6.9,
        "distance_to_river_m": 2321,
        "distance_to_road_m": 5141,
        "distance_to_settlement_m": 5605,
        "legal_status": "allowed",
        "distance_to_smelter_km": 56.3,
        "area_ha": 0.31,
        "region_id": "NE",
        "fe_oxide_index": 1.636,
        "clay_index": 1.312,
        "ndvi_stress_index": 0.645,
        "tmi_structural_nT": 44878.6,
        "tmi_anomaly_nT": -121.4,
        "elevation_mdpl": 170.9,
        "geochem_assay_ratio": 5.11
      },
      "geometry": {
        "type": "Polygon",
        "coordinates": [
          [
            [
              122.195,
              -3.56
            ],
            [
              122.2,
              -3.56
            ],
            [
              122.2,
              -3.555
            ],
            [
              122.195,
              -3.555
            ],
            [
              122.195,
              -3.56
            ]
          ]
        ]
      }
    },
    {
      "type": "Feature",
      "properties": {
        "grid_id": "TAP299",
        "site": "tapunopaka",
        "location_label": "Tapunopaka Greenfield Interior Prospect - Sulawesi Tenggara greenfield nickel laterite",
        "lithology": "alluvium",
        "slope_deg": 8.7,
        "distance_to_river_m": 2315,
        "distance_to_road_m": 3285,
        "distance_to_settlement_m": 8804,
        "legal_status": "allowed",
        "distance_to_smelter_km": 60.1,
        "area_ha": 0.31,
        "region_id": "NE",
        "fe_oxide_index": 1.199,
        "clay_index": 1.141,
        "ndvi_stress_index": 0.617,
        "tmi_structural_nT": 44422.9,
        "tmi_anomaly_nT": -577.1,
        "elevation_mdpl": 164.3,
        "geochem_assay_ratio": 3.78
      },
      "geometry": {
        "type": "Polygon",
        "coordinates": [
          [
            [
              122.2,
              -3.56
            ],
            [
              122.205,
              -3.56
            ],
            [
              122.205,
              -3.555
            ],
            [
              122.2,
              -3.555
            ],
            [
              122.2,
              -3.56
            ]
          ]
        ]
      }
    },
    {
      "type": "Feature",
      "properties": {
        "grid_id": "TAP300",
        "site": "tapunopaka",
        "location_label": "Tapunopaka Greenfield Interior Prospect - Sulawesi Tenggara greenfield nickel laterite",
        "lithology": "mafic_volcanic_simulated",
        "slope_deg": 9.2,
        "distance_to_river_m": 1658,
        "distance_to_road_m": 2038,
        "distance_to_settlement_m": 10042,
        "legal_status": "allowed",
        "distance_to_smelter_km": 64.0,
        "area_ha": 0.31,
        "region_id": "NE",
        "fe_oxide_index": 1.289,
        "clay_index": 1.152,
        "ndvi_stress_index": 0.57,
        "tmi_structural_nT": 45316.2,
        "tmi_anomaly_nT": 316.2,
        "elevation_mdpl": 96.8,
        "geochem_assay_ratio": 5.22
      },
      "geometry": {
        "type": "Polygon",
        "coordinates": [
          [
            [
              122.205,
              -3.56
            ],
            [
              122.21,
              -3.56
            ],
            [
              122.21,
              -3.555
            ],
            [
              122.205,
              -3.555
            ],
            [
              122.205,
              -3.56
            ]
          ]
        ]
      }
    },
    {
      "type": "Feature",
      "properties": {
        "grid_id": "TAP301",
        "site": "tapunopaka",
        "location_label": "Tapunopaka Greenfield Interior Prospect - Sulawesi Tenggara greenfield nickel laterite",
        "lithology": "mafic_volcanic_simulated",
        "slope_deg": 11.8,
        "distance_to_river_m": 2329,
        "distance_to_road_m": 2343,
        "distance_to_settlement_m": 10590,
        "legal_status": "conditional",
        "distance_to_smelter_km": 66.0,
        "area_ha": 0.31,
        "region_id": "NW",
        "fe_oxide_index": 1.685,
        "clay_index": 1.108,
        "ndvi_stress_index": 0.583,
        "tmi_structural_nT": 44695.8,
        "tmi_anomaly_nT": -304.2,
        "elevation_mdpl": 100.2,
        "geochem_assay_ratio": 5.53
      },
      "geometry": {
        "type": "Polygon",
        "coordinates": [
          [
            [
              122.11,
              -3.555
            ],
            [
              122.115,
              -3.555
            ],
            [
              122.115,
              -3.55
            ],
            [
              122.11,
              -3.55
            ],
            [
              122.11,
              -3.555
            ]
          ]
        ]
      }
    },
    {
      "type": "Feature",
      "properties": {
        "grid_id": "TAP302",
        "site": "tapunopaka",
        "location_label": "Tapunopaka Greenfield Interior Prospect - Sulawesi Tenggara greenfield nickel laterite",
        "lithology": "serpentinite_simulated",
        "slope_deg": 5.8,
        "distance_to_river_m": 1197,
        "distance_to_road_m": 4781,
        "distance_to_settlement_m": 10974,
        "legal_status": "conditional",
        "distance_to_smelter_km": 62.3,
        "area_ha": 0.31,
        "region_id": "NW",
        "fe_oxide_index": 2.277,
        "clay_index": 2.06,
        "ndvi_stress_index": 0.259,
        "tmi_structural_nT": 45868.0,
        "tmi_anomaly_nT": 868.0,
        "elevation_mdpl": 109.6,
        "geochem_assay_ratio": 3.13
      },
      "geometry": {
        "type": "Polygon",
        "coordinates": [
          [
            [
              122.115,
              -3.555
            ],
            [
              122.12,
              -3.555
            ],
            [
              122.12,
              -3.55
            ],
            [
              122.115,
              -3.55
            ],
            [
              122.115,
              -3.555
            ]
          ]
        ]
      }
    },
    {
      "type": "Feature",
      "properties": {
        "grid_id": "TAP303",
        "site": "tapunopaka",
        "location_label": "Tapunopaka Greenfield Interior Prospect - Sulawesi Tenggara greenfield nickel laterite",
        "lithology": "mafic_volcanic_simulated",
        "slope_deg": 5.7,
        "distance_to_river_m": 1737,
        "distance_to_road_m": 3661,
        "distance_to_settlement_m": 3623,
        "legal_status": "allowed",
        "distance_to_smelter_km": 58.7,
        "area_ha": 0.31,
        "region_id": "NW",
        "fe_oxide_index": 1.263,
        "clay_index": 1.395,
        "ndvi_stress_index": 0.673,
        "tmi_structural_nT": 45030.1,
        "tmi_anomaly_nT": 30.1,
        "elevation_mdpl": 143.1,
        "geochem_assay_ratio": 5.58
      },
      "geometry": {
        "type": "Polygon",
        "coordinates": [
          [
            [
              122.12,
              -3.555
            ],
            [
              122.125,
              -3.555
            ],
            [
              122.125,
              -3.55
            ],
            [
              122.12,
              -3.55
            ],
            [
              122.12,
              -3.555
            ]
          ]
        ]
      }
    },
    {
      "type": "Feature",
      "properties": {
        "grid_id": "TAP304",
        "site": "tapunopaka",
        "location_label": "Tapunopaka Greenfield Interior Prospect - Sulawesi Tenggara greenfield nickel laterite",
        "lithology": "alluvium",
        "slope_deg": 7.3,
        "distance_to_river_m": 2257,
        "distance_to_road_m": 1886,
        "distance_to_settlement_m": 5422,
        "legal_status": "allowed",
        "distance_to_smelter_km": 55.3,
        "area_ha": 0.31,
        "region_id": "NW",
        "fe_oxide_index": 1.21,
        "clay_index": 1.111,
        "ndvi_stress_index": 0.679,
        "tmi_structural_nT": 45336.2,
        "tmi_anomaly_nT": 336.2,
        "elevation_mdpl": 148.3,
        "geochem_assay_ratio": 3.78
      },
      "geometry": {
        "type": "Polygon",
        "coordinates": [
          [
            [
              122.125,
              -3.555
            ],
            [
              122.13,
              -3.555
            ],
            [
              122.13,
              -3.55
            ],
            [
              122.125,
              -3.55
            ],
            [
              122.125,
              -3.555
            ]
          ]
        ]
      }
    },
    {
      "type": "Feature",
      "properties": {
        "grid_id": "TAP305",
        "site": "tapunopaka",
        "location_label": "Tapunopaka Greenfield Interior Prospect - Sulawesi Tenggara greenfield nickel laterite",
        "lithology": "ultramafic_simulated",
        "slope_deg": 5.1,
        "distance_to_river_m": 1711,
        "distance_to_road_m": 4642,
        "distance_to_settlement_m": 5955,
        "legal_status": "allowed",
        "distance_to_smelter_km": 52.0,
        "area_ha": 0.31,
        "region_id": "NW",
        "fe_oxide_index": 2.561,
        "clay_index": 2.389,
        "ndvi_stress_index": 0.37,
        "tmi_structural_nT": 45362.7,
        "tmi_anomaly_nT": 362.7,
        "elevation_mdpl": 135.1,
        "geochem_assay_ratio": 3.14
      },
      "geometry": {
        "type": "Polygon",
        "coordinates": [
          [
            [
              122.13,
              -3.555
            ],
            [
              122.135,
              -3.555
            ],
            [
              122.135,
              -3.55
            ],
            [
              122.13,
              -3.55
            ],
            [
              122.13,
              -3.555
            ]
          ]
        ]
      }
    },
    {
      "type": "Feature",
      "properties": {
        "grid_id": "TAP306",
        "site": "tapunopaka",
        "location_label": "Tapunopaka Greenfield Interior Prospect - Sulawesi Tenggara greenfield nickel laterite",
        "lithology": "peridotite_simulated",
        "slope_deg": 11.4,
        "distance_to_river_m": 1877,
        "distance_to_road_m": 5469,
        "distance_to_settlement_m": 9724,
        "legal_status": "allowed",
        "distance_to_smelter_km": 49.1,
        "area_ha": 0.31,
        "region_id": "NW",
        "fe_oxide_index": 2.735,
        "clay_index": 1.756,
        "ndvi_stress_index": 0.332,
        "tmi_structural_nT": 45893.6,
        "tmi_anomaly_nT": 893.6,
        "elevation_mdpl": 132.3,
        "geochem_assay_ratio": 1.72
      },
      "geometry": {
        "type": "Polygon",
        "coordinates": [
          [
            [
              122.135,
              -3.555
            ],
            [
              122.14,
              -3.555
            ],
            [
              122.14,
              -3.55
            ],
            [
              122.135,
              -3.55
            ],
            [
              122.135,
              -3.555
            ]
          ]
        ]
      }
    },
    {
      "type": "Feature",
      "properties": {
        "grid_id": "TAP307",
        "site": "tapunopaka",
        "location_label": "Tapunopaka Greenfield Interior Prospect - Sulawesi Tenggara greenfield nickel laterite",
        "lithology": "alluvium",
        "slope_deg": 5.4,
        "distance_to_river_m": 1700,
        "distance_to_road_m": 2552,
        "distance_to_settlement_m": 5311,
        "legal_status": "allowed",
        "distance_to_smelter_km": 46.5,
        "area_ha": 0.31,
        "region_id": "NW",
        "fe_oxide_index": 1.216,
        "clay_index": 1.354,
        "ndvi_stress_index": 0.668,
        "tmi_structural_nT": 45309.6,
        "tmi_anomaly_nT": 309.6,
        "elevation_mdpl": 88.0,
        "geochem_assay_ratio": 5.67
      },
      "geometry": {
        "type": "Polygon",
        "coordinates": [
          [
            [
              122.14,
              -3.555
            ],
            [
              122.145,
              -3.555
            ],
            [
              122.145,
              -3.55
            ],
            [
              122.14,
              -3.55
            ],
            [
              122.14,
              -3.555
            ]
          ]
        ]
      }
    },
    {
      "type": "Feature",
      "properties": {
        "grid_id": "TAP308",
        "site": "tapunopaka",
        "location_label": "Tapunopaka Greenfield Interior Prospect - Sulawesi Tenggara greenfield nickel laterite",
        "lithology": "peridotite_simulated",
        "slope_deg": 3.2,
        "distance_to_river_m": 1241,
        "distance_to_road_m": 2184,
        "distance_to_settlement_m": 9234,
        "legal_status": "allowed",
        "distance_to_smelter_km": 44.4,
        "area_ha": 0.31,
        "region_id": "NW",
        "fe_oxide_index": 2.34,
        "clay_index": 2.041,
        "ndvi_stress_index": 0.296,
        "tmi_structural_nT": 45964.2,
        "tmi_anomaly_nT": 964.2,
        "elevation_mdpl": 109.2,
        "geochem_assay_ratio": 2.56
      },
      "geometry": {
        "type": "Polygon",
        "coordinates": [
          [
            [
              122.145,
              -3.555
            ],
            [
              122.15,
              -3.555
            ],
            [
              122.15,
              -3.55
            ],
            [
              122.145,
              -3.55
            ],
            [
              122.145,
              -3.555
            ]
          ]
        ]
      }
    },
    {
      "type": "Feature",
      "properties": {
        "grid_id": "TAP309",
        "site": "tapunopaka",
        "location_label": "Tapunopaka Greenfield Interior Prospect - Sulawesi Tenggara greenfield nickel laterite",
        "lithology": "ultramafic_simulated",
        "slope_deg": 9.1,
        "distance_to_river_m": 1701,
        "distance_to_road_m": 3694,
        "distance_to_settlement_m": 10403,
        "legal_status": "allowed",
        "distance_to_smelter_km": 42.9,
        "area_ha": 0.31,
        "region_id": "NW",
        "fe_oxide_index": 2.248,
        "clay_index": 2.176,
        "ndvi_stress_index": 0.374,
        "tmi_structural_nT": 45929.2,
        "tmi_anomaly_nT": 929.2,
        "elevation_mdpl": 89.3,
        "geochem_assay_ratio": 2.07
      },
      "geometry": {
        "type": "Polygon",
        "coordinates": [
          [
            [
              122.15,
              -3.555
            ],
            [
              122.155,
              -3.555
            ],
            [
              122.155,
              -3.55
            ],
            [
              122.15,
              -3.55
            ],
            [
              122.15,
              -3.555
            ]
          ]
        ]
      }
    },
    {
      "type": "Feature",
      "properties": {
        "grid_id": "TAP310",
        "site": "tapunopaka",
        "location_label": "Tapunopaka Greenfield Interior Prospect - Sulawesi Tenggara greenfield nickel laterite",
        "lithology": "alluvium",
        "slope_deg": 2.2,
        "distance_to_river_m": 357,
        "distance_to_road_m": 4854,
        "distance_to_settlement_m": 8514,
        "legal_status": "allowed",
        "distance_to_smelter_km": 42.2,
        "area_ha": 0.31,
        "region_id": "NW",
        "fe_oxide_index": 1.132,
        "clay_index": 1.346,
        "ndvi_stress_index": 0.577,
        "tmi_structural_nT": 45396.6,
        "tmi_anomaly_nT": 396.6,
        "elevation_mdpl": 128.7,
        "geochem_assay_ratio": 4.55
      },
      "geometry": {
        "type": "Polygon",
        "coordinates": [
          [
            [
              122.155,
              -3.555
            ],
            [
              122.16,
              -3.555
            ],
            [
              122.16,
              -3.55
            ],
            [
              122.155,
              -3.55
            ],
            [
              122.155,
              -3.555
            ]
          ]
        ]
      }
    },
    {
      "type": "Feature",
      "properties": {
        "grid_id": "TAP311",
        "site": "tapunopaka",
        "location_label": "Tapunopaka Greenfield Interior Prospect - Sulawesi Tenggara greenfield nickel laterite",
        "lithology": "mafic_volcanic_simulated",
        "slope_deg": 3.5,
        "distance_to_river_m": 2210,
        "distance_to_road_m": 1239,
        "distance_to_settlement_m": 7963,
        "legal_status": "allowed",
        "distance_to_smelter_km": 42.2,
        "area_ha": 0.31,
        "region_id": "NE",
        "fe_oxide_index": 1.511,
        "clay_index": 1.372,
        "ndvi_stress_index": 0.512,
        "tmi_structural_nT": 45287.8,
        "tmi_anomaly_nT": 287.8,
        "elevation_mdpl": 144.9,
        "geochem_assay_ratio": 4.0
      },
      "geometry": {
        "type": "Polygon",
        "coordinates": [
          [
            [
              122.16,
              -3.555
            ],
            [
              122.165,
              -3.555
            ],
            [
              122.165,
              -3.55
            ],
            [
              122.16,
              -3.55
            ],
            [
              122.16,
              -3.555
            ]
          ]
        ]
      }
    },
    {
      "type": "Feature",
      "properties": {
        "grid_id": "TAP312",
        "site": "tapunopaka",
        "location_label": "Tapunopaka Greenfield Interior Prospect - Sulawesi Tenggara greenfield nickel laterite",
        "lithology": "ultramafic_simulated",
        "slope_deg": 7.0,
        "distance_to_river_m": 1419,
        "distance_to_road_m": 5292,
        "distance_to_settlement_m": 7237,
        "legal_status": "allowed",
        "distance_to_smelter_km": 42.9,
        "area_ha": 0.31,
        "region_id": "NE",
        "fe_oxide_index": 2.589,
        "clay_index": 2.119,
        "ndvi_stress_index": 0.404,
        "tmi_structural_nT": 45438.3,
        "tmi_anomaly_nT": 438.3,
        "elevation_mdpl": 84.6,
        "geochem_assay_ratio": 2.98
      },
      "geometry": {
        "type": "Polygon",
        "coordinates": [
          [
            [
              122.165,
              -3.555
            ],
            [
              122.17,
              -3.555
            ],
            [
              122.17,
              -3.55
            ],
            [
              122.165,
              -3.55
            ],
            [
              122.165,
              -3.555
            ]
          ]
        ]
      }
    },
    {
      "type": "Feature",
      "properties": {
        "grid_id": "TAP313",
        "site": "tapunopaka",
        "location_label": "Tapunopaka Greenfield Interior Prospect - Sulawesi Tenggara greenfield nickel laterite",
        "lithology": "alluvium",
        "slope_deg": 10.0,
        "distance_to_river_m": 659,
        "distance_to_road_m": 1218,
        "distance_to_settlement_m": 9000,
        "legal_status": "allowed",
        "distance_to_smelter_km": 44.4,
        "area_ha": 0.31,
        "region_id": "NE",
        "fe_oxide_index": 1.4,
        "clay_index": 1.061,
        "ndvi_stress_index": 0.613,
        "tmi_structural_nT": 45234.5,
        "tmi_anomaly_nT": 234.5,
        "elevation_mdpl": 105.7,
        "geochem_assay_ratio": 5.42
      },
      "geometry": {
        "type": "Polygon",
        "coordinates": [
          [
            [
              122.17,
              -3.555
            ],
            [
              122.175,
              -3.555
            ],
            [
              122.175,
              -3.55
            ],
            [
              122.17,
              -3.55
            ],
            [
              122.17,
              -3.555
            ]
          ]
        ]
      }
    },
    {
      "type": "Feature",
      "properties": {
        "grid_id": "TAP314",
        "site": "tapunopaka",
        "location_label": "Tapunopaka Greenfield Interior Prospect - Sulawesi Tenggara greenfield nickel laterite",
        "lithology": "mafic_volcanic_simulated",
        "slope_deg": 7.2,
        "distance_to_river_m": 1970,
        "distance_to_road_m": 2159,
        "distance_to_settlement_m": 10997,
        "legal_status": "allowed",
        "distance_to_smelter_km": 46.5,
        "area_ha": 0.31,
        "region_id": "NE",
        "fe_oxide_index": 1.124,
        "clay_index": 1.059,
        "ndvi_stress_index": 0.587,
        "tmi_structural_nT": 44781.3,
        "tmi_anomaly_nT": -218.7,
        "elevation_mdpl": 80.9,
        "geochem_assay_ratio": 4.67
      },
      "geometry": {
        "type": "Polygon",
        "coordinates": [
          [
            [
              122.175,
              -3.555
            ],
            [
              122.18,
              -3.555
            ],
            [
              122.18,
              -3.55
            ],
            [
              122.175,
              -3.55
            ],
            [
              122.175,
              -3.555
            ]
          ]
        ]
      }
    },
    {
      "type": "Feature",
      "properties": {
        "grid_id": "TAP315",
        "site": "tapunopaka",
        "location_label": "Tapunopaka Greenfield Interior Prospect - Sulawesi Tenggara greenfield nickel laterite",
        "lithology": "alluvium",
        "slope_deg": 5.3,
        "distance_to_river_m": 2339,
        "distance_to_road_m": 5229,
        "distance_to_settlement_m": 3830,
        "legal_status": "allowed",
        "distance_to_smelter_km": 49.1,
        "area_ha": 0.31,
        "region_id": "NE",
        "fe_oxide_index": 1.261,
        "clay_index": 1.378,
        "ndvi_stress_index": 0.696,
        "tmi_structural_nT": 44801.5,
        "tmi_anomaly_nT": -198.5,
        "elevation_mdpl": 173.1,
        "geochem_assay_ratio": 5.83
      },
      "geometry": {
        "type": "Polygon",
        "coordinates": [
          [
            [
              122.18,
              -3.555
            ],
            [
              122.185,
              -3.555
            ],
            [
              122.185,
              -3.55
            ],
            [
              122.18,
              -3.55
            ],
            [
              122.18,
              -3.555
            ]
          ]
        ]
      }
    },
    {
      "type": "Feature",
      "properties": {
        "grid_id": "TAP316",
        "site": "tapunopaka",
        "location_label": "Tapunopaka Greenfield Interior Prospect - Sulawesi Tenggara greenfield nickel laterite",
        "lithology": "peridotite_simulated",
        "slope_deg": 5.5,
        "distance_to_river_m": 2572,
        "distance_to_road_m": 1582,
        "distance_to_settlement_m": 3949,
        "legal_status": "allowed",
        "distance_to_smelter_km": 52.0,
        "area_ha": 0.31,
        "region_id": "NE",
        "fe_oxide_index": 2.791,
        "clay_index": 1.929,
        "ndvi_stress_index": 0.286,
        "tmi_structural_nT": 45479.2,
        "tmi_anomaly_nT": 479.2,
        "elevation_mdpl": 107.5,
        "geochem_assay_ratio": 2.84
      },
      "geometry": {
        "type": "Polygon",
        "coordinates": [
          [
            [
              122.185,
              -3.555
            ],
            [
              122.19,
              -3.555
            ],
            [
              122.19,
              -3.55
            ],
            [
              122.185,
              -3.55
            ],
            [
              122.185,
              -3.555
            ]
          ]
        ]
      }
    },
    {
      "type": "Feature",
      "properties": {
        "grid_id": "TAP317",
        "site": "tapunopaka",
        "location_label": "Tapunopaka Greenfield Interior Prospect - Sulawesi Tenggara greenfield nickel laterite",
        "lithology": "alluvium",
        "slope_deg": 7.0,
        "distance_to_river_m": 2083,
        "distance_to_road_m": 2327,
        "distance_to_settlement_m": 6868,
        "legal_status": "allowed",
        "distance_to_smelter_km": 55.3,
        "area_ha": 0.31,
        "region_id": "NE",
        "fe_oxide_index": 1.174,
        "clay_index": 1.408,
        "ndvi_stress_index": 0.609,
        "tmi_structural_nT": 45005.3,
        "tmi_anomaly_nT": 5.3,
        "elevation_mdpl": 153.7,
        "geochem_assay_ratio": 4.24
      },
      "geometry": {
        "type": "Polygon",
        "coordinates": [
          [
            [
              122.19,
              -3.555
            ],
            [
              122.195,
              -3.555
            ],
            [
              122.195,
              -3.55
            ],
            [
              122.19,
              -3.55
            ],
            [
              122.19,
              -3.555
            ]
          ]
        ]
      }
    },
    {
      "type": "Feature",
      "properties": {
        "grid_id": "TAP318",
        "site": "tapunopaka",
        "location_label": "Tapunopaka Greenfield Interior Prospect - Sulawesi Tenggara greenfield nickel laterite",
        "lithology": "ultramafic_simulated",
        "slope_deg": 10.3,
        "distance_to_river_m": 1110,
        "distance_to_road_m": 3996,
        "distance_to_settlement_m": 4098,
        "legal_status": "allowed",
        "distance_to_smelter_km": 58.7,
        "area_ha": 0.31,
        "region_id": "NE",
        "fe_oxide_index": 2.015,
        "clay_index": 2.191,
        "ndvi_stress_index": 0.252,
        "tmi_structural_nT": 45936.0,
        "tmi_anomaly_nT": 936.0,
        "elevation_mdpl": 145.3,
        "geochem_assay_ratio": 1.9
      },
      "geometry": {
        "type": "Polygon",
        "coordinates": [
          [
            [
              122.195,
              -3.555
            ],
            [
              122.2,
              -3.555
            ],
            [
              122.2,
              -3.55
            ],
            [
              122.195,
              -3.55
            ],
            [
              122.195,
              -3.555
            ]
          ]
        ]
      }
    },
    {
      "type": "Feature",
      "properties": {
        "grid_id": "TAP319",
        "site": "tapunopaka",
        "location_label": "Tapunopaka Greenfield Interior Prospect - Sulawesi Tenggara greenfield nickel laterite",
        "lithology": "serpentinite_simulated",
        "slope_deg": 2.1,
        "distance_to_river_m": 1766,
        "distance_to_road_m": 4403,
        "distance_to_settlement_m": 6389,
        "legal_status": "allowed",
        "distance_to_smelter_km": 62.3,
        "area_ha": 0.31,
        "region_id": "NE",
        "fe_oxide_index": 2.397,
        "clay_index": 1.988,
        "ndvi_stress_index": 0.223,
        "tmi_structural_nT": 45884.1,
        "tmi_anomaly_nT": 884.1,
        "elevation_mdpl": 165.9,
        "geochem_assay_ratio": 2.95
      },
      "geometry": {
        "type": "Polygon",
        "coordinates": [
          [
            [
              122.2,
              -3.555
            ],
            [
              122.205,
              -3.555
            ],
            [
              122.205,
              -3.55
            ],
            [
              122.2,
              -3.55
            ],
            [
              122.2,
              -3.555
            ]
          ]
        ]
      }
    },
    {
      "type": "Feature",
      "properties": {
        "grid_id": "TAP320",
        "site": "tapunopaka",
        "location_label": "Tapunopaka Greenfield Interior Prospect - Sulawesi Tenggara greenfield nickel laterite",
        "lithology": "mafic_volcanic_simulated",
        "slope_deg": 7.1,
        "distance_to_river_m": 1245,
        "distance_to_road_m": 2409,
        "distance_to_settlement_m": 3636,
        "legal_status": "allowed",
        "distance_to_smelter_km": 66.0,
        "area_ha": 0.31,
        "region_id": "NE",
        "fe_oxide_index": 1.205,
        "clay_index": 1.209,
        "ndvi_stress_index": 0.699,
        "tmi_structural_nT": 44764.2,
        "tmi_anomaly_nT": -235.8,
        "elevation_mdpl": 95.5,
        "geochem_assay_ratio": 4.39
      },
      "geometry": {
        "type": "Polygon",
        "coordinates": [
          [
            [
              122.205,
              -3.555
            ],
            [
              122.21,
              -3.555
            ],
            [
              122.21,
              -3.55
            ],
            [
              122.205,
              -3.55
            ],
            [
              122.205,
              -3.555
            ]
          ]
        ]
      }
    },
    {
      "type": "Feature",
      "properties": {
        "grid_id": "TAP321",
        "site": "tapunopaka",
        "location_label": "Tapunopaka Greenfield Interior Prospect - Sulawesi Tenggara greenfield nickel laterite",
        "lithology": "mafic_volcanic_simulated",
        "slope_deg": 3.4,
        "distance_to_river_m": 1091,
        "distance_to_road_m": 3971,
        "distance_to_settlement_m": 9170,
        "legal_status": "allowed",
        "distance_to_smelter_km": 68.4,
        "area_ha": 0.31,
        "region_id": "NW",
        "fe_oxide_index": 1.524,
        "clay_index": 1.401,
        "ndvi_stress_index": 0.536,
        "tmi_structural_nT": 45180.3,
        "tmi_anomaly_nT": 180.3,
        "elevation_mdpl": 156.2,
        "geochem_assay_ratio": 5.71
      },
      "geometry": {
        "type": "Polygon",
        "coordinates": [
          [
            [
              122.11,
              -3.55
            ],
            [
              122.115,
              -3.55
            ],
            [
              122.115,
              -3.545
            ],
            [
              122.11,
              -3.545
            ],
            [
              122.11,
              -3.55
            ]
          ]
        ]
      }
    },
    {
      "type": "Feature",
      "properties": {
        "grid_id": "TAP322",
        "site": "tapunopaka",
        "location_label": "Tapunopaka Greenfield Interior Prospect - Sulawesi Tenggara greenfield nickel laterite",
        "lithology": "serpentinite_simulated",
        "slope_deg": 3.3,
        "distance_to_river_m": 1849,
        "distance_to_road_m": 1680,
        "distance_to_settlement_m": 6842,
        "legal_status": "allowed",
        "distance_to_smelter_km": 64.8,
        "area_ha": 0.31,
        "region_id": "NW",
        "fe_oxide_index": 2.787,
        "clay_index": 1.848,
        "ndvi_stress_index": 0.273,
        "tmi_structural_nT": 45592.0,
        "tmi_anomaly_nT": 592.0,
        "elevation_mdpl": 171.7,
        "geochem_assay_ratio": 1.55
      },
      "geometry": {
        "type": "Polygon",
        "coordinates": [
          [
            [
              122.115,
              -3.55
            ],
            [
              122.12,
              -3.55
            ],
            [
              122.12,
              -3.545
            ],
            [
              122.115,
              -3.545
            ],
            [
              122.115,
              -3.55
            ]
          ]
        ]
      }
    },
    {
      "type": "Feature",
      "properties": {
        "grid_id": "TAP323",
        "site": "tapunopaka",
        "location_label": "Tapunopaka Greenfield Interior Prospect - Sulawesi Tenggara greenfield nickel laterite",
        "lithology": "alluvium",
        "slope_deg": 4.5,
        "distance_to_river_m": 835,
        "distance_to_road_m": 3761,
        "distance_to_settlement_m": 8716,
        "legal_status": "allowed",
        "distance_to_smelter_km": 61.4,
        "area_ha": 0.31,
        "region_id": "NW",
        "fe_oxide_index": 1.388,
        "clay_index": 1.207,
        "ndvi_stress_index": 0.517,
        "tmi_structural_nT": 44610.9,
        "tmi_anomaly_nT": -389.1,
        "elevation_mdpl": 171.3,
        "geochem_assay_ratio": 4.11
      },
      "geometry": {
        "type": "Polygon",
        "coordinates": [
          [
            [
              122.12,
              -3.55
            ],
            [
              122.125,
              -3.55
            ],
            [
              122.125,
              -3.545
            ],
            [
              122.12,
              -3.545
            ],
            [
              122.12,
              -3.55
            ]
          ]
        ]
      }
    },
    {
      "type": "Feature",
      "properties": {
        "grid_id": "TAP324",
        "site": "tapunopaka",
        "location_label": "Tapunopaka Greenfield Interior Prospect - Sulawesi Tenggara greenfield nickel laterite",
        "lithology": "mafic_volcanic_simulated",
        "slope_deg": 4.1,
        "distance_to_river_m": 2783,
        "distance_to_road_m": 2629,
        "distance_to_settlement_m": 7161,
        "legal_status": "allowed",
        "distance_to_smelter_km": 58.2,
        "area_ha": 0.31,
        "region_id": "NW",
        "fe_oxide_index": 1.371,
        "clay_index": 1.07,
        "ndvi_stress_index": 0.71,
        "tmi_structural_nT": 44730.6,
        "tmi_anomaly_nT": -269.4,
        "elevation_mdpl": 170.7,
        "geochem_assay_ratio": 3.94
      },
      "geometry": {
        "type": "Polygon",
        "coordinates": [
          [
            [
              122.125,
              -3.55
            ],
            [
              122.13,
              -3.55
            ],
            [
              122.13,
              -3.545
            ],
            [
              122.125,
              -3.545
            ],
            [
              122.125,
              -3.55
            ]
          ]
        ]
      }
    },
    {
      "type": "Feature",
      "properties": {
        "grid_id": "TAP325",
        "site": "tapunopaka",
        "location_label": "Tapunopaka Greenfield Interior Prospect - Sulawesi Tenggara greenfield nickel laterite",
        "lithology": "alluvium",
        "slope_deg": 3.3,
        "distance_to_river_m": 2130,
        "distance_to_road_m": 5496,
        "distance_to_settlement_m": 3584,
        "legal_status": "allowed",
        "distance_to_smelter_km": 55.3,
        "area_ha": 0.31,
        "region_id": "NW",
        "fe_oxide_index": 1.18,
        "clay_index": 1.231,
        "ndvi_stress_index": 0.571,
        "tmi_structural_nT": 45063.3,
        "tmi_anomaly_nT": 63.3,
        "elevation_mdpl": 128.3,
        "geochem_assay_ratio": 5.26
      },
      "geometry": {
        "type": "Polygon",
        "coordinates": [
          [
            [
              122.13,
              -3.55
            ],
            [
              122.135,
              -3.55
            ],
            [
              122.135,
              -3.545
            ],
            [
              122.13,
              -3.545
            ],
            [
              122.13,
              -3.55
            ]
          ]
        ]
      }
    },
    {
      "type": "Feature",
      "properties": {
        "grid_id": "TAP326",
        "site": "tapunopaka",
        "location_label": "Tapunopaka Greenfield Interior Prospect - Sulawesi Tenggara greenfield nickel laterite",
        "lithology": "mafic_volcanic_simulated",
        "slope_deg": 11.3,
        "distance_to_river_m": 300,
        "distance_to_road_m": 4980,
        "distance_to_settlement_m": 6022,
        "legal_status": "allowed",
        "distance_to_smelter_km": 52.6,
        "area_ha": 0.31,
        "region_id": "NW",
        "fe_oxide_index": 1.2,
        "clay_index": 1.071,
        "ndvi_stress_index": 0.594,
        "tmi_structural_nT": 44771.9,
        "tmi_anomaly_nT": -228.1,
        "elevation_mdpl": 104.1,
        "geochem_assay_ratio": 4.33
      },
      "geometry": {
        "type": "Polygon",
        "coordinates": [
          [
            [
              122.135,
              -3.55
            ],
            [
              122.14,
              -3.55
            ],
            [
              122.14,
              -3.545
            ],
            [
              122.135,
              -3.545
            ],
            [
              122.135,
              -3.55
            ]
          ]
        ]
      }
    },
    {
      "type": "Feature",
      "properties": {
        "grid_id": "TAP327",
        "site": "tapunopaka",
        "location_label": "Tapunopaka Greenfield Interior Prospect - Sulawesi Tenggara greenfield nickel laterite",
        "lithology": "peridotite_simulated",
        "slope_deg": 9.6,
        "distance_to_river_m": 1984,
        "distance_to_road_m": 1651,
        "distance_to_settlement_m": 9843,
        "legal_status": "allowed",
        "distance_to_smelter_km": 50.3,
        "area_ha": 0.31,
        "region_id": "NW",
        "fe_oxide_index": 2.424,
        "clay_index": 2.156,
        "ndvi_stress_index": 0.377,
        "tmi_structural_nT": 45885.0,
        "tmi_anomaly_nT": 885.0,
        "elevation_mdpl": 165.2,
        "geochem_assay_ratio": 1.91
      },
      "geometry": {
        "type": "Polygon",
        "coordinates": [
          [
            [
              122.14,
              -3.55
            ],
            [
              122.145,
              -3.55
            ],
            [
              122.145,
              -3.545
            ],
            [
              122.14,
              -3.545
            ],
            [
              122.14,
              -3.55
            ]
          ]
        ]
      }
    },
    {
      "type": "Feature",
      "properties": {
        "grid_id": "TAP328",
        "site": "tapunopaka",
        "location_label": "Tapunopaka Greenfield Interior Prospect - Sulawesi Tenggara greenfield nickel laterite",
        "lithology": "alluvium",
        "slope_deg": 8.4,
        "distance_to_river_m": 420,
        "distance_to_road_m": 4352,
        "distance_to_settlement_m": 10226,
        "legal_status": "allowed",
        "distance_to_smelter_km": 48.5,
        "area_ha": 0.31,
        "region_id": "NW",
        "fe_oxide_index": 1.25,
        "clay_index": 1.153,
        "ndvi_stress_index": 0.538,
        "tmi_structural_nT": 44595.2,
        "tmi_anomaly_nT": -404.8,
        "elevation_mdpl": 90.9,
        "geochem_assay_ratio": 3.7
      },
      "geometry": {
        "type": "Polygon",
        "coordinates": [
          [
            [
              122.145,
              -3.55
            ],
            [
              122.15,
              -3.55
            ],
            [
              122.15,
              -3.545
            ],
            [
              122.145,
              -3.545
            ],
            [
              122.145,
              -3.55
            ]
          ]
        ]
      }
    },
    {
      "type": "Feature",
      "properties": {
        "grid_id": "TAP329",
        "site": "tapunopaka",
        "location_label": "Tapunopaka Greenfield Interior Prospect - Sulawesi Tenggara greenfield nickel laterite",
        "lithology": "mafic_volcanic_simulated",
        "slope_deg": 9.5,
        "distance_to_river_m": 2452,
        "distance_to_road_m": 3411,
        "distance_to_settlement_m": 5763,
        "legal_status": "allowed",
        "distance_to_smelter_km": 47.2,
        "area_ha": 0.31,
        "region_id": "NW",
        "fe_oxide_index": 1.319,
        "clay_index": 1.34,
        "ndvi_stress_index": 0.663,
        "tmi_structural_nT": 44620.8,
        "tmi_anomaly_nT": -379.2,
        "elevation_mdpl": 123.3,
        "geochem_assay_ratio": 4.26
      },
      "geometry": {
        "type": "Polygon",
        "coordinates": [
          [
            [
              122.15,
              -3.55
            ],
            [
              122.155,
              -3.55
            ],
            [
              122.155,
              -3.545
            ],
            [
              122.15,
              -3.545
            ],
            [
              122.15,
              -3.55
            ]
          ]
        ]
      }
    },
    {
      "type": "Feature",
      "properties": {
        "grid_id": "TAP330",
        "site": "tapunopaka",
        "location_label": "Tapunopaka Greenfield Interior Prospect - Sulawesi Tenggara greenfield nickel laterite",
        "lithology": "mafic_volcanic_simulated",
        "slope_deg": 10.4,
        "distance_to_river_m": 2617,
        "distance_to_road_m": 2172,
        "distance_to_settlement_m": 7491,
        "legal_status": "allowed",
        "distance_to_smelter_km": 46.5,
        "area_ha": 0.31,
        "region_id": "NW",
        "fe_oxide_index": 1.245,
        "clay_index": 1.029,
        "ndvi_stress_index": 0.629,
        "tmi_structural_nT": 45284.6,
        "tmi_anomaly_nT": 284.6,
        "elevation_mdpl": 146.9,
        "geochem_assay_ratio": 4.49
      },
      "geometry": {
        "type": "Polygon",
        "coordinates": [
          [
            [
              122.155,
              -3.55
            ],
            [
              122.16,
              -3.55
            ],
            [
              122.16,
              -3.545
            ],
            [
              122.155,
              -3.545
            ],
            [
              122.155,
              -3.55
            ]
          ]
        ]
      }
    },
    {
      "type": "Feature",
      "properties": {
        "grid_id": "TAP331",
        "site": "tapunopaka",
        "location_label": "Tapunopaka Greenfield Interior Prospect - Sulawesi Tenggara greenfield nickel laterite",
        "lithology": "mafic_volcanic_simulated",
        "slope_deg": 5.7,
        "distance_to_river_m": 1469,
        "distance_to_road_m": 3170,
        "distance_to_settlement_m": 5006,
        "legal_status": "allowed",
        "distance_to_smelter_km": 46.5,
        "area_ha": 0.31,
        "region_id": "NE",
        "fe_oxide_index": 1.607,
        "clay_index": 1.456,
        "ndvi_stress_index": 0.708,
        "tmi_structural_nT": 44922.0,
        "tmi_anomaly_nT": -78.0,
        "elevation_mdpl": 150.4,
        "geochem_assay_ratio": 4.85
      },
      "geometry": {
        "type": "Polygon",
        "coordinates": [
          [
            [
              122.16,
              -3.55
            ],
            [
              122.165,
              -3.55
            ],
            [
              122.165,
              -3.545
            ],
            [
              122.16,
              -3.545
            ],
            [
              122.16,
              -3.55
            ]
          ]
        ]
      }
    },
    {
      "type": "Feature",
      "properties": {
        "grid_id": "TAP332",
        "site": "tapunopaka",
        "location_label": "Tapunopaka Greenfield Interior Prospect - Sulawesi Tenggara greenfield nickel laterite",
        "lithology": "alluvium",
        "slope_deg": 4.5,
        "distance_to_river_m": 2370,
        "distance_to_road_m": 1696,
        "distance_to_settlement_m": 10410,
        "legal_status": "allowed",
        "distance_to_smelter_km": 47.2,
        "area_ha": 0.31,
        "region_id": "NE",
        "fe_oxide_index": 1.126,
        "clay_index": 1.401,
        "ndvi_stress_index": 0.628,
        "tmi_structural_nT": 44665.2,
        "tmi_anomaly_nT": -334.8,
        "elevation_mdpl": 177.7,
        "geochem_assay_ratio": 5.09
      },
      "geometry": {
        "type": "Polygon",
        "coordinates": [
          [
            [
              122.165,
              -3.55
            ],
            [
              122.17,
              -3.55
            ],
            [
              122.17,
              -3.545
            ],
            [
              122.165,
              -3.545
            ],
            [
              122.165,
              -3.55
            ]
          ]
        ]
      }
    },
    {
      "type": "Feature",
      "properties": {
        "grid_id": "TAP333",
        "site": "tapunopaka",
        "location_label": "Tapunopaka Greenfield Interior Prospect - Sulawesi Tenggara greenfield nickel laterite",
        "lithology": "mafic_volcanic_simulated",
        "slope_deg": 3.3,
        "distance_to_river_m": 839,
        "distance_to_road_m": 5190,
        "distance_to_settlement_m": 6116,
        "legal_status": "allowed",
        "distance_to_smelter_km": 48.5,
        "area_ha": 0.31,
        "region_id": "NE",
        "fe_oxide_index": 1.271,
        "clay_index": 1.317,
        "ndvi_stress_index": 0.761,
        "tmi_structural_nT": 45317.3,
        "tmi_anomaly_nT": 317.3,
        "elevation_mdpl": 92.9,
        "geochem_assay_ratio": 4.52
      },
      "geometry": {
        "type": "Polygon",
        "coordinates": [
          [
            [
              122.17,
              -3.55
            ],
            [
              122.175,
              -3.55
            ],
            [
              122.175,
              -3.545
            ],
            [
              122.17,
              -3.545
            ],
            [
              122.17,
              -3.55
            ]
          ]
        ]
      }
    },
    {
      "type": "Feature",
      "properties": {
        "grid_id": "TAP334",
        "site": "tapunopaka",
        "location_label": "Tapunopaka Greenfield Interior Prospect - Sulawesi Tenggara greenfield nickel laterite",
        "lithology": "alluvium",
        "slope_deg": 10.2,
        "distance_to_river_m": 579,
        "distance_to_road_m": 3420,
        "distance_to_settlement_m": 4263,
        "legal_status": "allowed",
        "distance_to_smelter_km": 50.3,
        "area_ha": 0.31,
        "region_id": "NE",
        "fe_oxide_index": 1.471,
        "clay_index": 1.297,
        "ndvi_stress_index": 0.633,
        "tmi_structural_nT": 45086.2,
        "tmi_anomaly_nT": 86.2,
        "elevation_mdpl": 125.4,
        "geochem_assay_ratio": 4.49
      },
      "geometry": {
        "type": "Polygon",
        "coordinates": [
          [
            [
              122.175,
              -3.55
            ],
            [
              122.18,
              -3.55
            ],
            [
              122.18,
              -3.545
            ],
            [
              122.175,
              -3.545
            ],
            [
              122.175,
              -3.55
            ]
          ]
        ]
      }
    },
    {
      "type": "Feature",
      "properties": {
        "grid_id": "TAP335",
        "site": "tapunopaka",
        "location_label": "Tapunopaka Greenfield Interior Prospect - Sulawesi Tenggara greenfield nickel laterite",
        "lithology": "mafic_volcanic_simulated",
        "slope_deg": 4.4,
        "distance_to_river_m": 2025,
        "distance_to_road_m": 2790,
        "distance_to_settlement_m": 9643,
        "legal_status": "allowed",
        "distance_to_smelter_km": 52.6,
        "area_ha": 0.31,
        "region_id": "NE",
        "fe_oxide_index": 1.255,
        "clay_index": 1.258,
        "ndvi_stress_index": 0.675,
        "tmi_structural_nT": 45068.1,
        "tmi_anomaly_nT": 68.1,
        "elevation_mdpl": 102.6,
        "geochem_assay_ratio": 4.04
      },
      "geometry": {
        "type": "Polygon",
        "coordinates": [
          [
            [
              122.18,
              -3.55
            ],
            [
              122.185,
              -3.55
            ],
            [
              122.185,
              -3.545
            ],
            [
              122.18,
              -3.545
            ],
            [
              122.18,
              -3.55
            ]
          ]
        ]
      }
    },
    {
      "type": "Feature",
      "properties": {
        "grid_id": "TAP336",
        "site": "tapunopaka",
        "location_label": "Tapunopaka Greenfield Interior Prospect - Sulawesi Tenggara greenfield nickel laterite",
        "lithology": "alluvium",
        "slope_deg": 10.1,
        "distance_to_river_m": 689,
        "distance_to_road_m": 3237,
        "distance_to_settlement_m": 4884,
        "legal_status": "allowed",
        "distance_to_smelter_km": 55.3,
        "area_ha": 0.31,
        "region_id": "NE",
        "fe_oxide_index": 1.147,
        "clay_index": 1.279,
        "ndvi_stress_index": 0.606,
        "tmi_structural_nT": 45209.6,
        "tmi_anomaly_nT": 209.6,
        "elevation_mdpl": 179.4,
        "geochem_assay_ratio": 4.76
      },
      "geometry": {
        "type": "Polygon",
        "coordinates": [
          [
            [
              122.185,
              -3.55
            ],
            [
              122.19,
              -3.55
            ],
            [
              122.19,
              -3.545
            ],
            [
              122.185,
              -3.545
            ],
            [
              122.185,
              -3.55
            ]
          ]
        ]
      }
    },
    {
      "type": "Feature",
      "properties": {
        "grid_id": "TAP337",
        "site": "tapunopaka",
        "location_label": "Tapunopaka Greenfield Interior Prospect - Sulawesi Tenggara greenfield nickel laterite",
        "lithology": "alluvium",
        "slope_deg": 9.7,
        "distance_to_river_m": 1119,
        "distance_to_road_m": 2339,
        "distance_to_settlement_m": 4339,
        "legal_status": "allowed",
        "distance_to_smelter_km": 58.2,
        "area_ha": 0.31,
        "region_id": "NE",
        "fe_oxide_index": 1.626,
        "clay_index": 1.214,
        "ndvi_stress_index": 0.705,
        "tmi_structural_nT": 45128.7,
        "tmi_anomaly_nT": 128.7,
        "elevation_mdpl": 157.2,
        "geochem_assay_ratio": 5.68
      },
      "geometry": {
        "type": "Polygon",
        "coordinates": [
          [
            [
              122.19,
              -3.55
            ],
            [
              122.195,
              -3.55
            ],
            [
              122.195,
              -3.545
            ],
            [
              122.19,
              -3.545
            ],
            [
              122.19,
              -3.55
            ]
          ]
        ]
      }
    },
    {
      "type": "Feature",
      "properties": {
        "grid_id": "TAP338",
        "site": "tapunopaka",
        "location_label": "Tapunopaka Greenfield Interior Prospect - Sulawesi Tenggara greenfield nickel laterite",
        "lithology": "alluvium",
        "slope_deg": 3.1,
        "distance_to_river_m": 1146,
        "distance_to_road_m": 2842,
        "distance_to_settlement_m": 4612,
        "legal_status": "allowed",
        "distance_to_smelter_km": 61.4,
        "area_ha": 0.31,
        "region_id": "NE",
        "fe_oxide_index": 1.52,
        "clay_index": 1.108,
        "ndvi_stress_index": 0.764,
        "tmi_structural_nT": 44483.5,
        "tmi_anomaly_nT": -516.5,
        "elevation_mdpl": 138.0,
        "geochem_assay_ratio": 3.7
      },
      "geometry": {
        "type": "Polygon",
        "coordinates": [
          [
            [
              122.195,
              -3.55
            ],
            [
              122.2,
              -3.55
            ],
            [
              122.2,
              -3.545
            ],
            [
              122.195,
              -3.545
            ],
            [
              122.195,
              -3.55
            ]
          ]
        ]
      }
    },
    {
      "type": "Feature",
      "properties": {
        "grid_id": "TAP339",
        "site": "tapunopaka",
        "location_label": "Tapunopaka Greenfield Interior Prospect - Sulawesi Tenggara greenfield nickel laterite",
        "lithology": "ultramafic_simulated",
        "slope_deg": 4.2,
        "distance_to_river_m": 2670,
        "distance_to_road_m": 2057,
        "distance_to_settlement_m": 10108,
        "legal_status": "allowed",
        "distance_to_smelter_km": 64.8,
        "area_ha": 0.31,
        "region_id": "NE",
        "fe_oxide_index": 2.499,
        "clay_index": 2.217,
        "ndvi_stress_index": 0.402,
        "tmi_structural_nT": 45442.3,
        "tmi_anomaly_nT": 442.3,
        "elevation_mdpl": 179.5,
        "geochem_assay_ratio": 2.56
      },
      "geometry": {
        "type": "Polygon",
        "coordinates": [
          [
            [
              122.2,
              -3.55
            ],
            [
              122.205,
              -3.55
            ],
            [
              122.205,
              -3.545
            ],
            [
              122.2,
              -3.545
            ],
            [
              122.2,
              -3.55
            ]
          ]
        ]
      }
    },
    {
      "type": "Feature",
      "properties": {
        "grid_id": "TAP340",
        "site": "tapunopaka",
        "location_label": "Tapunopaka Greenfield Interior Prospect - Sulawesi Tenggara greenfield nickel laterite",
        "lithology": "alluvium",
        "slope_deg": 10.7,
        "distance_to_river_m": 2003,
        "distance_to_road_m": 3927,
        "distance_to_settlement_m": 8073,
        "legal_status": "allowed",
        "distance_to_smelter_km": 68.4,
        "area_ha": 0.31,
        "region_id": "NE",
        "fe_oxide_index": 1.561,
        "clay_index": 1.366,
        "ndvi_stress_index": 0.73,
        "tmi_structural_nT": 44555.3,
        "tmi_anomaly_nT": -444.7,
        "elevation_mdpl": 128.2,
        "geochem_assay_ratio": 3.58
      },
      "geometry": {
        "type": "Polygon",
        "coordinates": [
          [
            [
              122.205,
              -3.55
            ],
            [
              122.21,
              -3.55
            ],
            [
              122.21,
              -3.545
            ],
            [
              122.205,
              -3.545
            ],
            [
              122.205,
              -3.55
            ]
          ]
        ]
      }
    },
    {
      "type": "Feature",
      "properties": {
        "grid_id": "TAP341",
        "site": "tapunopaka",
        "location_label": "Tapunopaka Greenfield Interior Prospect - Sulawesi Tenggara greenfield nickel laterite",
        "lithology": "mafic_volcanic_simulated",
        "slope_deg": 3.4,
        "distance_to_river_m": 653,
        "distance_to_road_m": 3346,
        "distance_to_settlement_m": 4741,
        "legal_status": "allowed",
        "distance_to_smelter_km": 71.0,
        "area_ha": 0.31,
        "region_id": "NW",
        "fe_oxide_index": 1.387,
        "clay_index": 1.29,
        "ndvi_stress_index": 0.551,
        "tmi_structural_nT": 45081.4,
        "tmi_anomaly_nT": 81.4,
        "elevation_mdpl": 161.3,
        "geochem_assay_ratio": 4.69
      },
      "geometry": {
        "type": "Polygon",
        "coordinates": [
          [
            [
              122.11,
              -3.545
            ],
            [
              122.115,
              -3.545
            ],
            [
              122.115,
              -3.54
            ],
            [
              122.11,
              -3.54
            ],
            [
              122.11,
              -3.545
            ]
          ]
        ]
      }
    },
    {
      "type": "Feature",
      "properties": {
        "grid_id": "TAP342",
        "site": "tapunopaka",
        "location_label": "Tapunopaka Greenfield Interior Prospect - Sulawesi Tenggara greenfield nickel laterite",
        "lithology": "mafic_volcanic_simulated",
        "slope_deg": 3.7,
        "distance_to_river_m": 1024,
        "distance_to_road_m": 5318,
        "distance_to_settlement_m": 4349,
        "legal_status": "allowed",
        "distance_to_smelter_km": 67.6,
        "area_ha": 0.31,
        "region_id": "NW",
        "fe_oxide_index": 1.503,
        "clay_index": 1.447,
        "ndvi_stress_index": 0.665,
        "tmi_structural_nT": 45117.2,
        "tmi_anomaly_nT": 117.2,
        "elevation_mdpl": 161.5,
        "geochem_assay_ratio": 4.55
      },
      "geometry": {
        "type": "Polygon",
        "coordinates": [
          [
            [
              122.115,
              -3.545
            ],
            [
              122.12,
              -3.545
            ],
            [
              122.12,
              -3.54
            ],
            [
              122.115,
              -3.54
            ],
            [
              122.115,
              -3.545
            ]
          ]
        ]
      }
    },
    {
      "type": "Feature",
      "properties": {
        "grid_id": "TAP343",
        "site": "tapunopaka",
        "location_label": "Tapunopaka Greenfield Interior Prospect - Sulawesi Tenggara greenfield nickel laterite",
        "lithology": "ultramafic_simulated",
        "slope_deg": 2.5,
        "distance_to_river_m": 2798,
        "distance_to_road_m": 1834,
        "distance_to_settlement_m": 4036,
        "legal_status": "allowed",
        "distance_to_smelter_km": 64.4,
        "area_ha": 0.31,
        "region_id": "NW",
        "fe_oxide_index": 2.112,
        "clay_index": 1.634,
        "ndvi_stress_index": 0.339,
        "tmi_structural_nT": 45167.9,
        "tmi_anomaly_nT": 167.9,
        "elevation_mdpl": 141.5,
        "geochem_assay_ratio": 1.47
      },
      "geometry": {
        "type": "Polygon",
        "coordinates": [
          [
            [
              122.12,
              -3.545
            ],
            [
              122.125,
              -3.545
            ],
            [
              122.125,
              -3.54
            ],
            [
              122.12,
              -3.54
            ],
            [
              122.12,
              -3.545
            ]
          ]
        ]
      }
    },
    {
      "type": "Feature",
      "properties": {
        "grid_id": "TAP344",
        "site": "tapunopaka",
        "location_label": "Tapunopaka Greenfield Interior Prospect - Sulawesi Tenggara greenfield nickel laterite",
        "lithology": "mafic_volcanic_simulated",
        "slope_deg": 10.1,
        "distance_to_river_m": 1595,
        "distance_to_road_m": 1983,
        "distance_to_settlement_m": 3646,
        "legal_status": "allowed",
        "distance_to_smelter_km": 61.4,
        "area_ha": 0.31,
        "region_id": "NW",
        "fe_oxide_index": 1.695,
        "clay_index": 1.21,
        "ndvi_stress_index": 0.717,
        "tmi_structural_nT": 44656.2,
        "tmi_anomaly_nT": -343.8,
        "elevation_mdpl": 101.5,
        "geochem_assay_ratio": 4.28
      },
      "geometry": {
        "type": "Polygon",
        "coordinates": [
          [
            [
              122.125,
              -3.545
            ],
            [
              122.13,
              -3.545
            ],
            [
              122.13,
              -3.54
            ],
            [
              122.125,
              -3.54
            ],
            [
              122.125,
              -3.545
            ]
          ]
        ]
      }
    },
    {
      "type": "Feature",
      "properties": {
        "grid_id": "TAP345",
        "site": "tapunopaka",
        "location_label": "Tapunopaka Greenfield Interior Prospect - Sulawesi Tenggara greenfield nickel laterite",
        "lithology": "alluvium",
        "slope_deg": 10.8,
        "distance_to_river_m": 1854,
        "distance_to_road_m": 5115,
        "distance_to_settlement_m": 9139,
        "legal_status": "allowed",
        "distance_to_smelter_km": 58.7,
        "area_ha": 0.31,
        "region_id": "NW",
        "fe_oxide_index": 1.241,
        "clay_index": 1.137,
        "ndvi_stress_index": 0.691,
        "tmi_structural_nT": 45181.0,
        "tmi_anomaly_nT": 181.0,
        "elevation_mdpl": 126.9,
        "geochem_assay_ratio": 5.95
      },
      "geometry": {
        "type": "Polygon",
        "coordinates": [
          [
            [
              122.13,
              -3.545
            ],
            [
              122.135,
              -3.545
            ],
            [
              122.135,
              -3.54
            ],
            [
              122.13,
              -3.54
            ],
            [
              122.13,
              -3.545
            ]
          ]
        ]
      }
    },
    {
      "type": "Feature",
      "properties": {
        "grid_id": "TAP346",
        "site": "tapunopaka",
        "location_label": "Tapunopaka Greenfield Interior Prospect - Sulawesi Tenggara greenfield nickel laterite",
        "lithology": "ultramafic_simulated",
        "slope_deg": 11.5,
        "distance_to_river_m": 2544,
        "distance_to_road_m": 3824,
        "distance_to_settlement_m": 4395,
        "legal_status": "allowed",
        "distance_to_smelter_km": 56.3,
        "area_ha": 0.31,
        "region_id": "NW",
        "fe_oxide_index": 2.521,
        "clay_index": 2.102,
        "ndvi_stress_index": 0.186,
        "tmi_structural_nT": 45442.0,
        "tmi_anomaly_nT": 442.0,
        "elevation_mdpl": 154.7,
        "geochem_assay_ratio": 1.62
      },
      "geometry": {
        "type": "Polygon",
        "coordinates": [
          [
            [
              122.135,
              -3.545
            ],
            [
              122.14,
              -3.545
            ],
            [
              122.14,
              -3.54
            ],
            [
              122.135,
              -3.54
            ],
            [
              122.135,
              -3.545
            ]
          ]
        ]
      }
    },
    {
      "type": "Feature",
      "properties": {
        "grid_id": "TAP347",
        "site": "tapunopaka",
        "location_label": "Tapunopaka Greenfield Interior Prospect - Sulawesi Tenggara greenfield nickel laterite",
        "lithology": "mafic_volcanic_simulated",
        "slope_deg": 10.4,
        "distance_to_river_m": 1287,
        "distance_to_road_m": 1533,
        "distance_to_settlement_m": 4438,
        "legal_status": "allowed",
        "distance_to_smelter_km": 54.2,
        "area_ha": 0.31,
        "region_id": "NW",
        "fe_oxide_index": 1.139,
        "clay_index": 1.472,
        "ndvi_stress_index": 0.638,
        "tmi_structural_nT": 45340.9,
        "tmi_anomaly_nT": 340.9,
        "elevation_mdpl": 173.6,
        "geochem_assay_ratio": 4.24
      },
      "geometry": {
        "type": "Polygon",
        "coordinates": [
          [
            [
              122.14,
              -3.545
            ],
            [
              122.145,
              -3.545
            ],
            [
              122.145,
              -3.54
            ],
            [
              122.14,
              -3.54
            ],
            [
              122.14,
              -3.545
            ]
          ]
        ]
      }
    },
    {
      "type": "Feature",
      "properties": {
        "grid_id": "TAP348",
        "site": "tapunopaka",
        "location_label": "Tapunopaka Greenfield Interior Prospect - Sulawesi Tenggara greenfield nickel laterite",
        "lithology": "mafic_volcanic_simulated",
        "slope_deg": 3.3,
        "distance_to_river_m": 2294,
        "distance_to_road_m": 4103,
        "distance_to_settlement_m": 11371,
        "legal_status": "allowed",
        "distance_to_smelter_km": 52.6,
        "area_ha": 0.31,
        "region_id": "NW",
        "fe_oxide_index": 1.371,
        "clay_index": 1.273,
        "ndvi_stress_index": 0.602,
        "tmi_structural_nT": 45339.7,
        "tmi_anomaly_nT": 339.7,
        "elevation_mdpl": 95.2,
        "geochem_assay_ratio": 5.62
      },
      "geometry": {
        "type": "Polygon",
        "coordinates": [
          [
            [
              122.145,
              -3.545
            ],
            [
              122.15,
              -3.545
            ],
            [
              122.15,
              -3.54
            ],
            [
              122.145,
              -3.54
            ],
            [
              122.145,
              -3.545
            ]
          ]
        ]
      }
    },
    {
      "type": "Feature",
      "properties": {
        "grid_id": "TAP349",
        "site": "tapunopaka",
        "location_label": "Tapunopaka Greenfield Interior Prospect - Sulawesi Tenggara greenfield nickel laterite",
        "lithology": "mafic_volcanic_simulated",
        "slope_deg": 3.4,
        "distance_to_river_m": 1592,
        "distance_to_road_m": 5450,
        "distance_to_settlement_m": 11880,
        "legal_status": "allowed",
        "distance_to_smelter_km": 51.5,
        "area_ha": 0.31,
        "region_id": "NW",
        "fe_oxide_index": 1.464,
        "clay_index": 1.026,
        "ndvi_stress_index": 0.748,
        "tmi_structural_nT": 45204.0,
        "tmi_anomaly_nT": 204.0,
        "elevation_mdpl": 102.9,
        "geochem_assay_ratio": 4.52
      },
      "geometry": {
        "type": "Polygon",
        "coordinates": [
          [
            [
              122.15,
              -3.545
            ],
            [
              122.155,
              -3.545
            ],
            [
              122.155,
              -3.54
            ],
            [
              122.15,
              -3.54
            ],
            [
              122.15,
              -3.545
            ]
          ]
        ]
      }
    },
    {
      "type": "Feature",
      "properties": {
        "grid_id": "TAP350",
        "site": "tapunopaka",
        "location_label": "Tapunopaka Greenfield Interior Prospect - Sulawesi Tenggara greenfield nickel laterite",
        "lithology": "mafic_volcanic_simulated",
        "slope_deg": 4.5,
        "distance_to_river_m": 743,
        "distance_to_road_m": 2250,
        "distance_to_settlement_m": 9937,
        "legal_status": "allowed",
        "distance_to_smelter_km": 50.9,
        "area_ha": 0.31,
        "region_id": "NW",
        "fe_oxide_index": 1.315,
        "clay_index": 1.093,
        "ndvi_stress_index": 0.506,
        "tmi_structural_nT": 44919.1,
        "tmi_anomaly_nT": -80.9,
        "elevation_mdpl": 106.6,
        "geochem_assay_ratio": 4.41
      },
      "geometry": {
        "type": "Polygon",
        "coordinates": [
          [
            [
              122.155,
              -3.545
            ],
            [
              122.16,
              -3.545
            ],
            [
              122.16,
              -3.54
            ],
            [
              122.155,
              -3.54
            ],
            [
              122.155,
              -3.545
            ]
          ]
        ]
      }
    },
    {
      "type": "Feature",
      "properties": {
        "grid_id": "TAP351",
        "site": "tapunopaka",
        "location_label": "Tapunopaka Greenfield Interior Prospect - Sulawesi Tenggara greenfield nickel laterite",
        "lithology": "serpentinite_simulated",
        "slope_deg": 8.5,
        "distance_to_river_m": 1207,
        "distance_to_road_m": 5377,
        "distance_to_settlement_m": 8306,
        "legal_status": "allowed",
        "distance_to_smelter_km": 50.9,
        "area_ha": 0.31,
        "region_id": "NE",
        "fe_oxide_index": 1.887,
        "clay_index": 1.827,
        "ndvi_stress_index": 0.328,
        "tmi_structural_nT": 45562.0,
        "tmi_anomaly_nT": 562.0,
        "elevation_mdpl": 169.6,
        "geochem_assay_ratio": 2.49
      },
      "geometry": {
        "type": "Polygon",
        "coordinates": [
          [
            [
              122.16,
              -3.545
            ],
            [
              122.165,
              -3.545
            ],
            [
              122.165,
              -3.54
            ],
            [
              122.16,
              -3.54
            ],
            [
              122.16,
              -3.545
            ]
          ]
        ]
      }
    },
    {
      "type": "Feature",
      "properties": {
        "grid_id": "TAP352",
        "site": "tapunopaka",
        "location_label": "Tapunopaka Greenfield Interior Prospect - Sulawesi Tenggara greenfield nickel laterite",
        "lithology": "alluvium",
        "slope_deg": 8.4,
        "distance_to_river_m": 2053,
        "distance_to_road_m": 1604,
        "distance_to_settlement_m": 9208,
        "legal_status": "allowed",
        "distance_to_smelter_km": 51.5,
        "area_ha": 0.31,
        "region_id": "NE",
        "fe_oxide_index": 1.433,
        "clay_index": 1.485,
        "ndvi_stress_index": 0.513,
        "tmi_structural_nT": 45274.7,
        "tmi_anomaly_nT": 274.7,
        "elevation_mdpl": 84.2,
        "geochem_assay_ratio": 3.79
      },
      "geometry": {
        "type": "Polygon",
        "coordinates": [
          [
            [
              122.165,
              -3.545
            ],
            [
              122.17,
              -3.545
            ],
            [
              122.17,
              -3.54
            ],
            [
              122.165,
              -3.54
            ],
            [
              122.165,
              -3.545
            ]
          ]
        ]
      }
    },
    {
      "type": "Feature",
      "properties": {
        "grid_id": "TAP353",
        "site": "tapunopaka",
        "location_label": "Tapunopaka Greenfield Interior Prospect - Sulawesi Tenggara greenfield nickel laterite",
        "lithology": "alluvium",
        "slope_deg": 11.7,
        "distance_to_river_m": 742,
        "distance_to_road_m": 2782,
        "distance_to_settlement_m": 9131,
        "legal_status": "allowed",
        "distance_to_smelter_km": 52.6,
        "area_ha": 0.31,
        "region_id": "NE",
        "fe_oxide_index": 1.699,
        "clay_index": 1.43,
        "ndvi_stress_index": 0.674,
        "tmi_structural_nT": 45340.9,
        "tmi_anomaly_nT": 340.9,
        "elevation_mdpl": 137.8,
        "geochem_assay_ratio": 5.88
      },
      "geometry": {
        "type": "Polygon",
        "coordinates": [
          [
            [
              122.17,
              -3.545
            ],
            [
              122.175,
              -3.545
            ],
            [
              122.175,
              -3.54
            ],
            [
              122.17,
              -3.54
            ],
            [
              122.17,
              -3.545
            ]
          ]
        ]
      }
    },
    {
      "type": "Feature",
      "properties": {
        "grid_id": "TAP354",
        "site": "tapunopaka",
        "location_label": "Tapunopaka Greenfield Interior Prospect - Sulawesi Tenggara greenfield nickel laterite",
        "lithology": "mafic_volcanic_simulated",
        "slope_deg": 5.8,
        "distance_to_river_m": 1655,
        "distance_to_road_m": 5230,
        "distance_to_settlement_m": 3781,
        "legal_status": "allowed",
        "distance_to_smelter_km": 54.2,
        "area_ha": 0.31,
        "region_id": "NE",
        "fe_oxide_index": 1.681,
        "clay_index": 1.23,
        "ndvi_stress_index": 0.6,
        "tmi_structural_nT": 45279.5,
        "tmi_anomaly_nT": 279.5,
        "elevation_mdpl": 141.9,
        "geochem_assay_ratio": 3.56
      },
      "geometry": {
        "type": "Polygon",
        "coordinates": [
          [
            [
              122.175,
              -3.545
            ],
            [
              122.18,
              -3.545
            ],
            [
              122.18,
              -3.54
            ],
            [
              122.175,
              -3.54
            ],
            [
              122.175,
              -3.545
            ]
          ]
        ]
      }
    },
    {
      "type": "Feature",
      "properties": {
        "grid_id": "TAP355",
        "site": "tapunopaka",
        "location_label": "Tapunopaka Greenfield Interior Prospect - Sulawesi Tenggara greenfield nickel laterite",
        "lithology": "mafic_volcanic_simulated",
        "slope_deg": 7.1,
        "distance_to_river_m": 2451,
        "distance_to_road_m": 3654,
        "distance_to_settlement_m": 6757,
        "legal_status": "allowed",
        "distance_to_smelter_km": 56.3,
        "area_ha": 0.31,
        "region_id": "NE",
        "fe_oxide_index": 1.573,
        "clay_index": 1.278,
        "ndvi_stress_index": 0.538,
        "tmi_structural_nT": 44796.2,
        "tmi_anomaly_nT": -203.8,
        "elevation_mdpl": 125.1,
        "geochem_assay_ratio": 4.31
      },
      "geometry": {
        "type": "Polygon",
        "coordinates": [
          [
            [
              122.18,
              -3.545
            ],
            [
              122.185,
              -3.545
            ],
            [
              122.185,
              -3.54
            ],
            [
              122.18,
              -3.54
            ],
            [
              122.18,
              -3.545
            ]
          ]
        ]
      }
    },
    {
      "type": "Feature",
      "properties": {
        "grid_id": "TAP356",
        "site": "tapunopaka",
        "location_label": "Tapunopaka Greenfield Interior Prospect - Sulawesi Tenggara greenfield nickel laterite",
        "lithology": "mafic_volcanic_simulated",
        "slope_deg": 5.2,
        "distance_to_river_m": 1331,
        "distance_to_road_m": 1839,
        "distance_to_settlement_m": 10840,
        "legal_status": "allowed",
        "distance_to_smelter_km": 58.7,
        "area_ha": 0.31,
        "region_id": "NE",
        "fe_oxide_index": 1.682,
        "clay_index": 1.086,
        "ndvi_stress_index": 0.624,
        "tmi_structural_nT": 44875.0,
        "tmi_anomaly_nT": -125.0,
        "elevation_mdpl": 124.5,
        "geochem_assay_ratio": 5.39
      },
      "geometry": {
        "type": "Polygon",
        "coordinates": [
          [
            [
              122.185,
              -3.545
            ],
            [
              122.19,
              -3.545
            ],
            [
              122.19,
              -3.54
            ],
            [
              122.185,
              -3.54
            ],
            [
              122.185,
              -3.545
            ]
          ]
        ]
      }
    },
    {
      "type": "Feature",
      "properties": {
        "grid_id": "TAP357",
        "site": "tapunopaka",
        "location_label": "Tapunopaka Greenfield Interior Prospect - Sulawesi Tenggara greenfield nickel laterite",
        "lithology": "mafic_volcanic_simulated",
        "slope_deg": 9.4,
        "distance_to_river_m": 1235,
        "distance_to_road_m": 1689,
        "distance_to_settlement_m": 7296,
        "legal_status": "allowed",
        "distance_to_smelter_km": 61.4,
        "area_ha": 0.31,
        "region_id": "NE",
        "fe_oxide_index": 1.144,
        "clay_index": 1.272,
        "ndvi_stress_index": 0.52,
        "tmi_structural_nT": 44900.9,
        "tmi_anomaly_nT": -99.1,
        "elevation_mdpl": 174.7,
        "geochem_assay_ratio": 4.59
      },
      "geometry": {
        "type": "Polygon",
        "coordinates": [
          [
            [
              122.19,
              -3.545
            ],
            [
              122.195,
              -3.545
            ],
            [
              122.195,
              -3.54
            ],
            [
              122.19,
              -3.54
            ],
            [
              122.19,
              -3.545
            ]
          ]
        ]
      }
    },
    {
      "type": "Feature",
      "properties": {
        "grid_id": "TAP358",
        "site": "tapunopaka",
        "location_label": "Tapunopaka Greenfield Interior Prospect - Sulawesi Tenggara greenfield nickel laterite",
        "lithology": "peridotite_simulated",
        "slope_deg": 3.7,
        "distance_to_river_m": 455,
        "distance_to_road_m": 4916,
        "distance_to_settlement_m": 3560,
        "legal_status": "allowed",
        "distance_to_smelter_km": 64.4,
        "area_ha": 0.31,
        "region_id": "NE",
        "fe_oxide_index": 2.58,
        "clay_index": 1.916,
        "ndvi_stress_index": 0.413,
        "tmi_structural_nT": 45415.8,
        "tmi_anomaly_nT": 415.8,
        "elevation_mdpl": 176.2,
        "geochem_assay_ratio": 2.79
      },
      "geometry": {
        "type": "Polygon",
        "coordinates": [
          [
            [
              122.195,
              -3.545
            ],
            [
              122.2,
              -3.545
            ],
            [
              122.2,
              -3.54
            ],
            [
              122.195,
              -3.54
            ],
            [
              122.195,
              -3.545
            ]
          ]
        ]
      }
    },
    {
      "type": "Feature",
      "properties": {
        "grid_id": "TAP359",
        "site": "tapunopaka",
        "location_label": "Tapunopaka Greenfield Interior Prospect - Sulawesi Tenggara greenfield nickel laterite",
        "lithology": "mafic_volcanic_simulated",
        "slope_deg": 7.0,
        "distance_to_river_m": 1374,
        "distance_to_road_m": 3549,
        "distance_to_settlement_m": 5689,
        "legal_status": "allowed",
        "distance_to_smelter_km": 67.6,
        "area_ha": 0.31,
        "region_id": "NE",
        "fe_oxide_index": 1.553,
        "clay_index": 1.347,
        "ndvi_stress_index": 0.58,
        "tmi_structural_nT": 45201.0,
        "tmi_anomaly_nT": 201.0,
        "elevation_mdpl": 125.6,
        "geochem_assay_ratio": 3.84
      },
      "geometry": {
        "type": "Polygon",
        "coordinates": [
          [
            [
              122.2,
              -3.545
            ],
            [
              122.205,
              -3.545
            ],
            [
              122.205,
              -3.54
            ],
            [
              122.2,
              -3.54
            ],
            [
              122.2,
              -3.545
            ]
          ]
        ]
      }
    },
    {
      "type": "Feature",
      "properties": {
        "grid_id": "TAP360",
        "site": "tapunopaka",
        "location_label": "Tapunopaka Greenfield Interior Prospect - Sulawesi Tenggara greenfield nickel laterite",
        "lithology": "mafic_volcanic_simulated",
        "slope_deg": 8.1,
        "distance_to_river_m": 591,
        "distance_to_road_m": 3399,
        "distance_to_settlement_m": 10310,
        "legal_status": "allowed",
        "distance_to_smelter_km": 71.0,
        "area_ha": 0.31,
        "region_id": "NE",
        "fe_oxide_index": 1.583,
        "clay_index": 1.016,
        "ndvi_stress_index": 0.754,
        "tmi_structural_nT": 45205.5,
        "tmi_anomaly_nT": 205.5,
        "elevation_mdpl": 98.9,
        "geochem_assay_ratio": 5.03
      },
      "geometry": {
        "type": "Polygon",
        "coordinates": [
          [
            [
              122.205,
              -3.545
            ],
            [
              122.21,
              -3.545
            ],
            [
              122.21,
              -3.54
            ],
            [
              122.205,
              -3.54
            ],
            [
              122.205,
              -3.545
            ]
          ]
        ]
      }
    },
    {
      "type": "Feature",
      "properties": {
        "grid_id": "TAP361",
        "site": "tapunopaka",
        "location_label": "Tapunopaka Greenfield Interior Prospect - Sulawesi Tenggara greenfield nickel laterite",
        "lithology": "mafic_volcanic_simulated",
        "slope_deg": 11.1,
        "distance_to_river_m": 2371,
        "distance_to_road_m": 2462,
        "distance_to_settlement_m": 10245,
        "legal_status": "allowed",
        "distance_to_smelter_km": 73.8,
        "area_ha": 0.31,
        "region_id": "NW",
        "fe_oxide_index": 1.538,
        "clay_index": 1.094,
        "ndvi_stress_index": 0.563,
        "tmi_structural_nT": 45078.1,
        "tmi_anomaly_nT": 78.1,
        "elevation_mdpl": 165.0,
        "geochem_assay_ratio": 5.15
      },
      "geometry": {
        "type": "Polygon",
        "coordinates": [
          [
            [
              122.11,
              -3.54
            ],
            [
              122.115,
              -3.54
            ],
            [
              122.115,
              -3.535
            ],
            [
              122.11,
              -3.535
            ],
            [
              122.11,
              -3.54
            ]
          ]
        ]
      }
    },
    {
      "type": "Feature",
      "properties": {
        "grid_id": "TAP362",
        "site": "tapunopaka",
        "location_label": "Tapunopaka Greenfield Interior Prospect - Sulawesi Tenggara greenfield nickel laterite",
        "lithology": "peridotite_simulated",
        "slope_deg": 4.4,
        "distance_to_river_m": 2736,
        "distance_to_road_m": 3707,
        "distance_to_settlement_m": 7637,
        "legal_status": "allowed",
        "distance_to_smelter_km": 70.6,
        "area_ha": 0.31,
        "region_id": "NW",
        "fe_oxide_index": 1.848,
        "clay_index": 1.79,
        "ndvi_stress_index": 0.302,
        "tmi_structural_nT": 45931.4,
        "tmi_anomaly_nT": 931.4,
        "elevation_mdpl": 177.1,
        "geochem_assay_ratio": 2.74
      },
      "geometry": {
        "type": "Polygon",
        "coordinates": [
          [
            [
              122.115,
              -3.54
            ],
            [
              122.12,
              -3.54
            ],
            [
              122.12,
              -3.535
            ],
            [
              122.115,
              -3.535
            ],
            [
              122.115,
              -3.54
            ]
          ]
        ]
      }
    },
    {
      "type": "Feature",
      "properties": {
        "grid_id": "TAP363",
        "site": "tapunopaka",
        "location_label": "Tapunopaka Greenfield Interior Prospect - Sulawesi Tenggara greenfield nickel laterite",
        "lithology": "alluvium",
        "slope_deg": 6.3,
        "distance_to_river_m": 1929,
        "distance_to_road_m": 5418,
        "distance_to_settlement_m": 7489,
        "legal_status": "allowed",
        "distance_to_smelter_km": 67.6,
        "area_ha": 0.31,
        "region_id": "NW",
        "fe_oxide_index": 1.129,
        "clay_index": 1.22,
        "ndvi_stress_index": 0.619,
        "tmi_structural_nT": 44819.3,
        "tmi_anomaly_nT": -180.7,
        "elevation_mdpl": 143.3,
        "geochem_assay_ratio": 4.14
      },
      "geometry": {
        "type": "Polygon",
        "coordinates": [
          [
            [
              122.12,
              -3.54
            ],
            [
              122.125,
              -3.54
            ],
            [
              122.125,
              -3.535
            ],
            [
              122.12,
              -3.535
            ],
            [
              122.12,
              -3.54
            ]
          ]
        ]
      }
    },
    {
      "type": "Feature",
      "properties": {
        "grid_id": "TAP364",
        "site": "tapunopaka",
        "location_label": "Tapunopaka Greenfield Interior Prospect - Sulawesi Tenggara greenfield nickel laterite",
        "lithology": "ultramafic_simulated",
        "slope_deg": 5.1,
        "distance_to_river_m": 535,
        "distance_to_road_m": 5288,
        "distance_to_settlement_m": 8270,
        "legal_status": "allowed",
        "distance_to_smelter_km": 64.8,
        "area_ha": 0.31,
        "region_id": "NW",
        "fe_oxide_index": 2.483,
        "clay_index": 2.399,
        "ndvi_stress_index": 0.244,
        "tmi_structural_nT": 45187.2,
        "tmi_anomaly_nT": 187.2,
        "elevation_mdpl": 135.8,
        "geochem_assay_ratio": 1.9
      },
      "geometry": {
        "type": "Polygon",
        "coordinates": [
          [
            [
              122.125,
              -3.54
            ],
            [
              122.13,
              -3.54
            ],
            [
              122.13,
              -3.535
            ],
            [
              122.125,
              -3.535
            ],
            [
              122.125,
              -3.54
            ]
          ]
        ]
      }
    },
    {
      "type": "Feature",
      "properties": {
        "grid_id": "TAP365",
        "site": "tapunopaka",
        "location_label": "Tapunopaka Greenfield Interior Prospect - Sulawesi Tenggara greenfield nickel laterite",
        "lithology": "mafic_volcanic_simulated",
        "slope_deg": 2.3,
        "distance_to_river_m": 1379,
        "distance_to_road_m": 2525,
        "distance_to_settlement_m": 3943,
        "legal_status": "allowed",
        "distance_to_smelter_km": 62.3,
        "area_ha": 0.31,
        "region_id": "NW",
        "fe_oxide_index": 1.353,
        "clay_index": 1.246,
        "ndvi_stress_index": 0.691,
        "tmi_structural_nT": 44866.4,
        "tmi_anomaly_nT": -133.6,
        "elevation_mdpl": 118.4,
        "geochem_assay_ratio": 4.41
      },
      "geometry": {
        "type": "Polygon",
        "coordinates": [
          [
            [
              122.13,
              -3.54
            ],
            [
              122.135,
              -3.54
            ],
            [
              122.135,
              -3.535
            ],
            [
              122.13,
              -3.535
            ],
            [
              122.13,
              -3.54
            ]
          ]
        ]
      }
    },
    {
      "type": "Feature",
      "properties": {
        "grid_id": "TAP366",
        "site": "tapunopaka",
        "location_label": "Tapunopaka Greenfield Interior Prospect - Sulawesi Tenggara greenfield nickel laterite",
        "lithology": "alluvium",
        "slope_deg": 5.7,
        "distance_to_river_m": 1863,
        "distance_to_road_m": 2621,
        "distance_to_settlement_m": 7747,
        "legal_status": "allowed",
        "distance_to_smelter_km": 60.1,
        "area_ha": 0.31,
        "region_id": "NW",
        "fe_oxide_index": 1.375,
        "clay_index": 1.016,
        "ndvi_stress_index": 0.765,
        "tmi_structural_nT": 44953.7,
        "tmi_anomaly_nT": -46.3,
        "elevation_mdpl": 89.1,
        "geochem_assay_ratio": 5.14
      },
      "geometry": {
        "type": "Polygon",
        "coordinates": [
          [
            [
              122.135,
              -3.54
            ],
            [
              122.14,
              -3.54
            ],
            [
              122.14,
              -3.535
            ],
            [
              122.135,
              -3.535
            ],
            [
              122.135,
              -3.54
            ]
          ]
        ]
      }
    },
    {
      "type": "Feature",
      "properties": {
        "grid_id": "TAP367",
        "site": "tapunopaka",
        "location_label": "Tapunopaka Greenfield Interior Prospect - Sulawesi Tenggara greenfield nickel laterite",
        "lithology": "peridotite_simulated",
        "slope_deg": 5.8,
        "distance_to_river_m": 703,
        "distance_to_road_m": 3371,
        "distance_to_settlement_m": 9126,
        "legal_status": "allowed",
        "distance_to_smelter_km": 58.2,
        "area_ha": 0.31,
        "region_id": "NW",
        "fe_oxide_index": 2.505,
        "clay_index": 2.26,
        "ndvi_stress_index": 0.369,
        "tmi_structural_nT": 45963.9,
        "tmi_anomaly_nT": 963.9,
        "elevation_mdpl": 90.5,
        "geochem_assay_ratio": 2.74
      },
      "geometry": {
        "type": "Polygon",
        "coordinates": [
          [
            [
              122.14,
              -3.54
            ],
            [
              122.145,
              -3.54
            ],
            [
              122.145,
              -3.535
            ],
            [
              122.14,
              -3.535
            ],
            [
              122.14,
              -3.54
            ]
          ]
        ]
      }
    },
    {
      "type": "Feature",
      "properties": {
        "grid_id": "TAP368",
        "site": "tapunopaka",
        "location_label": "Tapunopaka Greenfield Interior Prospect - Sulawesi Tenggara greenfield nickel laterite",
        "lithology": "alluvium",
        "slope_deg": 5.0,
        "distance_to_river_m": 2478,
        "distance_to_road_m": 5271,
        "distance_to_settlement_m": 10867,
        "legal_status": "allowed",
        "distance_to_smelter_km": 56.8,
        "area_ha": 0.31,
        "region_id": "NW",
        "fe_oxide_index": 1.365,
        "clay_index": 1.322,
        "ndvi_stress_index": 0.753,
        "tmi_structural_nT": 44609.3,
        "tmi_anomaly_nT": -390.7,
        "elevation_mdpl": 146.6,
        "geochem_assay_ratio": 4.27
      },
      "geometry": {
        "type": "Polygon",
        "coordinates": [
          [
            [
              122.145,
              -3.54
            ],
            [
              122.15,
              -3.54
            ],
            [
              122.15,
              -3.535
            ],
            [
              122.145,
              -3.535
            ],
            [
              122.145,
              -3.54
            ]
          ]
        ]
      }
    },
    {
      "type": "Feature",
      "properties": {
        "grid_id": "TAP369",
        "site": "tapunopaka",
        "location_label": "Tapunopaka Greenfield Interior Prospect - Sulawesi Tenggara greenfield nickel laterite",
        "lithology": "mafic_volcanic_simulated",
        "slope_deg": 11.2,
        "distance_to_river_m": 908,
        "distance_to_road_m": 5186,
        "distance_to_settlement_m": 6349,
        "legal_status": "allowed",
        "distance_to_smelter_km": 55.8,
        "area_ha": 0.31,
        "region_id": "NW",
        "fe_oxide_index": 1.503,
        "clay_index": 1.346,
        "ndvi_stress_index": 0.602,
        "tmi_structural_nT": 44830.3,
        "tmi_anomaly_nT": -169.7,
        "elevation_mdpl": 166.9,
        "geochem_assay_ratio": 4.02
      },
      "geometry": {
        "type": "Polygon",
        "coordinates": [
          [
            [
              122.15,
              -3.54
            ],
            [
              122.155,
              -3.54
            ],
            [
              122.155,
              -3.535
            ],
            [
              122.15,
              -3.535
            ],
            [
              122.15,
              -3.54
            ]
          ]
        ]
      }
    },
    {
      "type": "Feature",
      "properties": {
        "grid_id": "TAP370",
        "site": "tapunopaka",
        "location_label": "Tapunopaka Greenfield Interior Prospect - Sulawesi Tenggara greenfield nickel laterite",
        "lithology": "mafic_volcanic_simulated",
        "slope_deg": 11.6,
        "distance_to_river_m": 489,
        "distance_to_road_m": 2678,
        "distance_to_settlement_m": 6063,
        "legal_status": "allowed",
        "distance_to_smelter_km": 55.3,
        "area_ha": 0.31,
        "region_id": "NW",
        "fe_oxide_index": 1.245,
        "clay_index": 1.1,
        "ndvi_stress_index": 0.639,
        "tmi_structural_nT": 44593.0,
        "tmi_anomaly_nT": -407.0,
        "elevation_mdpl": 112.4,
        "geochem_assay_ratio": 3.9
      },
      "geometry": {
        "type": "Polygon",
        "coordinates": [
          [
            [
              122.155,
              -3.54
            ],
            [
              122.16,
              -3.54
            ],
            [
              122.16,
              -3.535
            ],
            [
              122.155,
              -3.535
            ],
            [
              122.155,
              -3.54
            ]
          ]
        ]
      }
    },
    {
      "type": "Feature",
      "properties": {
        "grid_id": "TAP371",
        "site": "tapunopaka",
        "location_label": "Tapunopaka Greenfield Interior Prospect - Sulawesi Tenggara greenfield nickel laterite",
        "lithology": "mafic_volcanic_simulated",
        "slope_deg": 11.3,
        "distance_to_river_m": 373,
        "distance_to_road_m": 1437,
        "distance_to_settlement_m": 7393,
        "legal_status": "allowed",
        "distance_to_smelter_km": 55.3,
        "area_ha": 0.31,
        "region_id": "NE",
        "fe_oxide_index": 1.659,
        "clay_index": 1.014,
        "ndvi_stress_index": 0.671,
        "tmi_structural_nT": 44704.6,
        "tmi_anomaly_nT": -295.4,
        "elevation_mdpl": 101.8,
        "geochem_assay_ratio": 3.53
      },
      "geometry": {
        "type": "Polygon",
        "coordinates": [
          [
            [
              122.16,
              -3.54
            ],
            [
              122.165,
              -3.54
            ],
            [
              122.165,
              -3.535
            ],
            [
              122.16,
              -3.535
            ],
            [
              122.16,
              -3.54
            ]
          ]
        ]
      }
    },
    {
      "type": "Feature",
      "properties": {
        "grid_id": "TAP372",
        "site": "tapunopaka",
        "location_label": "Tapunopaka Greenfield Interior Prospect - Sulawesi Tenggara greenfield nickel laterite",
        "lithology": "ultramafic_simulated",
        "slope_deg": 9.9,
        "distance_to_river_m": 1658,
        "distance_to_road_m": 4876,
        "distance_to_settlement_m": 4692,
        "legal_status": "allowed",
        "distance_to_smelter_km": 55.8,
        "area_ha": 0.31,
        "region_id": "NE",
        "fe_oxide_index": 2.584,
        "clay_index": 2.432,
        "ndvi_stress_index": 0.241,
        "tmi_structural_nT": 45189.9,
        "tmi_anomaly_nT": 189.9,
        "elevation_mdpl": 168.7,
        "geochem_assay_ratio": 2.92
      },
      "geometry": {
        "type": "Polygon",
        "coordinates": [
          [
            [
              122.165,
              -3.54
            ],
            [
              122.17,
              -3.54
            ],
            [
              122.17,
              -3.535
            ],
            [
              122.165,
              -3.535
            ],
            [
              122.165,
              -3.54
            ]
          ]
        ]
      }
    },
    {
      "type": "Feature",
      "properties": {
        "grid_id": "TAP373",
        "site": "tapunopaka",
        "location_label": "Tapunopaka Greenfield Interior Prospect - Sulawesi Tenggara greenfield nickel laterite",
        "lithology": "alluvium",
        "slope_deg": 5.1,
        "distance_to_river_m": 1269,
        "distance_to_road_m": 3321,
        "distance_to_settlement_m": 8979,
        "legal_status": "allowed",
        "distance_to_smelter_km": 56.8,
        "area_ha": 0.31,
        "region_id": "NE",
        "fe_oxide_index": 1.159,
        "clay_index": 1.286,
        "ndvi_stress_index": 0.7,
        "tmi_structural_nT": 45087.9,
        "tmi_anomaly_nT": 87.9,
        "elevation_mdpl": 128.5,
        "geochem_assay_ratio": 5.98
      },
      "geometry": {
        "type": "Polygon",
        "coordinates": [
          [
            [
              122.17,
              -3.54
            ],
            [
              122.175,
              -3.54
            ],
            [
              122.175,
              -3.535
            ],
            [
              122.17,
              -3.535
            ],
            [
              122.17,
              -3.54
            ]
          ]
        ]
      }
    },
    {
      "type": "Feature",
      "properties": {
        "grid_id": "TAP374",
        "site": "tapunopaka",
        "location_label": "Tapunopaka Greenfield Interior Prospect - Sulawesi Tenggara greenfield nickel laterite",
        "lithology": "mafic_volcanic_simulated",
        "slope_deg": 9.2,
        "distance_to_river_m": 1208,
        "distance_to_road_m": 3099,
        "distance_to_settlement_m": 9009,
        "legal_status": "allowed",
        "distance_to_smelter_km": 58.2,
        "area_ha": 0.31,
        "region_id": "NE",
        "fe_oxide_index": 1.457,
        "clay_index": 1.445,
        "ndvi_stress_index": 0.531,
        "tmi_structural_nT": 45110.0,
        "tmi_anomaly_nT": 110.0,
        "elevation_mdpl": 125.8,
        "geochem_assay_ratio": 3.98
      },
      "geometry": {
        "type": "Polygon",
        "coordinates": [
          [
            [
              122.175,
              -3.54
            ],
            [
              122.18,
              -3.54
            ],
            [
              122.18,
              -3.535
            ],
            [
              122.175,
              -3.535
            ],
            [
              122.175,
              -3.54
            ]
          ]
        ]
      }
    },
    {
      "type": "Feature",
      "properties": {
        "grid_id": "TAP375",
        "site": "tapunopaka",
        "location_label": "Tapunopaka Greenfield Interior Prospect - Sulawesi Tenggara greenfield nickel laterite",
        "lithology": "alluvium",
        "slope_deg": 7.3,
        "distance_to_river_m": 944,
        "distance_to_road_m": 3815,
        "distance_to_settlement_m": 8808,
        "legal_status": "allowed",
        "distance_to_smelter_km": 60.1,
        "area_ha": 0.31,
        "region_id": "NE",
        "fe_oxide_index": 1.118,
        "clay_index": 1.427,
        "ndvi_stress_index": 0.526,
        "tmi_structural_nT": 44920.0,
        "tmi_anomaly_nT": -80.0,
        "elevation_mdpl": 157.2,
        "geochem_assay_ratio": 3.83
      },
      "geometry": {
        "type": "Polygon",
        "coordinates": [
          [
            [
              122.18,
              -3.54
            ],
            [
              122.185,
              -3.54
            ],
            [
              122.185,
              -3.535
            ],
            [
              122.18,
              -3.535
            ],
            [
              122.18,
              -3.54
            ]
          ]
        ]
      }
    },
    {
      "type": "Feature",
      "properties": {
        "grid_id": "TAP376",
        "site": "tapunopaka",
        "location_label": "Tapunopaka Greenfield Interior Prospect - Sulawesi Tenggara greenfield nickel laterite",
        "lithology": "mafic_volcanic_simulated",
        "slope_deg": 8.5,
        "distance_to_river_m": 2772,
        "distance_to_road_m": 4473,
        "distance_to_settlement_m": 7310,
        "legal_status": "allowed",
        "distance_to_smelter_km": 62.3,
        "area_ha": 0.31,
        "region_id": "NE",
        "fe_oxide_index": 1.143,
        "clay_index": 1.435,
        "ndvi_stress_index": 0.635,
        "tmi_structural_nT": 45257.5,
        "tmi_anomaly_nT": 257.5,
        "elevation_mdpl": 165.9,
        "geochem_assay_ratio": 5.38
      },
      "geometry": {
        "type": "Polygon",
        "coordinates": [
          [
            [
              122.185,
              -3.54
            ],
            [
              122.19,
              -3.54
            ],
            [
              122.19,
              -3.535
            ],
            [
              122.185,
              -3.535
            ],
            [
              122.185,
              -3.54
            ]
          ]
        ]
      }
    },
    {
      "type": "Feature",
      "properties": {
        "grid_id": "TAP377",
        "site": "tapunopaka",
        "location_label": "Tapunopaka Greenfield Interior Prospect - Sulawesi Tenggara greenfield nickel laterite",
        "lithology": "alluvium",
        "slope_deg": 8.2,
        "distance_to_river_m": 2299,
        "distance_to_road_m": 1543,
        "distance_to_settlement_m": 7167,
        "legal_status": "allowed",
        "distance_to_smelter_km": 64.8,
        "area_ha": 0.31,
        "region_id": "NE",
        "fe_oxide_index": 1.377,
        "clay_index": 1.194,
        "ndvi_stress_index": 0.651,
        "tmi_structural_nT": 45242.6,
        "tmi_anomaly_nT": 242.6,
        "elevation_mdpl": 114.0,
        "geochem_assay_ratio": 5.17
      },
      "geometry": {
        "type": "Polygon",
        "coordinates": [
          [
            [
              122.19,
              -3.54
            ],
            [
              122.195,
              -3.54
            ],
            [
              122.195,
              -3.535
            ],
            [
              122.19,
              -3.535
            ],
            [
              122.19,
              -3.54
            ]
          ]
        ]
      }
    },
    {
      "type": "Feature",
      "properties": {
        "grid_id": "TAP378",
        "site": "tapunopaka",
        "location_label": "Tapunopaka Greenfield Interior Prospect - Sulawesi Tenggara greenfield nickel laterite",
        "lithology": "mafic_volcanic_simulated",
        "slope_deg": 10.6,
        "distance_to_river_m": 1587,
        "distance_to_road_m": 4083,
        "distance_to_settlement_m": 7534,
        "legal_status": "allowed",
        "distance_to_smelter_km": 67.6,
        "area_ha": 0.31,
        "region_id": "NE",
        "fe_oxide_index": 1.667,
        "clay_index": 1.289,
        "ndvi_stress_index": 0.683,
        "tmi_structural_nT": 45271.0,
        "tmi_anomaly_nT": 271.0,
        "elevation_mdpl": 102.8,
        "geochem_assay_ratio": 4.91
      },
      "geometry": {
        "type": "Polygon",
        "coordinates": [
          [
            [
              122.195,
              -3.54
            ],
            [
              122.2,
              -3.54
            ],
            [
              122.2,
              -3.535
            ],
            [
              122.195,
              -3.535
            ],
            [
              122.195,
              -3.54
            ]
          ]
        ]
      }
    },
    {
      "type": "Feature",
      "properties": {
        "grid_id": "TAP379",
        "site": "tapunopaka",
        "location_label": "Tapunopaka Greenfield Interior Prospect - Sulawesi Tenggara greenfield nickel laterite",
        "lithology": "alluvium",
        "slope_deg": 8.7,
        "distance_to_river_m": 779,
        "distance_to_road_m": 3302,
        "distance_to_settlement_m": 9439,
        "legal_status": "allowed",
        "distance_to_smelter_km": 70.6,
        "area_ha": 0.31,
        "region_id": "NE",
        "fe_oxide_index": 1.625,
        "clay_index": 1.368,
        "ndvi_stress_index": 0.502,
        "tmi_structural_nT": 44919.1,
        "tmi_anomaly_nT": -80.9,
        "elevation_mdpl": 129.3,
        "geochem_assay_ratio": 5.6
      },
      "geometry": {
        "type": "Polygon",
        "coordinates": [
          [
            [
              122.2,
              -3.54
            ],
            [
              122.205,
              -3.54
            ],
            [
              122.205,
              -3.535
            ],
            [
              122.2,
              -3.535
            ],
            [
              122.2,
              -3.54
            ]
          ]
        ]
      }
    },
    {
      "type": "Feature",
      "properties": {
        "grid_id": "TAP380",
        "site": "tapunopaka",
        "location_label": "Tapunopaka Greenfield Interior Prospect - Sulawesi Tenggara greenfield nickel laterite",
        "lithology": "mafic_volcanic_simulated",
        "slope_deg": 3.8,
        "distance_to_river_m": 574,
        "distance_to_road_m": 4503,
        "distance_to_settlement_m": 4426,
        "legal_status": "allowed",
        "distance_to_smelter_km": 73.8,
        "area_ha": 0.31,
        "region_id": "NE",
        "fe_oxide_index": 1.144,
        "clay_index": 1.229,
        "ndvi_stress_index": 0.507,
        "tmi_structural_nT": 44807.6,
        "tmi_anomaly_nT": -192.4,
        "elevation_mdpl": 153.9,
        "geochem_assay_ratio": 5.0
      },
      "geometry": {
        "type": "Polygon",
        "coordinates": [
          [
            [
              122.205,
              -3.54
            ],
            [
              122.21,
              -3.54
            ],
            [
              122.21,
              -3.535
            ],
            [
              122.205,
              -3.535
            ],
            [
              122.205,
              -3.54
            ]
          ]
        ]
      }
    },
    {
      "type": "Feature",
      "properties": {
        "grid_id": "TAP381",
        "site": "tapunopaka",
        "location_label": "Tapunopaka Greenfield Interior Prospect - Sulawesi Tenggara greenfield nickel laterite",
        "lithology": "alluvium",
        "slope_deg": 5.2,
        "distance_to_river_m": 2166,
        "distance_to_road_m": 1588,
        "distance_to_settlement_m": 7354,
        "legal_status": "allowed",
        "distance_to_smelter_km": 76.8,
        "area_ha": 0.31,
        "region_id": "NW",
        "fe_oxide_index": 1.274,
        "clay_index": 1.302,
        "ndvi_stress_index": 0.713,
        "tmi_structural_nT": 44989.5,
        "tmi_anomaly_nT": -10.5,
        "elevation_mdpl": 124.9,
        "geochem_assay_ratio": 5.76
      },
      "geometry": {
        "type": "Polygon",
        "coordinates": [
          [
            [
              122.11,
              -3.535
            ],
            [
              122.115,
              -3.535
            ],
            [
              122.115,
              -3.53
            ],
            [
              122.11,
              -3.53
            ],
            [
              122.11,
              -3.535
            ]
          ]
        ]
      }
    },
    {
      "type": "Feature",
      "properties": {
        "grid_id": "TAP382",
        "site": "tapunopaka",
        "location_label": "Tapunopaka Greenfield Interior Prospect - Sulawesi Tenggara greenfield nickel laterite",
        "lithology": "mafic_volcanic_simulated",
        "slope_deg": 6.8,
        "distance_to_river_m": 925,
        "distance_to_road_m": 4592,
        "distance_to_settlement_m": 11463,
        "legal_status": "allowed",
        "distance_to_smelter_km": 73.8,
        "area_ha": 0.31,
        "region_id": "NW",
        "fe_oxide_index": 1.155,
        "clay_index": 1.035,
        "ndvi_stress_index": 0.768,
        "tmi_structural_nT": 45168.8,
        "tmi_anomaly_nT": 168.8,
        "elevation_mdpl": 101.5,
        "geochem_assay_ratio": 5.03
      },
      "geometry": {
        "type": "Polygon",
        "coordinates": [
          [
            [
              122.115,
              -3.535
            ],
            [
              122.12,
              -3.535
            ],
            [
              122.12,
              -3.53
            ],
            [
              122.115,
              -3.53
            ],
            [
              122.115,
              -3.535
            ]
          ]
        ]
      }
    },
    {
      "type": "Feature",
      "properties": {
        "grid_id": "TAP383",
        "site": "tapunopaka",
        "location_label": "Tapunopaka Greenfield Interior Prospect - Sulawesi Tenggara greenfield nickel laterite",
        "lithology": "alluvium",
        "slope_deg": 4.6,
        "distance_to_river_m": 1159,
        "distance_to_road_m": 2500,
        "distance_to_settlement_m": 7682,
        "legal_status": "allowed",
        "distance_to_smelter_km": 71.0,
        "area_ha": 0.31,
        "region_id": "NW",
        "fe_oxide_index": 1.512,
        "clay_index": 1.301,
        "ndvi_stress_index": 0.774,
        "tmi_structural_nT": 44721.1,
        "tmi_anomaly_nT": -278.9,
        "elevation_mdpl": 146.9,
        "geochem_assay_ratio": 3.96
      },
      "geometry": {
        "type": "Polygon",
        "coordinates": [
          [
            [
              122.12,
              -3.535
            ],
            [
              122.125,
              -3.535
            ],
            [
              122.125,
              -3.53
            ],
            [
              122.12,
              -3.53
            ],
            [
              122.12,
              -3.535
            ]
          ]
        ]
      }
    },
    {
      "type": "Feature",
      "properties": {
        "grid_id": "TAP384",
        "site": "tapunopaka",
        "location_label": "Tapunopaka Greenfield Interior Prospect - Sulawesi Tenggara greenfield nickel laterite",
        "lithology": "alluvium",
        "slope_deg": 2.2,
        "distance_to_river_m": 1323,
        "distance_to_road_m": 2529,
        "distance_to_settlement_m": 9457,
        "legal_status": "allowed",
        "distance_to_smelter_km": 68.4,
        "area_ha": 0.31,
        "region_id": "NW",
        "fe_oxide_index": 1.637,
        "clay_index": 1.065,
        "ndvi_stress_index": 0.55,
        "tmi_structural_nT": 44532.8,
        "tmi_anomaly_nT": -467.2,
        "elevation_mdpl": 128.5,
        "geochem_assay_ratio": 5.82
      },
      "geometry": {
        "type": "Polygon",
        "coordinates": [
          [
            [
              122.125,
              -3.535
            ],
            [
              122.13,
              -3.535
            ],
            [
              122.13,
              -3.53
            ],
            [
              122.125,
              -3.53
            ],
            [
              122.125,
              -3.535
            ]
          ]
        ]
      }
    },
    {
      "type": "Feature",
      "properties": {
        "grid_id": "TAP385",
        "site": "tapunopaka",
        "location_label": "Tapunopaka Greenfield Interior Prospect - Sulawesi Tenggara greenfield nickel laterite",
        "lithology": "mafic_volcanic_simulated",
        "slope_deg": 5.2,
        "distance_to_river_m": 1677,
        "distance_to_road_m": 1546,
        "distance_to_settlement_m": 9692,
        "legal_status": "allowed",
        "distance_to_smelter_km": 66.0,
        "area_ha": 0.31,
        "region_id": "NW",
        "fe_oxide_index": 1.604,
        "clay_index": 1.371,
        "ndvi_stress_index": 0.567,
        "tmi_structural_nT": 44876.1,
        "tmi_anomaly_nT": -123.9,
        "elevation_mdpl": 153.0,
        "geochem_assay_ratio": 3.96
      },
      "geometry": {
        "type": "Polygon",
        "coordinates": [
          [
            [
              122.13,
              -3.535
            ],
            [
              122.135,
              -3.535
            ],
            [
              122.135,
              -3.53
            ],
            [
              122.13,
              -3.53
            ],
            [
              122.13,
              -3.535
            ]
          ]
        ]
      }
    },
    {
      "type": "Feature",
      "properties": {
        "grid_id": "TAP386",
        "site": "tapunopaka",
        "location_label": "Tapunopaka Greenfield Interior Prospect - Sulawesi Tenggara greenfield nickel laterite",
        "lithology": "peridotite_simulated",
        "slope_deg": 6.7,
        "distance_to_river_m": 2446,
        "distance_to_road_m": 2256,
        "distance_to_settlement_m": 4452,
        "legal_status": "allowed",
        "distance_to_smelter_km": 64.0,
        "area_ha": 0.31,
        "region_id": "NW",
        "fe_oxide_index": 2.54,
        "clay_index": 1.828,
        "ndvi_stress_index": 0.308,
        "tmi_structural_nT": 45605.3,
        "tmi_anomaly_nT": 605.3,
        "elevation_mdpl": 106.1,
        "geochem_assay_ratio": 2.51
      },
      "geometry": {
        "type": "Polygon",
        "coordinates": [
          [
            [
              122.135,
              -3.535
            ],
            [
              122.14,
              -3.535
            ],
            [
              122.14,
              -3.53
            ],
            [
              122.135,
              -3.53
            ],
            [
              122.135,
              -3.535
            ]
          ]
        ]
      }
    },
    {
      "type": "Feature",
      "properties": {
        "grid_id": "TAP387",
        "site": "tapunopaka",
        "location_label": "Tapunopaka Greenfield Interior Prospect - Sulawesi Tenggara greenfield nickel laterite",
        "lithology": "mafic_volcanic_simulated",
        "slope_deg": 2.5,
        "distance_to_river_m": 1200,
        "distance_to_road_m": 3097,
        "distance_to_settlement_m": 11161,
        "legal_status": "allowed",
        "distance_to_smelter_km": 62.3,
        "area_ha": 0.31,
        "region_id": "NW",
        "fe_oxide_index": 1.135,
        "clay_index": 1.016,
        "ndvi_stress_index": 0.517,
        "tmi_structural_nT": 44783.7,
        "tmi_anomaly_nT": -216.3,
        "elevation_mdpl": 134.0,
        "geochem_assay_ratio": 5.72
      },
      "geometry": {
        "type": "Polygon",
        "coordinates": [
          [
            [
              122.14,
              -3.535
            ],
            [
              122.145,
              -3.535
            ],
            [
              122.145,
              -3.53
            ],
            [
              122.14,
              -3.53
            ],
            [
              122.14,
              -3.535
            ]
          ]
        ]
      }
    },
    {
      "type": "Feature",
      "properties": {
        "grid_id": "TAP388",
        "site": "tapunopaka",
        "location_label": "Tapunopaka Greenfield Interior Prospect - Sulawesi Tenggara greenfield nickel laterite",
        "lithology": "alluvium",
        "slope_deg": 9.3,
        "distance_to_river_m": 849,
        "distance_to_road_m": 4646,
        "distance_to_settlement_m": 6730,
        "legal_status": "allowed",
        "distance_to_smelter_km": 61.0,
        "area_ha": 0.31,
        "region_id": "NW",
        "fe_oxide_index": 1.332,
        "clay_index": 1.108,
        "ndvi_stress_index": 0.533,
        "tmi_structural_nT": 44574.2,
        "tmi_anomaly_nT": -425.8,
        "elevation_mdpl": 105.6,
        "geochem_assay_ratio": 5.63
      },
      "geometry": {
        "type": "Polygon",
        "coordinates": [
          [
            [
              122.145,
              -3.535
            ],
            [
              122.15,
              -3.535
            ],
            [
              122.15,
              -3.53
            ],
            [
              122.145,
              -3.53
            ],
            [
              122.145,
              -3.535
            ]
          ]
        ]
      }
    },
    {
      "type": "Feature",
      "properties": {
        "grid_id": "TAP389",
        "site": "tapunopaka",
        "location_label": "Tapunopaka Greenfield Interior Prospect - Sulawesi Tenggara greenfield nickel laterite",
        "lithology": "alluvium",
        "slope_deg": 8.8,
        "distance_to_river_m": 1693,
        "distance_to_road_m": 4240,
        "distance_to_settlement_m": 5869,
        "legal_status": "allowed",
        "distance_to_smelter_km": 60.1,
        "area_ha": 0.31,
        "region_id": "NW",
        "fe_oxide_index": 1.338,
        "clay_index": 1.467,
        "ndvi_stress_index": 0.724,
        "tmi_structural_nT": 45177.7,
        "tmi_anomaly_nT": 177.7,
        "elevation_mdpl": 88.3,
        "geochem_assay_ratio": 5.42
      },
      "geometry": {
        "type": "Polygon",
        "coordinates": [
          [
            [
              122.15,
              -3.535
            ],
            [
              122.155,
              -3.535
            ],
            [
              122.155,
              -3.53
            ],
            [
              122.15,
              -3.53
            ],
            [
              122.15,
              -3.535
            ]
          ]
        ]
      }
    },
    {
      "type": "Feature",
      "properties": {
        "grid_id": "TAP390",
        "site": "tapunopaka",
        "location_label": "Tapunopaka Greenfield Interior Prospect - Sulawesi Tenggara greenfield nickel laterite",
        "lithology": "mafic_volcanic_simulated",
        "slope_deg": 9.0,
        "distance_to_river_m": 2229,
        "distance_to_road_m": 1994,
        "distance_to_settlement_m": 7229,
        "legal_status": "allowed",
        "distance_to_smelter_km": 59.6,
        "area_ha": 0.31,
        "region_id": "NW",
        "fe_oxide_index": 1.187,
        "clay_index": 1.194,
        "ndvi_stress_index": 0.575,
        "tmi_structural_nT": 44762.1,
        "tmi_anomaly_nT": -237.9,
        "elevation_mdpl": 153.6,
        "geochem_assay_ratio": 5.43
      },
      "geometry": {
        "type": "Polygon",
        "coordinates": [
          [
            [
              122.155,
              -3.535
            ],
            [
              122.16,
              -3.535
            ],
            [
              122.16,
              -3.53
            ],
            [
              122.155,
              -3.53
            ],
            [
              122.155,
              -3.535
            ]
          ]
        ]
      }
    },
    {
      "type": "Feature",
      "properties": {
        "grid_id": "TAP391",
        "site": "tapunopaka",
        "location_label": "Tapunopaka Greenfield Interior Prospect - Sulawesi Tenggara greenfield nickel laterite",
        "lithology": "alluvium",
        "slope_deg": 10.0,
        "distance_to_river_m": 1061,
        "distance_to_road_m": 1916,
        "distance_to_settlement_m": 8689,
        "legal_status": "allowed",
        "distance_to_smelter_km": 59.6,
        "area_ha": 0.31,
        "region_id": "NE",
        "fe_oxide_index": 1.473,
        "clay_index": 1.238,
        "ndvi_stress_index": 0.681,
        "tmi_structural_nT": 45091.5,
        "tmi_anomaly_nT": 91.5,
        "elevation_mdpl": 112.6,
        "geochem_assay_ratio": 5.91
      },
      "geometry": {
        "type": "Polygon",
        "coordinates": [
          [
            [
              122.16,
              -3.535
            ],
            [
              122.165,
              -3.535
            ],
            [
              122.165,
              -3.53
            ],
            [
              122.16,
              -3.53
            ],
            [
              122.16,
              -3.535
            ]
          ]
        ]
      }
    },
    {
      "type": "Feature",
      "properties": {
        "grid_id": "TAP392",
        "site": "tapunopaka",
        "location_label": "Tapunopaka Greenfield Interior Prospect - Sulawesi Tenggara greenfield nickel laterite",
        "lithology": "mafic_volcanic_simulated",
        "slope_deg": 4.8,
        "distance_to_river_m": 2514,
        "distance_to_road_m": 2393,
        "distance_to_settlement_m": 5029,
        "legal_status": "allowed",
        "distance_to_smelter_km": 60.1,
        "area_ha": 0.31,
        "region_id": "NE",
        "fe_oxide_index": 1.362,
        "clay_index": 1.373,
        "ndvi_stress_index": 0.634,
        "tmi_structural_nT": 44728.5,
        "tmi_anomaly_nT": -271.5,
        "elevation_mdpl": 118.9,
        "geochem_assay_ratio": 4.95
      },
      "geometry": {
        "type": "Polygon",
        "coordinates": [
          [
            [
              122.165,
              -3.535
            ],
            [
              122.17,
              -3.535
            ],
            [
              122.17,
              -3.53
            ],
            [
              122.165,
              -3.53
            ],
            [
              122.165,
              -3.535
            ]
          ]
        ]
      }
    },
    {
      "type": "Feature",
      "properties": {
        "grid_id": "TAP393",
        "site": "tapunopaka",
        "location_label": "Tapunopaka Greenfield Interior Prospect - Sulawesi Tenggara greenfield nickel laterite",
        "lithology": "alluvium",
        "slope_deg": 11.4,
        "distance_to_river_m": 2292,
        "distance_to_road_m": 1325,
        "distance_to_settlement_m": 11019,
        "legal_status": "allowed",
        "distance_to_smelter_km": 61.0,
        "area_ha": 0.31,
        "region_id": "NE",
        "fe_oxide_index": 1.551,
        "clay_index": 1.245,
        "ndvi_stress_index": 0.582,
        "tmi_structural_nT": 45203.5,
        "tmi_anomaly_nT": 203.5,
        "elevation_mdpl": 159.5,
        "geochem_assay_ratio": 4.12
      },
      "geometry": {
        "type": "Polygon",
        "coordinates": [
          [
            [
              122.17,
              -3.535
            ],
            [
              122.175,
              -3.535
            ],
            [
              122.175,
              -3.53
            ],
            [
              122.17,
              -3.53
            ],
            [
              122.17,
              -3.535
            ]
          ]
        ]
      }
    },
    {
      "type": "Feature",
      "properties": {
        "grid_id": "TAP394",
        "site": "tapunopaka",
        "location_label": "Tapunopaka Greenfield Interior Prospect - Sulawesi Tenggara greenfield nickel laterite",
        "lithology": "mafic_volcanic_simulated",
        "slope_deg": 10.0,
        "distance_to_river_m": 2207,
        "distance_to_road_m": 2816,
        "distance_to_settlement_m": 5605,
        "legal_status": "allowed",
        "distance_to_smelter_km": 62.3,
        "area_ha": 0.31,
        "region_id": "NE",
        "fe_oxide_index": 1.5,
        "clay_index": 1.423,
        "ndvi_stress_index": 0.603,
        "tmi_structural_nT": 45283.5,
        "tmi_anomaly_nT": 283.5,
        "elevation_mdpl": 160.4,
        "geochem_assay_ratio": 5.95
      },
      "geometry": {
        "type": "Polygon",
        "coordinates": [
          [
            [
              122.175,
              -3.535
            ],
            [
              122.18,
              -3.535
            ],
            [
              122.18,
              -3.53
            ],
            [
              122.175,
              -3.53
            ],
            [
              122.175,
              -3.535
            ]
          ]
        ]
      }
    },
    {
      "type": "Feature",
      "properties": {
        "grid_id": "TAP395",
        "site": "tapunopaka",
        "location_label": "Tapunopaka Greenfield Interior Prospect - Sulawesi Tenggara greenfield nickel laterite",
        "lithology": "mafic_volcanic_simulated",
        "slope_deg": 4.4,
        "distance_to_river_m": 513,
        "distance_to_road_m": 3415,
        "distance_to_settlement_m": 7918,
        "legal_status": "allowed",
        "distance_to_smelter_km": 64.0,
        "area_ha": 0.31,
        "region_id": "NE",
        "fe_oxide_index": 1.473,
        "clay_index": 1.456,
        "ndvi_stress_index": 0.514,
        "tmi_structural_nT": 45113.3,
        "tmi_anomaly_nT": 113.3,
        "elevation_mdpl": 142.8,
        "geochem_assay_ratio": 5.93
      },
      "geometry": {
        "type": "Polygon",
        "coordinates": [
          [
            [
              122.18,
              -3.535
            ],
            [
              122.185,
              -3.535
            ],
            [
              122.185,
              -3.53
            ],
            [
              122.18,
              -3.53
            ],
            [
              122.18,
              -3.535
            ]
          ]
        ]
      }
    },
    {
      "type": "Feature",
      "properties": {
        "grid_id": "TAP396",
        "site": "tapunopaka",
        "location_label": "Tapunopaka Greenfield Interior Prospect - Sulawesi Tenggara greenfield nickel laterite",
        "lithology": "serpentinite_simulated",
        "slope_deg": 7.3,
        "distance_to_river_m": 2626,
        "distance_to_road_m": 2144,
        "distance_to_settlement_m": 5943,
        "legal_status": "allowed",
        "distance_to_smelter_km": 66.0,
        "area_ha": 0.31,
        "region_id": "NE",
        "fe_oxide_index": 2.02,
        "clay_index": 2.292,
        "ndvi_stress_index": 0.278,
        "tmi_structural_nT": 45317.6,
        "tmi_anomaly_nT": 317.6,
        "elevation_mdpl": 175.3,
        "geochem_assay_ratio": 1.58
      },
      "geometry": {
        "type": "Polygon",
        "coordinates": [
          [
            [
              122.185,
              -3.535
            ],
            [
              122.19,
              -3.535
            ],
            [
              122.19,
              -3.53
            ],
            [
              122.185,
              -3.53
            ],
            [
              122.185,
              -3.535
            ]
          ]
        ]
      }
    },
    {
      "type": "Feature",
      "properties": {
        "grid_id": "TAP397",
        "site": "tapunopaka",
        "location_label": "Tapunopaka Greenfield Interior Prospect - Sulawesi Tenggara greenfield nickel laterite",
        "lithology": "mafic_volcanic_simulated",
        "slope_deg": 3.4,
        "distance_to_river_m": 1550,
        "distance_to_road_m": 2883,
        "distance_to_settlement_m": 11474,
        "legal_status": "allowed",
        "distance_to_smelter_km": 68.4,
        "area_ha": 0.31,
        "region_id": "NE",
        "fe_oxide_index": 1.248,
        "clay_index": 1.36,
        "ndvi_stress_index": 0.576,
        "tmi_structural_nT": 45122.8,
        "tmi_anomaly_nT": 122.8,
        "elevation_mdpl": 145.3,
        "geochem_assay_ratio": 3.95
      },
      "geometry": {
        "type": "Polygon",
        "coordinates": [
          [
            [
              122.19,
              -3.535
            ],
            [
              122.195,
              -3.535
            ],
            [
              122.195,
              -3.53
            ],
            [
              122.19,
              -3.53
            ],
            [
              122.19,
              -3.535
            ]
          ]
        ]
      }
    },
    {
      "type": "Feature",
      "properties": {
        "grid_id": "TAP398",
        "site": "tapunopaka",
        "location_label": "Tapunopaka Greenfield Interior Prospect - Sulawesi Tenggara greenfield nickel laterite",
        "lithology": "mafic_volcanic_simulated",
        "slope_deg": 11.4,
        "distance_to_river_m": 1927,
        "distance_to_road_m": 4735,
        "distance_to_settlement_m": 8162,
        "legal_status": "allowed",
        "distance_to_smelter_km": 71.0,
        "area_ha": 0.31,
        "region_id": "NE",
        "fe_oxide_index": 1.467,
        "clay_index": 1.045,
        "ndvi_stress_index": 0.523,
        "tmi_structural_nT": 45107.3,
        "tmi_anomaly_nT": 107.3,
        "elevation_mdpl": 92.8,
        "geochem_assay_ratio": 4.07
      },
      "geometry": {
        "type": "Polygon",
        "coordinates": [
          [
            [
              122.195,
              -3.535
            ],
            [
              122.2,
              -3.535
            ],
            [
              122.2,
              -3.53
            ],
            [
              122.195,
              -3.53
            ],
            [
              122.195,
              -3.535
            ]
          ]
        ]
      }
    },
    {
      "type": "Feature",
      "properties": {
        "grid_id": "TAP399",
        "site": "tapunopaka",
        "location_label": "Tapunopaka Greenfield Interior Prospect - Sulawesi Tenggara greenfield nickel laterite",
        "lithology": "alluvium",
        "slope_deg": 8.8,
        "distance_to_river_m": 1277,
        "distance_to_road_m": 3169,
        "distance_to_settlement_m": 7903,
        "legal_status": "allowed",
        "distance_to_smelter_km": 73.8,
        "area_ha": 0.31,
        "region_id": "NE",
        "fe_oxide_index": 1.169,
        "clay_index": 1.381,
        "ndvi_stress_index": 0.501,
        "tmi_structural_nT": 44491.6,
        "tmi_anomaly_nT": -508.4,
        "elevation_mdpl": 91.9,
        "geochem_assay_ratio": 3.81
      },
      "geometry": {
        "type": "Polygon",
        "coordinates": [
          [
            [
              122.2,
              -3.535
            ],
            [
              122.205,
              -3.535
            ],
            [
              122.205,
              -3.53
            ],
            [
              122.2,
              -3.53
            ],
            [
              122.2,
              -3.535
            ]
          ]
        ]
      }
    },
    {
      "type": "Feature",
      "properties": {
        "grid_id": "TAP400",
        "site": "tapunopaka",
        "location_label": "Tapunopaka Greenfield Interior Prospect - Sulawesi Tenggara greenfield nickel laterite",
        "lithology": "alluvium",
        "slope_deg": 9.9,
        "distance_to_river_m": 1387,
        "distance_to_road_m": 2971,
        "distance_to_settlement_m": 10658,
        "legal_status": "allowed",
        "distance_to_smelter_km": 76.8,
        "area_ha": 0.31,
        "region_id": "NE",
        "fe_oxide_index": 1.22,
        "clay_index": 1.194,
        "ndvi_stress_index": 0.559,
        "tmi_structural_nT": 44988.2,
        "tmi_anomaly_nT": -11.8,
        "elevation_mdpl": 106.0,
        "geochem_assay_ratio": 3.78
      },
      "geometry": {
        "type": "Polygon",
        "coordinates": [
          [
            [
              122.205,
              -3.535
            ],
            [
              122.21,
              -3.535
            ],
            [
              122.21,
              -3.53
            ],
            [
              122.205,
              -3.53
            ],
            [
              122.205,
              -3.535
            ]
          ]
        ]
      }
    }
  ]
}