{
  "type": "FeatureCollection",
  "name": "study_grid_obi_island",
  "features": [
    {
      "type": "Feature",
      "properties": {
        "grid_id": "OBI001",
        "site": "obi_island",
        "location_label": "Obi Island Interior Concession - Maluku Utara greenfield nickel laterite",
        "lithology": "serpentinite_simulated",
        "slope_deg": 25.2,
        "distance_to_river_m": 2193,
        "distance_to_road_m": 2975,
        "distance_to_settlement_m": 10828,
        "legal_status": "conditional",
        "distance_to_smelter_km": 76.8,
        "area_ha": 1.77,
        "region_id": "SW",
        "fe_oxide_index": 2.05,
        "clay_index": 2.32,
        "ndvi_stress_index": 0.266,
        "tmi_structural_nT": 45232.6,
        "tmi_anomaly_nT": 232.6,
        "elevation_mdpl": 433.4,
        "geochem_assay_ratio": 1.45
      },
      "geometry": {
        "type": "Polygon",
        "coordinates": [
          [
            [
              127.56,
              -1.65
            ],
            [
              127.572,
              -1.65
            ],
            [
              127.572,
              -1.638
            ],
            [
              127.56,
              -1.638
            ],
            [
              127.56,
              -1.65
            ]
          ]
        ]
      }
    },
    {
      "type": "Feature",
      "properties": {
        "grid_id": "OBI002",
        "site": "obi_island",
        "location_label": "Obi Island Interior Concession - Maluku Utara greenfield nickel laterite",
        "lithology": "serpentinite_simulated",
        "slope_deg": 26.3,
        "distance_to_river_m": 728,
        "distance_to_road_m": 4735,
        "distance_to_settlement_m": 4114,
        "legal_status": "conditional",
        "distance_to_smelter_km": 73.8,
        "area_ha": 1.77,
        "region_id": "SW",
        "fe_oxide_index": 1.889,
        "clay_index": 1.999,
        "ndvi_stress_index": 0.187,
        "tmi_structural_nT": 45675.4,
        "tmi_anomaly_nT": 675.4,
        "elevation_mdpl": 478.8,
        "geochem_assay_ratio": 1.74
      },
      "geometry": {
        "type": "Polygon",
        "coordinates": [
          [
            [
              127.572,
              -1.65
            ],
            [
              127.584,
              -1.65
            ],
            [
              127.584,
              -1.638
            ],
            [
              127.572,
              -1.638
            ],
            [
              127.572,
              -1.65
            ]
          ]
        ]
      }
    },
    {
      "type": "Feature",
      "properties": {
        "grid_id": "OBI003",
        "site": "obi_island",
        "location_label": "Obi Island Interior Concession - Maluku Utara greenfield nickel laterite",
        "lithology": "mafic_volcanic_simulated",
        "slope_deg": 25.3,
        "distance_to_river_m": 2496,
        "distance_to_road_m": 5037,
        "distance_to_settlement_m": 6355,
        "legal_status": "conditional",
        "distance_to_smelter_km": 71.0,
        "area_ha": 1.77,
        "region_id": "SW",
        "fe_oxide_index": 1.403,
        "clay_index": 1.007,
        "ndvi_stress_index": 0.527,
        "tmi_structural_nT": 44580.9,
        "tmi_anomaly_nT": -419.1,
        "elevation_mdpl": 478.6,
        "geochem_assay_ratio": 4.38
      },
      "geometry": {
        "type": "Polygon",
        "coordinates": [
          [
            [
              127.584,
              -1.65
            ],
            [
              127.596,
              -1.65
            ],
            [
              127.596,
              -1.638
            ],
            [
              127.584,
              -1.638
            ],
            [
              127.584,
              -1.65
            ]
          ]
        ]
      }
    },
    {
      "type": "Feature",
      "properties": {
        "grid_id": "OBI004",
        "site": "obi_island",
        "location_label": "Obi Island Interior Concession - Maluku Utara greenfield nickel laterite",
        "lithology": "alluvium",
        "slope_deg": 18.9,
        "distance_to_river_m": 1351,
        "distance_to_road_m": 2580,
        "distance_to_settlement_m": 10251,
        "legal_status": "conditional",
        "distance_to_smelter_km": 68.4,
        "area_ha": 1.77,
        "region_id": "SW",
        "fe_oxide_index": 1.206,
        "clay_index": 1.16,
        "ndvi_stress_index": 0.543,
        "tmi_structural_nT": 44986.8,
        "tmi_anomaly_nT": -13.2,
        "elevation_mdpl": 455.1,
        "geochem_assay_ratio": 4.93
      },
      "geometry": {
        "type": "Polygon",
        "coordinates": [
          [
            [
              127.596,
              -1.65
            ],
            [
              127.608,
              -1.65
            ],
            [
              127.608,
              -1.638
            ],
            [
              127.596,
              -1.638
            ],
            [
              127.596,
              -1.65
            ]
          ]
        ]
      }
    },
    {
      "type": "Feature",
      "properties": {
        "grid_id": "OBI005",
        "site": "obi_island",
        "location_label": "Obi Island Interior Concession - Maluku Utara greenfield nickel laterite",
        "lithology": "serpentinite_simulated",
        "slope_deg": 22.1,
        "distance_to_river_m": 2236,
        "distance_to_road_m": 2693,
        "distance_to_settlement_m": 4217,
        "legal_status": "conditional",
        "distance_to_smelter_km": 66.0,
        "area_ha": 1.77,
        "region_id": "SW",
        "fe_oxide_index": 2.714,
        "clay_index": 2.189,
        "ndvi_stress_index": 0.403,
        "tmi_structural_nT": 45257.4,
        "tmi_anomaly_nT": 257.4,
        "elevation_mdpl": 422.0,
        "geochem_assay_ratio": 1.99
      },
      "geometry": {
        "type": "Polygon",
        "coordinates": [
          [
            [
              127.608,
              -1.65
            ],
            [
              127.62,
              -1.65
            ],
            [
              127.62,
              -1.638
            ],
            [
              127.608,
              -1.638
            ],
            [
              127.608,
              -1.65
            ]
          ]
        ]
      }
    },
    {
      "type": "Feature",
      "properties": {
        "grid_id": "OBI006",
        "site": "obi_island",
        "location_label": "Obi Island Interior Concession - Maluku Utara greenfield nickel laterite",
        "lithology": "peridotite_simulated",
        "slope_deg": 26.5,
        "distance_to_river_m": 521,
        "distance_to_road_m": 3198,
        "distance_to_settlement_m": 4486,
        "legal_status": "conditional",
        "distance_to_smelter_km": 64.0,
        "area_ha": 1.77,
        "region_id": "SW",
        "fe_oxide_index": 2.254,
        "clay_index": 1.738,
        "ndvi_stress_index": 0.402,
        "tmi_structural_nT": 45353.2,
        "tmi_anomaly_nT": 353.2,
        "elevation_mdpl": 496.1,
        "geochem_assay_ratio": 2.1
      },
      "geometry": {
        "type": "Polygon",
        "coordinates": [
          [
            [
              127.62,
              -1.65
            ],
            [
              127.632,
              -1.65
            ],
            [
              127.632,
              -1.638
            ],
            [
              127.62,
              -1.638
            ],
            [
              127.62,
              -1.65
            ]
          ]
        ]
      }
    },
    {
      "type": "Feature",
      "properties": {
        "grid_id": "OBI007",
        "site": "obi_island",
        "location_label": "Obi Island Interior Concession - Maluku Utara greenfield nickel laterite",
        "lithology": "mafic_volcanic_simulated",
        "slope_deg": 26.4,
        "distance_to_river_m": 1499,
        "distance_to_road_m": 2490,
        "distance_to_settlement_m": 5962,
        "legal_status": "conditional",
        "distance_to_smelter_km": 62.3,
        "area_ha": 1.77,
        "region_id": "SW",
        "fe_oxide_index": 1.495,
        "clay_index": 1.401,
        "ndvi_stress_index": 0.564,
        "tmi_structural_nT": 44699.3,
        "tmi_anomaly_nT": -300.7,
        "elevation_mdpl": 414.9,
        "geochem_assay_ratio": 3.84
      },
      "geometry": {
        "type": "Polygon",
        "coordinates": [
          [
            [
              127.632,
              -1.65
            ],
            [
              127.644,
              -1.65
            ],
            [
              127.644,
              -1.638
            ],
            [
              127.632,
              -1.638
            ],
            [
              127.632,
              -1.65
            ]
          ]
        ]
      }
    },
    {
      "type": "Feature",
      "properties": {
        "grid_id": "OBI008",
        "site": "obi_island",
        "location_label": "Obi Island Interior Concession - Maluku Utara greenfield nickel laterite",
        "lithology": "serpentinite_simulated",
        "slope_deg": 20.4,
        "distance_to_river_m": 2588,
        "distance_to_road_m": 3067,
        "distance_to_settlement_m": 10884,
        "legal_status": "conditional",
        "distance_to_smelter_km": 61.0,
        "area_ha": 1.77,
        "region_id": "SW",
        "fe_oxide_index": 2.155,
        "clay_index": 2.067,
        "ndvi_stress_index": 0.343,
        "tmi_structural_nT": 45847.1,
        "tmi_anomaly_nT": 847.1,
        "elevation_mdpl": 462.4,
        "geochem_assay_ratio": 2.58
      },
      "geometry": {
        "type": "Polygon",
        "coordinates": [
          [
            [
              127.644,
              -1.65
            ],
            [
              127.656,
              -1.65
            ],
            [
              127.656,
              -1.638
            ],
            [
              127.644,
              -1.638
            ],
            [
              127.644,
              -1.65
            ]
          ]
        ]
      }
    },
    {
      "type": "Feature",
      "properties": {
        "grid_id": "OBI009",
        "site": "obi_island",
        "location_label": "Obi Island Interior Concession - Maluku Utara greenfield nickel laterite",
        "lithology": "peridotite_simulated",
        "slope_deg": 26.7,
        "distance_to_river_m": 2668,
        "distance_to_road_m": 2675,
        "distance_to_settlement_m": 4962,
        "legal_status": "conditional",
        "distance_to_smelter_km": 60.1,
        "area_ha": 1.77,
        "region_id": "SW",
        "fe_oxide_index": 2.023,
        "clay_index": 1.755,
        "ndvi_stress_index": 0.199,
        "tmi_structural_nT": 45479.9,
        "tmi_anomaly_nT": 479.9,
        "elevation_mdpl": 463.9,
        "geochem_assay_ratio": 1.6
      },
      "geometry": {
        "type": "Polygon",
        "coordinates": [
          [
            [
              127.656,
              -1.65
            ],
            [
              127.668,
              -1.65
            ],
            [
              127.668,
              -1.638
            ],
            [
              127.656,
              -1.638
            ],
            [
              127.656,
              -1.65
            ]
          ]
        ]
      }
    },
    {
      "type": "Feature",
      "properties": {
        "grid_id": "OBI010",
        "site": "obi_island",
        "location_label": "Obi Island Interior Concession - Maluku Utara greenfield nickel laterite",
        "lithology": "ultramafic_simulated",
        "slope_deg": 18.0,
        "distance_to_river_m": 1167,
        "distance_to_road_m": 1995,
        "distance_to_settlement_m": 10936,
        "legal_status": "conditional",
        "distance_to_smelter_km": 59.6,
        "area_ha": 1.77,
        "region_id": "SW",
        "fe_oxide_index": 1.991,
        "clay_index": 2.383,
        "ndvi_stress_index": 0.385,
        "tmi_structural_nT": 45427.5,
        "tmi_anomaly_nT": 427.5,
        "elevation_mdpl": 504.5,
        "geochem_assay_ratio": 2.13
      },
      "geometry": {
        "type": "Polygon",
        "coordinates": [
          [
            [
              127.668,
              -1.65
            ],
            [
              127.68,
              -1.65
            ],
            [
              127.68,
              -1.638
            ],
            [
              127.668,
              -1.638
            ],
            [
              127.668,
              -1.65
            ]
          ]
        ]
      }
    },
    {
      "type": "Feature",
      "properties": {
        "grid_id": "OBI011",
        "site": "obi_island",
        "location_label": "Obi Island Interior Concession - Maluku Utara greenfield nickel laterite",
        "lithology": "alluvium",
        "slope_deg": 16.3,
        "distance_to_river_m": 493,
        "distance_to_road_m": 4921,
        "distance_to_settlement_m": 9244,
        "legal_status": "conditional",
        "distance_to_smelter_km": 59.6,
        "area_ha": 1.77,
        "region_id": "SE",
        "fe_oxide_index": 1.466,
        "clay_index": 1.467,
        "ndvi_stress_index": 0.672,
        "tmi_structural_nT": 45067.7,
        "tmi_anomaly_nT": 67.7,
        "elevation_mdpl": 457.0,
        "geochem_assay_ratio": 4.21
      },
      "geometry": {
        "type": "Polygon",
        "coordinates": [
          [
            [
              127.68,
              -1.65
            ],
            [
              127.692,
              -1.65
            ],
            [
              127.692,
              -1.638
            ],
            [
              127.68,
              -1.638
            ],
            [
              127.68,
              -1.65
            ]
          ]
        ]
      }
    },
    {
      "type": "Feature",
      "properties": {
        "grid_id": "OBI012",
        "site": "obi_island",
        "location_label": "Obi Island Interior Concession - Maluku Utara greenfield nickel laterite",
        "lithology": "peridotite_simulated",
        "slope_deg": 16.8,
        "distance_to_river_m": 2156,
        "distance_to_road_m": 3826,
        "distance_to_settlement_m": 10724,
        "legal_status": "conditional",
        "distance_to_smelter_km": 60.1,
        "area_ha": 1.77,
        "region_id": "SE",
        "fe_oxide_index": 1.907,
        "clay_index": 2.273,
        "ndvi_stress_index": 0.283,
        "tmi_structural_nT": 45798.1,
        "tmi_anomaly_nT": 798.1,
        "elevation_mdpl": 489.4,
        "geochem_assay_ratio": 1.96
      },
      "geometry": {
        "type": "Polygon",
        "coordinates": [
          [
            [
              127.692,
              -1.65
            ],
            [
              127.704,
              -1.65
            ],
            [
              127.704,
              -1.638
            ],
            [
              127.692,
              -1.638
            ],
            [
              127.692,
              -1.65
            ]
          ]
        ]
      }
    },
    {
      "type": "Feature",
      "properties": {
        "grid_id": "OBI013",
        "site": "obi_island",
        "location_label": "Obi Island Interior Concession - Maluku Utara greenfield nickel laterite",
        "lithology": "mafic_volcanic_simulated",
        "slope_deg": 22.5,
        "distance_to_river_m": 2276,
        "distance_to_road_m": 1295,
        "distance_to_settlement_m": 9750,
        "legal_status": "conditional",
        "distance_to_smelter_km": 61.0,
        "area_ha": 1.77,
        "region_id": "SE",
        "fe_oxide_index": 1.684,
        "clay_index": 1.234,
        "ndvi_stress_index": 0.763,
        "tmi_structural_nT": 44554.1,
        "tmi_anomaly_nT": -445.9,
        "elevation_mdpl": 412.4,
        "geochem_assay_ratio": 5.68
      },
      "geometry": {
        "type": "Polygon",
        "coordinates": [
          [
            [
              127.704,
              -1.65
            ],
            [
              127.716,
              -1.65
            ],
            [
              127.716,
              -1.638
            ],
            [
              127.704,
              -1.638
            ],
            [
              127.704,
              -1.65
            ]
          ]
        ]
      }
    },
    {
      "type": "Feature",
      "properties": {
        "grid_id": "OBI014",
        "site": "obi_island",
        "location_label": "Obi Island Interior Concession - Maluku Utara greenfield nickel laterite",
        "lithology": "serpentinite_simulated",
        "slope_deg": 19.0,
        "distance_to_river_m": 1177,
        "distance_to_road_m": 5121,
        "distance_to_settlement_m": 6820,
        "legal_status": "conditional",
        "distance_to_smelter_km": 62.3,
        "area_ha": 1.77,
        "region_id": "SE",
        "fe_oxide_index": 2.527,
        "clay_index": 2.423,
        "ndvi_stress_index": 0.207,
        "tmi_structural_nT": 45617.3,
        "tmi_anomaly_nT": 617.3,
        "elevation_mdpl": 462.5,
        "geochem_assay_ratio": 2.79
      },
      "geometry": {
        "type": "Polygon",
        "coordinates": [
          [
            [
              127.716,
              -1.65
            ],
            [
              127.728,
              -1.65
            ],
            [
              127.728,
              -1.638
            ],
            [
              127.716,
              -1.638
            ],
            [
              127.716,
              -1.65
            ]
          ]
        ]
      }
    },
    {
      "type": "Feature",
      "properties": {
        "grid_id": "OBI015",
        "site": "obi_island",
        "location_label": "Obi Island Interior Concession - Maluku Utara greenfield nickel laterite",
        "lithology": "serpentinite_simulated",
        "slope_deg": 26.7,
        "distance_to_river_m": 2565,
        "distance_to_road_m": 5102,
        "distance_to_settlement_m": 4361,
        "legal_status": "conditional",
        "distance_to_smelter_km": 64.0,
        "area_ha": 1.77,
        "region_id": "SE",
        "fe_oxide_index": 2.453,
        "clay_index": 1.644,
        "ndvi_stress_index": 0.372,
        "tmi_structural_nT": 46037.2,
        "tmi_anomaly_nT": 1037.2,
        "elevation_mdpl": 500.8,
        "geochem_assay_ratio": 2.24
      },
      "geometry": {
        "type": "Polygon",
        "coordinates": [
          [
            [
              127.728,
              -1.65
            ],
            [
              127.74,
              -1.65
            ],
            [
              127.74,
              -1.638
            ],
            [
              127.728,
              -1.638
            ],
            [
              127.728,
              -1.65
            ]
          ]
        ]
      }
    },
    {
      "type": "Feature",
      "properties": {
        "grid_id": "OBI016",
        "site": "obi_island",
        "location_label": "Obi Island Interior Concession - Maluku Utara greenfield nickel laterite",
        "lithology": "serpentinite_simulated",
        "slope_deg": 16.4,
        "distance_to_river_m": 1736,
        "distance_to_road_m": 2901,
        "distance_to_settlement_m": 4557,
        "legal_status": "conditional",
        "distance_to_smelter_km": 66.0,
        "area_ha": 1.77,
        "region_id": "SE",
        "fe_oxide_index": 2.679,
        "clay_index": 1.834,
        "ndvi_stress_index": 0.251,
        "tmi_structural_nT": 45594.3,
        "tmi_anomaly_nT": 594.3,
        "elevation_mdpl": 491.0,
        "geochem_assay_ratio": 2.31
      },
      "geometry": {
        "type": "Polygon",
        "coordinates": [
          [
            [
              127.74,
              -1.65
            ],
            [
              127.752,
              -1.65
            ],
            [
              127.752,
              -1.638
            ],
            [
              127.74,
              -1.638
            ],
            [
              127.74,
              -1.65
            ]
          ]
        ]
      }
    },
    {
      "type": "Feature",
      "properties": {
        "grid_id": "OBI017",
        "site": "obi_island",
        "location_label": "Obi Island Interior Concession - Maluku Utara greenfield nickel laterite",
        "lithology": "peridotite_simulated",
        "slope_deg": 18.7,
        "distance_to_river_m": 1608,
        "distance_to_road_m": 3367,
        "distance_to_settlement_m": 8326,
        "legal_status": "conditional",
        "distance_to_smelter_km": 68.4,
        "area_ha": 1.77,
        "region_id": "SE",
        "fe_oxide_index": 1.805,
        "clay_index": 1.751,
        "ndvi_stress_index": 0.184,
        "tmi_structural_nT": 45712.4,
        "tmi_anomaly_nT": 712.4,
        "elevation_mdpl": 452.2,
        "geochem_assay_ratio": 2.1
      },
      "geometry": {
        "type": "Polygon",
        "coordinates": [
          [
            [
              127.752,
              -1.65
            ],
            [
              127.764,
              -1.65
            ],
            [
              127.764,
              -1.638
            ],
            [
              127.752,
              -1.638
            ],
            [
              127.752,
              -1.65
            ]
          ]
        ]
      }
    },
    {
      "type": "Feature",
      "properties": {
        "grid_id": "OBI018",
        "site": "obi_island",
        "location_label": "Obi Island Interior Concession - Maluku Utara greenfield nickel laterite",
        "lithology": "serpentinite_simulated",
        "slope_deg": 19.7,
        "distance_to_river_m": 1251,
        "distance_to_road_m": 3837,
        "distance_to_settlement_m": 7043,
        "legal_status": "conditional",
        "distance_to_smelter_km": 71.0,
        "area_ha": 1.77,
        "region_id": "SE",
        "fe_oxide_index": 2.787,
        "clay_index": 1.655,
        "ndvi_stress_index": 0.334,
        "tmi_structural_nT": 45203.7,
        "tmi_anomaly_nT": 203.7,
        "elevation_mdpl": 472.2,
        "geochem_assay_ratio": 2.08
      },
      "geometry": {
        "type": "Polygon",
        "coordinates": [
          [
            [
              127.764,
              -1.65
            ],
            [
              127.776,
              -1.65
            ],
            [
              127.776,
              -1.638
            ],
            [
              127.764,
              -1.638
            ],
            [
              127.764,
              -1.65
            ]
          ]
        ]
      }
    },
    {
      "type": "Feature",
      "properties": {
        "grid_id": "OBI019",
        "site": "obi_island",
        "location_label": "Obi Island Interior Concession - Maluku Utara greenfield nickel laterite",
        "lithology": "peridotite_simulated",
        "slope_deg": 23.0,
        "distance_to_river_m": 2432,
        "distance_to_road_m": 3803,
        "distance_to_settlement_m": 4416,
        "legal_status": "conditional",
        "distance_to_smelter_km": 73.8,
        "area_ha": 1.77,
        "region_id": "SE",
        "fe_oxide_index": 2.168,
        "clay_index": 1.746,
        "ndvi_stress_index": 0.366,
        "tmi_structural_nT": 45102.3,
        "tmi_anomaly_nT": 102.3,
        "elevation_mdpl": 472.7,
        "geochem_assay_ratio": 2.69
      },
      "geometry": {
        "type": "Polygon",
        "coordinates": [
          [
            [
              127.776,
              -1.65
            ],
            [
              127.788,
              -1.65
            ],
            [
              127.788,
              -1.638
            ],
            [
              127.776,
              -1.638
            ],
            [
              127.776,
              -1.65
            ]
          ]
        ]
      }
    },
    {
      "type": "Feature",
      "properties": {
        "grid_id": "OBI020",
        "site": "obi_island",
        "location_label": "Obi Island Interior Concession - Maluku Utara greenfield nickel laterite",
        "lithology": "serpentinite_simulated",
        "slope_deg": 21.0,
        "distance_to_river_m": 1318,
        "distance_to_road_m": 5371,
        "distance_to_settlement_m": 4456,
        "legal_status": "conditional",
        "distance_to_smelter_km": 76.8,
        "area_ha": 1.77,
        "region_id": "SE",
        "fe_oxide_index": 1.971,
        "clay_index": 1.603,
        "ndvi_stress_index": 0.297,
        "tmi_structural_nT": 45778.9,
        "tmi_anomaly_nT": 778.9,
        "elevation_mdpl": 465.9,
        "geochem_assay_ratio": 1.97
      },
      "geometry": {
        "type": "Polygon",
        "coordinates": [
          [
            [
              127.788,
              -1.65
            ],
            [
              127.8,
              -1.65
            ],
            [
              127.8,
              -1.638
            ],
            [
              127.788,
              -1.638
            ],
            [
              127.788,
              -1.65
            ]
          ]
        ]
      }
    },
    {
      "type": "Feature",
      "properties": {
        "grid_id": "OBI021",
        "site": "obi_island",
        "location_label": "Obi Island Interior Concession - Maluku Utara greenfield nickel laterite",
        "lithology": "peridotite_simulated",
        "slope_deg": 16.6,
        "distance_to_river_m": 2657,
        "distance_to_road_m": 4201,
        "distance_to_settlement_m": 11845,
        "legal_status": "conditional",
        "distance_to_smelter_km": 73.8,
        "area_ha": 1.77,
        "region_id": "SW",
        "fe_oxide_index": 2.648,
        "clay_index": 2.392,
        "ndvi_stress_index": 0.393,
        "tmi_structural_nT": 45136.4,
        "tmi_anomaly_nT": 136.4,
        "elevation_mdpl": 444.9,
        "geochem_assay_ratio": 1.74
      },
      "geometry": {
        "type": "Polygon",
        "coordinates": [
          [
            [
              127.56,
              -1.638
            ],
            [
              127.572,
              -1.638
            ],
            [
              127.572,
              -1.626
            ],
            [
              127.56,
              -1.626
            ],
            [
              127.56,
              -1.638
            ]
          ]
        ]
      }
    },
    {
      "type": "Feature",
      "properties": {
        "grid_id": "OBI022",
        "site": "obi_island",
        "location_label": "Obi Island Interior Concession - Maluku Utara greenfield nickel laterite",
        "lithology": "serpentinite_simulated",
        "slope_deg": 23.9,
        "distance_to_river_m": 810,
        "distance_to_road_m": 4699,
        "distance_to_settlement_m": 11211,
        "legal_status": "conditional",
        "distance_to_smelter_km": 70.6,
        "area_ha": 1.77,
        "region_id": "SW",
        "fe_oxide_index": 1.851,
        "clay_index": 1.785,
        "ndvi_stress_index": 0.332,
        "tmi_structural_nT": 45268.0,
        "tmi_anomaly_nT": 268.0,
        "elevation_mdpl": 498.3,
        "geochem_assay_ratio": 3.07
      },
      "geometry": {
        "type": "Polygon",
        "coordinates": [
          [
            [
              127.572,
              -1.638
            ],
            [
              127.584,
              -1.638
            ],
            [
              127.584,
              -1.626
            ],
            [
              127.572,
              -1.626
            ],
            [
              127.572,
              -1.638
            ]
          ]
        ]
      }
    },
    {
      "type": "Feature",
      "properties": {
        "grid_id": "OBI023",
        "site": "obi_island",
        "location_label": "Obi Island Interior Concession - Maluku Utara greenfield nickel laterite",
        "lithology": "alluvium",
        "slope_deg": 26.0,
        "distance_to_river_m": 1675,
        "distance_to_road_m": 3377,
        "distance_to_settlement_m": 10968,
        "legal_status": "conditional",
        "distance_to_smelter_km": 67.6,
        "area_ha": 1.77,
        "region_id": "SW",
        "fe_oxide_index": 1.351,
        "clay_index": 1.447,
        "ndvi_stress_index": 0.673,
        "tmi_structural_nT": 45182.6,
        "tmi_anomaly_nT": 182.6,
        "elevation_mdpl": 471.6,
        "geochem_assay_ratio": 5.74
      },
      "geometry": {
        "type": "Polygon",
        "coordinates": [
          [
            [
              127.584,
              -1.638
            ],
            [
              127.596,
              -1.638
            ],
            [
              127.596,
              -1.626
            ],
            [
              127.584,
              -1.626
            ],
            [
              127.584,
              -1.638
            ]
          ]
        ]
      }
    },
    {
      "type": "Feature",
      "properties": {
        "grid_id": "OBI024",
        "site": "obi_island",
        "location_label": "Obi Island Interior Concession - Maluku Utara greenfield nickel laterite",
        "lithology": "peridotite_simulated",
        "slope_deg": 18.7,
        "distance_to_river_m": 1611,
        "distance_to_road_m": 5215,
        "distance_to_settlement_m": 11662,
        "legal_status": "conditional",
        "distance_to_smelter_km": 64.8,
        "area_ha": 1.77,
        "region_id": "SW",
        "fe_oxide_index": 1.877,
        "clay_index": 2.045,
        "ndvi_stress_index": 0.228,
        "tmi_structural_nT": 46051.8,
        "tmi_anomaly_nT": 1051.8,
        "elevation_mdpl": 508.8,
        "geochem_assay_ratio": 2.43
      },
      "geometry": {
        "type": "Polygon",
        "coordinates": [
          [
            [
              127.596,
              -1.638
            ],
            [
              127.608,
              -1.638
            ],
            [
              127.608,
              -1.626
            ],
            [
              127.596,
              -1.626
            ],
            [
              127.596,
              -1.638
            ]
          ]
        ]
      }
    },
    {
      "type": "Feature",
      "properties": {
        "grid_id": "OBI025",
        "site": "obi_island",
        "location_label": "Obi Island Interior Concession - Maluku Utara greenfield nickel laterite",
        "lithology": "ultramafic_simulated",
        "slope_deg": 20.5,
        "distance_to_river_m": 2390,
        "distance_to_road_m": 4378,
        "distance_to_settlement_m": 3716,
        "legal_status": "conditional",
        "distance_to_smelter_km": 62.3,
        "area_ha": 1.77,
        "region_id": "SW",
        "fe_oxide_index": 1.936,
        "clay_index": 1.694,
        "ndvi_stress_index": 0.398,
        "tmi_structural_nT": 45120.3,
        "tmi_anomaly_nT": 120.3,
        "elevation_mdpl": 471.3,
        "geochem_assay_ratio": 1.9
      },
      "geometry": {
        "type": "Polygon",
        "coordinates": [
          [
            [
              127.608,
              -1.638
            ],
            [
              127.62,
              -1.638
            ],
            [
              127.62,
              -1.626
            ],
            [
              127.608,
              -1.626
            ],
            [
              127.608,
              -1.638
            ]
          ]
        ]
      }
    },
    {
      "type": "Feature",
      "properties": {
        "grid_id": "OBI026",
        "site": "obi_island",
        "location_label": "Obi Island Interior Concession - Maluku Utara greenfield nickel laterite",
        "lithology": "ultramafic_simulated",
        "slope_deg": 16.2,
        "distance_to_river_m": 1812,
        "distance_to_road_m": 5255,
        "distance_to_settlement_m": 9807,
        "legal_status": "conditional",
        "distance_to_smelter_km": 60.1,
        "area_ha": 1.77,
        "region_id": "SW",
        "fe_oxide_index": 2.668,
        "clay_index": 1.663,
        "ndvi_stress_index": 0.235,
        "tmi_structural_nT": 45322.1,
        "tmi_anomaly_nT": 322.1,
        "elevation_mdpl": 443.8,
        "geochem_assay_ratio": 2.9
      },
      "geometry": {
        "type": "Polygon",
        "coordinates": [
          [
            [
              127.62,
              -1.638
            ],
            [
              127.632,
              -1.638
            ],
            [
              127.632,
              -1.626
            ],
            [
              127.62,
              -1.626
            ],
            [
              127.62,
              -1.638
            ]
          ]
        ]
      }
    },
    {
      "type": "Feature",
      "properties": {
        "grid_id": "OBI027",
        "site": "obi_island",
        "location_label": "Obi Island Interior Concession - Maluku Utara greenfield nickel laterite",
        "lithology": "ultramafic_simulated",
        "slope_deg": 22.3,
        "distance_to_river_m": 1323,
        "distance_to_road_m": 5035,
        "distance_to_settlement_m": 4914,
        "legal_status": "conditional",
        "distance_to_smelter_km": 58.2,
        "area_ha": 1.77,
        "region_id": "SW",
        "fe_oxide_index": 2.009,
        "clay_index": 2.063,
        "ndvi_stress_index": 0.348,
        "tmi_structural_nT": 45775.4,
        "tmi_anomaly_nT": 775.4,
        "elevation_mdpl": 497.8,
        "geochem_assay_ratio": 1.82
      },
      "geometry": {
        "type": "Polygon",
        "coordinates": [
          [
            [
              127.632,
              -1.638
            ],
            [
              127.644,
              -1.638
            ],
            [
              127.644,
              -1.626
            ],
            [
              127.632,
              -1.626
            ],
            [
              127.632,
              -1.638
            ]
          ]
        ]
      }
    },
    {
      "type": "Feature",
      "properties": {
        "grid_id": "OBI028",
        "site": "obi_island",
        "location_label": "Obi Island Interior Concession - Maluku Utara greenfield nickel laterite",
        "lithology": "serpentinite_simulated",
        "slope_deg": 18.4,
        "distance_to_river_m": 1724,
        "distance_to_road_m": 5441,
        "distance_to_settlement_m": 5227,
        "legal_status": "conditional",
        "distance_to_smelter_km": 56.8,
        "area_ha": 1.77,
        "region_id": "SW",
        "fe_oxide_index": 2.257,
        "clay_index": 1.82,
        "ndvi_stress_index": 0.243,
        "tmi_structural_nT": 45296.2,
        "tmi_anomaly_nT": 296.2,
        "elevation_mdpl": 413.1,
        "geochem_assay_ratio": 2.73
      },
      "geometry": {
        "type": "Polygon",
        "coordinates": [
          [
            [
              127.644,
              -1.638
            ],
            [
              127.656,
              -1.638
            ],
            [
              127.656,
              -1.626
            ],
            [
              127.644,
              -1.626
            ],
            [
              127.644,
              -1.638
            ]
          ]
        ]
      }
    },
    {
      "type": "Feature",
      "properties": {
        "grid_id": "OBI029",
        "site": "obi_island",
        "location_label": "Obi Island Interior Concession - Maluku Utara greenfield nickel laterite",
        "lithology": "serpentinite_simulated",
        "slope_deg": 24.2,
        "distance_to_river_m": 2222,
        "distance_to_road_m": 2364,
        "distance_to_settlement_m": 11349,
        "legal_status": "conditional",
        "distance_to_smelter_km": 55.8,
        "area_ha": 1.77,
        "region_id": "SW",
        "fe_oxide_index": 2.187,
        "clay_index": 1.882,
        "ndvi_stress_index": 0.203,
        "tmi_structural_nT": 45763.1,
        "tmi_anomaly_nT": 763.1,
        "elevation_mdpl": 425.2,
        "geochem_assay_ratio": 1.82
      },
      "geometry": {
        "type": "Polygon",
        "coordinates": [
          [
            [
              127.656,
              -1.638
            ],
            [
              127.668,
              -1.638
            ],
            [
              127.668,
              -1.626
            ],
            [
              127.656,
              -1.626
            ],
            [
              127.656,
              -1.638
            ]
          ]
        ]
      }
    },
    {
      "type": "Feature",
      "properties": {
        "grid_id": "OBI030",
        "site": "obi_island",
        "location_label": "Obi Island Interior Concession - Maluku Utara greenfield nickel laterite",
        "lithology": "alluvium",
        "slope_deg": 23.5,
        "distance_to_river_m": 933,
        "distance_to_road_m": 5463,
        "distance_to_settlement_m": 3586,
        "legal_status": "conditional",
        "distance_to_smelter_km": 55.3,
        "area_ha": 1.77,
        "region_id": "SW",
        "fe_oxide_index": 1.458,
        "clay_index": 1.112,
        "ndvi_stress_index": 0.768,
        "tmi_structural_nT": 44832.2,
        "tmi_anomaly_nT": -167.8,
        "elevation_mdpl": 435.7,
        "geochem_assay_ratio": 5.78
      },
      "geometry": {
        "type": "Polygon",
        "coordinates": [
          [
            [
              127.668,
              -1.638
            ],
            [
              127.68,
              -1.638
            ],
            [
              127.68,
              -1.626
            ],
            [
              127.668,
              -1.626
            ],
            [
              127.668,
              -1.638
            ]
          ]
        ]
      }
    },
    {
      "type": "Feature",
      "properties": {
        "grid_id": "OBI031",
        "site": "obi_island",
        "location_label": "Obi Island Interior Concession - Maluku Utara greenfield nickel laterite",
        "lithology": "mafic_volcanic_simulated",
        "slope_deg": 22.8,
        "distance_to_river_m": 2717,
        "distance_to_road_m": 2007,
        "distance_to_settlement_m": 6567,
        "legal_status": "conditional",
        "distance_to_smelter_km": 55.3,
        "area_ha": 1.77,
        "region_id": "SE",
        "fe_oxide_index": 1.29,
        "clay_index": 1.387,
        "ndvi_stress_index": 0.688,
        "tmi_structural_nT": 44433.3,
        "tmi_anomaly_nT": -566.7,
        "elevation_mdpl": 478.8,
        "geochem_assay_ratio": 4.64
      },
      "geometry": {
        "type": "Polygon",
        "coordinates": [
          [
            [
              127.68,
              -1.638
            ],
            [
              127.692,
              -1.638
            ],
            [
              127.692,
              -1.626
            ],
            [
              127.68,
              -1.626
            ],
            [
              127.68,
              -1.638
            ]
          ]
        ]
      }
    },
    {
      "type": "Feature",
      "properties": {
        "grid_id": "OBI032",
        "site": "obi_island",
        "location_label": "Obi Island Interior Concession - Maluku Utara greenfield nickel laterite",
        "lithology": "serpentinite_simulated",
        "slope_deg": 16.0,
        "distance_to_river_m": 1993,
        "distance_to_road_m": 1923,
        "distance_to_settlement_m": 11793,
        "legal_status": "conditional",
        "distance_to_smelter_km": 55.8,
        "area_ha": 1.77,
        "region_id": "SE",
        "fe_oxide_index": 1.854,
        "clay_index": 2.405,
        "ndvi_stress_index": 0.366,
        "tmi_structural_nT": 45957.5,
        "tmi_anomaly_nT": 957.5,
        "elevation_mdpl": 481.4,
        "geochem_assay_ratio": 2.26
      },
      "geometry": {
        "type": "Polygon",
        "coordinates": [
          [
            [
              127.692,
              -1.638
            ],
            [
              127.704,
              -1.638
            ],
            [
              127.704,
              -1.626
            ],
            [
              127.692,
              -1.626
            ],
            [
              127.692,
              -1.638
            ]
          ]
        ]
      }
    },
    {
      "type": "Feature",
      "properties": {
        "grid_id": "OBI033",
        "site": "obi_island",
        "location_label": "Obi Island Interior Concession - Maluku Utara greenfield nickel laterite",
        "lithology": "alluvium",
        "slope_deg": 23.8,
        "distance_to_river_m": 1578,
        "distance_to_road_m": 5307,
        "distance_to_settlement_m": 4920,
        "legal_status": "conditional",
        "distance_to_smelter_km": 56.8,
        "area_ha": 1.77,
        "region_id": "SE",
        "fe_oxide_index": 1.595,
        "clay_index": 1.04,
        "ndvi_stress_index": 0.576,
        "tmi_structural_nT": 44608.3,
        "tmi_anomaly_nT": -391.7,
        "elevation_mdpl": 465.2,
        "geochem_assay_ratio": 5.14
      },
      "geometry": {
        "type": "Polygon",
        "coordinates": [
          [
            [
              127.704,
              -1.638
            ],
            [
              127.716,
              -1.638
            ],
            [
              127.716,
              -1.626
            ],
            [
              127.704,
              -1.626
            ],
            [
              127.704,
              -1.638
            ]
          ]
        ]
      }
    },
    {
      "type": "Feature",
      "properties": {
        "grid_id": "OBI034",
        "site": "obi_island",
        "location_label": "Obi Island Interior Concession - Maluku Utara greenfield nickel laterite",
        "lithology": "ultramafic_simulated",
        "slope_deg": 16.9,
        "distance_to_river_m": 1255,
        "distance_to_road_m": 2205,
        "distance_to_settlement_m": 8982,
        "legal_status": "conditional",
        "distance_to_smelter_km": 58.2,
        "area_ha": 1.77,
        "region_id": "SE",
        "fe_oxide_index": 1.962,
        "clay_index": 1.806,
        "ndvi_stress_index": 0.286,
        "tmi_structural_nT": 45212.5,
        "tmi_anomaly_nT": 212.5,
        "elevation_mdpl": 431.2,
        "geochem_assay_ratio": 1.68
      },
      "geometry": {
        "type": "Polygon",
        "coordinates": [
          [
            [
              127.716,
              -1.638
            ],
            [
              127.728,
              -1.638
            ],
            [
              127.728,
              -1.626
            ],
            [
              127.716,
              -1.626
            ],
            [
              127.716,
              -1.638
            ]
          ]
        ]
      }
    },
    {
      "type": "Feature",
      "properties": {
        "grid_id": "OBI035",
        "site": "obi_island",
        "location_label": "Obi Island Interior Concession - Maluku Utara greenfield nickel laterite",
        "lithology": "mafic_volcanic_simulated",
        "slope_deg": 17.6,
        "distance_to_river_m": 1555,
        "distance_to_road_m": 5266,
        "distance_to_settlement_m": 11356,
        "legal_status": "conditional",
        "distance_to_smelter_km": 60.1,
        "area_ha": 1.77,
        "region_id": "SE",
        "fe_oxide_index": 1.445,
        "clay_index": 1.059,
        "ndvi_stress_index": 0.524,
        "tmi_structural_nT": 44808.2,
        "tmi_anomaly_nT": -191.8,
        "elevation_mdpl": 506.7,
        "geochem_assay_ratio": 4.78
      },
      "geometry": {
        "type": "Polygon",
        "coordinates": [
          [
            [
              127.728,
              -1.638
            ],
            [
              127.74,
              -1.638
            ],
            [
              127.74,
              -1.626
            ],
            [
              127.728,
              -1.626
            ],
            [
              127.728,
              -1.638
            ]
          ]
        ]
      }
    },
    {
      "type": "Feature",
      "properties": {
        "grid_id": "OBI036",
        "site": "obi_island",
        "location_label": "Obi Island Interior Concession - Maluku Utara greenfield nickel laterite",
        "lithology": "ultramafic_simulated",
        "slope_deg": 19.6,
        "distance_to_river_m": 1305,
        "distance_to_road_m": 1213,
        "distance_to_settlement_m": 7050,
        "legal_status": "conditional",
        "distance_to_smelter_km": 62.3,
        "area_ha": 1.77,
        "region_id": "SE",
        "fe_oxide_index": 1.947,
        "clay_index": 2.115,
        "ndvi_stress_index": 0.385,
        "tmi_structural_nT": 45947.9,
        "tmi_anomaly_nT": 947.9,
        "elevation_mdpl": 466.8,
        "geochem_assay_ratio": 2.86
      },
      "geometry": {
        "type": "Polygon",
        "coordinates": [
          [
            [
              127.74,
              -1.638
            ],
            [
              127.752,
              -1.638
            ],
            [
              127.752,
              -1.626
            ],
            [
              127.74,
              -1.626
            ],
            [
              127.74,
              -1.638
            ]
          ]
        ]
      }
    },
    {
      "type": "Feature",
      "properties": {
        "grid_id": "OBI037",
        "site": "obi_island",
        "location_label": "Obi Island Interior Concession - Maluku Utara greenfield nickel laterite",
        "lithology": "ultramafic_simulated",
        "slope_deg": 18.9,
        "distance_to_river_m": 780,
        "distance_to_road_m": 3048,
        "distance_to_settlement_m": 10695,
        "legal_status": "conditional",
        "distance_to_smelter_km": 64.8,
        "area_ha": 1.77,
        "region_id": "SE",
        "fe_oxide_index": 2.21,
        "clay_index": 2.199,
        "ndvi_stress_index": 0.392,
        "tmi_structural_nT": 45954.0,
        "tmi_anomaly_nT": 954.0,
        "elevation_mdpl": 418.1,
        "geochem_assay_ratio": 2.11
      },
      "geometry": {
        "type": "Polygon",
        "coordinates": [
          [
            [
              127.752,
              -1.638
            ],
            [
              127.764,
              -1.638
            ],
            [
              127.764,
              -1.626
            ],
            [
              127.752,
              -1.626
            ],
            [
              127.752,
              -1.638
            ]
          ]
        ]
      }
    },
    {
      "type": "Feature",
      "properties": {
        "grid_id": "OBI038",
        "site": "obi_island",
        "location_label": "Obi Island Interior Concession - Maluku Utara greenfield nickel laterite",
        "lithology": "serpentinite_simulated",
        "slope_deg": 25.5,
        "distance_to_river_m": 260,
        "distance_to_road_m": 5293,
        "distance_to_settlement_m": 6502,
        "legal_status": "conditional",
        "distance_to_smelter_km": 67.6,
        "area_ha": 1.77,
        "region_id": "SE",
        "fe_oxide_index": 2.459,
        "clay_index": 1.651,
        "ndvi_stress_index": 0.412,
        "tmi_structural_nT": 45927.8,
        "tmi_anomaly_nT": 927.8,
        "elevation_mdpl": 451.2,
        "geochem_assay_ratio": 2.89
      },
      "geometry": {
        "type": "Polygon",
        "coordinates": [
          [
            [
              127.764,
              -1.638
            ],
            [
              127.776,
              -1.638
            ],
            [
              127.776,
              -1.626
            ],
            [
              127.764,
              -1.626
            ],
            [
              127.764,
              -1.638
            ]
          ]
        ]
      }
    },
    {
      "type": "Feature",
      "properties": {
        "grid_id": "OBI039",
        "site": "obi_island",
        "location_label": "Obi Island Interior Concession - Maluku Utara greenfield nickel laterite",
        "lithology": "alluvium",
        "slope_deg": 23.9,
        "distance_to_river_m": 1991,
        "distance_to_road_m": 5334,
        "distance_to_settlement_m": 3949,
        "legal_status": "conditional",
        "distance_to_smelter_km": 70.6,
        "area_ha": 1.77,
        "region_id": "SE",
        "fe_oxide_index": 1.416,
        "clay_index": 1.205,
        "ndvi_stress_index": 0.766,
        "tmi_structural_nT": 44713.7,
        "tmi_anomaly_nT": -286.3,
        "elevation_mdpl": 475.8,
        "geochem_assay_ratio": 5.49
      },
      "geometry": {
        "type": "Polygon",
        "coordinates": [
          [
            [
              127.776,
              -1.638
            ],
            [
              127.788,
              -1.638
            ],
            [
              127.788,
              -1.626
            ],
            [
              127.776,
              -1.626
            ],
            [
              127.776,
              -1.638
            ]
          ]
        ]
      }
    },
    {
      "type": "Feature",
      "properties": {
        "grid_id": "OBI040",
        "site": "obi_island",
        "location_label": "Obi Island Interior Concession - Maluku Utara greenfield nickel laterite",
        "lithology": "serpentinite_simulated",
        "slope_deg": 23.9,
        "distance_to_river_m": 741,
        "distance_to_road_m": 1433,
        "distance_to_settlement_m": 6222,
        "legal_status": "conditional",
        "distance_to_smelter_km": 73.8,
        "area_ha": 1.77,
        "region_id": "SE",
        "fe_oxide_index": 2.749,
        "clay_index": 1.743,
        "ndvi_stress_index": 0.249,
        "tmi_structural_nT": 45372.0,
        "tmi_anomaly_nT": 372.0,
        "elevation_mdpl": 424.2,
        "geochem_assay_ratio": 2.41
      },
      "geometry": {
        "type": "Polygon",
        "coordinates": [
          [
            [
              127.788,
              -1.638
            ],
            [
              127.8,
              -1.638
            ],
            [
              127.8,
              -1.626
            ],
            [
              127.788,
              -1.626
            ],
            [
              127.788,
              -1.638
            ]
          ]
        ]
      }
    },
    {
      "type": "Feature",
      "properties": {
        "grid_id": "OBI041",
        "site": "obi_island",
        "location_label": "Obi Island Interior Concession - Maluku Utara greenfield nickel laterite",
        "lithology": "serpentinite_simulated",
        "slope_deg": 17.4,
        "distance_to_river_m": 1276,
        "distance_to_road_m": 1519,
        "distance_to_settlement_m": 6523,
        "legal_status": "conditional",
        "distance_to_smelter_km": 71.0,
        "area_ha": 1.77,
        "region_id": "SW",
        "fe_oxide_index": 2.829,
        "clay_index": 1.608,
        "ndvi_stress_index": 0.343,
        "tmi_structural_nT": 45412.1,
        "tmi_anomaly_nT": 412.1,
        "elevation_mdpl": 499.9,
        "geochem_assay_ratio": 3.0
      },
      "geometry": {
        "type": "Polygon",
        "coordinates": [
          [
            [
              127.56,
              -1.626
            ],
            [
              127.572,
              -1.626
            ],
            [
              127.572,
              -1.614
            ],
            [
              127.56,
              -1.614
            ],
            [
              127.56,
              -1.626
            ]
          ]
        ]
      }
    },
    {
      "type": "Feature",
      "properties": {
        "grid_id": "OBI042",
        "site": "obi_island",
        "location_label": "Obi Island Interior Concession - Maluku Utara greenfield nickel laterite",
        "lithology": "serpentinite_simulated",
        "slope_deg": 22.5,
        "distance_to_river_m": 934,
        "distance_to_road_m": 1259,
        "distance_to_settlement_m": 9420,
        "legal_status": "conditional",
        "distance_to_smelter_km": 67.6,
        "area_ha": 1.77,
        "region_id": "SW",
        "fe_oxide_index": 2.435,
        "clay_index": 1.7,
        "ndvi_stress_index": 0.239,
        "tmi_structural_nT": 45423.3,
        "tmi_anomaly_nT": 423.3,
        "elevation_mdpl": 491.3,
        "geochem_assay_ratio": 1.62
      },
      "geometry": {
        "type": "Polygon",
        "coordinates": [
          [
            [
              127.572,
              -1.626
            ],
            [
              127.584,
              -1.626
            ],
            [
              127.584,
              -1.614
            ],
            [
              127.572,
              -1.614
            ],
            [
              127.572,
              -1.626
            ]
          ]
        ]
      }
    },
    {
      "type": "Feature",
      "properties": {
        "grid_id": "OBI043",
        "site": "obi_island",
        "location_label": "Obi Island Interior Concession - Maluku Utara greenfield nickel laterite",
        "lithology": "serpentinite_simulated",
        "slope_deg": 23.1,
        "distance_to_river_m": 1001,
        "distance_to_road_m": 2056,
        "distance_to_settlement_m": 5565,
        "legal_status": "conditional",
        "distance_to_smelter_km": 64.4,
        "area_ha": 1.77,
        "region_id": "SW",
        "fe_oxide_index": 2.724,
        "clay_index": 2.32,
        "ndvi_stress_index": 0.215,
        "tmi_structural_nT": 45746.5,
        "tmi_anomaly_nT": 746.5,
        "elevation_mdpl": 423.3,
        "geochem_assay_ratio": 2.3
      },
      "geometry": {
        "type": "Polygon",
        "coordinates": [
          [
            [
              127.584,
              -1.626
            ],
            [
              127.596,
              -1.626
            ],
            [
              127.596,
              -1.614
            ],
            [
              127.584,
              -1.614
            ],
            [
              127.584,
              -1.626
            ]
          ]
        ]
      }
    },
    {
      "type": "Feature",
      "properties": {
        "grid_id": "OBI044",
        "site": "obi_island",
        "location_label": "Obi Island Interior Concession - Maluku Utara greenfield nickel laterite",
        "lithology": "ultramafic_simulated",
        "slope_deg": 24.1,
        "distance_to_river_m": 604,
        "distance_to_road_m": 3702,
        "distance_to_settlement_m": 7106,
        "legal_status": "conditional",
        "distance_to_smelter_km": 61.4,
        "area_ha": 1.77,
        "region_id": "SW",
        "fe_oxide_index": 2.343,
        "clay_index": 1.626,
        "ndvi_stress_index": 0.302,
        "tmi_structural_nT": 45344.7,
        "tmi_anomaly_nT": 344.7,
        "elevation_mdpl": 494.9,
        "geochem_assay_ratio": 2.5
      },
      "geometry": {
        "type": "Polygon",
        "coordinates": [
          [
            [
              127.596,
              -1.626
            ],
            [
              127.608,
              -1.626
            ],
            [
              127.608,
              -1.614
            ],
            [
              127.596,
              -1.614
            ],
            [
              127.596,
              -1.626
            ]
          ]
        ]
      }
    },
    {
      "type": "Feature",
      "properties": {
        "grid_id": "OBI045",
        "site": "obi_island",
        "location_label": "Obi Island Interior Concession - Maluku Utara greenfield nickel laterite",
        "lithology": "serpentinite_simulated",
        "slope_deg": 26.1,
        "distance_to_river_m": 2555,
        "distance_to_road_m": 2249,
        "distance_to_settlement_m": 11231,
        "legal_status": "conditional",
        "distance_to_smelter_km": 58.7,
        "area_ha": 1.77,
        "region_id": "SW",
        "fe_oxide_index": 2.079,
        "clay_index": 2.133,
        "ndvi_stress_index": 0.239,
        "tmi_structural_nT": 46090.4,
        "tmi_anomaly_nT": 1090.4,
        "elevation_mdpl": 495.1,
        "geochem_assay_ratio": 1.99
      },
      "geometry": {
        "type": "Polygon",
        "coordinates": [
          [
            [
              127.608,
              -1.626
            ],
            [
              127.62,
              -1.626
            ],
            [
              127.62,
              -1.614
            ],
            [
              127.608,
              -1.614
            ],
            [
              127.608,
              -1.626
            ]
          ]
        ]
      }
    },
    {
      "type": "Feature",
      "properties": {
        "grid_id": "OBI046",
        "site": "obi_island",
        "location_label": "Obi Island Interior Concession - Maluku Utara greenfield nickel laterite",
        "lithology": "ultramafic_simulated",
        "slope_deg": 24.7,
        "distance_to_river_m": 2009,
        "distance_to_road_m": 2820,
        "distance_to_settlement_m": 8579,
        "legal_status": "conditional",
        "distance_to_smelter_km": 56.3,
        "area_ha": 1.77,
        "region_id": "SW",
        "fe_oxide_index": 2.175,
        "clay_index": 1.869,
        "ndvi_stress_index": 0.215,
        "tmi_structural_nT": 45866.6,
        "tmi_anomaly_nT": 866.6,
        "elevation_mdpl": 415.3,
        "geochem_assay_ratio": 1.57
      },
      "geometry": {
        "type": "Polygon",
        "coordinates": [
          [
            [
              127.62,
              -1.626
            ],
            [
              127.632,
              -1.626
            ],
            [
              127.632,
              -1.614
            ],
            [
              127.62,
              -1.614
            ],
            [
              127.62,
              -1.626
            ]
          ]
        ]
      }
    },
    {
      "type": "Feature",
      "properties": {
        "grid_id": "OBI047",
        "site": "obi_island",
        "location_label": "Obi Island Interior Concession - Maluku Utara greenfield nickel laterite",
        "lithology": "peridotite_simulated",
        "slope_deg": 26.7,
        "distance_to_river_m": 1053,
        "distance_to_road_m": 3814,
        "distance_to_settlement_m": 4562,
        "legal_status": "conditional",
        "distance_to_smelter_km": 54.2,
        "area_ha": 1.77,
        "region_id": "SW",
        "fe_oxide_index": 1.963,
        "clay_index": 1.902,
        "ndvi_stress_index": 0.304,
        "tmi_structural_nT": 45367.3,
        "tmi_anomaly_nT": 367.3,
        "elevation_mdpl": 413.4,
        "geochem_assay_ratio": 2.54
      },
      "geometry": {
        "type": "Polygon",
        "coordinates": [
          [
            [
              127.632,
              -1.626
            ],
            [
              127.644,
              -1.626
            ],
            [
              127.644,
              -1.614
            ],
            [
              127.632,
              -1.614
            ],
            [
              127.632,
              -1.626
            ]
          ]
        ]
      }
    },
    {
      "type": "Feature",
      "properties": {
        "grid_id": "OBI048",
        "site": "obi_island",
        "location_label": "Obi Island Interior Concession - Maluku Utara greenfield nickel laterite",
        "lithology": "ultramafic_simulated",
        "slope_deg": 20.4,
        "distance_to_river_m": 994,
        "distance_to_road_m": 2373,
        "distance_to_settlement_m": 6207,
        "legal_status": "conditional",
        "distance_to_smelter_km": 52.6,
        "area_ha": 1.77,
        "region_id": "SW",
        "fe_oxide_index": 2.105,
        "clay_index": 1.955,
        "ndvi_stress_index": 0.213,
        "tmi_structural_nT": 45818.9,
        "tmi_anomaly_nT": 818.9,
        "elevation_mdpl": 441.6,
        "geochem_assay_ratio": 2.36
      },
      "geometry": {
        "type": "Polygon",
        "coordinates": [
          [
            [
              127.644,
              -1.626
            ],
            [
              127.656,
              -1.626
            ],
            [
              127.656,
              -1.614
            ],
            [
              127.644,
              -1.614
            ],
            [
              127.644,
              -1.626
            ]
          ]
        ]
      }
    },
    {
      "type": "Feature",
      "properties": {
        "grid_id": "OBI049",
        "site": "obi_island",
        "location_label": "Obi Island Interior Concession - Maluku Utara greenfield nickel laterite",
        "lithology": "serpentinite_simulated",
        "slope_deg": 20.0,
        "distance_to_river_m": 2235,
        "distance_to_road_m": 3878,
        "distance_to_settlement_m": 6026,
        "legal_status": "conditional",
        "distance_to_smelter_km": 51.5,
        "area_ha": 1.77,
        "region_id": "SW",
        "fe_oxide_index": 2.426,
        "clay_index": 2.324,
        "ndvi_stress_index": 0.415,
        "tmi_structural_nT": 45544.6,
        "tmi_anomaly_nT": 544.6,
        "elevation_mdpl": 419.2,
        "geochem_assay_ratio": 2.12
      },
      "geometry": {
        "type": "Polygon",
        "coordinates": [
          [
            [
              127.656,
              -1.626
            ],
            [
              127.668,
              -1.626
            ],
            [
              127.668,
              -1.614
            ],
            [
              127.656,
              -1.614
            ],
            [
              127.656,
              -1.626
            ]
          ]
        ]
      }
    },
    {
      "type": "Feature",
      "properties": {
        "grid_id": "OBI050",
        "site": "obi_island",
        "location_label": "Obi Island Interior Concession - Maluku Utara greenfield nickel laterite",
        "lithology": "serpentinite_simulated",
        "slope_deg": 17.1,
        "distance_to_river_m": 448,
        "distance_to_road_m": 4929,
        "distance_to_settlement_m": 6280,
        "legal_status": "conditional",
        "distance_to_smelter_km": 50.9,
        "area_ha": 1.77,
        "region_id": "SW",
        "fe_oxide_index": 1.824,
        "clay_index": 1.662,
        "ndvi_stress_index": 0.229,
        "tmi_structural_nT": 45624.3,
        "tmi_anomaly_nT": 624.3,
        "elevation_mdpl": 501.2,
        "geochem_assay_ratio": 2.26
      },
      "geometry": {
        "type": "Polygon",
        "coordinates": [
          [
            [
              127.668,
              -1.626
            ],
            [
              127.68,
              -1.626
            ],
            [
              127.68,
              -1.614
            ],
            [
              127.668,
              -1.614
            ],
            [
              127.668,
              -1.626
            ]
          ]
        ]
      }
    },
    {
      "type": "Feature",
      "properties": {
        "grid_id": "OBI051",
        "site": "obi_island",
        "location_label": "Obi Island Interior Concession - Maluku Utara greenfield nickel laterite",
        "lithology": "mafic_volcanic_simulated",
        "slope_deg": 20.4,
        "distance_to_river_m": 2186,
        "distance_to_road_m": 2343,
        "distance_to_settlement_m": 6115,
        "legal_status": "conditional",
        "distance_to_smelter_km": 50.9,
        "area_ha": 1.77,
        "region_id": "SE",
        "fe_oxide_index": 1.11,
        "clay_index": 1.238,
        "ndvi_stress_index": 0.503,
        "tmi_structural_nT": 45298.2,
        "tmi_anomaly_nT": 298.2,
        "elevation_mdpl": 483.6,
        "geochem_assay_ratio": 3.5
      },
      "geometry": {
        "type": "Polygon",
        "coordinates": [
          [
            [
              127.68,
              -1.626
            ],
            [
              127.692,
              -1.626
            ],
            [
              127.692,
              -1.614
            ],
            [
              127.68,
              -1.614
            ],
            [
              127.68,
              -1.626
            ]
          ]
        ]
      }
    },
    {
      "type": "Feature",
      "properties": {
        "grid_id": "OBI052",
        "site": "obi_island",
        "location_label": "Obi Island Interior Concession - Maluku Utara greenfield nickel laterite",
        "lithology": "serpentinite_simulated",
        "slope_deg": 24.3,
        "distance_to_river_m": 1827,
        "distance_to_road_m": 3693,
        "distance_to_settlement_m": 8525,
        "legal_status": "conditional",
        "distance_to_smelter_km": 51.5,
        "area_ha": 1.77,
        "region_id": "SE",
        "fe_oxide_index": 1.886,
        "clay_index": 2.186,
        "ndvi_stress_index": 0.372,
        "tmi_structural_nT": 45979.0,
        "tmi_anomaly_nT": 979.0,
        "elevation_mdpl": 419.6,
        "geochem_assay_ratio": 2.35
      },
      "geometry": {
        "type": "Polygon",
        "coordinates": [
          [
            [
              127.692,
              -1.626
            ],
            [
              127.704,
              -1.626
            ],
            [
              127.704,
              -1.614
            ],
            [
              127.692,
              -1.614
            ],
            [
              127.692,
              -1.626
            ]
          ]
        ]
      }
    },
    {
      "type": "Feature",
      "properties": {
        "grid_id": "OBI053",
        "site": "obi_island",
        "location_label": "Obi Island Interior Concession - Maluku Utara greenfield nickel laterite",
        "lithology": "serpentinite_simulated",
        "slope_deg": 26.2,
        "distance_to_river_m": 1389,
        "distance_to_road_m": 3056,
        "distance_to_settlement_m": 5594,
        "legal_status": "conditional",
        "distance_to_smelter_km": 52.6,
        "area_ha": 1.77,
        "region_id": "SE",
        "fe_oxide_index": 2.802,
        "clay_index": 1.789,
        "ndvi_stress_index": 0.188,
        "tmi_structural_nT": 45909.0,
        "tmi_anomaly_nT": 909.0,
        "elevation_mdpl": 455.8,
        "geochem_assay_ratio": 1.74
      },
      "geometry": {
        "type": "Polygon",
        "coordinates": [
          [
            [
              127.704,
              -1.626
            ],
            [
              127.716,
              -1.626
            ],
            [
              127.716,
              -1.614
            ],
            [
              127.704,
              -1.614
            ],
            [
              127.704,
              -1.626
            ]
          ]
        ]
      }
    },
    {
      "type": "Feature",
      "properties": {
        "grid_id": "OBI054",
        "site": "obi_island",
        "location_label": "Obi Island Interior Concession - Maluku Utara greenfield nickel laterite",
        "lithology": "serpentinite_simulated",
        "slope_deg": 26.7,
        "distance_to_river_m": 2099,
        "distance_to_road_m": 1277,
        "distance_to_settlement_m": 11392,
        "legal_status": "conditional",
        "distance_to_smelter_km": 54.2,
        "area_ha": 1.77,
        "region_id": "SE",
        "fe_oxide_index": 2.717,
        "clay_index": 1.973,
        "ndvi_stress_index": 0.262,
        "tmi_structural_nT": 45852.4,
        "tmi_anomaly_nT": 852.4,
        "elevation_mdpl": 448.6,
        "geochem_assay_ratio": 2.88
      },
      "geometry": {
        "type": "Polygon",
        "coordinates": [
          [
            [
              127.716,
              -1.626
            ],
            [
              127.728,
              -1.626
            ],
            [
              127.728,
              -1.614
            ],
            [
              127.716,
              -1.614
            ],
            [
              127.716,
              -1.626
            ]
          ]
        ]
      }
    },
    {
      "type": "Feature",
      "properties": {
        "grid_id": "OBI055",
        "site": "obi_island",
        "location_label": "Obi Island Interior Concession - Maluku Utara greenfield nickel laterite",
        "lithology": "peridotite_simulated",
        "slope_deg": 25.3,
        "distance_to_river_m": 408,
        "distance_to_road_m": 1236,
        "distance_to_settlement_m": 11607,
        "legal_status": "conditional",
        "distance_to_smelter_km": 56.3,
        "area_ha": 1.77,
        "region_id": "SE",
        "fe_oxide_index": 1.921,
        "clay_index": 2.304,
        "ndvi_stress_index": 0.369,
        "tmi_structural_nT": 45702.4,
        "tmi_anomaly_nT": 702.4,
        "elevation_mdpl": 481.5,
        "geochem_assay_ratio": 2.14
      },
      "geometry": {
        "type": "Polygon",
        "coordinates": [
          [
            [
              127.728,
              -1.626
            ],
            [
              127.74,
              -1.626
            ],
            [
              127.74,
              -1.614
            ],
            [
              127.728,
              -1.614
            ],
            [
              127.728,
              -1.626
            ]
          ]
        ]
      }
    },
    {
      "type": "Feature",
      "properties": {
        "grid_id": "OBI056",
        "site": "obi_island",
        "location_label": "Obi Island Interior Concession - Maluku Utara greenfield nickel laterite",
        "lithology": "ultramafic_simulated",
        "slope_deg": 22.1,
        "distance_to_river_m": 2214,
        "distance_to_road_m": 5013,
        "distance_to_settlement_m": 10051,
        "legal_status": "conditional",
        "distance_to_smelter_km": 58.7,
        "area_ha": 1.77,
        "region_id": "SE",
        "fe_oxide_index": 1.802,
        "clay_index": 2.425,
        "ndvi_stress_index": 0.378,
        "tmi_structural_nT": 45807.0,
        "tmi_anomaly_nT": 807.0,
        "elevation_mdpl": 502.1,
        "geochem_assay_ratio": 2.8
      },
      "geometry": {
        "type": "Polygon",
        "coordinates": [
          [
            [
              127.74,
              -1.626
            ],
            [
              127.752,
              -1.626
            ],
            [
              127.752,
              -1.614
            ],
            [
              127.74,
              -1.614
            ],
            [
              127.74,
              -1.626
            ]
          ]
        ]
      }
    },
    {
      "type": "Feature",
      "properties": {
        "grid_id": "OBI057",
        "site": "obi_island",
        "location_label": "Obi Island Interior Concession - Maluku Utara greenfield nickel laterite",
        "lithology": "serpentinite_simulated",
        "slope_deg": 17.4,
        "distance_to_river_m": 713,
        "distance_to_road_m": 3716,
        "distance_to_settlement_m": 11942,
        "legal_status": "conditional",
        "distance_to_smelter_km": 61.4,
        "area_ha": 1.77,
        "region_id": "SE",
        "fe_oxide_index": 1.915,
        "clay_index": 1.745,
        "ndvi_stress_index": 0.239,
        "tmi_structural_nT": 46060.1,
        "tmi_anomaly_nT": 1060.1,
        "elevation_mdpl": 478.0,
        "geochem_assay_ratio": 1.42
      },
      "geometry": {
        "type": "Polygon",
        "coordinates": [
          [
            [
              127.752,
              -1.626
            ],
            [
              127.764,
              -1.626
            ],
            [
              127.764,
              -1.614
            ],
            [
              127.752,
              -1.614
            ],
            [
              127.752,
              -1.626
            ]
          ]
        ]
      }
    },
    {
      "type": "Feature",
      "properties": {
        "grid_id": "OBI058",
        "site": "obi_island",
        "location_label": "Obi Island Interior Concession - Maluku Utara greenfield nickel laterite",
        "lithology": "serpentinite_simulated",
        "slope_deg": 18.9,
        "distance_to_river_m": 390,
        "distance_to_road_m": 2802,
        "distance_to_settlement_m": 11540,
        "legal_status": "conditional",
        "distance_to_smelter_km": 64.4,
        "area_ha": 1.77,
        "region_id": "SE",
        "fe_oxide_index": 1.978,
        "clay_index": 1.637,
        "ndvi_stress_index": 0.24,
        "tmi_structural_nT": 46006.8,
        "tmi_anomaly_nT": 1006.8,
        "elevation_mdpl": 477.0,
        "geochem_assay_ratio": 2.46
      },
      "geometry": {
        "type": "Polygon",
        "coordinates": [
          [
            [
              127.764,
              -1.626
            ],
            [
              127.776,
              -1.626
            ],
            [
              127.776,
              -1.614
            ],
            [
              127.764,
              -1.614
            ],
            [
              127.764,
              -1.626
            ]
          ]
        ]
      }
    },
    {
      "type": "Feature",
      "properties": {
        "grid_id": "OBI059",
        "site": "obi_island",
        "location_label": "Obi Island Interior Concession - Maluku Utara greenfield nickel laterite",
        "lithology": "serpentinite_simulated",
        "slope_deg": 22.5,
        "distance_to_river_m": 1650,
        "distance_to_road_m": 2851,
        "distance_to_settlement_m": 11773,
        "legal_status": "conditional",
        "distance_to_smelter_km": 67.6,
        "area_ha": 1.77,
        "region_id": "SE",
        "fe_oxide_index": 2.217,
        "clay_index": 2.421,
        "ndvi_stress_index": 0.239,
        "tmi_structural_nT": 45520.1,
        "tmi_anomaly_nT": 520.1,
        "elevation_mdpl": 416.4,
        "geochem_assay_ratio": 2.97
      },
      "geometry": {
        "type": "Polygon",
        "coordinates": [
          [
            [
              127.776,
              -1.626
            ],
            [
              127.788,
              -1.626
            ],
            [
              127.788,
              -1.614
            ],
            [
              127.776,
              -1.614
            ],
            [
              127.776,
              -1.626
            ]
          ]
        ]
      }
    },
    {
      "type": "Feature",
      "properties": {
        "grid_id": "OBI060",
        "site": "obi_island",
        "location_label": "Obi Island Interior Concession - Maluku Utara greenfield nickel laterite",
        "lithology": "serpentinite_simulated",
        "slope_deg": 18.2,
        "distance_to_river_m": 976,
        "distance_to_road_m": 1625,
        "distance_to_settlement_m": 11362,
        "legal_status": "conditional",
        "distance_to_smelter_km": 71.0,
        "area_ha": 1.77,
        "region_id": "SE",
        "fe_oxide_index": 1.912,
        "clay_index": 2.304,
        "ndvi_stress_index": 0.29,
        "tmi_structural_nT": 45157.9,
        "tmi_anomaly_nT": 157.9,
        "elevation_mdpl": 464.5,
        "geochem_assay_ratio": 2.18
      },
      "geometry": {
        "type": "Polygon",
        "coordinates": [
          [
            [
              127.788,
              -1.626
            ],
            [
              127.8,
              -1.626
            ],
            [
              127.8,
              -1.614
            ],
            [
              127.788,
              -1.614
            ],
            [
              127.788,
              -1.626
            ]
          ]
        ]
      }
    },
    {
      "type": "Feature",
      "properties": {
        "grid_id": "OBI061",
        "site": "obi_island",
        "location_label": "Obi Island Interior Concession - Maluku Utara greenfield nickel laterite",
        "lithology": "serpentinite_simulated",
        "slope_deg": 18.6,
        "distance_to_river_m": 915,
        "distance_to_road_m": 5122,
        "distance_to_settlement_m": 8524,
        "legal_status": "conditional",
        "distance_to_smelter_km": 68.4,
        "area_ha": 1.77,
        "region_id": "SW",
        "fe_oxide_index": 1.957,
        "clay_index": 1.73,
        "ndvi_stress_index": 0.204,
        "tmi_structural_nT": 45818.6,
        "tmi_anomaly_nT": 818.6,
        "elevation_mdpl": 464.7,
        "geochem_assay_ratio": 1.48
      },
      "geometry": {
        "type": "Polygon",
        "coordinates": [
          [
            [
              127.56,
              -1.614
            ],
            [
              127.572,
              -1.614
            ],
            [
              127.572,
              -1.602
            ],
            [
              127.56,
              -1.602
            ],
            [
              127.56,
              -1.614
            ]
          ]
        ]
      }
    },
    {
      "type": "Feature",
      "properties": {
        "grid_id": "OBI062",
        "site": "obi_island",
        "location_label": "Obi Island Interior Concession - Maluku Utara greenfield nickel laterite",
        "lithology": "peridotite_simulated",
        "slope_deg": 18.6,
        "distance_to_river_m": 1502,
        "distance_to_road_m": 4776,
        "distance_to_settlement_m": 7159,
        "legal_status": "conditional",
        "distance_to_smelter_km": 64.8,
        "area_ha": 1.77,
        "region_id": "SW",
        "fe_oxide_index": 1.888,
        "clay_index": 1.937,
        "ndvi_stress_index": 0.26,
        "tmi_structural_nT": 45747.4,
        "tmi_anomaly_nT": 747.4,
        "elevation_mdpl": 416.7,
        "geochem_assay_ratio": 2.14
      },
      "geometry": {
        "type": "Polygon",
        "coordinates": [
          [
            [
              127.572,
              -1.614
            ],
            [
              127.584,
              -1.614
            ],
            [
              127.584,
              -1.602
            ],
            [
              127.572,
              -1.602
            ],
            [
              127.572,
              -1.614
            ]
          ]
        ]
      }
    },
    {
      "type": "Feature",
      "properties": {
        "grid_id": "OBI063",
        "site": "obi_island",
        "location_label": "Obi Island Interior Concession - Maluku Utara greenfield nickel laterite",
        "lithology": "peridotite_simulated",
        "slope_deg": 18.1,
        "distance_to_river_m": 2656,
        "distance_to_road_m": 4091,
        "distance_to_settlement_m": 10221,
        "legal_status": "conditional",
        "distance_to_smelter_km": 61.4,
        "area_ha": 1.77,
        "region_id": "SW",
        "fe_oxide_index": 2.819,
        "clay_index": 1.637,
        "ndvi_stress_index": 0.287,
        "tmi_structural_nT": 45557.3,
        "tmi_anomaly_nT": 557.3,
        "elevation_mdpl": 426.8,
        "geochem_assay_ratio": 2.41
      },
      "geometry": {
        "type": "Polygon",
        "coordinates": [
          [
            [
              127.584,
              -1.614
            ],
            [
              127.596,
              -1.614
            ],
            [
              127.596,
              -1.602
            ],
            [
              127.584,
              -1.602
            ],
            [
              127.584,
              -1.614
            ]
          ]
        ]
      }
    },
    {
      "type": "Feature",
      "properties": {
        "grid_id": "OBI064",
        "site": "obi_island",
        "location_label": "Obi Island Interior Concession - Maluku Utara greenfield nickel laterite",
        "lithology": "serpentinite_simulated",
        "slope_deg": 21.9,
        "distance_to_river_m": 1413,
        "distance_to_road_m": 4843,
        "distance_to_settlement_m": 6939,
        "legal_status": "conditional",
        "distance_to_smelter_km": 58.2,
        "area_ha": 1.77,
        "region_id": "SW",
        "fe_oxide_index": 2.567,
        "clay_index": 2.251,
        "ndvi_stress_index": 0.21,
        "tmi_structural_nT": 45484.2,
        "tmi_anomaly_nT": 484.2,
        "elevation_mdpl": 410.2,
        "geochem_assay_ratio": 2.93
      },
      "geometry": {
        "type": "Polygon",
        "coordinates": [
          [
            [
              127.596,
              -1.614
            ],
            [
              127.608,
              -1.614
            ],
            [
              127.608,
              -1.602
            ],
            [
              127.596,
              -1.602
            ],
            [
              127.596,
              -1.614
            ]
          ]
        ]
      }
    },
    {
      "type": "Feature",
      "properties": {
        "grid_id": "OBI065",
        "site": "obi_island",
        "location_label": "Obi Island Interior Concession - Maluku Utara greenfield nickel laterite",
        "lithology": "peridotite_simulated",
        "slope_deg": 19.4,
        "distance_to_river_m": 581,
        "distance_to_road_m": 1600,
        "distance_to_settlement_m": 6577,
        "legal_status": "conditional",
        "distance_to_smelter_km": 55.3,
        "area_ha": 1.77,
        "region_id": "SW",
        "fe_oxide_index": 2.179,
        "clay_index": 2.229,
        "ndvi_stress_index": 0.294,
        "tmi_structural_nT": 46085.4,
        "tmi_anomaly_nT": 1085.4,
        "elevation_mdpl": 466.5,
        "geochem_assay_ratio": 1.56
      },
      "geometry": {
        "type": "Polygon",
        "coordinates": [
          [
            [
              127.608,
              -1.614
            ],
            [
              127.62,
              -1.614
            ],
            [
              127.62,
              -1.602
            ],
            [
              127.608,
              -1.602
            ],
            [
              127.608,
              -1.614
            ]
          ]
        ]
      }
    },
    {
      "type": "Feature",
      "properties": {
        "grid_id": "OBI066",
        "site": "obi_island",
        "location_label": "Obi Island Interior Concession - Maluku Utara greenfield nickel laterite",
        "lithology": "serpentinite_simulated",
        "slope_deg": 16.7,
        "distance_to_river_m": 1986,
        "distance_to_road_m": 4397,
        "distance_to_settlement_m": 10413,
        "legal_status": "conditional",
        "distance_to_smelter_km": 52.6,
        "area_ha": 1.77,
        "region_id": "SW",
        "fe_oxide_index": 2.639,
        "clay_index": 1.837,
        "ndvi_stress_index": 0.224,
        "tmi_structural_nT": 45961.7,
        "tmi_anomaly_nT": 961.7,
        "elevation_mdpl": 421.7,
        "geochem_assay_ratio": 1.69
      },
      "geometry": {
        "type": "Polygon",
        "coordinates": [
          [
            [
              127.62,
              -1.614
            ],
            [
              127.632,
              -1.614
            ],
            [
              127.632,
              -1.602
            ],
            [
              127.62,
              -1.602
            ],
            [
              127.62,
              -1.614
            ]
          ]
        ]
      }
    },
    {
      "type": "Feature",
      "properties": {
        "grid_id": "OBI067",
        "site": "obi_island",
        "location_label": "Obi Island Interior Concession - Maluku Utara greenfield nickel laterite",
        "lithology": "mafic_volcanic_simulated",
        "slope_deg": 19.0,
        "distance_to_river_m": 2056,
        "distance_to_road_m": 4381,
        "distance_to_settlement_m": 5060,
        "legal_status": "conditional",
        "distance_to_smelter_km": 50.3,
        "area_ha": 1.77,
        "region_id": "SW",
        "fe_oxide_index": 1.683,
        "clay_index": 1.32,
        "ndvi_stress_index": 0.729,
        "tmi_structural_nT": 44730.3,
        "tmi_anomaly_nT": -269.7,
        "elevation_mdpl": 499.2,
        "geochem_assay_ratio": 5.6
      },
      "geometry": {
        "type": "Polygon",
        "coordinates": [
          [
            [
              127.632,
              -1.614
            ],
            [
              127.644,
              -1.614
            ],
            [
              127.644,
              -1.602
            ],
            [
              127.632,
              -1.602
            ],
            [
              127.632,
              -1.614
            ]
          ]
        ]
      }
    },
    {
      "type": "Feature",
      "properties": {
        "grid_id": "OBI068",
        "site": "obi_island",
        "location_label": "Obi Island Interior Concession - Maluku Utara greenfield nickel laterite",
        "lithology": "serpentinite_simulated",
        "slope_deg": 19.5,
        "distance_to_river_m": 2773,
        "distance_to_road_m": 2441,
        "distance_to_settlement_m": 5305,
        "legal_status": "conditional",
        "distance_to_smelter_km": 48.5,
        "area_ha": 1.77,
        "region_id": "SW",
        "fe_oxide_index": 2.422,
        "clay_index": 1.661,
        "ndvi_stress_index": 0.249,
        "tmi_structural_nT": 45771.3,
        "tmi_anomaly_nT": 771.3,
        "elevation_mdpl": 499.0,
        "geochem_assay_ratio": 1.94
      },
      "geometry": {
        "type": "Polygon",
        "coordinates": [
          [
            [
              127.644,
              -1.614
            ],
            [
              127.656,
              -1.614
            ],
            [
              127.656,
              -1.602
            ],
            [
              127.644,
              -1.602
            ],
            [
              127.644,
              -1.614
            ]
          ]
        ]
      }
    },
    {
      "type": "Feature",
      "properties": {
        "grid_id": "OBI069",
        "site": "obi_island",
        "location_label": "Obi Island Interior Concession - Maluku Utara greenfield nickel laterite",
        "lithology": "serpentinite_simulated",
        "slope_deg": 17.6,
        "distance_to_river_m": 2569,
        "distance_to_road_m": 2180,
        "distance_to_settlement_m": 11494,
        "legal_status": "conditional",
        "distance_to_smelter_km": 47.2,
        "area_ha": 1.77,
        "region_id": "SW",
        "fe_oxide_index": 2.265,
        "clay_index": 2.401,
        "ndvi_stress_index": 0.402,
        "tmi_structural_nT": 45301.5,
        "tmi_anomaly_nT": 301.5,
        "elevation_mdpl": 463.1,
        "geochem_assay_ratio": 2.3
      },
      "geometry": {
        "type": "Polygon",
        "coordinates": [
          [
            [
              127.656,
              -1.614
            ],
            [
              127.668,
              -1.614
            ],
            [
              127.668,
              -1.602
            ],
            [
              127.656,
              -1.602
            ],
            [
              127.656,
              -1.614
            ]
          ]
        ]
      }
    },
    {
      "type": "Feature",
      "properties": {
        "grid_id": "OBI070",
        "site": "obi_island",
        "location_label": "Obi Island Interior Concession - Maluku Utara greenfield nickel laterite",
        "lithology": "ultramafic_simulated",
        "slope_deg": 22.8,
        "distance_to_river_m": 964,
        "distance_to_road_m": 3909,
        "distance_to_settlement_m": 6514,
        "legal_status": "conditional",
        "distance_to_smelter_km": 46.5,
        "area_ha": 1.77,
        "region_id": "SW",
        "fe_oxide_index": 1.959,
        "clay_index": 1.671,
        "ndvi_stress_index": 0.22,
        "tmi_structural_nT": 45183.8,
        "tmi_anomaly_nT": 183.8,
        "elevation_mdpl": 508.9,
        "geochem_assay_ratio": 1.54
      },
      "geometry": {
        "type": "Polygon",
        "coordinates": [
          [
            [
              127.668,
              -1.614
            ],
            [
              127.68,
              -1.614
            ],
            [
              127.68,
              -1.602
            ],
            [
              127.668,
              -1.602
            ],
            [
              127.668,
              -1.614
            ]
          ]
        ]
      }
    },
    {
      "type": "Feature",
      "properties": {
        "grid_id": "OBI071",
        "site": "obi_island",
        "location_label": "Obi Island Interior Concession - Maluku Utara greenfield nickel laterite",
        "lithology": "ultramafic_simulated",
        "slope_deg": 20.3,
        "distance_to_river_m": 1276,
        "distance_to_road_m": 3748,
        "distance_to_settlement_m": 10361,
        "legal_status": "conditional",
        "distance_to_smelter_km": 46.5,
        "area_ha": 1.77,
        "region_id": "SE",
        "fe_oxide_index": 2.317,
        "clay_index": 1.614,
        "ndvi_stress_index": 0.295,
        "tmi_structural_nT": 45700.1,
        "tmi_anomaly_nT": 700.1,
        "elevation_mdpl": 482.7,
        "geochem_assay_ratio": 1.71
      },
      "geometry": {
        "type": "Polygon",
        "coordinates": [
          [
            [
              127.68,
              -1.614
            ],
            [
              127.692,
              -1.614
            ],
            [
              127.692,
              -1.602
            ],
            [
              127.68,
              -1.602
            ],
            [
              127.68,
              -1.614
            ]
          ]
        ]
      }
    },
    {
      "type": "Feature",
      "properties": {
        "grid_id": "OBI072",
        "site": "obi_island",
        "location_label": "Obi Island Interior Concession - Maluku Utara greenfield nickel laterite",
        "lithology": "peridotite_simulated",
        "slope_deg": 24.3,
        "distance_to_river_m": 1107,
        "distance_to_road_m": 1674,
        "distance_to_settlement_m": 11769,
        "legal_status": "conditional",
        "distance_to_smelter_km": 47.2,
        "area_ha": 1.77,
        "region_id": "SE",
        "fe_oxide_index": 2.462,
        "clay_index": 1.789,
        "ndvi_stress_index": 0.246,
        "tmi_structural_nT": 45413.9,
        "tmi_anomaly_nT": 413.9,
        "elevation_mdpl": 456.5,
        "geochem_assay_ratio": 2.99
      },
      "geometry": {
        "type": "Polygon",
        "coordinates": [
          [
            [
              127.692,
              -1.614
            ],
            [
              127.704,
              -1.614
            ],
            [
              127.704,
              -1.602
            ],
            [
              127.692,
              -1.602
            ],
            [
              127.692,
              -1.614
            ]
          ]
        ]
      }
    },
    {
      "type": "Feature",
      "properties": {
        "grid_id": "OBI073",
        "site": "obi_island",
        "location_label": "Obi Island Interior Concession - Maluku Utara greenfield nickel laterite",
        "lithology": "peridotite_simulated",
        "slope_deg": 23.2,
        "distance_to_river_m": 505,
        "distance_to_road_m": 1813,
        "distance_to_settlement_m": 9834,
        "legal_status": "conditional",
        "distance_to_smelter_km": 48.5,
        "area_ha": 1.77,
        "region_id": "SE",
        "fe_oxide_index": 2.758,
        "clay_index": 1.621,
        "ndvi_stress_index": 0.283,
        "tmi_structural_nT": 45513.6,
        "tmi_anomaly_nT": 513.6,
        "elevation_mdpl": 443.3,
        "geochem_assay_ratio": 2.44
      },
      "geometry": {
        "type": "Polygon",
        "coordinates": [
          [
            [
              127.704,
              -1.614
            ],
            [
              127.716,
              -1.614
            ],
            [
              127.716,
              -1.602
            ],
            [
              127.704,
              -1.602
            ],
            [
              127.704,
              -1.614
            ]
          ]
        ]
      }
    },
    {
      "type": "Feature",
      "properties": {
        "grid_id": "OBI074",
        "site": "obi_island",
        "location_label": "Obi Island Interior Concession - Maluku Utara greenfield nickel laterite",
        "lithology": "serpentinite_simulated",
        "slope_deg": 21.6,
        "distance_to_river_m": 2800,
        "distance_to_road_m": 4949,
        "distance_to_settlement_m": 4490,
        "legal_status": "conditional",
        "distance_to_smelter_km": 50.3,
        "area_ha": 1.77,
        "region_id": "SE",
        "fe_oxide_index": 1.984,
        "clay_index": 2.053,
        "ndvi_stress_index": 0.32,
        "tmi_structural_nT": 45937.7,
        "tmi_anomaly_nT": 937.7,
        "elevation_mdpl": 443.3,
        "geochem_assay_ratio": 2.7
      },
      "geometry": {
        "type": "Polygon",
        "coordinates": [
          [
            [
              127.716,
              -1.614
            ],
            [
              127.728,
              -1.614
            ],
            [
              127.728,
              -1.602
            ],
            [
              127.716,
              -1.602
            ],
            [
              127.716,
              -1.614
            ]
          ]
        ]
      }
    },
    {
      "type": "Feature",
      "properties": {
        "grid_id": "OBI075",
        "site": "obi_island",
        "location_label": "Obi Island Interior Concession - Maluku Utara greenfield nickel laterite",
        "lithology": "serpentinite_simulated",
        "slope_deg": 20.5,
        "distance_to_river_m": 842,
        "distance_to_road_m": 4766,
        "distance_to_settlement_m": 11592,
        "legal_status": "conditional",
        "distance_to_smelter_km": 52.6,
        "area_ha": 1.77,
        "region_id": "SE",
        "fe_oxide_index": 1.981,
        "clay_index": 2.025,
        "ndvi_stress_index": 0.269,
        "tmi_structural_nT": 45874.7,
        "tmi_anomaly_nT": 874.7,
        "elevation_mdpl": 485.5,
        "geochem_assay_ratio": 2.46
      },
      "geometry": {
        "type": "Polygon",
        "coordinates": [
          [
            [
              127.728,
              -1.614
            ],
            [
              127.74,
              -1.614
            ],
            [
              127.74,
              -1.602
            ],
            [
              127.728,
              -1.602
            ],
            [
              127.728,
              -1.614
            ]
          ]
        ]
      }
    },
    {
      "type": "Feature",
      "properties": {
        "grid_id": "OBI076",
        "site": "obi_island",
        "location_label": "Obi Island Interior Concession - Maluku Utara greenfield nickel laterite",
        "lithology": "serpentinite_simulated",
        "slope_deg": 18.0,
        "distance_to_river_m": 2449,
        "distance_to_road_m": 1650,
        "distance_to_settlement_m": 11969,
        "legal_status": "conditional",
        "distance_to_smelter_km": 55.3,
        "area_ha": 1.77,
        "region_id": "SE",
        "fe_oxide_index": 2.659,
        "clay_index": 2.031,
        "ndvi_stress_index": 0.19,
        "tmi_structural_nT": 45268.5,
        "tmi_anomaly_nT": 268.5,
        "elevation_mdpl": 463.9,
        "geochem_assay_ratio": 2.32
      },
      "geometry": {
        "type": "Polygon",
        "coordinates": [
          [
            [
              127.74,
              -1.614
            ],
            [
              127.752,
              -1.614
            ],
            [
              127.752,
              -1.602
            ],
            [
              127.74,
              -1.602
            ],
            [
              127.74,
              -1.614
            ]
          ]
        ]
      }
    },
    {
      "type": "Feature",
      "properties": {
        "grid_id": "OBI077",
        "site": "obi_island",
        "location_label": "Obi Island Interior Concession - Maluku Utara greenfield nickel laterite",
        "lithology": "ultramafic_simulated",
        "slope_deg": 19.7,
        "distance_to_river_m": 1107,
        "distance_to_road_m": 1484,
        "distance_to_settlement_m": 7163,
        "legal_status": "conditional",
        "distance_to_smelter_km": 58.2,
        "area_ha": 1.77,
        "region_id": "SE",
        "fe_oxide_index": 2.041,
        "clay_index": 1.828,
        "ndvi_stress_index": 0.417,
        "tmi_structural_nT": 45694.7,
        "tmi_anomaly_nT": 694.7,
        "elevation_mdpl": 469.4,
        "geochem_assay_ratio": 2.02
      },
      "geometry": {
        "type": "Polygon",
        "coordinates": [
          [
            [
              127.752,
              -1.614
            ],
            [
              127.764,
              -1.614
            ],
            [
              127.764,
              -1.602
            ],
            [
              127.752,
              -1.602
            ],
            [
              127.752,
              -1.614
            ]
          ]
        ]
      }
    },
    {
      "type": "Feature",
      "properties": {
        "grid_id": "OBI078",
        "site": "obi_island",
        "location_label": "Obi Island Interior Concession - Maluku Utara greenfield nickel laterite",
        "lithology": "serpentinite_simulated",
        "slope_deg": 16.9,
        "distance_to_river_m": 2439,
        "distance_to_road_m": 3033,
        "distance_to_settlement_m": 7463,
        "legal_status": "conditional",
        "distance_to_smelter_km": 61.4,
        "area_ha": 1.77,
        "region_id": "SE",
        "fe_oxide_index": 2.502,
        "clay_index": 2.35,
        "ndvi_stress_index": 0.204,
        "tmi_structural_nT": 45984.7,
        "tmi_anomaly_nT": 984.7,
        "elevation_mdpl": 455.2,
        "geochem_assay_ratio": 2.06
      },
      "geometry": {
        "type": "Polygon",
        "coordinates": [
          [
            [
              127.764,
              -1.614
            ],
            [
              127.776,
              -1.614
            ],
            [
              127.776,
              -1.602
            ],
            [
              127.764,
              -1.602
            ],
            [
              127.764,
              -1.614
            ]
          ]
        ]
      }
    },
    {
      "type": "Feature",
      "properties": {
        "grid_id": "OBI079",
        "site": "obi_island",
        "location_label": "Obi Island Interior Concession - Maluku Utara greenfield nickel laterite",
        "lithology": "ultramafic_simulated",
        "slope_deg": 23.0,
        "distance_to_river_m": 275,
        "distance_to_road_m": 4453,
        "distance_to_settlement_m": 3809,
        "legal_status": "conditional",
        "distance_to_smelter_km": 64.8,
        "area_ha": 1.77,
        "region_id": "SE",
        "fe_oxide_index": 2.345,
        "clay_index": 1.803,
        "ndvi_stress_index": 0.27,
        "tmi_structural_nT": 45940.0,
        "tmi_anomaly_nT": 940.0,
        "elevation_mdpl": 462.6,
        "geochem_assay_ratio": 1.55
      },
      "geometry": {
        "type": "Polygon",
        "coordinates": [
          [
            [
              127.776,
              -1.614
            ],
            [
              127.788,
              -1.614
            ],
            [
              127.788,
              -1.602
            ],
            [
              127.776,
              -1.602
            ],
            [
              127.776,
              -1.614
            ]
          ]
        ]
      }
    },
    {
      "type": "Feature",
      "properties": {
        "grid_id": "OBI080",
        "site": "obi_island",
        "location_label": "Obi Island Interior Concession - Maluku Utara greenfield nickel laterite",
        "lithology": "ultramafic_simulated",
        "slope_deg": 17.0,
        "distance_to_river_m": 419,
        "distance_to_road_m": 3377,
        "distance_to_settlement_m": 11242,
        "legal_status": "conditional",
        "distance_to_smelter_km": 68.4,
        "area_ha": 1.77,
        "region_id": "SE",
        "fe_oxide_index": 1.845,
        "clay_index": 1.93,
        "ndvi_stress_index": 0.22,
        "tmi_structural_nT": 45811.7,
        "tmi_anomaly_nT": 811.7,
        "elevation_mdpl": 418.1,
        "geochem_assay_ratio": 2.51
      },
      "geometry": {
        "type": "Polygon",
        "coordinates": [
          [
            [
              127.788,
              -1.614
            ],
            [
              127.8,
              -1.614
            ],
            [
              127.8,
              -1.602
            ],
            [
              127.788,
              -1.602
            ],
            [
              127.788,
              -1.614
            ]
          ]
        ]
      }
    },
    {
      "type": "Feature",
      "properties": {
        "grid_id": "OBI081",
        "site": "obi_island",
        "location_label": "Obi Island Interior Concession - Maluku Utara greenfield nickel laterite",
        "lithology": "serpentinite_simulated",
        "slope_deg": 22.6,
        "distance_to_river_m": 2268,
        "distance_to_road_m": 4781,
        "distance_to_settlement_m": 8244,
        "legal_status": "conditional",
        "distance_to_smelter_km": 66.0,
        "area_ha": 1.77,
        "region_id": "SW",
        "fe_oxide_index": 2.637,
        "clay_index": 1.739,
        "ndvi_stress_index": 0.216,
        "tmi_structural_nT": 45508.8,
        "tmi_anomaly_nT": 508.8,
        "elevation_mdpl": 473.8,
        "geochem_assay_ratio": 2.14
      },
      "geometry": {
        "type": "Polygon",
        "coordinates": [
          [
            [
              127.56,
              -1.602
            ],
            [
              127.572,
              -1.602
            ],
            [
              127.572,
              -1.59
            ],
            [
              127.56,
              -1.59
            ],
            [
              127.56,
              -1.602
            ]
          ]
        ]
      }
    },
    {
      "type": "Feature",
      "properties": {
        "grid_id": "OBI082",
        "site": "obi_island",
        "location_label": "Obi Island Interior Concession - Maluku Utara greenfield nickel laterite",
        "lithology": "alluvium",
        "slope_deg": 25.6,
        "distance_to_river_m": 1126,
        "distance_to_road_m": 2130,
        "distance_to_settlement_m": 6605,
        "legal_status": "conditional",
        "distance_to_smelter_km": 62.3,
        "area_ha": 1.77,
        "region_id": "SW",
        "fe_oxide_index": 1.221,
        "clay_index": 1.413,
        "ndvi_stress_index": 0.511,
        "tmi_structural_nT": 45183.9,
        "tmi_anomaly_nT": 183.9,
        "elevation_mdpl": 455.4,
        "geochem_assay_ratio": 5.53
      },
      "geometry": {
        "type": "Polygon",
        "coordinates": [
          [
            [
              127.572,
              -1.602
            ],
            [
              127.584,
              -1.602
            ],
            [
              127.584,
              -1.59
            ],
            [
              127.572,
              -1.59
            ],
            [
              127.572,
              -1.602
            ]
          ]
        ]
      }
    },
    {
      "type": "Feature",
      "properties": {
        "grid_id": "OBI083",
        "site": "obi_island",
        "location_label": "Obi Island Interior Concession - Maluku Utara greenfield nickel laterite",
        "lithology": "peridotite_simulated",
        "slope_deg": 24.0,
        "distance_to_river_m": 1509,
        "distance_to_road_m": 2584,
        "distance_to_settlement_m": 8202,
        "legal_status": "conditional",
        "distance_to_smelter_km": 58.7,
        "area_ha": 1.77,
        "region_id": "SW",
        "fe_oxide_index": 1.867,
        "clay_index": 2.252,
        "ndvi_stress_index": 0.341,
        "tmi_structural_nT": 46041.2,
        "tmi_anomaly_nT": 1041.2,
        "elevation_mdpl": 442.8,
        "geochem_assay_ratio": 1.45
      },
      "geometry": {
        "type": "Polygon",
        "coordinates": [
          [
            [
              127.584,
              -1.602
            ],
            [
              127.596,
              -1.602
            ],
            [
              127.596,
              -1.59
            ],
            [
              127.584,
              -1.59
            ],
            [
              127.584,
              -1.602
            ]
          ]
        ]
      }
    },
    {
      "type": "Feature",
      "properties": {
        "grid_id": "OBI084",
        "site": "obi_island",
        "location_label": "Obi Island Interior Concession - Maluku Utara greenfield nickel laterite",
        "lithology": "serpentinite_simulated",
        "slope_deg": 20.6,
        "distance_to_river_m": 498,
        "distance_to_road_m": 1571,
        "distance_to_settlement_m": 8682,
        "legal_status": "conditional",
        "distance_to_smelter_km": 55.3,
        "area_ha": 1.77,
        "region_id": "SW",
        "fe_oxide_index": 2.664,
        "clay_index": 1.853,
        "ndvi_stress_index": 0.221,
        "tmi_structural_nT": 45793.3,
        "tmi_anomaly_nT": 793.3,
        "elevation_mdpl": 442.5,
        "geochem_assay_ratio": 1.65
      },
      "geometry": {
        "type": "Polygon",
        "coordinates": [
          [
            [
              127.596,
              -1.602
            ],
            [
              127.608,
              -1.602
            ],
            [
              127.608,
              -1.59
            ],
            [
              127.596,
              -1.59
            ],
            [
              127.596,
              -1.602
            ]
          ]
        ]
      }
    },
    {
      "type": "Feature",
      "properties": {
        "grid_id": "OBI085",
        "site": "obi_island",
        "location_label": "Obi Island Interior Concession - Maluku Utara greenfield nickel laterite",
        "lithology": "ultramafic_simulated",
        "slope_deg": 25.4,
        "distance_to_river_m": 1727,
        "distance_to_road_m": 5443,
        "distance_to_settlement_m": 9357,
        "legal_status": "conditional",
        "distance_to_smelter_km": 52.0,
        "area_ha": 1.77,
        "region_id": "SW",
        "fe_oxide_index": 2.53,
        "clay_index": 2.449,
        "ndvi_stress_index": 0.213,
        "tmi_structural_nT": 45922.1,
        "tmi_anomaly_nT": 922.1,
        "elevation_mdpl": 421.3,
        "geochem_assay_ratio": 2.38
      },
      "geometry": {
        "type": "Polygon",
        "coordinates": [
          [
            [
              127.608,
              -1.602
            ],
            [
              127.62,
              -1.602
            ],
            [
              127.62,
              -1.59
            ],
            [
              127.608,
              -1.59
            ],
            [
              127.608,
              -1.602
            ]
          ]
        ]
      }
    },
    {
      "type": "Feature",
      "properties": {
        "grid_id": "OBI086",
        "site": "obi_island",
        "location_label": "Obi Island Interior Concession - Maluku Utara greenfield nickel laterite",
        "lithology": "peridotite_simulated",
        "slope_deg": 25.5,
        "distance_to_river_m": 647,
        "distance_to_road_m": 3984,
        "distance_to_settlement_m": 5808,
        "legal_status": "conditional",
        "distance_to_smelter_km": 49.1,
        "area_ha": 1.77,
        "region_id": "SW",
        "fe_oxide_index": 2.614,
        "clay_index": 2.432,
        "ndvi_stress_index": 0.316,
        "tmi_structural_nT": 46003.1,
        "tmi_anomaly_nT": 1003.1,
        "elevation_mdpl": 458.5,
        "geochem_assay_ratio": 2.94
      },
      "geometry": {
        "type": "Polygon",
        "coordinates": [
          [
            [
              127.62,
              -1.602
            ],
            [
              127.632,
              -1.602
            ],
            [
              127.632,
              -1.59
            ],
            [
              127.62,
              -1.59
            ],
            [
              127.62,
              -1.602
            ]
          ]
        ]
      }
    },
    {
      "type": "Feature",
      "properties": {
        "grid_id": "OBI087",
        "site": "obi_island",
        "location_label": "Obi Island Interior Concession - Maluku Utara greenfield nickel laterite",
        "lithology": "serpentinite_simulated",
        "slope_deg": 26.8,
        "distance_to_river_m": 1527,
        "distance_to_road_m": 4393,
        "distance_to_settlement_m": 5343,
        "legal_status": "conditional",
        "distance_to_smelter_km": 46.5,
        "area_ha": 1.77,
        "region_id": "SW",
        "fe_oxide_index": 2.035,
        "clay_index": 2.269,
        "ndvi_stress_index": 0.337,
        "tmi_structural_nT": 45250.0,
        "tmi_anomaly_nT": 250.0,
        "elevation_mdpl": 443.1,
        "geochem_assay_ratio": 2.67
      },
      "geometry": {
        "type": "Polygon",
        "coordinates": [
          [
            [
              127.632,
              -1.602
            ],
            [
              127.644,
              -1.602
            ],
            [
              127.644,
              -1.59
            ],
            [
              127.632,
              -1.59
            ],
            [
              127.632,
              -1.602
            ]
          ]
        ]
      }
    },
    {
      "type": "Feature",
      "properties": {
        "grid_id": "OBI088",
        "site": "obi_island",
        "location_label": "Obi Island Interior Concession - Maluku Utara greenfield nickel laterite",
        "lithology": "peridotite_simulated",
        "slope_deg": 20.8,
        "distance_to_river_m": 466,
        "distance_to_road_m": 5170,
        "distance_to_settlement_m": 9056,
        "legal_status": "conditional",
        "distance_to_smelter_km": 44.4,
        "area_ha": 1.77,
        "region_id": "SW",
        "fe_oxide_index": 2.493,
        "clay_index": 2.329,
        "ndvi_stress_index": 0.294,
        "tmi_structural_nT": 46071.1,
        "tmi_anomaly_nT": 1071.1,
        "elevation_mdpl": 456.4,
        "geochem_assay_ratio": 1.71
      },
      "geometry": {
        "type": "Polygon",
        "coordinates": [
          [
            [
              127.644,
              -1.602
            ],
            [
              127.656,
              -1.602
            ],
            [
              127.656,
              -1.59
            ],
            [
              127.644,
              -1.59
            ],
            [
              127.644,
              -1.602
            ]
          ]
        ]
      }
    },
    {
      "type": "Feature",
      "properties": {
        "grid_id": "OBI089",
        "site": "obi_island",
        "location_label": "Obi Island Interior Concession - Maluku Utara greenfield nickel laterite",
        "lithology": "serpentinite_simulated",
        "slope_deg": 24.3,
        "distance_to_river_m": 1854,
        "distance_to_road_m": 3202,
        "distance_to_settlement_m": 11699,
        "legal_status": "conditional",
        "distance_to_smelter_km": 42.9,
        "area_ha": 1.77,
        "region_id": "SW",
        "fe_oxide_index": 2.319,
        "clay_index": 2.449,
        "ndvi_stress_index": 0.207,
        "tmi_structural_nT": 45774.5,
        "tmi_anomaly_nT": 774.5,
        "elevation_mdpl": 478.5,
        "geochem_assay_ratio": 1.84
      },
      "geometry": {
        "type": "Polygon",
        "coordinates": [
          [
            [
              127.656,
              -1.602
            ],
            [
              127.668,
              -1.602
            ],
            [
              127.668,
              -1.59
            ],
            [
              127.656,
              -1.59
            ],
            [
              127.656,
              -1.602
            ]
          ]
        ]
      }
    },
    {
      "type": "Feature",
      "properties": {
        "grid_id": "OBI090",
        "site": "obi_island",
        "location_label": "Obi Island Interior Concession - Maluku Utara greenfield nickel laterite",
        "lithology": "serpentinite_simulated",
        "slope_deg": 25.2,
        "distance_to_river_m": 1981,
        "distance_to_road_m": 2854,
        "distance_to_settlement_m": 5297,
        "legal_status": "conditional",
        "distance_to_smelter_km": 42.2,
        "area_ha": 1.77,
        "region_id": "SW",
        "fe_oxide_index": 2.816,
        "clay_index": 2.232,
        "ndvi_stress_index": 0.413,
        "tmi_structural_nT": 46055.7,
        "tmi_anomaly_nT": 1055.7,
        "elevation_mdpl": 434.6,
        "geochem_assay_ratio": 3.16
      },
      "geometry": {
        "type": "Polygon",
        "coordinates": [
          [
            [
              127.668,
              -1.602
            ],
            [
              127.68,
              -1.602
            ],
            [
              127.68,
              -1.59
            ],
            [
              127.668,
              -1.59
            ],
            [
              127.668,
              -1.602
            ]
          ]
        ]
      }
    },
    {
      "type": "Feature",
      "properties": {
        "grid_id": "OBI091",
        "site": "obi_island",
        "location_label": "Obi Island Interior Concession - Maluku Utara greenfield nickel laterite",
        "lithology": "mafic_volcanic_simulated",
        "slope_deg": 22.3,
        "distance_to_river_m": 1125,
        "distance_to_road_m": 5137,
        "distance_to_settlement_m": 9644,
        "legal_status": "conditional",
        "distance_to_smelter_km": 42.2,
        "area_ha": 1.77,
        "region_id": "SE",
        "fe_oxide_index": 1.383,
        "clay_index": 1.042,
        "ndvi_stress_index": 0.738,
        "tmi_structural_nT": 44486.9,
        "tmi_anomaly_nT": -513.1,
        "elevation_mdpl": 502.7,
        "geochem_assay_ratio": 5.13
      },
      "geometry": {
        "type": "Polygon",
        "coordinates": [
          [
            [
              127.68,
              -1.602
            ],
            [
              127.692,
              -1.602
            ],
            [
              127.692,
              -1.59
            ],
            [
              127.68,
              -1.59
            ],
            [
              127.68,
              -1.602
            ]
          ]
        ]
      }
    },
    {
      "type": "Feature",
      "properties": {
        "grid_id": "OBI092",
        "site": "obi_island",
        "location_label": "Obi Island Interior Concession - Maluku Utara greenfield nickel laterite",
        "lithology": "alluvium",
        "slope_deg": 23.1,
        "distance_to_river_m": 1087,
        "distance_to_road_m": 5198,
        "distance_to_settlement_m": 11590,
        "legal_status": "conditional",
        "distance_to_smelter_km": 42.9,
        "area_ha": 1.77,
        "region_id": "SE",
        "fe_oxide_index": 1.512,
        "clay_index": 1.001,
        "ndvi_stress_index": 0.741,
        "tmi_structural_nT": 44850.8,
        "tmi_anomaly_nT": -149.2,
        "elevation_mdpl": 463.4,
        "geochem_assay_ratio": 4.57
      },
      "geometry": {
        "type": "Polygon",
        "coordinates": [
          [
            [
              127.692,
              -1.602
            ],
            [
              127.704,
              -1.602
            ],
            [
              127.704,
              -1.59
            ],
            [
              127.692,
              -1.59
            ],
            [
              127.692,
              -1.602
            ]
          ]
        ]
      }
    },
    {
      "type": "Feature",
      "properties": {
        "grid_id": "OBI093",
        "site": "obi_island",
        "location_label": "Obi Island Interior Concession - Maluku Utara greenfield nickel laterite",
        "lithology": "serpentinite_simulated",
        "slope_deg": 17.0,
        "distance_to_river_m": 2136,
        "distance_to_road_m": 4360,
        "distance_to_settlement_m": 11757,
        "legal_status": "conditional",
        "distance_to_smelter_km": 44.4,
        "area_ha": 1.77,
        "region_id": "SE",
        "fe_oxide_index": 1.906,
        "clay_index": 1.74,
        "ndvi_stress_index": 0.399,
        "tmi_structural_nT": 45453.4,
        "tmi_anomaly_nT": 453.4,
        "elevation_mdpl": 455.0,
        "geochem_assay_ratio": 3.14
      },
      "geometry": {
        "type": "Polygon",
        "coordinates": [
          [
            [
              127.704,
              -1.602
            ],
            [
              127.716,
              -1.602
            ],
            [
              127.716,
              -1.59
            ],
            [
              127.704,
              -1.59
            ],
            [
              127.704,
              -1.602
            ]
          ]
        ]
      }
    },
    {
      "type": "Feature",
      "properties": {
        "grid_id": "OBI094",
        "site": "obi_island",
        "location_label": "Obi Island Interior Concession - Maluku Utara greenfield nickel laterite",
        "lithology": "serpentinite_simulated",
        "slope_deg": 22.3,
        "distance_to_river_m": 926,
        "distance_to_road_m": 4172,
        "distance_to_settlement_m": 10608,
        "legal_status": "conditional",
        "distance_to_smelter_km": 46.5,
        "area_ha": 1.77,
        "region_id": "SE",
        "fe_oxide_index": 2.805,
        "clay_index": 1.915,
        "ndvi_stress_index": 0.241,
        "tmi_structural_nT": 45270.9,
        "tmi_anomaly_nT": 270.9,
        "elevation_mdpl": 440.0,
        "geochem_assay_ratio": 1.67
      },
      "geometry": {
        "type": "Polygon",
        "coordinates": [
          [
            [
              127.716,
              -1.602
            ],
            [
              127.728,
              -1.602
            ],
            [
              127.728,
              -1.59
            ],
            [
              127.716,
              -1.59
            ],
            [
              127.716,
              -1.602
            ]
          ]
        ]
      }
    },
    {
      "type": "Feature",
      "properties": {
        "grid_id": "OBI095",
        "site": "obi_island",
        "location_label": "Obi Island Interior Concession - Maluku Utara greenfield nickel laterite",
        "lithology": "serpentinite_simulated",
        "slope_deg": 17.1,
        "distance_to_river_m": 1654,
        "distance_to_road_m": 3153,
        "distance_to_settlement_m": 10848,
        "legal_status": "conditional",
        "distance_to_smelter_km": 49.1,
        "area_ha": 1.77,
        "region_id": "SE",
        "fe_oxide_index": 2.822,
        "clay_index": 2.443,
        "ndvi_stress_index": 0.219,
        "tmi_structural_nT": 45618.2,
        "tmi_anomaly_nT": 618.2,
        "elevation_mdpl": 504.5,
        "geochem_assay_ratio": 2.16
      },
      "geometry": {
        "type": "Polygon",
        "coordinates": [
          [
            [
              127.728,
              -1.602
            ],
            [
              127.74,
              -1.602
            ],
            [
              127.74,
              -1.59
            ],
            [
              127.728,
              -1.59
            ],
            [
              127.728,
              -1.602
            ]
          ]
        ]
      }
    },
    {
      "type": "Feature",
      "properties": {
        "grid_id": "OBI096",
        "site": "obi_island",
        "location_label": "Obi Island Interior Concession - Maluku Utara greenfield nickel laterite",
        "lithology": "ultramafic_simulated",
        "slope_deg": 19.9,
        "distance_to_river_m": 558,
        "distance_to_road_m": 2683,
        "distance_to_settlement_m": 3748,
        "legal_status": "conditional",
        "distance_to_smelter_km": 52.0,
        "area_ha": 1.77,
        "region_id": "SE",
        "fe_oxide_index": 2.738,
        "clay_index": 1.944,
        "ndvi_stress_index": 0.285,
        "tmi_structural_nT": 45148.9,
        "tmi_anomaly_nT": 148.9,
        "elevation_mdpl": 491.3,
        "geochem_assay_ratio": 3.09
      },
      "geometry": {
        "type": "Polygon",
        "coordinates": [
          [
            [
              127.74,
              -1.602
            ],
            [
              127.752,
              -1.602
            ],
            [
              127.752,
              -1.59
            ],
            [
              127.74,
              -1.59
            ],
            [
              127.74,
              -1.602
            ]
          ]
        ]
      }
    },
    {
      "type": "Feature",
      "properties": {
        "grid_id": "OBI097",
        "site": "obi_island",
        "location_label": "Obi Island Interior Concession - Maluku Utara greenfield nickel laterite",
        "lithology": "serpentinite_simulated",
        "slope_deg": 20.1,
        "distance_to_river_m": 1414,
        "distance_to_road_m": 3812,
        "distance_to_settlement_m": 10990,
        "legal_status": "conditional",
        "distance_to_smelter_km": 55.3,
        "area_ha": 1.77,
        "region_id": "SE",
        "fe_oxide_index": 2.722,
        "clay_index": 1.791,
        "ndvi_stress_index": 0.38,
        "tmi_structural_nT": 45201.3,
        "tmi_anomaly_nT": 201.3,
        "elevation_mdpl": 424.8,
        "geochem_assay_ratio": 1.43
      },
      "geometry": {
        "type": "Polygon",
        "coordinates": [
          [
            [
              127.752,
              -1.602
            ],
            [
              127.764,
              -1.602
            ],
            [
              127.764,
              -1.59
            ],
            [
              127.752,
              -1.59
            ],
            [
              127.752,
              -1.602
            ]
          ]
        ]
      }
    },
    {
      "type": "Feature",
      "properties": {
        "grid_id": "OBI098",
        "site": "obi_island",
        "location_label": "Obi Island Interior Concession - Maluku Utara greenfield nickel laterite",
        "lithology": "serpentinite_simulated",
        "slope_deg": 21.5,
        "distance_to_river_m": 1385,
        "distance_to_road_m": 2594,
        "distance_to_settlement_m": 11214,
        "legal_status": "conditional",
        "distance_to_smelter_km": 58.7,
        "area_ha": 1.77,
        "region_id": "SE",
        "fe_oxide_index": 2.571,
        "clay_index": 2.207,
        "ndvi_stress_index": 0.395,
        "tmi_structural_nT": 46090.2,
        "tmi_anomaly_nT": 1090.2,
        "elevation_mdpl": 432.6,
        "geochem_assay_ratio": 2.66
      },
      "geometry": {
        "type": "Polygon",
        "coordinates": [
          [
            [
              127.764,
              -1.602
            ],
            [
              127.776,
              -1.602
            ],
            [
              127.776,
              -1.59
            ],
            [
              127.764,
              -1.59
            ],
            [
              127.764,
              -1.602
            ]
          ]
        ]
      }
    },
    {
      "type": "Feature",
      "properties": {
        "grid_id": "OBI099",
        "site": "obi_island",
        "location_label": "Obi Island Interior Concession - Maluku Utara greenfield nickel laterite",
        "lithology": "serpentinite_simulated",
        "slope_deg": 25.2,
        "distance_to_river_m": 2179,
        "distance_to_road_m": 2037,
        "distance_to_settlement_m": 4816,
        "legal_status": "conditional",
        "distance_to_smelter_km": 62.3,
        "area_ha": 1.77,
        "region_id": "SE",
        "fe_oxide_index": 2.362,
        "clay_index": 2.403,
        "ndvi_stress_index": 0.315,
        "tmi_structural_nT": 45950.7,
        "tmi_anomaly_nT": 950.7,
        "elevation_mdpl": 477.0,
        "geochem_assay_ratio": 1.43
      },
      "geometry": {
        "type": "Polygon",
        "coordinates": [
          [
            [
              127.776,
              -1.602
            ],
            [
              127.788,
              -1.602
            ],
            [
              127.788,
              -1.59
            ],
            [
              127.776,
              -1.59
            ],
            [
              127.776,
              -1.602
            ]
          ]
        ]
      }
    },
    {
      "type": "Feature",
      "properties": {
        "grid_id": "OBI100",
        "site": "obi_island",
        "location_label": "Obi Island Interior Concession - Maluku Utara greenfield nickel laterite",
        "lithology": "serpentinite_simulated",
        "slope_deg": 18.2,
        "distance_to_river_m": 1078,
        "distance_to_road_m": 3231,
        "distance_to_settlement_m": 8222,
        "legal_status": "conditional",
        "distance_to_smelter_km": 66.0,
        "area_ha": 1.77,
        "region_id": "SE",
        "fe_oxide_index": 1.981,
        "clay_index": 2.295,
        "ndvi_stress_index": 0.183,
        "tmi_structural_nT": 45396.8,
        "tmi_anomaly_nT": 396.8,
        "elevation_mdpl": 448.5,
        "geochem_assay_ratio": 2.69
      },
      "geometry": {
        "type": "Polygon",
        "coordinates": [
          [
            [
              127.788,
              -1.602
            ],
            [
              127.8,
              -1.602
            ],
            [
              127.8,
              -1.59
            ],
            [
              127.788,
              -1.59
            ],
            [
              127.788,
              -1.602
            ]
          ]
        ]
      }
    },
    {
      "type": "Feature",
      "properties": {
        "grid_id": "OBI101",
        "site": "obi_island",
        "location_label": "Obi Island Interior Concession - Maluku Utara greenfield nickel laterite",
        "lithology": "peridotite_simulated",
        "slope_deg": 23.1,
        "distance_to_river_m": 2110,
        "distance_to_road_m": 5431,
        "distance_to_settlement_m": 9983,
        "legal_status": "conditional",
        "distance_to_smelter_km": 64.0,
        "area_ha": 1.77,
        "region_id": "SW",
        "fe_oxide_index": 1.935,
        "clay_index": 2.178,
        "ndvi_stress_index": 0.301,
        "tmi_structural_nT": 45202.9,
        "tmi_anomaly_nT": 202.9,
        "elevation_mdpl": 488.5,
        "geochem_assay_ratio": 2.08
      },
      "geometry": {
        "type": "Polygon",
        "coordinates": [
          [
            [
              127.56,
              -1.59
            ],
            [
              127.572,
              -1.59
            ],
            [
              127.572,
              -1.578
            ],
            [
              127.56,
              -1.578
            ],
            [
              127.56,
              -1.59
            ]
          ]
        ]
      }
    },
    {
      "type": "Feature",
      "properties": {
        "grid_id": "OBI102",
        "site": "obi_island",
        "location_label": "Obi Island Interior Concession - Maluku Utara greenfield nickel laterite",
        "lithology": "serpentinite_simulated",
        "slope_deg": 21.8,
        "distance_to_river_m": 1511,
        "distance_to_road_m": 2915,
        "distance_to_settlement_m": 4573,
        "legal_status": "conditional",
        "distance_to_smelter_km": 60.1,
        "area_ha": 1.77,
        "region_id": "SW",
        "fe_oxide_index": 2.026,
        "clay_index": 2.388,
        "ndvi_stress_index": 0.187,
        "tmi_structural_nT": 45678.0,
        "tmi_anomaly_nT": 678.0,
        "elevation_mdpl": 456.9,
        "geochem_assay_ratio": 1.82
      },
      "geometry": {
        "type": "Polygon",
        "coordinates": [
          [
            [
              127.572,
              -1.59
            ],
            [
              127.584,
              -1.59
            ],
            [
              127.584,
              -1.578
            ],
            [
              127.572,
              -1.578
            ],
            [
              127.572,
              -1.59
            ]
          ]
        ]
      }
    },
    {
      "type": "Feature",
      "properties": {
        "grid_id": "OBI103",
        "site": "obi_island",
        "location_label": "Obi Island Interior Concession - Maluku Utara greenfield nickel laterite",
        "lithology": "peridotite_simulated",
        "slope_deg": 24.5,
        "distance_to_river_m": 1921,
        "distance_to_road_m": 1384,
        "distance_to_settlement_m": 6837,
        "legal_status": "conditional",
        "distance_to_smelter_km": 56.3,
        "area_ha": 1.77,
        "region_id": "SW",
        "fe_oxide_index": 2.095,
        "clay_index": 2.122,
        "ndvi_stress_index": 0.278,
        "tmi_structural_nT": 45265.8,
        "tmi_anomaly_nT": 265.8,
        "elevation_mdpl": 490.4,
        "geochem_assay_ratio": 2.33
      },
      "geometry": {
        "type": "Polygon",
        "coordinates": [
          [
            [
              127.584,
              -1.59
            ],
            [
              127.596,
              -1.59
            ],
            [
              127.596,
              -1.578
            ],
            [
              127.584,
              -1.578
            ],
            [
              127.584,
              -1.59
            ]
          ]
        ]
      }
    },
    {
      "type": "Feature",
      "properties": {
        "grid_id": "OBI104",
        "site": "obi_island",
        "location_label": "Obi Island Interior Concession - Maluku Utara greenfield nickel laterite",
        "lithology": "peridotite_simulated",
        "slope_deg": 26.0,
        "distance_to_river_m": 1617,
        "distance_to_road_m": 2098,
        "distance_to_settlement_m": 9312,
        "legal_status": "conditional",
        "distance_to_smelter_km": 52.6,
        "area_ha": 1.77,
        "region_id": "SW",
        "fe_oxide_index": 2.848,
        "clay_index": 2.354,
        "ndvi_stress_index": 0.337,
        "tmi_structural_nT": 45771.0,
        "tmi_anomaly_nT": 771.0,
        "elevation_mdpl": 411.8,
        "geochem_assay_ratio": 2.75
      },
      "geometry": {
        "type": "Polygon",
        "coordinates": [
          [
            [
              127.596,
              -1.59
            ],
            [
              127.608,
              -1.59
            ],
            [
              127.608,
              -1.578
            ],
            [
              127.596,
              -1.578
            ],
            [
              127.596,
              -1.59
            ]
          ]
        ]
      }
    },
    {
      "type": "Feature",
      "properties": {
        "grid_id": "OBI105",
        "site": "obi_island",
        "location_label": "Obi Island Interior Concession - Maluku Utara greenfield nickel laterite",
        "lithology": "serpentinite_simulated",
        "slope_deg": 25.6,
        "distance_to_river_m": 1578,
        "distance_to_road_m": 1681,
        "distance_to_settlement_m": 4311,
        "legal_status": "conditional",
        "distance_to_smelter_km": 49.1,
        "area_ha": 1.77,
        "region_id": "SW",
        "fe_oxide_index": 1.981,
        "clay_index": 2.067,
        "ndvi_stress_index": 0.376,
        "tmi_structural_nT": 45927.6,
        "tmi_anomaly_nT": 927.6,
        "elevation_mdpl": 457.9,
        "geochem_assay_ratio": 2.55
      },
      "geometry": {
        "type": "Polygon",
        "coordinates": [
          [
            [
              127.608,
              -1.59
            ],
            [
              127.62,
              -1.59
            ],
            [
              127.62,
              -1.578
            ],
            [
              127.608,
              -1.578
            ],
            [
              127.608,
              -1.59
            ]
          ]
        ]
      }
    },
    {
      "type": "Feature",
      "properties": {
        "grid_id": "OBI106",
        "site": "obi_island",
        "location_label": "Obi Island Interior Concession - Maluku Utara greenfield nickel laterite",
        "lithology": "peridotite_simulated",
        "slope_deg": 24.1,
        "distance_to_river_m": 1691,
        "distance_to_road_m": 2947,
        "distance_to_settlement_m": 6767,
        "legal_status": "conditional",
        "distance_to_smelter_km": 45.8,
        "area_ha": 1.77,
        "region_id": "SW",
        "fe_oxide_index": 2.014,
        "clay_index": 2.397,
        "ndvi_stress_index": 0.196,
        "tmi_structural_nT": 45258.9,
        "tmi_anomaly_nT": 258.9,
        "elevation_mdpl": 489.4,
        "geochem_assay_ratio": 2.7
      },
      "geometry": {
        "type": "Polygon",
        "coordinates": [
          [
            [
              127.62,
              -1.59
            ],
            [
              127.632,
              -1.59
            ],
            [
              127.632,
              -1.578
            ],
            [
              127.62,
              -1.578
            ],
            [
              127.62,
              -1.59
            ]
          ]
        ]
      }
    },
    {
      "type": "Feature",
      "properties": {
        "grid_id": "OBI107",
        "site": "obi_island",
        "location_label": "Obi Island Interior Concession - Maluku Utara greenfield nickel laterite",
        "lithology": "alluvium",
        "slope_deg": 26.7,
        "distance_to_river_m": 700,
        "distance_to_road_m": 1626,
        "distance_to_settlement_m": 8152,
        "legal_status": "conditional",
        "distance_to_smelter_km": 42.9,
        "area_ha": 1.77,
        "region_id": "SW",
        "fe_oxide_index": 1.119,
        "clay_index": 1.34,
        "ndvi_stress_index": 0.691,
        "tmi_structural_nT": 45205.2,
        "tmi_anomaly_nT": 205.2,
        "elevation_mdpl": 468.8,
        "geochem_assay_ratio": 3.77
      },
      "geometry": {
        "type": "Polygon",
        "coordinates": [
          [
            [
              127.632,
              -1.59
            ],
            [
              127.644,
              -1.59
            ],
            [
              127.644,
              -1.578
            ],
            [
              127.632,
              -1.578
            ],
            [
              127.632,
              -1.59
            ]
          ]
        ]
      }
    },
    {
      "type": "Feature",
      "properties": {
        "grid_id": "OBI108",
        "site": "obi_island",
        "location_label": "Obi Island Interior Concession - Maluku Utara greenfield nickel laterite",
        "lithology": "peridotite_simulated",
        "slope_deg": 20.5,
        "distance_to_river_m": 574,
        "distance_to_road_m": 5478,
        "distance_to_settlement_m": 8059,
        "legal_status": "conditional",
        "distance_to_smelter_km": 40.5,
        "area_ha": 1.77,
        "region_id": "SW",
        "fe_oxide_index": 2.846,
        "clay_index": 1.803,
        "ndvi_stress_index": 0.308,
        "tmi_structural_nT": 45365.8,
        "tmi_anomaly_nT": 365.8,
        "elevation_mdpl": 486.9,
        "geochem_assay_ratio": 1.69
      },
      "geometry": {
        "type": "Polygon",
        "coordinates": [
          [
            [
              127.644,
              -1.59
            ],
            [
              127.656,
              -1.59
            ],
            [
              127.656,
              -1.578
            ],
            [
              127.644,
              -1.578
            ],
            [
              127.644,
              -1.59
            ]
          ]
        ]
      }
    },
    {
      "type": "Feature",
      "properties": {
        "grid_id": "OBI109",
        "site": "obi_island",
        "location_label": "Obi Island Interior Concession - Maluku Utara greenfield nickel laterite",
        "lithology": "alluvium",
        "slope_deg": 20.7,
        "distance_to_river_m": 1846,
        "distance_to_road_m": 2415,
        "distance_to_settlement_m": 8785,
        "legal_status": "conditional",
        "distance_to_smelter_km": 38.8,
        "area_ha": 1.77,
        "region_id": "SW",
        "fe_oxide_index": 1.48,
        "clay_index": 1.454,
        "ndvi_stress_index": 0.724,
        "tmi_structural_nT": 44407.8,
        "tmi_anomaly_nT": -592.2,
        "elevation_mdpl": 434.0,
        "geochem_assay_ratio": 3.55
      },
      "geometry": {
        "type": "Polygon",
        "coordinates": [
          [
            [
              127.656,
              -1.59
            ],
            [
              127.668,
              -1.59
            ],
            [
              127.668,
              -1.578
            ],
            [
              127.656,
              -1.578
            ],
            [
              127.656,
              -1.59
            ]
          ]
        ]
      }
    },
    {
      "type": "Feature",
      "properties": {
        "grid_id": "OBI110",
        "site": "obi_island",
        "location_label": "Obi Island Interior Concession - Maluku Utara greenfield nickel laterite",
        "lithology": "alluvium",
        "slope_deg": 25.1,
        "distance_to_river_m": 2165,
        "distance_to_road_m": 3875,
        "distance_to_settlement_m": 7022,
        "legal_status": "conditional",
        "distance_to_smelter_km": 37.8,
        "area_ha": 1.77,
        "region_id": "SW",
        "fe_oxide_index": 1.475,
        "clay_index": 1.061,
        "ndvi_stress_index": 0.573,
        "tmi_structural_nT": 45122.0,
        "tmi_anomaly_nT": 122.0,
        "elevation_mdpl": 443.6,
        "geochem_assay_ratio": 4.71
      },
      "geometry": {
        "type": "Polygon",
        "coordinates": [
          [
            [
              127.668,
              -1.59
            ],
            [
              127.68,
              -1.59
            ],
            [
              127.68,
              -1.578
            ],
            [
              127.668,
              -1.578
            ],
            [
              127.668,
              -1.59
            ]
          ]
        ]
      }
    },
    {
      "type": "Feature",
      "properties": {
        "grid_id": "OBI111",
        "site": "obi_island",
        "location_label": "Obi Island Interior Concession - Maluku Utara greenfield nickel laterite",
        "lithology": "peridotite_simulated",
        "slope_deg": 25.3,
        "distance_to_river_m": 2468,
        "distance_to_road_m": 4329,
        "distance_to_settlement_m": 11462,
        "legal_status": "conditional",
        "distance_to_smelter_km": 37.8,
        "area_ha": 1.77,
        "region_id": "SE",
        "fe_oxide_index": 2.643,
        "clay_index": 1.656,
        "ndvi_stress_index": 0.391,
        "tmi_structural_nT": 45754.6,
        "tmi_anomaly_nT": 754.6,
        "elevation_mdpl": 508.2,
        "geochem_assay_ratio": 3.13
      },
      "geometry": {
        "type": "Polygon",
        "coordinates": [
          [
            [
              127.68,
              -1.59
            ],
            [
              127.692,
              -1.59
            ],
            [
              127.692,
              -1.578
            ],
            [
              127.68,
              -1.578
            ],
            [
              127.68,
              -1.59
            ]
          ]
        ]
      }
    },
    {
      "type": "Feature",
      "properties": {
        "grid_id": "OBI112",
        "site": "obi_island",
        "location_label": "Obi Island Interior Concession - Maluku Utara greenfield nickel laterite",
        "lithology": "peridotite_simulated",
        "slope_deg": 19.8,
        "distance_to_river_m": 2792,
        "distance_to_road_m": 4689,
        "distance_to_settlement_m": 8236,
        "legal_status": "conditional",
        "distance_to_smelter_km": 38.8,
        "area_ha": 1.77,
        "region_id": "SE",
        "fe_oxide_index": 2.601,
        "clay_index": 1.824,
        "ndvi_stress_index": 0.233,
        "tmi_structural_nT": 45376.5,
        "tmi_anomaly_nT": 376.5,
        "elevation_mdpl": 463.2,
        "geochem_assay_ratio": 3.0
      },
      "geometry": {
        "type": "Polygon",
        "coordinates": [
          [
            [
              127.692,
              -1.59
            ],
            [
              127.704,
              -1.59
            ],
            [
              127.704,
              -1.578
            ],
            [
              127.692,
              -1.578
            ],
            [
              127.692,
              -1.59
            ]
          ]
        ]
      }
    },
    {
      "type": "Feature",
      "properties": {
        "grid_id": "OBI113",
        "site": "obi_island",
        "location_label": "Obi Island Interior Concession - Maluku Utara greenfield nickel laterite",
        "lithology": "serpentinite_simulated",
        "slope_deg": 19.2,
        "distance_to_river_m": 2419,
        "distance_to_road_m": 5390,
        "distance_to_settlement_m": 4473,
        "legal_status": "no-go",
        "distance_to_smelter_km": 40.5,
        "area_ha": 1.77,
        "region_id": "SE",
        "fe_oxide_index": 1.875,
        "clay_index": 1.621,
        "ndvi_stress_index": 0.392,
        "tmi_structural_nT": 46030.5,
        "tmi_anomaly_nT": 1030.5,
        "elevation_mdpl": 424.9,
        "geochem_assay_ratio": 2.35
      },
      "geometry": {
        "type": "Polygon",
        "coordinates": [
          [
            [
              127.704,
              -1.59
            ],
            [
              127.716,
              -1.59
            ],
            [
              127.716,
              -1.578
            ],
            [
              127.704,
              -1.578
            ],
            [
              127.704,
              -1.59
            ]
          ]
        ]
      }
    },
    {
      "type": "Feature",
      "properties": {
        "grid_id": "OBI114",
        "site": "obi_island",
        "location_label": "Obi Island Interior Concession - Maluku Utara greenfield nickel laterite",
        "lithology": "serpentinite_simulated",
        "slope_deg": 20.3,
        "distance_to_river_m": 602,
        "distance_to_road_m": 2363,
        "distance_to_settlement_m": 7607,
        "legal_status": "no-go",
        "distance_to_smelter_km": 42.9,
        "area_ha": 1.77,
        "region_id": "SE",
        "fe_oxide_index": 1.846,
        "clay_index": 1.941,
        "ndvi_stress_index": 0.372,
        "tmi_structural_nT": 45692.0,
        "tmi_anomaly_nT": 692.0,
        "elevation_mdpl": 461.2,
        "geochem_assay_ratio": 2.73
      },
      "geometry": {
        "type": "Polygon",
        "coordinates": [
          [
            [
              127.716,
              -1.59
            ],
            [
              127.728,
              -1.59
            ],
            [
              127.728,
              -1.578
            ],
            [
              127.716,
              -1.578
            ],
            [
              127.716,
              -1.59
            ]
          ]
        ]
      }
    },
    {
      "type": "Feature",
      "properties": {
        "grid_id": "OBI115",
        "site": "obi_island",
        "location_label": "Obi Island Interior Concession - Maluku Utara greenfield nickel laterite",
        "lithology": "ultramafic_simulated",
        "slope_deg": 27.0,
        "distance_to_river_m": 588,
        "distance_to_road_m": 3570,
        "distance_to_settlement_m": 10472,
        "legal_status": "no-go",
        "distance_to_smelter_km": 45.8,
        "area_ha": 1.77,
        "region_id": "SE",
        "fe_oxide_index": 2.571,
        "clay_index": 1.882,
        "ndvi_stress_index": 0.318,
        "tmi_structural_nT": 45289.3,
        "tmi_anomaly_nT": 289.3,
        "elevation_mdpl": 500.1,
        "geochem_assay_ratio": 1.92
      },
      "geometry": {
        "type": "Polygon",
        "coordinates": [
          [
            [
              127.728,
              -1.59
            ],
            [
              127.74,
              -1.59
            ],
            [
              127.74,
              -1.578
            ],
            [
              127.728,
              -1.578
            ],
            [
              127.728,
              -1.59
            ]
          ]
        ]
      }
    },
    {
      "type": "Feature",
      "properties": {
        "grid_id": "OBI116",
        "site": "obi_island",
        "location_label": "Obi Island Interior Concession - Maluku Utara greenfield nickel laterite",
        "lithology": "peridotite_simulated",
        "slope_deg": 26.3,
        "distance_to_river_m": 2727,
        "distance_to_road_m": 3817,
        "distance_to_settlement_m": 6818,
        "legal_status": "no-go",
        "distance_to_smelter_km": 49.1,
        "area_ha": 1.77,
        "region_id": "SE",
        "fe_oxide_index": 2.274,
        "clay_index": 1.824,
        "ndvi_stress_index": 0.314,
        "tmi_structural_nT": 45428.9,
        "tmi_anomaly_nT": 428.9,
        "elevation_mdpl": 421.8,
        "geochem_assay_ratio": 2.91
      },
      "geometry": {
        "type": "Polygon",
        "coordinates": [
          [
            [
              127.74,
              -1.59
            ],
            [
              127.752,
              -1.59
            ],
            [
              127.752,
              -1.578
            ],
            [
              127.74,
              -1.578
            ],
            [
              127.74,
              -1.59
            ]
          ]
        ]
      }
    },
    {
      "type": "Feature",
      "properties": {
        "grid_id": "OBI117",
        "site": "obi_island",
        "location_label": "Obi Island Interior Concession - Maluku Utara greenfield nickel laterite",
        "lithology": "serpentinite_simulated",
        "slope_deg": 23.2,
        "distance_to_river_m": 401,
        "distance_to_road_m": 1915,
        "distance_to_settlement_m": 9302,
        "legal_status": "no-go",
        "distance_to_smelter_km": 52.6,
        "area_ha": 1.77,
        "region_id": "SE",
        "fe_oxide_index": 2.336,
        "clay_index": 2.405,
        "ndvi_stress_index": 0.335,
        "tmi_structural_nT": 45868.0,
        "tmi_anomaly_nT": 868.0,
        "elevation_mdpl": 482.4,
        "geochem_assay_ratio": 1.85
      },
      "geometry": {
        "type": "Polygon",
        "coordinates": [
          [
            [
              127.752,
              -1.59
            ],
            [
              127.764,
              -1.59
            ],
            [
              127.764,
              -1.578
            ],
            [
              127.752,
              -1.578
            ],
            [
              127.752,
              -1.59
            ]
          ]
        ]
      }
    },
    {
      "type": "Feature",
      "properties": {
        "grid_id": "OBI118",
        "site": "obi_island",
        "location_label": "Obi Island Interior Concession - Maluku Utara greenfield nickel laterite",
        "lithology": "peridotite_simulated",
        "slope_deg": 26.5,
        "distance_to_river_m": 255,
        "distance_to_road_m": 2550,
        "distance_to_settlement_m": 3744,
        "legal_status": "conditional",
        "distance_to_smelter_km": 56.3,
        "area_ha": 1.77,
        "region_id": "SE",
        "fe_oxide_index": 1.822,
        "clay_index": 2.178,
        "ndvi_stress_index": 0.236,
        "tmi_structural_nT": 45955.1,
        "tmi_anomaly_nT": 955.1,
        "elevation_mdpl": 508.4,
        "geochem_assay_ratio": 1.51
      },
      "geometry": {
        "type": "Polygon",
        "coordinates": [
          [
            [
              127.764,
              -1.59
            ],
            [
              127.776,
              -1.59
            ],
            [
              127.776,
              -1.578
            ],
            [
              127.764,
              -1.578
            ],
            [
              127.764,
              -1.59
            ]
          ]
        ]
      }
    },
    {
      "type": "Feature",
      "properties": {
        "grid_id": "OBI119",
        "site": "obi_island",
        "location_label": "Obi Island Interior Concession - Maluku Utara greenfield nickel laterite",
        "lithology": "peridotite_simulated",
        "slope_deg": 17.8,
        "distance_to_river_m": 1186,
        "distance_to_road_m": 5397,
        "distance_to_settlement_m": 10290,
        "legal_status": "conditional",
        "distance_to_smelter_km": 60.1,
        "area_ha": 1.77,
        "region_id": "SE",
        "fe_oxide_index": 1.946,
        "clay_index": 1.902,
        "ndvi_stress_index": 0.342,
        "tmi_structural_nT": 45466.6,
        "tmi_anomaly_nT": 466.6,
        "elevation_mdpl": 501.6,
        "geochem_assay_ratio": 2.32
      },
      "geometry": {
        "type": "Polygon",
        "coordinates": [
          [
            [
              127.776,
              -1.59
            ],
            [
              127.788,
              -1.59
            ],
            [
              127.788,
              -1.578
            ],
            [
              127.776,
              -1.578
            ],
            [
              127.776,
              -1.59
            ]
          ]
        ]
      }
    },
    {
      "type": "Feature",
      "properties": {
        "grid_id": "OBI120",
        "site": "obi_island",
        "location_label": "Obi Island Interior Concession - Maluku Utara greenfield nickel laterite",
        "lithology": "serpentinite_simulated",
        "slope_deg": 25.3,
        "distance_to_river_m": 2794,
        "distance_to_road_m": 5171,
        "distance_to_settlement_m": 6831,
        "legal_status": "conditional",
        "distance_to_smelter_km": 64.0,
        "area_ha": 1.77,
        "region_id": "SE",
        "fe_oxide_index": 2.429,
        "clay_index": 2.034,
        "ndvi_stress_index": 0.217,
        "tmi_structural_nT": 45996.6,
        "tmi_anomaly_nT": 996.6,
        "elevation_mdpl": 493.7,
        "geochem_assay_ratio": 1.44
      },
      "geometry": {
        "type": "Polygon",
        "coordinates": [
          [
            [
              127.788,
              -1.59
            ],
            [
              127.8,
              -1.59
            ],
            [
              127.8,
              -1.578
            ],
            [
              127.788,
              -1.578
            ],
            [
              127.788,
              -1.59
            ]
          ]
        ]
      }
    },
    {
      "type": "Feature",
      "properties": {
        "grid_id": "OBI121",
        "site": "obi_island",
        "location_label": "Obi Island Interior Concession - Maluku Utara greenfield nickel laterite",
        "lithology": "serpentinite_simulated",
        "slope_deg": 18.9,
        "distance_to_river_m": 696,
        "distance_to_road_m": 2148,
        "distance_to_settlement_m": 6474,
        "legal_status": "conditional",
        "distance_to_smelter_km": 62.3,
        "area_ha": 1.77,
        "region_id": "SW",
        "fe_oxide_index": 2.805,
        "clay_index": 2.245,
        "ndvi_stress_index": 0.414,
        "tmi_structural_nT": 45223.0,
        "tmi_anomaly_nT": 223.0,
        "elevation_mdpl": 433.5,
        "geochem_assay_ratio": 2.88
      },
      "geometry": {
        "type": "Polygon",
        "coordinates": [
          [
            [
              127.56,
              -1.578
            ],
            [
              127.572,
              -1.578
            ],
            [
              127.572,
              -1.566
            ],
            [
              127.56,
              -1.566
            ],
            [
              127.56,
              -1.578
            ]
          ]
        ]
      }
    },
    {
      "type": "Feature",
      "properties": {
        "grid_id": "OBI122",
        "site": "obi_island",
        "location_label": "Obi Island Interior Concession - Maluku Utara greenfield nickel laterite",
        "lithology": "peridotite_simulated",
        "slope_deg": 19.3,
        "distance_to_river_m": 2379,
        "distance_to_road_m": 3444,
        "distance_to_settlement_m": 4370,
        "legal_status": "conditional",
        "distance_to_smelter_km": 58.2,
        "area_ha": 1.77,
        "region_id": "SW",
        "fe_oxide_index": 2.207,
        "clay_index": 2.287,
        "ndvi_stress_index": 0.228,
        "tmi_structural_nT": 45493.9,
        "tmi_anomaly_nT": 493.9,
        "elevation_mdpl": 436.0,
        "geochem_assay_ratio": 2.54
      },
      "geometry": {
        "type": "Polygon",
        "coordinates": [
          [
            [
              127.572,
              -1.578
            ],
            [
              127.584,
              -1.578
            ],
            [
              127.584,
              -1.566
            ],
            [
              127.572,
              -1.566
            ],
            [
              127.572,
              -1.578
            ]
          ]
        ]
      }
    },
    {
      "type": "Feature",
      "properties": {
        "grid_id": "OBI123",
        "site": "obi_island",
        "location_label": "Obi Island Interior Concession - Maluku Utara greenfield nickel laterite",
        "lithology": "mafic_volcanic_simulated",
        "slope_deg": 25.5,
        "distance_to_river_m": 1246,
        "distance_to_road_m": 4746,
        "distance_to_settlement_m": 10797,
        "legal_status": "conditional",
        "distance_to_smelter_km": 54.2,
        "area_ha": 1.77,
        "region_id": "SW",
        "fe_oxide_index": 1.432,
        "clay_index": 1.211,
        "ndvi_stress_index": 0.735,
        "tmi_structural_nT": 44958.2,
        "tmi_anomaly_nT": -41.8,
        "elevation_mdpl": 487.9,
        "geochem_assay_ratio": 4.25
      },
      "geometry": {
        "type": "Polygon",
        "coordinates": [
          [
            [
              127.584,
              -1.578
            ],
            [
              127.596,
              -1.578
            ],
            [
              127.596,
              -1.566
            ],
            [
              127.584,
              -1.566
            ],
            [
              127.584,
              -1.578
            ]
          ]
        ]
      }
    },
    {
      "type": "Feature",
      "properties": {
        "grid_id": "OBI124",
        "site": "obi_island",
        "location_label": "Obi Island Interior Concession - Maluku Utara greenfield nickel laterite",
        "lithology": "mafic_volcanic_simulated",
        "slope_deg": 21.7,
        "distance_to_river_m": 1124,
        "distance_to_road_m": 4568,
        "distance_to_settlement_m": 4820,
        "legal_status": "conditional",
        "distance_to_smelter_km": 50.3,
        "area_ha": 1.77,
        "region_id": "SW",
        "fe_oxide_index": 1.135,
        "clay_index": 1.285,
        "ndvi_stress_index": 0.612,
        "tmi_structural_nT": 44561.6,
        "tmi_anomaly_nT": -438.4,
        "elevation_mdpl": 426.7,
        "geochem_assay_ratio": 6.0
      },
      "geometry": {
        "type": "Polygon",
        "coordinates": [
          [
            [
              127.596,
              -1.578
            ],
            [
              127.608,
              -1.578
            ],
            [
              127.608,
              -1.566
            ],
            [
              127.596,
              -1.566
            ],
            [
              127.596,
              -1.578
            ]
          ]
        ]
      }
    },
    {
      "type": "Feature",
      "properties": {
        "grid_id": "OBI125",
        "site": "obi_island",
        "location_label": "Obi Island Interior Concession - Maluku Utara greenfield nickel laterite",
        "lithology": "serpentinite_simulated",
        "slope_deg": 24.5,
        "distance_to_river_m": 2664,
        "distance_to_road_m": 3808,
        "distance_to_settlement_m": 5076,
        "legal_status": "conditional",
        "distance_to_smelter_km": 46.5,
        "area_ha": 1.77,
        "region_id": "SW",
        "fe_oxide_index": 1.882,
        "clay_index": 2.1,
        "ndvi_stress_index": 0.287,
        "tmi_structural_nT": 45787.6,
        "tmi_anomaly_nT": 787.6,
        "elevation_mdpl": 434.6,
        "geochem_assay_ratio": 1.94
      },
      "geometry": {
        "type": "Polygon",
        "coordinates": [
          [
            [
              127.608,
              -1.578
            ],
            [
              127.62,
              -1.578
            ],
            [
              127.62,
              -1.566
            ],
            [
              127.608,
              -1.566
            ],
            [
              127.608,
              -1.578
            ]
          ]
        ]
      }
    },
    {
      "type": "Feature",
      "properties": {
        "grid_id": "OBI126",
        "site": "obi_island",
        "location_label": "Obi Island Interior Concession - Maluku Utara greenfield nickel laterite",
        "lithology": "serpentinite_simulated",
        "slope_deg": 23.0,
        "distance_to_river_m": 1642,
        "distance_to_road_m": 5205,
        "distance_to_settlement_m": 4501,
        "legal_status": "conditional",
        "distance_to_smelter_km": 42.9,
        "area_ha": 1.77,
        "region_id": "SW",
        "fe_oxide_index": 2.143,
        "clay_index": 1.679,
        "ndvi_stress_index": 0.387,
        "tmi_structural_nT": 45851.2,
        "tmi_anomaly_nT": 851.2,
        "elevation_mdpl": 463.8,
        "geochem_assay_ratio": 1.43
      },
      "geometry": {
        "type": "Polygon",
        "coordinates": [
          [
            [
              127.62,
              -1.578
            ],
            [
              127.632,
              -1.578
            ],
            [
              127.632,
              -1.566
            ],
            [
              127.62,
              -1.566
            ],
            [
              127.62,
              -1.578
            ]
          ]
        ]
      }
    },
    {
      "type": "Feature",
      "properties": {
        "grid_id": "OBI127",
        "site": "obi_island",
        "location_label": "Obi Island Interior Concession - Maluku Utara greenfield nickel laterite",
        "lithology": "peridotite_simulated",
        "slope_deg": 20.2,
        "distance_to_river_m": 1349,
        "distance_to_road_m": 5276,
        "distance_to_settlement_m": 7190,
        "legal_status": "conditional",
        "distance_to_smelter_km": 39.7,
        "area_ha": 1.77,
        "region_id": "SW",
        "fe_oxide_index": 2.296,
        "clay_index": 2.045,
        "ndvi_stress_index": 0.196,
        "tmi_structural_nT": 45451.3,
        "tmi_anomaly_nT": 451.3,
        "elevation_mdpl": 437.3,
        "geochem_assay_ratio": 3.01
      },
      "geometry": {
        "type": "Polygon",
        "coordinates": [
          [
            [
              127.632,
              -1.578
            ],
            [
              127.644,
              -1.578
            ],
            [
              127.644,
              -1.566
            ],
            [
              127.632,
              -1.566
            ],
            [
              127.632,
              -1.578
            ]
          ]
        ]
      }
    },
    {
      "type": "Feature",
      "properties": {
        "grid_id": "OBI128",
        "site": "obi_island",
        "location_label": "Obi Island Interior Concession - Maluku Utara greenfield nickel laterite",
        "lithology": "ultramafic_simulated",
        "slope_deg": 26.0,
        "distance_to_river_m": 904,
        "distance_to_road_m": 4527,
        "distance_to_settlement_m": 9992,
        "legal_status": "conditional",
        "distance_to_smelter_km": 36.8,
        "area_ha": 1.77,
        "region_id": "SW",
        "fe_oxide_index": 2.835,
        "clay_index": 2.313,
        "ndvi_stress_index": 0.182,
        "tmi_structural_nT": 45408.0,
        "tmi_anomaly_nT": 408.0,
        "elevation_mdpl": 445.1,
        "geochem_assay_ratio": 2.57
      },
      "geometry": {
        "type": "Polygon",
        "coordinates": [
          [
            [
              127.644,
              -1.578
            ],
            [
              127.656,
              -1.578
            ],
            [
              127.656,
              -1.566
            ],
            [
              127.644,
              -1.566
            ],
            [
              127.644,
              -1.578
            ]
          ]
        ]
      }
    },
    {
      "type": "Feature",
      "properties": {
        "grid_id": "OBI129",
        "site": "obi_island",
        "location_label": "Obi Island Interior Concession - Maluku Utara greenfield nickel laterite",
        "lithology": "serpentinite_simulated",
        "slope_deg": 24.5,
        "distance_to_river_m": 633,
        "distance_to_road_m": 4951,
        "distance_to_settlement_m": 10232,
        "legal_status": "conditional",
        "distance_to_smelter_km": 34.7,
        "area_ha": 1.77,
        "region_id": "SW",
        "fe_oxide_index": 1.955,
        "clay_index": 1.723,
        "ndvi_stress_index": 0.207,
        "tmi_structural_nT": 45642.6,
        "tmi_anomaly_nT": 642.6,
        "elevation_mdpl": 468.4,
        "geochem_assay_ratio": 1.63
      },
      "geometry": {
        "type": "Polygon",
        "coordinates": [
          [
            [
              127.656,
              -1.578
            ],
            [
              127.668,
              -1.578
            ],
            [
              127.668,
              -1.566
            ],
            [
              127.656,
              -1.566
            ],
            [
              127.656,
              -1.578
            ]
          ]
        ]
      }
    },
    {
      "type": "Feature",
      "properties": {
        "grid_id": "OBI130",
        "site": "obi_island",
        "location_label": "Obi Island Interior Concession - Maluku Utara greenfield nickel laterite",
        "lithology": "serpentinite_simulated",
        "slope_deg": 26.8,
        "distance_to_river_m": 726,
        "distance_to_road_m": 2322,
        "distance_to_settlement_m": 5886,
        "legal_status": "conditional",
        "distance_to_smelter_km": 33.5,
        "area_ha": 1.77,
        "region_id": "SW",
        "fe_oxide_index": 2.135,
        "clay_index": 2.016,
        "ndvi_stress_index": 0.416,
        "tmi_structural_nT": 45279.2,
        "tmi_anomaly_nT": 279.2,
        "elevation_mdpl": 426.9,
        "geochem_assay_ratio": 1.62
      },
      "geometry": {
        "type": "Polygon",
        "coordinates": [
          [
            [
              127.668,
              -1.578
            ],
            [
              127.68,
              -1.578
            ],
            [
              127.68,
              -1.566
            ],
            [
              127.668,
              -1.566
            ],
            [
              127.668,
              -1.578
            ]
          ]
        ]
      }
    },
    {
      "type": "Feature",
      "properties": {
        "grid_id": "OBI131",
        "site": "obi_island",
        "location_label": "Obi Island Interior Concession - Maluku Utara greenfield nickel laterite",
        "lithology": "mafic_volcanic_simulated",
        "slope_deg": 20.4,
        "distance_to_river_m": 1724,
        "distance_to_road_m": 1285,
        "distance_to_settlement_m": 3730,
        "legal_status": "conditional",
        "distance_to_smelter_km": 33.5,
        "area_ha": 1.77,
        "region_id": "SE",
        "fe_oxide_index": 1.405,
        "clay_index": 1.24,
        "ndvi_stress_index": 0.68,
        "tmi_structural_nT": 44815.2,
        "tmi_anomaly_nT": -184.8,
        "elevation_mdpl": 498.1,
        "geochem_assay_ratio": 4.62
      },
      "geometry": {
        "type": "Polygon",
        "coordinates": [
          [
            [
              127.68,
              -1.578
            ],
            [
              127.692,
              -1.578
            ],
            [
              127.692,
              -1.566
            ],
            [
              127.68,
              -1.566
            ],
            [
              127.68,
              -1.578
            ]
          ]
        ]
      }
    },
    {
      "type": "Feature",
      "properties": {
        "grid_id": "OBI132",
        "site": "obi_island",
        "location_label": "Obi Island Interior Concession - Maluku Utara greenfield nickel laterite",
        "lithology": "serpentinite_simulated",
        "slope_deg": 17.1,
        "distance_to_river_m": 1702,
        "distance_to_road_m": 1677,
        "distance_to_settlement_m": 7115,
        "legal_status": "conditional",
        "distance_to_smelter_km": 34.7,
        "area_ha": 1.77,
        "region_id": "SE",
        "fe_oxide_index": 1.955,
        "clay_index": 2.382,
        "ndvi_stress_index": 0.372,
        "tmi_structural_nT": 45741.8,
        "tmi_anomaly_nT": 741.8,
        "elevation_mdpl": 506.4,
        "geochem_assay_ratio": 2.11
      },
      "geometry": {
        "type": "Polygon",
        "coordinates": [
          [
            [
              127.692,
              -1.578
            ],
            [
              127.704,
              -1.578
            ],
            [
              127.704,
              -1.566
            ],
            [
              127.692,
              -1.566
            ],
            [
              127.692,
              -1.578
            ]
          ]
        ]
      }
    },
    {
      "type": "Feature",
      "properties": {
        "grid_id": "OBI133",
        "site": "obi_island",
        "location_label": "Obi Island Interior Concession - Maluku Utara greenfield nickel laterite",
        "lithology": "peridotite_simulated",
        "slope_deg": 18.4,
        "distance_to_river_m": 2583,
        "distance_to_road_m": 2413,
        "distance_to_settlement_m": 8556,
        "legal_status": "no-go",
        "distance_to_smelter_km": 36.8,
        "area_ha": 1.77,
        "region_id": "SE",
        "fe_oxide_index": 2.692,
        "clay_index": 2.003,
        "ndvi_stress_index": 0.409,
        "tmi_structural_nT": 45505.5,
        "tmi_anomaly_nT": 505.5,
        "elevation_mdpl": 417.4,
        "geochem_assay_ratio": 1.66
      },
      "geometry": {
        "type": "Polygon",
        "coordinates": [
          [
            [
              127.704,
              -1.578
            ],
            [
              127.716,
              -1.578
            ],
            [
              127.716,
              -1.566
            ],
            [
              127.704,
              -1.566
            ],
            [
              127.704,
              -1.578
            ]
          ]
        ]
      }
    },
    {
      "type": "Feature",
      "properties": {
        "grid_id": "OBI134",
        "site": "obi_island",
        "location_label": "Obi Island Interior Concession - Maluku Utara greenfield nickel laterite",
        "lithology": "ultramafic_simulated",
        "slope_deg": 25.7,
        "distance_to_river_m": 2518,
        "distance_to_road_m": 1639,
        "distance_to_settlement_m": 4733,
        "legal_status": "no-go",
        "distance_to_smelter_km": 39.7,
        "area_ha": 1.77,
        "region_id": "SE",
        "fe_oxide_index": 2.03,
        "clay_index": 2.165,
        "ndvi_stress_index": 0.249,
        "tmi_structural_nT": 45120.0,
        "tmi_anomaly_nT": 120.0,
        "elevation_mdpl": 503.3,
        "geochem_assay_ratio": 2.41
      },
      "geometry": {
        "type": "Polygon",
        "coordinates": [
          [
            [
              127.716,
              -1.578
            ],
            [
              127.728,
              -1.578
            ],
            [
              127.728,
              -1.566
            ],
            [
              127.716,
              -1.566
            ],
            [
              127.716,
              -1.578
            ]
          ]
        ]
      }
    },
    {
      "type": "Feature",
      "properties": {
        "grid_id": "OBI135",
        "site": "obi_island",
        "location_label": "Obi Island Interior Concession - Maluku Utara greenfield nickel laterite",
        "lithology": "ultramafic_simulated",
        "slope_deg": 22.4,
        "distance_to_river_m": 682,
        "distance_to_road_m": 3032,
        "distance_to_settlement_m": 6528,
        "legal_status": "no-go",
        "distance_to_smelter_km": 42.9,
        "area_ha": 1.77,
        "region_id": "SE",
        "fe_oxide_index": 2.6,
        "clay_index": 2.395,
        "ndvi_stress_index": 0.415,
        "tmi_structural_nT": 45581.1,
        "tmi_anomaly_nT": 581.1,
        "elevation_mdpl": 425.6,
        "geochem_assay_ratio": 2.25
      },
      "geometry": {
        "type": "Polygon",
        "coordinates": [
          [
            [
              127.728,
              -1.578
            ],
            [
              127.74,
              -1.578
            ],
            [
              127.74,
              -1.566
            ],
            [
              127.728,
              -1.566
            ],
            [
              127.728,
              -1.578
            ]
          ]
        ]
      }
    },
    {
      "type": "Feature",
      "properties": {
        "grid_id": "OBI136",
        "site": "obi_island",
        "location_label": "Obi Island Interior Concession - Maluku Utara greenfield nickel laterite",
        "lithology": "peridotite_simulated",
        "slope_deg": 16.0,
        "distance_to_river_m": 357,
        "distance_to_road_m": 3111,
        "distance_to_settlement_m": 5940,
        "legal_status": "no-go",
        "distance_to_smelter_km": 46.5,
        "area_ha": 1.77,
        "region_id": "SE",
        "fe_oxide_index": 2.397,
        "clay_index": 2.014,
        "ndvi_stress_index": 0.258,
        "tmi_structural_nT": 45214.8,
        "tmi_anomaly_nT": 214.8,
        "elevation_mdpl": 412.5,
        "geochem_assay_ratio": 2.44
      },
      "geometry": {
        "type": "Polygon",
        "coordinates": [
          [
            [
              127.74,
              -1.578
            ],
            [
              127.752,
              -1.578
            ],
            [
              127.752,
              -1.566
            ],
            [
              127.74,
              -1.566
            ],
            [
              127.74,
              -1.578
            ]
          ]
        ]
      }
    },
    {
      "type": "Feature",
      "properties": {
        "grid_id": "OBI137",
        "site": "obi_island",
        "location_label": "Obi Island Interior Concession - Maluku Utara greenfield nickel laterite",
        "lithology": "peridotite_simulated",
        "slope_deg": 21.5,
        "distance_to_river_m": 251,
        "distance_to_road_m": 3251,
        "distance_to_settlement_m": 8838,
        "legal_status": "no-go",
        "distance_to_smelter_km": 50.3,
        "area_ha": 1.77,
        "region_id": "SE",
        "fe_oxide_index": 2.816,
        "clay_index": 2.132,
        "ndvi_stress_index": 0.21,
        "tmi_structural_nT": 45742.6,
        "tmi_anomaly_nT": 742.6,
        "elevation_mdpl": 416.4,
        "geochem_assay_ratio": 2.28
      },
      "geometry": {
        "type": "Polygon",
        "coordinates": [
          [
            [
              127.752,
              -1.578
            ],
            [
              127.764,
              -1.578
            ],
            [
              127.764,
              -1.566
            ],
            [
              127.752,
              -1.566
            ],
            [
              127.752,
              -1.578
            ]
          ]
        ]
      }
    },
    {
      "type": "Feature",
      "properties": {
        "grid_id": "OBI138",
        "site": "obi_island",
        "location_label": "Obi Island Interior Concession - Maluku Utara greenfield nickel laterite",
        "lithology": "peridotite_simulated",
        "slope_deg": 24.6,
        "distance_to_river_m": 397,
        "distance_to_road_m": 4685,
        "distance_to_settlement_m": 8855,
        "legal_status": "no-go",
        "distance_to_smelter_km": 54.2,
        "area_ha": 1.77,
        "region_id": "SE",
        "fe_oxide_index": 2.181,
        "clay_index": 1.978,
        "ndvi_stress_index": 0.31,
        "tmi_structural_nT": 46032.2,
        "tmi_anomaly_nT": 1032.2,
        "elevation_mdpl": 467.9,
        "geochem_assay_ratio": 2.94
      },
      "geometry": {
        "type": "Polygon",
        "coordinates": [
          [
            [
              127.764,
              -1.578
            ],
            [
              127.776,
              -1.578
            ],
            [
              127.776,
              -1.566
            ],
            [
              127.764,
              -1.566
            ],
            [
              127.764,
              -1.578
            ]
          ]
        ]
      }
    },
    {
      "type": "Feature",
      "properties": {
        "grid_id": "OBI139",
        "site": "obi_island",
        "location_label": "Obi Island Interior Concession - Maluku Utara greenfield nickel laterite",
        "lithology": "serpentinite_simulated",
        "slope_deg": 20.1,
        "distance_to_river_m": 578,
        "distance_to_road_m": 4068,
        "distance_to_settlement_m": 9770,
        "legal_status": "conditional",
        "distance_to_smelter_km": 58.2,
        "area_ha": 1.77,
        "region_id": "SE",
        "fe_oxide_index": 2.464,
        "clay_index": 1.625,
        "ndvi_stress_index": 0.359,
        "tmi_structural_nT": 45430.1,
        "tmi_anomaly_nT": 430.1,
        "elevation_mdpl": 412.8,
        "geochem_assay_ratio": 1.64
      },
      "geometry": {
        "type": "Polygon",
        "coordinates": [
          [
            [
              127.776,
              -1.578
            ],
            [
              127.788,
              -1.578
            ],
            [
              127.788,
              -1.566
            ],
            [
              127.776,
              -1.566
            ],
            [
              127.776,
              -1.578
            ]
          ]
        ]
      }
    },
    {
      "type": "Feature",
      "properties": {
        "grid_id": "OBI140",
        "site": "obi_island",
        "location_label": "Obi Island Interior Concession - Maluku Utara greenfield nickel laterite",
        "lithology": "peridotite_simulated",
        "slope_deg": 25.1,
        "distance_to_river_m": 1674,
        "distance_to_road_m": 2136,
        "distance_to_settlement_m": 5086,
        "legal_status": "conditional",
        "distance_to_smelter_km": 62.3,
        "area_ha": 1.77,
        "region_id": "SE",
        "fe_oxide_index": 2.299,
        "clay_index": 2.081,
        "ndvi_stress_index": 0.381,
        "tmi_structural_nT": 45470.9,
        "tmi_anomaly_nT": 470.9,
        "elevation_mdpl": 442.1,
        "geochem_assay_ratio": 1.71
      },
      "geometry": {
        "type": "Polygon",
        "coordinates": [
          [
            [
              127.788,
              -1.578
            ],
            [
              127.8,
              -1.578
            ],
            [
              127.8,
              -1.566
            ],
            [
              127.788,
              -1.566
            ],
            [
              127.788,
              -1.578
            ]
          ]
        ]
      }
    },
    {
      "type": "Feature",
      "properties": {
        "grid_id": "OBI141",
        "site": "obi_island",
        "location_label": "Obi Island Interior Concession - Maluku Utara greenfield nickel laterite",
        "lithology": "serpentinite_simulated",
        "slope_deg": 21.2,
        "distance_to_river_m": 1484,
        "distance_to_road_m": 5012,
        "distance_to_settlement_m": 8336,
        "legal_status": "conditional",
        "distance_to_smelter_km": 61.0,
        "area_ha": 1.77,
        "region_id": "SW",
        "fe_oxide_index": 2.526,
        "clay_index": 1.836,
        "ndvi_stress_index": 0.37,
        "tmi_structural_nT": 45155.6,
        "tmi_anomaly_nT": 155.6,
        "elevation_mdpl": 501.3,
        "geochem_assay_ratio": 1.62
      },
      "geometry": {
        "type": "Polygon",
        "coordinates": [
          [
            [
              127.56,
              -1.566
            ],
            [
              127.572,
              -1.566
            ],
            [
              127.572,
              -1.554
            ],
            [
              127.56,
              -1.554
            ],
            [
              127.56,
              -1.566
            ]
          ]
        ]
      }
    },
    {
      "type": "Feature",
      "properties": {
        "grid_id": "OBI142",
        "site": "obi_island",
        "location_label": "Obi Island Interior Concession - Maluku Utara greenfield nickel laterite",
        "lithology": "peridotite_simulated",
        "slope_deg": 24.3,
        "distance_to_river_m": 2571,
        "distance_to_road_m": 3310,
        "distance_to_settlement_m": 5397,
        "legal_status": "conditional",
        "distance_to_smelter_km": 56.8,
        "area_ha": 1.77,
        "region_id": "SW",
        "fe_oxide_index": 2.164,
        "clay_index": 1.919,
        "ndvi_stress_index": 0.245,
        "tmi_structural_nT": 45575.0,
        "tmi_anomaly_nT": 575.0,
        "elevation_mdpl": 415.9,
        "geochem_assay_ratio": 2.48
      },
      "geometry": {
        "type": "Polygon",
        "coordinates": [
          [
            [
              127.572,
              -1.566
            ],
            [
              127.584,
              -1.566
            ],
            [
              127.584,
              -1.554
            ],
            [
              127.572,
              -1.554
            ],
            [
              127.572,
              -1.566
            ]
          ]
        ]
      }
    },
    {
      "type": "Feature",
      "properties": {
        "grid_id": "OBI143",
        "site": "obi_island",
        "location_label": "Obi Island Interior Concession - Maluku Utara greenfield nickel laterite",
        "lithology": "serpentinite_simulated",
        "slope_deg": 24.9,
        "distance_to_river_m": 1021,
        "distance_to_road_m": 2479,
        "distance_to_settlement_m": 9609,
        "legal_status": "conditional",
        "distance_to_smelter_km": 52.6,
        "area_ha": 1.77,
        "region_id": "SW",
        "fe_oxide_index": 2.381,
        "clay_index": 2.443,
        "ndvi_stress_index": 0.319,
        "tmi_structural_nT": 45403.7,
        "tmi_anomaly_nT": 403.7,
        "elevation_mdpl": 492.9,
        "geochem_assay_ratio": 1.87
      },
      "geometry": {
        "type": "Polygon",
        "coordinates": [
          [
            [
              127.584,
              -1.566
            ],
            [
              127.596,
              -1.566
            ],
            [
              127.596,
              -1.554
            ],
            [
              127.584,
              -1.554
            ],
            [
              127.584,
              -1.566
            ]
          ]
        ]
      }
    },
    {
      "type": "Feature",
      "properties": {
        "grid_id": "OBI144",
        "site": "obi_island",
        "location_label": "Obi Island Interior Concession - Maluku Utara greenfield nickel laterite",
        "lithology": "peridotite_simulated",
        "slope_deg": 25.8,
        "distance_to_river_m": 2520,
        "distance_to_road_m": 3468,
        "distance_to_settlement_m": 9524,
        "legal_status": "conditional",
        "distance_to_smelter_km": 48.5,
        "area_ha": 1.77,
        "region_id": "SW",
        "fe_oxide_index": 2.638,
        "clay_index": 2.389,
        "ndvi_stress_index": 0.366,
        "tmi_structural_nT": 45298.2,
        "tmi_anomaly_nT": 298.2,
        "elevation_mdpl": 422.9,
        "geochem_assay_ratio": 2.31
      },
      "geometry": {
        "type": "Polygon",
        "coordinates": [
          [
            [
              127.596,
              -1.566
            ],
            [
              127.608,
              -1.566
            ],
            [
              127.608,
              -1.554
            ],
            [
              127.596,
              -1.554
            ],
            [
              127.596,
              -1.566
            ]
          ]
        ]
      }
    },
    {
      "type": "Feature",
      "properties": {
        "grid_id": "OBI145",
        "site": "obi_island",
        "location_label": "Obi Island Interior Concession - Maluku Utara greenfield nickel laterite",
        "lithology": "serpentinite_simulated",
        "slope_deg": 24.7,
        "distance_to_river_m": 2243,
        "distance_to_road_m": 4880,
        "distance_to_settlement_m": 10594,
        "legal_status": "conditional",
        "distance_to_smelter_km": 44.4,
        "area_ha": 1.77,
        "region_id": "SW",
        "fe_oxide_index": 2.106,
        "clay_index": 2.267,
        "ndvi_stress_index": 0.347,
        "tmi_structural_nT": 45163.2,
        "tmi_anomaly_nT": 163.2,
        "elevation_mdpl": 430.6,
        "geochem_assay_ratio": 2.32
      },
      "geometry": {
        "type": "Polygon",
        "coordinates": [
          [
            [
              127.608,
              -1.566
            ],
            [
              127.62,
              -1.566
            ],
            [
              127.62,
              -1.554
            ],
            [
              127.608,
              -1.554
            ],
            [
              127.608,
              -1.566
            ]
          ]
        ]
      }
    },
    {
      "type": "Feature",
      "properties": {
        "grid_id": "OBI146",
        "site": "obi_island",
        "location_label": "Obi Island Interior Concession - Maluku Utara greenfield nickel laterite",
        "lithology": "peridotite_simulated",
        "slope_deg": 25.6,
        "distance_to_river_m": 2709,
        "distance_to_road_m": 3793,
        "distance_to_settlement_m": 4421,
        "legal_status": "conditional",
        "distance_to_smelter_km": 40.5,
        "area_ha": 1.77,
        "region_id": "SW",
        "fe_oxide_index": 2.115,
        "clay_index": 2.011,
        "ndvi_stress_index": 0.244,
        "tmi_structural_nT": 45651.8,
        "tmi_anomaly_nT": 651.8,
        "elevation_mdpl": 439.6,
        "geochem_assay_ratio": 1.46
      },
      "geometry": {
        "type": "Polygon",
        "coordinates": [
          [
            [
              127.62,
              -1.566
            ],
            [
              127.632,
              -1.566
            ],
            [
              127.632,
              -1.554
            ],
            [
              127.62,
              -1.554
            ],
            [
              127.62,
              -1.566
            ]
          ]
        ]
      }
    },
    {
      "type": "Feature",
      "properties": {
        "grid_id": "OBI147",
        "site": "obi_island",
        "location_label": "Obi Island Interior Concession - Maluku Utara greenfield nickel laterite",
        "lithology": "peridotite_simulated",
        "slope_deg": 22.4,
        "distance_to_river_m": 1296,
        "distance_to_road_m": 4979,
        "distance_to_settlement_m": 4006,
        "legal_status": "no-go",
        "distance_to_smelter_km": 36.8,
        "area_ha": 1.77,
        "region_id": "SW",
        "fe_oxide_index": 2.226,
        "clay_index": 2.12,
        "ndvi_stress_index": 0.241,
        "tmi_structural_nT": 45722.8,
        "tmi_anomaly_nT": 722.8,
        "elevation_mdpl": 499.0,
        "geochem_assay_ratio": 3.04
      },
      "geometry": {
        "type": "Polygon",
        "coordinates": [
          [
            [
              127.632,
              -1.566
            ],
            [
              127.644,
              -1.566
            ],
            [
              127.644,
              -1.554
            ],
            [
              127.632,
              -1.554
            ],
            [
              127.632,
              -1.566
            ]
          ]
        ]
      }
    },
    {
      "type": "Feature",
      "properties": {
        "grid_id": "OBI148",
        "site": "obi_island",
        "location_label": "Obi Island Interior Concession - Maluku Utara greenfield nickel laterite",
        "lithology": "serpentinite_simulated",
        "slope_deg": 16.6,
        "distance_to_river_m": 2689,
        "distance_to_road_m": 3109,
        "distance_to_settlement_m": 6844,
        "legal_status": "no-go",
        "distance_to_smelter_km": 33.5,
        "area_ha": 1.77,
        "region_id": "SW",
        "fe_oxide_index": 2.019,
        "clay_index": 2.342,
        "ndvi_stress_index": 0.247,
        "tmi_structural_nT": 45539.0,
        "tmi_anomaly_nT": 539.0,
        "elevation_mdpl": 490.8,
        "geochem_assay_ratio": 1.41
      },
      "geometry": {
        "type": "Polygon",
        "coordinates": [
          [
            [
              127.644,
              -1.566
            ],
            [
              127.656,
              -1.566
            ],
            [
              127.656,
              -1.554
            ],
            [
              127.644,
              -1.554
            ],
            [
              127.644,
              -1.566
            ]
          ]
        ]
      }
    },
    {
      "type": "Feature",
      "properties": {
        "grid_id": "OBI149",
        "site": "obi_island",
        "location_label": "Obi Island Interior Concession - Maluku Utara greenfield nickel laterite",
        "lithology": "serpentinite_simulated",
        "slope_deg": 17.8,
        "distance_to_river_m": 2398,
        "distance_to_road_m": 2161,
        "distance_to_settlement_m": 10622,
        "legal_status": "no-go",
        "distance_to_smelter_km": 30.8,
        "area_ha": 1.77,
        "region_id": "SW",
        "fe_oxide_index": 2.103,
        "clay_index": 1.697,
        "ndvi_stress_index": 0.185,
        "tmi_structural_nT": 45439.1,
        "tmi_anomaly_nT": 439.1,
        "elevation_mdpl": 423.5,
        "geochem_assay_ratio": 2.23
      },
      "geometry": {
        "type": "Polygon",
        "coordinates": [
          [
            [
              127.656,
              -1.566
            ],
            [
              127.668,
              -1.566
            ],
            [
              127.668,
              -1.554
            ],
            [
              127.656,
              -1.554
            ],
            [
              127.656,
              -1.566
            ]
          ]
        ]
      }
    },
    {
      "type": "Feature",
      "properties": {
        "grid_id": "OBI150",
        "site": "obi_island",
        "location_label": "Obi Island Interior Concession - Maluku Utara greenfield nickel laterite",
        "lithology": "serpentinite_simulated",
        "slope_deg": 25.6,
        "distance_to_river_m": 614,
        "distance_to_road_m": 5152,
        "distance_to_settlement_m": 3561,
        "legal_status": "no-go",
        "distance_to_smelter_km": 29.2,
        "area_ha": 1.77,
        "region_id": "SW",
        "fe_oxide_index": 2.2,
        "clay_index": 2.396,
        "ndvi_stress_index": 0.339,
        "tmi_structural_nT": 45311.2,
        "tmi_anomaly_nT": 311.2,
        "elevation_mdpl": 427.1,
        "geochem_assay_ratio": 2.44
      },
      "geometry": {
        "type": "Polygon",
        "coordinates": [
          [
            [
              127.668,
              -1.566
            ],
            [
              127.68,
              -1.566
            ],
            [
              127.68,
              -1.554
            ],
            [
              127.668,
              -1.554
            ],
            [
              127.668,
              -1.566
            ]
          ]
        ]
      }
    },
    {
      "type": "Feature",
      "properties": {
        "grid_id": "OBI151",
        "site": "obi_island",
        "location_label": "Obi Island Interior Concession - Maluku Utara greenfield nickel laterite",
        "lithology": "ultramafic_simulated",
        "slope_deg": 18.3,
        "distance_to_river_m": 2426,
        "distance_to_road_m": 5269,
        "distance_to_settlement_m": 10169,
        "legal_status": "no-go",
        "distance_to_smelter_km": 29.2,
        "area_ha": 1.77,
        "region_id": "SE",
        "fe_oxide_index": 2.459,
        "clay_index": 2.067,
        "ndvi_stress_index": 0.19,
        "tmi_structural_nT": 45445.4,
        "tmi_anomaly_nT": 445.4,
        "elevation_mdpl": 419.3,
        "geochem_assay_ratio": 2.24
      },
      "geometry": {
        "type": "Polygon",
        "coordinates": [
          [
            [
              127.68,
              -1.566
            ],
            [
              127.692,
              -1.566
            ],
            [
              127.692,
              -1.554
            ],
            [
              127.68,
              -1.554
            ],
            [
              127.68,
              -1.566
            ]
          ]
        ]
      }
    },
    {
      "type": "Feature",
      "properties": {
        "grid_id": "OBI152",
        "site": "obi_island",
        "location_label": "Obi Island Interior Concession - Maluku Utara greenfield nickel laterite",
        "lithology": "peridotite_simulated",
        "slope_deg": 25.5,
        "distance_to_river_m": 2148,
        "distance_to_road_m": 1471,
        "distance_to_settlement_m": 4731,
        "legal_status": "no-go",
        "distance_to_smelter_km": 30.8,
        "area_ha": 1.77,
        "region_id": "SE",
        "fe_oxide_index": 2.123,
        "clay_index": 2.278,
        "ndvi_stress_index": 0.364,
        "tmi_structural_nT": 45336.4,
        "tmi_anomaly_nT": 336.4,
        "elevation_mdpl": 456.1,
        "geochem_assay_ratio": 1.96
      },
      "geometry": {
        "type": "Polygon",
        "coordinates": [
          [
            [
              127.692,
              -1.566
            ],
            [
              127.704,
              -1.566
            ],
            [
              127.704,
              -1.554
            ],
            [
              127.692,
              -1.554
            ],
            [
              127.692,
              -1.566
            ]
          ]
        ]
      }
    },
    {
      "type": "Feature",
      "properties": {
        "grid_id": "OBI153",
        "site": "obi_island",
        "location_label": "Obi Island Interior Concession - Maluku Utara greenfield nickel laterite",
        "lithology": "serpentinite_simulated",
        "slope_deg": 24.7,
        "distance_to_river_m": 1058,
        "distance_to_road_m": 3222,
        "distance_to_settlement_m": 8325,
        "legal_status": "no-go",
        "distance_to_smelter_km": 33.5,
        "area_ha": 1.77,
        "region_id": "SE",
        "fe_oxide_index": 1.864,
        "clay_index": 1.826,
        "ndvi_stress_index": 0.372,
        "tmi_structural_nT": 45443.1,
        "tmi_anomaly_nT": 443.1,
        "elevation_mdpl": 463.6,
        "geochem_assay_ratio": 2.42
      },
      "geometry": {
        "type": "Polygon",
        "coordinates": [
          [
            [
              127.704,
              -1.566
            ],
            [
              127.716,
              -1.566
            ],
            [
              127.716,
              -1.554
            ],
            [
              127.704,
              -1.554
            ],
            [
              127.704,
              -1.566
            ]
          ]
        ]
      }
    },
    {
      "type": "Feature",
      "properties": {
        "grid_id": "OBI154",
        "site": "obi_island",
        "location_label": "Obi Island Interior Concession - Maluku Utara greenfield nickel laterite",
        "lithology": "serpentinite_simulated",
        "slope_deg": 23.5,
        "distance_to_river_m": 2595,
        "distance_to_road_m": 2794,
        "distance_to_settlement_m": 10332,
        "legal_status": "no-go",
        "distance_to_smelter_km": 36.8,
        "area_ha": 1.77,
        "region_id": "SE",
        "fe_oxide_index": 2.18,
        "clay_index": 1.787,
        "ndvi_stress_index": 0.269,
        "tmi_structural_nT": 45612.6,
        "tmi_anomaly_nT": 612.6,
        "elevation_mdpl": 456.7,
        "geochem_assay_ratio": 2.45
      },
      "geometry": {
        "type": "Polygon",
        "coordinates": [
          [
            [
              127.716,
              -1.566
            ],
            [
              127.728,
              -1.566
            ],
            [
              127.728,
              -1.554
            ],
            [
              127.716,
              -1.554
            ],
            [
              127.716,
              -1.566
            ]
          ]
        ]
      }
    },
    {
      "type": "Feature",
      "properties": {
        "grid_id": "OBI155",
        "site": "obi_island",
        "location_label": "Obi Island Interior Concession - Maluku Utara greenfield nickel laterite",
        "lithology": "peridotite_simulated",
        "slope_deg": 19.9,
        "distance_to_river_m": 2276,
        "distance_to_road_m": 4279,
        "distance_to_settlement_m": 8535,
        "legal_status": "no-go",
        "distance_to_smelter_km": 40.5,
        "area_ha": 1.77,
        "region_id": "SE",
        "fe_oxide_index": 2.116,
        "clay_index": 2.232,
        "ndvi_stress_index": 0.375,
        "tmi_structural_nT": 45927.5,
        "tmi_anomaly_nT": 927.5,
        "elevation_mdpl": 476.1,
        "geochem_assay_ratio": 1.49
      },
      "geometry": {
        "type": "Polygon",
        "coordinates": [
          [
            [
              127.728,
              -1.566
            ],
            [
              127.74,
              -1.566
            ],
            [
              127.74,
              -1.554
            ],
            [
              127.728,
              -1.554
            ],
            [
              127.728,
              -1.566
            ]
          ]
        ]
      }
    },
    {
      "type": "Feature",
      "properties": {
        "grid_id": "OBI156",
        "site": "obi_island",
        "location_label": "Obi Island Interior Concession - Maluku Utara greenfield nickel laterite",
        "lithology": "ultramafic_simulated",
        "slope_deg": 17.3,
        "distance_to_river_m": 2581,
        "distance_to_road_m": 4755,
        "distance_to_settlement_m": 9604,
        "legal_status": "no-go",
        "distance_to_smelter_km": 44.4,
        "area_ha": 1.77,
        "region_id": "SE",
        "fe_oxide_index": 2.579,
        "clay_index": 2.277,
        "ndvi_stress_index": 0.239,
        "tmi_structural_nT": 45489.0,
        "tmi_anomaly_nT": 489.0,
        "elevation_mdpl": 434.2,
        "geochem_assay_ratio": 2.48
      },
      "geometry": {
        "type": "Polygon",
        "coordinates": [
          [
            [
              127.74,
              -1.566
            ],
            [
              127.752,
              -1.566
            ],
            [
              127.752,
              -1.554
            ],
            [
              127.74,
              -1.554
            ],
            [
              127.74,
              -1.566
            ]
          ]
        ]
      }
    },
    {
      "type": "Feature",
      "properties": {
        "grid_id": "OBI157",
        "site": "obi_island",
        "location_label": "Obi Island Interior Concession - Maluku Utara greenfield nickel laterite",
        "lithology": "peridotite_simulated",
        "slope_deg": 26.0,
        "distance_to_river_m": 1320,
        "distance_to_road_m": 1438,
        "distance_to_settlement_m": 9950,
        "legal_status": "no-go",
        "distance_to_smelter_km": 48.5,
        "area_ha": 1.77,
        "region_id": "SE",
        "fe_oxide_index": 2.118,
        "clay_index": 2.223,
        "ndvi_stress_index": 0.242,
        "tmi_structural_nT": 45851.3,
        "tmi_anomaly_nT": 851.3,
        "elevation_mdpl": 476.2,
        "geochem_assay_ratio": 2.09
      },
      "geometry": {
        "type": "Polygon",
        "coordinates": [
          [
            [
              127.752,
              -1.566
            ],
            [
              127.764,
              -1.566
            ],
            [
              127.764,
              -1.554
            ],
            [
              127.752,
              -1.554
            ],
            [
              127.752,
              -1.566
            ]
          ]
        ]
      }
    },
    {
      "type": "Feature",
      "properties": {
        "grid_id": "OBI158",
        "site": "obi_island",
        "location_label": "Obi Island Interior Concession - Maluku Utara greenfield nickel laterite",
        "lithology": "ultramafic_simulated",
        "slope_deg": 19.0,
        "distance_to_river_m": 1341,
        "distance_to_road_m": 4468,
        "distance_to_settlement_m": 11818,
        "legal_status": "no-go",
        "distance_to_smelter_km": 52.6,
        "area_ha": 1.77,
        "region_id": "SE",
        "fe_oxide_index": 2.406,
        "clay_index": 2.093,
        "ndvi_stress_index": 0.214,
        "tmi_structural_nT": 45408.7,
        "tmi_anomaly_nT": 408.7,
        "elevation_mdpl": 509.7,
        "geochem_assay_ratio": 3.11
      },
      "geometry": {
        "type": "Polygon",
        "coordinates": [
          [
            [
              127.764,
              -1.566
            ],
            [
              127.776,
              -1.566
            ],
            [
              127.776,
              -1.554
            ],
            [
              127.764,
              -1.554
            ],
            [
              127.764,
              -1.566
            ]
          ]
        ]
      }
    },
    {
      "type": "Feature",
      "properties": {
        "grid_id": "OBI159",
        "site": "obi_island",
        "location_label": "Obi Island Interior Concession - Maluku Utara greenfield nickel laterite",
        "lithology": "ultramafic_simulated",
        "slope_deg": 20.5,
        "distance_to_river_m": 1970,
        "distance_to_road_m": 4815,
        "distance_to_settlement_m": 11644,
        "legal_status": "no-go",
        "distance_to_smelter_km": 56.8,
        "area_ha": 1.77,
        "region_id": "SE",
        "fe_oxide_index": 2.441,
        "clay_index": 1.621,
        "ndvi_stress_index": 0.399,
        "tmi_structural_nT": 46053.9,
        "tmi_anomaly_nT": 1053.9,
        "elevation_mdpl": 501.9,
        "geochem_assay_ratio": 2.67
      },
      "geometry": {
        "type": "Polygon",
        "coordinates": [
          [
            [
              127.776,
              -1.566
            ],
            [
              127.788,
              -1.566
            ],
            [
              127.788,
              -1.554
            ],
            [
              127.776,
              -1.554
            ],
            [
              127.776,
              -1.566
            ]
          ]
        ]
      }
    },
    {
      "type": "Feature",
      "properties": {
        "grid_id": "OBI160",
        "site": "obi_island",
        "location_label": "Obi Island Interior Concession - Maluku Utara greenfield nickel laterite",
        "lithology": "ultramafic_simulated",
        "slope_deg": 21.6,
        "distance_to_river_m": 2229,
        "distance_to_road_m": 4222,
        "distance_to_settlement_m": 9367,
        "legal_status": "conditional",
        "distance_to_smelter_km": 61.0,
        "area_ha": 1.77,
        "region_id": "SE",
        "fe_oxide_index": 2.721,
        "clay_index": 1.659,
        "ndvi_stress_index": 0.196,
        "tmi_structural_nT": 45354.7,
        "tmi_anomaly_nT": 354.7,
        "elevation_mdpl": 416.1,
        "geochem_assay_ratio": 2.95
      },
      "geometry": {
        "type": "Polygon",
        "coordinates": [
          [
            [
              127.788,
              -1.566
            ],
            [
              127.8,
              -1.566
            ],
            [
              127.8,
              -1.554
            ],
            [
              127.788,
              -1.554
            ],
            [
              127.788,
              -1.566
            ]
          ]
        ]
      }
    },
    {
      "type": "Feature",
      "properties": {
        "grid_id": "OBI161",
        "site": "obi_island",
        "location_label": "Obi Island Interior Concession - Maluku Utara greenfield nickel laterite",
        "lithology": "serpentinite_simulated",
        "slope_deg": 21.3,
        "distance_to_river_m": 2682,
        "distance_to_road_m": 1880,
        "distance_to_settlement_m": 8081,
        "legal_status": "conditional",
        "distance_to_smelter_km": 60.1,
        "area_ha": 1.77,
        "region_id": "SW",
        "fe_oxide_index": 2.711,
        "clay_index": 1.651,
        "ndvi_stress_index": 0.263,
        "tmi_structural_nT": 45228.7,
        "tmi_anomaly_nT": 228.7,
        "elevation_mdpl": 469.3,
        "geochem_assay_ratio": 1.51
      },
      "geometry": {
        "type": "Polygon",
        "coordinates": [
          [
            [
              127.56,
              -1.554
            ],
            [
              127.572,
              -1.554
            ],
            [
              127.572,
              -1.542
            ],
            [
              127.56,
              -1.542
            ],
            [
              127.56,
              -1.554
            ]
          ]
        ]
      }
    },
    {
      "type": "Feature",
      "properties": {
        "grid_id": "OBI162",
        "site": "obi_island",
        "location_label": "Obi Island Interior Concession - Maluku Utara greenfield nickel laterite",
        "lithology": "peridotite_simulated",
        "slope_deg": 25.9,
        "distance_to_river_m": 470,
        "distance_to_road_m": 2738,
        "distance_to_settlement_m": 5953,
        "legal_status": "conditional",
        "distance_to_smelter_km": 55.8,
        "area_ha": 1.77,
        "region_id": "SW",
        "fe_oxide_index": 1.946,
        "clay_index": 2.417,
        "ndvi_stress_index": 0.415,
        "tmi_structural_nT": 45868.5,
        "tmi_anomaly_nT": 868.5,
        "elevation_mdpl": 451.2,
        "geochem_assay_ratio": 3.1
      },
      "geometry": {
        "type": "Polygon",
        "coordinates": [
          [
            [
              127.572,
              -1.554
            ],
            [
              127.584,
              -1.554
            ],
            [
              127.584,
              -1.542
            ],
            [
              127.572,
              -1.542
            ],
            [
              127.572,
              -1.554
            ]
          ]
        ]
      }
    },
    {
      "type": "Feature",
      "properties": {
        "grid_id": "OBI163",
        "site": "obi_island",
        "location_label": "Obi Island Interior Concession - Maluku Utara greenfield nickel laterite",
        "lithology": "peridotite_simulated",
        "slope_deg": 25.6,
        "distance_to_river_m": 1477,
        "distance_to_road_m": 2106,
        "distance_to_settlement_m": 5497,
        "legal_status": "conditional",
        "distance_to_smelter_km": 51.5,
        "area_ha": 1.77,
        "region_id": "SW",
        "fe_oxide_index": 2.719,
        "clay_index": 1.662,
        "ndvi_stress_index": 0.266,
        "tmi_structural_nT": 45852.3,
        "tmi_anomaly_nT": 852.3,
        "elevation_mdpl": 496.3,
        "geochem_assay_ratio": 1.5
      },
      "geometry": {
        "type": "Polygon",
        "coordinates": [
          [
            [
              127.584,
              -1.554
            ],
            [
              127.596,
              -1.554
            ],
            [
              127.596,
              -1.542
            ],
            [
              127.584,
              -1.542
            ],
            [
              127.584,
              -1.554
            ]
          ]
        ]
      }
    },
    {
      "type": "Feature",
      "properties": {
        "grid_id": "OBI164",
        "site": "obi_island",
        "location_label": "Obi Island Interior Concession - Maluku Utara greenfield nickel laterite",
        "lithology": "peridotite_simulated",
        "slope_deg": 23.0,
        "distance_to_river_m": 1906,
        "distance_to_road_m": 2367,
        "distance_to_settlement_m": 5596,
        "legal_status": "conditional",
        "distance_to_smelter_km": 47.2,
        "area_ha": 1.77,
        "region_id": "SW",
        "fe_oxide_index": 2.008,
        "clay_index": 2.076,
        "ndvi_stress_index": 0.412,
        "tmi_structural_nT": 45351.9,
        "tmi_anomaly_nT": 351.9,
        "elevation_mdpl": 426.0,
        "geochem_assay_ratio": 2.24
      },
      "geometry": {
        "type": "Polygon",
        "coordinates": [
          [
            [
              127.596,
              -1.554
            ],
            [
              127.608,
              -1.554
            ],
            [
              127.608,
              -1.542
            ],
            [
              127.596,
              -1.542
            ],
            [
              127.596,
              -1.554
            ]
          ]
        ]
      }
    },
    {
      "type": "Feature",
      "properties": {
        "grid_id": "OBI165",
        "site": "obi_island",
        "location_label": "Obi Island Interior Concession - Maluku Utara greenfield nickel laterite",
        "lithology": "serpentinite_simulated",
        "slope_deg": 18.3,
        "distance_to_river_m": 2114,
        "distance_to_road_m": 2941,
        "distance_to_settlement_m": 10462,
        "legal_status": "conditional",
        "distance_to_smelter_km": 42.9,
        "area_ha": 1.77,
        "region_id": "SW",
        "fe_oxide_index": 2.143,
        "clay_index": 2.104,
        "ndvi_stress_index": 0.262,
        "tmi_structural_nT": 45786.1,
        "tmi_anomaly_nT": 786.1,
        "elevation_mdpl": 493.7,
        "geochem_assay_ratio": 2.47
      },
      "geometry": {
        "type": "Polygon",
        "coordinates": [
          [
            [
              127.608,
              -1.554
            ],
            [
              127.62,
              -1.554
            ],
            [
              127.62,
              -1.542
            ],
            [
              127.608,
              -1.542
            ],
            [
              127.608,
              -1.554
            ]
          ]
        ]
      }
    },
    {
      "type": "Feature",
      "properties": {
        "grid_id": "OBI166",
        "site": "obi_island",
        "location_label": "Obi Island Interior Concession - Maluku Utara greenfield nickel laterite",
        "lithology": "peridotite_simulated",
        "slope_deg": 18.7,
        "distance_to_river_m": 2077,
        "distance_to_road_m": 5156,
        "distance_to_settlement_m": 5027,
        "legal_status": "conditional",
        "distance_to_smelter_km": 38.8,
        "area_ha": 1.77,
        "region_id": "SW",
        "fe_oxide_index": 2.194,
        "clay_index": 2.077,
        "ndvi_stress_index": 0.394,
        "tmi_structural_nT": 45418.3,
        "tmi_anomaly_nT": 418.3,
        "elevation_mdpl": 417.6,
        "geochem_assay_ratio": 2.92
      },
      "geometry": {
        "type": "Polygon",
        "coordinates": [
          [
            [
              127.62,
              -1.554
            ],
            [
              127.632,
              -1.554
            ],
            [
              127.632,
              -1.542
            ],
            [
              127.62,
              -1.542
            ],
            [
              127.62,
              -1.554
            ]
          ]
        ]
      }
    },
    {
      "type": "Feature",
      "properties": {
        "grid_id": "OBI167",
        "site": "obi_island",
        "location_label": "Obi Island Interior Concession - Maluku Utara greenfield nickel laterite",
        "lithology": "serpentinite_simulated",
        "slope_deg": 26.0,
        "distance_to_river_m": 1644,
        "distance_to_road_m": 1809,
        "distance_to_settlement_m": 6193,
        "legal_status": "no-go",
        "distance_to_smelter_km": 34.7,
        "area_ha": 1.77,
        "region_id": "SW",
        "fe_oxide_index": 2.516,
        "clay_index": 1.665,
        "ndvi_stress_index": 0.226,
        "tmi_structural_nT": 45605.7,
        "tmi_anomaly_nT": 605.7,
        "elevation_mdpl": 447.4,
        "geochem_assay_ratio": 2.04
      },
      "geometry": {
        "type": "Polygon",
        "coordinates": [
          [
            [
              127.632,
              -1.554
            ],
            [
              127.644,
              -1.554
            ],
            [
              127.644,
              -1.542
            ],
            [
              127.632,
              -1.542
            ],
            [
              127.632,
              -1.554
            ]
          ]
        ]
      }
    },
    {
      "type": "Feature",
      "properties": {
        "grid_id": "OBI168",
        "site": "obi_island",
        "location_label": "Obi Island Interior Concession - Maluku Utara greenfield nickel laterite",
        "lithology": "alluvium",
        "slope_deg": 20.7,
        "distance_to_river_m": 2593,
        "distance_to_road_m": 3097,
        "distance_to_settlement_m": 3732,
        "legal_status": "no-go",
        "distance_to_smelter_km": 30.8,
        "area_ha": 1.77,
        "region_id": "SW",
        "fe_oxide_index": 1.288,
        "clay_index": 1.074,
        "ndvi_stress_index": 0.502,
        "tmi_structural_nT": 44821.2,
        "tmi_anomaly_nT": -178.8,
        "elevation_mdpl": 446.1,
        "geochem_assay_ratio": 4.48
      },
      "geometry": {
        "type": "Polygon",
        "coordinates": [
          [
            [
              127.644,
              -1.554
            ],
            [
              127.656,
              -1.554
            ],
            [
              127.656,
              -1.542
            ],
            [
              127.644,
              -1.542
            ],
            [
              127.644,
              -1.554
            ]
          ]
        ]
      }
    },
    {
      "type": "Feature",
      "properties": {
        "grid_id": "OBI169",
        "site": "obi_island",
        "location_label": "Obi Island Interior Concession - Maluku Utara greenfield nickel laterite",
        "lithology": "serpentinite_simulated",
        "slope_deg": 18.7,
        "distance_to_river_m": 491,
        "distance_to_road_m": 5150,
        "distance_to_settlement_m": 8396,
        "legal_status": "no-go",
        "distance_to_smelter_km": 27.3,
        "area_ha": 1.77,
        "region_id": "SW",
        "fe_oxide_index": 2.002,
        "clay_index": 1.727,
        "ndvi_stress_index": 0.396,
        "tmi_structural_nT": 45902.4,
        "tmi_anomaly_nT": 902.4,
        "elevation_mdpl": 445.4,
        "geochem_assay_ratio": 1.56
      },
      "geometry": {
        "type": "Polygon",
        "coordinates": [
          [
            [
              127.656,
              -1.554
            ],
            [
              127.668,
              -1.554
            ],
            [
              127.668,
              -1.542
            ],
            [
              127.656,
              -1.542
            ],
            [
              127.656,
              -1.554
            ]
          ]
        ]
      }
    },
    {
      "type": "Feature",
      "properties": {
        "grid_id": "OBI170",
        "site": "obi_island",
        "location_label": "Obi Island Interior Concession - Maluku Utara greenfield nickel laterite",
        "lithology": "alluvium",
        "slope_deg": 25.1,
        "distance_to_river_m": 2021,
        "distance_to_road_m": 3235,
        "distance_to_settlement_m": 7823,
        "legal_status": "no-go",
        "distance_to_smelter_km": 24.9,
        "area_ha": 1.77,
        "region_id": "SW",
        "fe_oxide_index": 1.371,
        "clay_index": 1.305,
        "ndvi_stress_index": 0.668,
        "tmi_structural_nT": 44889.1,
        "tmi_anomaly_nT": -110.9,
        "elevation_mdpl": 488.9,
        "geochem_assay_ratio": 3.71
      },
      "geometry": {
        "type": "Polygon",
        "coordinates": [
          [
            [
              127.668,
              -1.554
            ],
            [
              127.68,
              -1.554
            ],
            [
              127.68,
              -1.542
            ],
            [
              127.668,
              -1.542
            ],
            [
              127.668,
              -1.554
            ]
          ]
        ]
      }
    },
    {
      "type": "Feature",
      "properties": {
        "grid_id": "OBI171",
        "site": "obi_island",
        "location_label": "Obi Island Interior Concession - Maluku Utara greenfield nickel laterite",
        "lithology": "serpentinite_simulated",
        "slope_deg": 25.2,
        "distance_to_river_m": 1832,
        "distance_to_road_m": 1627,
        "distance_to_settlement_m": 7664,
        "legal_status": "no-go",
        "distance_to_smelter_km": 24.9,
        "area_ha": 1.77,
        "region_id": "SE",
        "fe_oxide_index": 1.848,
        "clay_index": 1.893,
        "ndvi_stress_index": 0.354,
        "tmi_structural_nT": 45953.1,
        "tmi_anomaly_nT": 953.1,
        "elevation_mdpl": 479.1,
        "geochem_assay_ratio": 2.22
      },
      "geometry": {
        "type": "Polygon",
        "coordinates": [
          [
            [
              127.68,
              -1.554
            ],
            [
              127.692,
              -1.554
            ],
            [
              127.692,
              -1.542
            ],
            [
              127.68,
              -1.542
            ],
            [
              127.68,
              -1.554
            ]
          ]
        ]
      }
    },
    {
      "type": "Feature",
      "properties": {
        "grid_id": "OBI172",
        "site": "obi_island",
        "location_label": "Obi Island Interior Concession - Maluku Utara greenfield nickel laterite",
        "lithology": "mafic_volcanic_simulated",
        "slope_deg": 25.7,
        "distance_to_river_m": 278,
        "distance_to_road_m": 3396,
        "distance_to_settlement_m": 8688,
        "legal_status": "no-go",
        "distance_to_smelter_km": 27.3,
        "area_ha": 1.77,
        "region_id": "SE",
        "fe_oxide_index": 1.207,
        "clay_index": 1.467,
        "ndvi_stress_index": 0.501,
        "tmi_structural_nT": 45172.3,
        "tmi_anomaly_nT": 172.3,
        "elevation_mdpl": 480.3,
        "geochem_assay_ratio": 5.76
      },
      "geometry": {
        "type": "Polygon",
        "coordinates": [
          [
            [
              127.692,
              -1.554
            ],
            [
              127.704,
              -1.554
            ],
            [
              127.704,
              -1.542
            ],
            [
              127.692,
              -1.542
            ],
            [
              127.692,
              -1.554
            ]
          ]
        ]
      }
    },
    {
      "type": "Feature",
      "properties": {
        "grid_id": "OBI173",
        "site": "obi_island",
        "location_label": "Obi Island Interior Concession - Maluku Utara greenfield nickel laterite",
        "lithology": "serpentinite_simulated",
        "slope_deg": 26.8,
        "distance_to_river_m": 2065,
        "distance_to_road_m": 1873,
        "distance_to_settlement_m": 10080,
        "legal_status": "no-go",
        "distance_to_smelter_km": 30.8,
        "area_ha": 1.77,
        "region_id": "SE",
        "fe_oxide_index": 2.123,
        "clay_index": 2.448,
        "ndvi_stress_index": 0.3,
        "tmi_structural_nT": 45975.6,
        "tmi_anomaly_nT": 975.6,
        "elevation_mdpl": 456.8,
        "geochem_assay_ratio": 2.21
      },
      "geometry": {
        "type": "Polygon",
        "coordinates": [
          [
            [
              127.704,
              -1.554
            ],
            [
              127.716,
              -1.554
            ],
            [
              127.716,
              -1.542
            ],
            [
              127.704,
              -1.542
            ],
            [
              127.704,
              -1.554
            ]
          ]
        ]
      }
    },
    {
      "type": "Feature",
      "properties": {
        "grid_id": "OBI174",
        "site": "obi_island",
        "location_label": "Obi Island Interior Concession - Maluku Utara greenfield nickel laterite",
        "lithology": "alluvium",
        "slope_deg": 21.0,
        "distance_to_river_m": 689,
        "distance_to_road_m": 1394,
        "distance_to_settlement_m": 11341,
        "legal_status": "no-go",
        "distance_to_smelter_km": 34.7,
        "area_ha": 1.77,
        "region_id": "SE",
        "fe_oxide_index": 1.32,
        "clay_index": 1.32,
        "ndvi_stress_index": 0.771,
        "tmi_structural_nT": 44636.9,
        "tmi_anomaly_nT": -363.1,
        "elevation_mdpl": 429.0,
        "geochem_assay_ratio": 4.44
      },
      "geometry": {
        "type": "Polygon",
        "coordinates": [
          [
            [
              127.716,
              -1.554
            ],
            [
              127.728,
              -1.554
            ],
            [
              127.728,
              -1.542
            ],
            [
              127.716,
              -1.542
            ],
            [
              127.716,
              -1.554
            ]
          ]
        ]
      }
    },
    {
      "type": "Feature",
      "properties": {
        "grid_id": "OBI175",
        "site": "obi_island",
        "location_label": "Obi Island Interior Concession - Maluku Utara greenfield nickel laterite",
        "lithology": "serpentinite_simulated",
        "slope_deg": 25.7,
        "distance_to_river_m": 2016,
        "distance_to_road_m": 1609,
        "distance_to_settlement_m": 4663,
        "legal_status": "no-go",
        "distance_to_smelter_km": 38.8,
        "area_ha": 1.77,
        "region_id": "SE",
        "fe_oxide_index": 2.825,
        "clay_index": 1.786,
        "ndvi_stress_index": 0.351,
        "tmi_structural_nT": 45965.3,
        "tmi_anomaly_nT": 965.3,
        "elevation_mdpl": 442.9,
        "geochem_assay_ratio": 1.52
      },
      "geometry": {
        "type": "Polygon",
        "coordinates": [
          [
            [
              127.728,
              -1.554
            ],
            [
              127.74,
              -1.554
            ],
            [
              127.74,
              -1.542
            ],
            [
              127.728,
              -1.542
            ],
            [
              127.728,
              -1.554
            ]
          ]
        ]
      }
    },
    {
      "type": "Feature",
      "properties": {
        "grid_id": "OBI176",
        "site": "obi_island",
        "location_label": "Obi Island Interior Concession - Maluku Utara greenfield nickel laterite",
        "lithology": "peridotite_simulated",
        "slope_deg": 17.9,
        "distance_to_river_m": 439,
        "distance_to_road_m": 2045,
        "distance_to_settlement_m": 5074,
        "legal_status": "no-go",
        "distance_to_smelter_km": 42.9,
        "area_ha": 1.77,
        "region_id": "SE",
        "fe_oxide_index": 2.622,
        "clay_index": 1.856,
        "ndvi_stress_index": 0.311,
        "tmi_structural_nT": 45109.4,
        "tmi_anomaly_nT": 109.4,
        "elevation_mdpl": 412.5,
        "geochem_assay_ratio": 1.89
      },
      "geometry": {
        "type": "Polygon",
        "coordinates": [
          [
            [
              127.74,
              -1.554
            ],
            [
              127.752,
              -1.554
            ],
            [
              127.752,
              -1.542
            ],
            [
              127.74,
              -1.542
            ],
            [
              127.74,
              -1.554
            ]
          ]
        ]
      }
    },
    {
      "type": "Feature",
      "properties": {
        "grid_id": "OBI177",
        "site": "obi_island",
        "location_label": "Obi Island Interior Concession - Maluku Utara greenfield nickel laterite",
        "lithology": "serpentinite_simulated",
        "slope_deg": 25.1,
        "distance_to_river_m": 2787,
        "distance_to_road_m": 5112,
        "distance_to_settlement_m": 4739,
        "legal_status": "no-go",
        "distance_to_smelter_km": 47.2,
        "area_ha": 1.77,
        "region_id": "SE",
        "fe_oxide_index": 2.513,
        "clay_index": 2.086,
        "ndvi_stress_index": 0.254,
        "tmi_structural_nT": 45657.4,
        "tmi_anomaly_nT": 657.4,
        "elevation_mdpl": 465.9,
        "geochem_assay_ratio": 2.74
      },
      "geometry": {
        "type": "Polygon",
        "coordinates": [
          [
            [
              127.752,
              -1.554
            ],
            [
              127.764,
              -1.554
            ],
            [
              127.764,
              -1.542
            ],
            [
              127.752,
              -1.542
            ],
            [
              127.752,
              -1.554
            ]
          ]
        ]
      }
    },
    {
      "type": "Feature",
      "properties": {
        "grid_id": "OBI178",
        "site": "obi_island",
        "location_label": "Obi Island Interior Concession - Maluku Utara greenfield nickel laterite",
        "lithology": "ultramafic_simulated",
        "slope_deg": 23.1,
        "distance_to_river_m": 1255,
        "distance_to_road_m": 2116,
        "distance_to_settlement_m": 4419,
        "legal_status": "no-go",
        "distance_to_smelter_km": 51.5,
        "area_ha": 1.77,
        "region_id": "SE",
        "fe_oxide_index": 2.09,
        "clay_index": 2.248,
        "ndvi_stress_index": 0.273,
        "tmi_structural_nT": 45387.4,
        "tmi_anomaly_nT": 387.4,
        "elevation_mdpl": 442.2,
        "geochem_assay_ratio": 2.95
      },
      "geometry": {
        "type": "Polygon",
        "coordinates": [
          [
            [
              127.764,
              -1.554
            ],
            [
              127.776,
              -1.554
            ],
            [
              127.776,
              -1.542
            ],
            [
              127.764,
              -1.542
            ],
            [
              127.764,
              -1.554
            ]
          ]
        ]
      }
    },
    {
      "type": "Feature",
      "properties": {
        "grid_id": "OBI179",
        "site": "obi_island",
        "location_label": "Obi Island Interior Concession - Maluku Utara greenfield nickel laterite",
        "lithology": "ultramafic_simulated",
        "slope_deg": 24.9,
        "distance_to_river_m": 2208,
        "distance_to_road_m": 2530,
        "distance_to_settlement_m": 8811,
        "legal_status": "no-go",
        "distance_to_smelter_km": 55.8,
        "area_ha": 1.77,
        "region_id": "SE",
        "fe_oxide_index": 2.523,
        "clay_index": 1.741,
        "ndvi_stress_index": 0.257,
        "tmi_structural_nT": 45377.3,
        "tmi_anomaly_nT": 377.3,
        "elevation_mdpl": 473.7,
        "geochem_assay_ratio": 1.8
      },
      "geometry": {
        "type": "Polygon",
        "coordinates": [
          [
            [
              127.776,
              -1.554
            ],
            [
              127.788,
              -1.554
            ],
            [
              127.788,
              -1.542
            ],
            [
              127.776,
              -1.542
            ],
            [
              127.776,
              -1.554
            ]
          ]
        ]
      }
    },
    {
      "type": "Feature",
      "properties": {
        "grid_id": "OBI180",
        "site": "obi_island",
        "location_label": "Obi Island Interior Concession - Maluku Utara greenfield nickel laterite",
        "lithology": "peridotite_simulated",
        "slope_deg": 19.5,
        "distance_to_river_m": 264,
        "distance_to_road_m": 5067,
        "distance_to_settlement_m": 7937,
        "legal_status": "conditional",
        "distance_to_smelter_km": 60.1,
        "area_ha": 1.77,
        "region_id": "SE",
        "fe_oxide_index": 2.688,
        "clay_index": 1.975,
        "ndvi_stress_index": 0.325,
        "tmi_structural_nT": 45217.5,
        "tmi_anomaly_nT": 217.5,
        "elevation_mdpl": 447.1,
        "geochem_assay_ratio": 1.9
      },
      "geometry": {
        "type": "Polygon",
        "coordinates": [
          [
            [
              127.788,
              -1.554
            ],
            [
              127.8,
              -1.554
            ],
            [
              127.8,
              -1.542
            ],
            [
              127.788,
              -1.542
            ],
            [
              127.788,
              -1.554
            ]
          ]
        ]
      }
    },
    {
      "type": "Feature",
      "properties": {
        "grid_id": "OBI181",
        "site": "obi_island",
        "location_label": "Obi Island Interior Concession - Maluku Utara greenfield nickel laterite",
        "lithology": "serpentinite_simulated",
        "slope_deg": 22.6,
        "distance_to_river_m": 2744,
        "distance_to_road_m": 2471,
        "distance_to_settlement_m": 6228,
        "legal_status": "conditional",
        "distance_to_smelter_km": 59.6,
        "area_ha": 1.77,
        "region_id": "SW",
        "fe_oxide_index": 2.226,
        "clay_index": 2.31,
        "ndvi_stress_index": 0.252,
        "tmi_structural_nT": 45716.2,
        "tmi_anomaly_nT": 716.2,
        "elevation_mdpl": 484.0,
        "geochem_assay_ratio": 1.65
      },
      "geometry": {
        "type": "Polygon",
        "coordinates": [
          [
            [
              127.56,
              -1.542
            ],
            [
              127.572,
              -1.542
            ],
            [
              127.572,
              -1.53
            ],
            [
              127.56,
              -1.53
            ],
            [
              127.56,
              -1.542
            ]
          ]
        ]
      }
    },
    {
      "type": "Feature",
      "properties": {
        "grid_id": "OBI182",
        "site": "obi_island",
        "location_label": "Obi Island Interior Concession - Maluku Utara greenfield nickel laterite",
        "lithology": "serpentinite_simulated",
        "slope_deg": 22.9,
        "distance_to_river_m": 2566,
        "distance_to_road_m": 3388,
        "distance_to_settlement_m": 11553,
        "legal_status": "conditional",
        "distance_to_smelter_km": 55.3,
        "area_ha": 1.77,
        "region_id": "SW",
        "fe_oxide_index": 2.19,
        "clay_index": 2.159,
        "ndvi_stress_index": 0.385,
        "tmi_structural_nT": 45422.0,
        "tmi_anomaly_nT": 422.0,
        "elevation_mdpl": 446.4,
        "geochem_assay_ratio": 2.77
      },
      "geometry": {
        "type": "Polygon",
        "coordinates": [
          [
            [
              127.572,
              -1.542
            ],
            [
              127.584,
              -1.542
            ],
            [
              127.584,
              -1.53
            ],
            [
              127.572,
              -1.53
            ],
            [
              127.572,
              -1.542
            ]
          ]
        ]
      }
    },
    {
      "type": "Feature",
      "properties": {
        "grid_id": "OBI183",
        "site": "obi_island",
        "location_label": "Obi Island Interior Concession - Maluku Utara greenfield nickel laterite",
        "lithology": "peridotite_simulated",
        "slope_deg": 18.1,
        "distance_to_river_m": 1582,
        "distance_to_road_m": 2771,
        "distance_to_settlement_m": 11142,
        "legal_status": "conditional",
        "distance_to_smelter_km": 50.9,
        "area_ha": 1.77,
        "region_id": "SW",
        "fe_oxide_index": 2.372,
        "clay_index": 2.177,
        "ndvi_stress_index": 0.18,
        "tmi_structural_nT": 45418.2,
        "tmi_anomaly_nT": 418.2,
        "elevation_mdpl": 496.2,
        "geochem_assay_ratio": 2.12
      },
      "geometry": {
        "type": "Polygon",
        "coordinates": [
          [
            [
              127.584,
              -1.542
            ],
            [
              127.596,
              -1.542
            ],
            [
              127.596,
              -1.53
            ],
            [
              127.584,
              -1.53
            ],
            [
              127.584,
              -1.542
            ]
          ]
        ]
      }
    },
    {
      "type": "Feature",
      "properties": {
        "grid_id": "OBI184",
        "site": "obi_island",
        "location_label": "Obi Island Interior Concession - Maluku Utara greenfield nickel laterite",
        "lithology": "ultramafic_simulated",
        "slope_deg": 18.5,
        "distance_to_river_m": 2101,
        "distance_to_road_m": 4407,
        "distance_to_settlement_m": 5850,
        "legal_status": "conditional",
        "distance_to_smelter_km": 46.5,
        "area_ha": 1.77,
        "region_id": "SW",
        "fe_oxide_index": 1.916,
        "clay_index": 1.645,
        "ndvi_stress_index": 0.379,
        "tmi_structural_nT": 46094.9,
        "tmi_anomaly_nT": 1094.9,
        "elevation_mdpl": 422.9,
        "geochem_assay_ratio": 2.32
      },
      "geometry": {
        "type": "Polygon",
        "coordinates": [
          [
            [
              127.596,
              -1.542
            ],
            [
              127.608,
              -1.542
            ],
            [
              127.608,
              -1.53
            ],
            [
              127.596,
              -1.53
            ],
            [
              127.596,
              -1.542
            ]
          ]
        ]
      }
    },
    {
      "type": "Feature",
      "properties": {
        "grid_id": "OBI185",
        "site": "obi_island",
        "location_label": "Obi Island Interior Concession - Maluku Utara greenfield nickel laterite",
        "lithology": "serpentinite_simulated",
        "slope_deg": 17.8,
        "distance_to_river_m": 467,
        "distance_to_road_m": 1801,
        "distance_to_settlement_m": 10105,
        "legal_status": "conditional",
        "distance_to_smelter_km": 42.2,
        "area_ha": 1.77,
        "region_id": "SW",
        "fe_oxide_index": 2.606,
        "clay_index": 2.093,
        "ndvi_stress_index": 0.393,
        "tmi_structural_nT": 46029.1,
        "tmi_anomaly_nT": 1029.1,
        "elevation_mdpl": 435.1,
        "geochem_assay_ratio": 1.73
      },
      "geometry": {
        "type": "Polygon",
        "coordinates": [
          [
            [
              127.608,
              -1.542
            ],
            [
              127.62,
              -1.542
            ],
            [
              127.62,
              -1.53
            ],
            [
              127.608,
              -1.53
            ],
            [
              127.608,
              -1.542
            ]
          ]
        ]
      }
    },
    {
      "type": "Feature",
      "properties": {
        "grid_id": "OBI186",
        "site": "obi_island",
        "location_label": "Obi Island Interior Concession - Maluku Utara greenfield nickel laterite",
        "lithology": "peridotite_simulated",
        "slope_deg": 25.7,
        "distance_to_river_m": 791,
        "distance_to_road_m": 4413,
        "distance_to_settlement_m": 7688,
        "legal_status": "conditional",
        "distance_to_smelter_km": 37.8,
        "area_ha": 1.77,
        "region_id": "SW",
        "fe_oxide_index": 2.114,
        "clay_index": 2.03,
        "ndvi_stress_index": 0.322,
        "tmi_structural_nT": 45554.0,
        "tmi_anomaly_nT": 554.0,
        "elevation_mdpl": 425.5,
        "geochem_assay_ratio": 2.66
      },
      "geometry": {
        "type": "Polygon",
        "coordinates": [
          [
            [
              127.62,
              -1.542
            ],
            [
              127.632,
              -1.542
            ],
            [
              127.632,
              -1.53
            ],
            [
              127.62,
              -1.53
            ],
            [
              127.62,
              -1.542
            ]
          ]
        ]
      }
    },
    {
      "type": "Feature",
      "properties": {
        "grid_id": "OBI187",
        "site": "obi_island",
        "location_label": "Obi Island Interior Concession - Maluku Utara greenfield nickel laterite",
        "lithology": "peridotite_simulated",
        "slope_deg": 23.7,
        "distance_to_river_m": 631,
        "distance_to_road_m": 2793,
        "distance_to_settlement_m": 8926,
        "legal_status": "no-go",
        "distance_to_smelter_km": 33.5,
        "area_ha": 1.77,
        "region_id": "SW",
        "fe_oxide_index": 2.214,
        "clay_index": 2.355,
        "ndvi_stress_index": 0.405,
        "tmi_structural_nT": 45526.1,
        "tmi_anomaly_nT": 526.1,
        "elevation_mdpl": 444.3,
        "geochem_assay_ratio": 2.81
      },
      "geometry": {
        "type": "Polygon",
        "coordinates": [
          [
            [
              127.632,
              -1.542
            ],
            [
              127.644,
              -1.542
            ],
            [
              127.644,
              -1.53
            ],
            [
              127.632,
              -1.53
            ],
            [
              127.632,
              -1.542
            ]
          ]
        ]
      }
    },
    {
      "type": "Feature",
      "properties": {
        "grid_id": "OBI188",
        "site": "obi_island",
        "location_label": "Obi Island Interior Concession - Maluku Utara greenfield nickel laterite",
        "lithology": "mafic_volcanic_simulated",
        "slope_deg": 19.7,
        "distance_to_river_m": 961,
        "distance_to_road_m": 1927,
        "distance_to_settlement_m": 11537,
        "legal_status": "no-go",
        "distance_to_smelter_km": 29.2,
        "area_ha": 1.77,
        "region_id": "SW",
        "fe_oxide_index": 1.118,
        "clay_index": 1.373,
        "ndvi_stress_index": 0.671,
        "tmi_structural_nT": 44415.3,
        "tmi_anomaly_nT": -584.7,
        "elevation_mdpl": 436.1,
        "geochem_assay_ratio": 3.87
      },
      "geometry": {
        "type": "Polygon",
        "coordinates": [
          [
            [
              127.644,
              -1.542
            ],
            [
              127.656,
              -1.542
            ],
            [
              127.656,
              -1.53
            ],
            [
              127.644,
              -1.53
            ],
            [
              127.644,
              -1.542
            ]
          ]
        ]
      }
    },
    {
      "type": "Feature",
      "properties": {
        "grid_id": "OBI189",
        "site": "obi_island",
        "location_label": "Obi Island Interior Concession - Maluku Utara greenfield nickel laterite",
        "lithology": "serpentinite_simulated",
        "slope_deg": 17.6,
        "distance_to_river_m": 531,
        "distance_to_road_m": 4390,
        "distance_to_settlement_m": 4931,
        "legal_status": "no-go",
        "distance_to_smelter_km": 24.9,
        "area_ha": 1.77,
        "region_id": "SW",
        "fe_oxide_index": 2.338,
        "clay_index": 1.913,
        "ndvi_stress_index": 0.317,
        "tmi_structural_nT": 45504.4,
        "tmi_anomaly_nT": 504.4,
        "elevation_mdpl": 473.1,
        "geochem_assay_ratio": 1.54
      },
      "geometry": {
        "type": "Polygon",
        "coordinates": [
          [
            [
              127.656,
              -1.542
            ],
            [
              127.668,
              -1.542
            ],
            [
              127.668,
              -1.53
            ],
            [
              127.656,
              -1.53
            ],
            [
              127.656,
              -1.542
            ]
          ]
        ]
      }
    },
    {
      "type": "Feature",
      "properties": {
        "grid_id": "OBI190",
        "site": "obi_island",
        "location_label": "Obi Island Interior Concession - Maluku Utara greenfield nickel laterite",
        "lithology": "ultramafic_simulated",
        "slope_deg": 22.9,
        "distance_to_river_m": 1832,
        "distance_to_road_m": 4625,
        "distance_to_settlement_m": 7862,
        "legal_status": "no-go",
        "distance_to_smelter_km": 21.1,
        "area_ha": 1.77,
        "region_id": "SW",
        "fe_oxide_index": 1.94,
        "clay_index": 2.175,
        "ndvi_stress_index": 0.211,
        "tmi_structural_nT": 45909.0,
        "tmi_anomaly_nT": 909.0,
        "elevation_mdpl": 468.5,
        "geochem_assay_ratio": 3.08
      },
      "geometry": {
        "type": "Polygon",
        "coordinates": [
          [
            [
              127.668,
              -1.542
            ],
            [
              127.68,
              -1.542
            ],
            [
              127.68,
              -1.53
            ],
            [
              127.668,
              -1.53
            ],
            [
              127.668,
              -1.542
            ]
          ]
        ]
      }
    },
    {
      "type": "Feature",
      "properties": {
        "grid_id": "OBI191",
        "site": "obi_island",
        "location_label": "Obi Island Interior Concession - Maluku Utara greenfield nickel laterite",
        "lithology": "alluvium",
        "slope_deg": 22.7,
        "distance_to_river_m": 838,
        "distance_to_road_m": 1555,
        "distance_to_settlement_m": 6427,
        "legal_status": "no-go",
        "distance_to_smelter_km": 21.1,
        "area_ha": 1.77,
        "region_id": "SE",
        "fe_oxide_index": 1.691,
        "clay_index": 1.428,
        "ndvi_stress_index": 0.532,
        "tmi_structural_nT": 44992.1,
        "tmi_anomaly_nT": -7.9,
        "elevation_mdpl": 448.1,
        "geochem_assay_ratio": 5.02
      },
      "geometry": {
        "type": "Polygon",
        "coordinates": [
          [
            [
              127.68,
              -1.542
            ],
            [
              127.692,
              -1.542
            ],
            [
              127.692,
              -1.53
            ],
            [
              127.68,
              -1.53
            ],
            [
              127.68,
              -1.542
            ]
          ]
        ]
      }
    },
    {
      "type": "Feature",
      "properties": {
        "grid_id": "OBI192",
        "site": "obi_island",
        "location_label": "Obi Island Interior Concession - Maluku Utara greenfield nickel laterite",
        "lithology": "peridotite_simulated",
        "slope_deg": 23.7,
        "distance_to_river_m": 1400,
        "distance_to_road_m": 3668,
        "distance_to_settlement_m": 11659,
        "legal_status": "no-go",
        "distance_to_smelter_km": 24.9,
        "area_ha": 1.77,
        "region_id": "SE",
        "fe_oxide_index": 2.549,
        "clay_index": 2.189,
        "ndvi_stress_index": 0.412,
        "tmi_structural_nT": 45379.2,
        "tmi_anomaly_nT": 379.2,
        "elevation_mdpl": 477.3,
        "geochem_assay_ratio": 2.51
      },
      "geometry": {
        "type": "Polygon",
        "coordinates": [
          [
            [
              127.692,
              -1.542
            ],
            [
              127.704,
              -1.542
            ],
            [
              127.704,
              -1.53
            ],
            [
              127.692,
              -1.53
            ],
            [
              127.692,
              -1.542
            ]
          ]
        ]
      }
    },
    {
      "type": "Feature",
      "properties": {
        "grid_id": "OBI193",
        "site": "obi_island",
        "location_label": "Obi Island Interior Concession - Maluku Utara greenfield nickel laterite",
        "lithology": "peridotite_simulated",
        "slope_deg": 21.7,
        "distance_to_river_m": 1920,
        "distance_to_road_m": 4726,
        "distance_to_settlement_m": 9673,
        "legal_status": "no-go",
        "distance_to_smelter_km": 29.2,
        "area_ha": 1.77,
        "region_id": "SE",
        "fe_oxide_index": 2.8,
        "clay_index": 2.252,
        "ndvi_stress_index": 0.262,
        "tmi_structural_nT": 45147.5,
        "tmi_anomaly_nT": 147.5,
        "elevation_mdpl": 472.6,
        "geochem_assay_ratio": 1.54
      },
      "geometry": {
        "type": "Polygon",
        "coordinates": [
          [
            [
              127.704,
              -1.542
            ],
            [
              127.716,
              -1.542
            ],
            [
              127.716,
              -1.53
            ],
            [
              127.704,
              -1.53
            ],
            [
              127.704,
              -1.542
            ]
          ]
        ]
      }
    },
    {
      "type": "Feature",
      "properties": {
        "grid_id": "OBI194",
        "site": "obi_island",
        "location_label": "Obi Island Interior Concession - Maluku Utara greenfield nickel laterite",
        "lithology": "ultramafic_simulated",
        "slope_deg": 25.5,
        "distance_to_river_m": 2395,
        "distance_to_road_m": 5233,
        "distance_to_settlement_m": 6376,
        "legal_status": "no-go",
        "distance_to_smelter_km": 33.5,
        "area_ha": 1.77,
        "region_id": "SE",
        "fe_oxide_index": 1.883,
        "clay_index": 1.63,
        "ndvi_stress_index": 0.347,
        "tmi_structural_nT": 45644.4,
        "tmi_anomaly_nT": 644.4,
        "elevation_mdpl": 508.1,
        "geochem_assay_ratio": 1.48
      },
      "geometry": {
        "type": "Polygon",
        "coordinates": [
          [
            [
              127.716,
              -1.542
            ],
            [
              127.728,
              -1.542
            ],
            [
              127.728,
              -1.53
            ],
            [
              127.716,
              -1.53
            ],
            [
              127.716,
              -1.542
            ]
          ]
        ]
      }
    },
    {
      "type": "Feature",
      "properties": {
        "grid_id": "OBI195",
        "site": "obi_island",
        "location_label": "Obi Island Interior Concession - Maluku Utara greenfield nickel laterite",
        "lithology": "mafic_volcanic_simulated",
        "slope_deg": 18.5,
        "distance_to_river_m": 306,
        "distance_to_road_m": 2900,
        "distance_to_settlement_m": 5125,
        "legal_status": "no-go",
        "distance_to_smelter_km": 37.8,
        "area_ha": 1.77,
        "region_id": "SE",
        "fe_oxide_index": 1.34,
        "clay_index": 1.036,
        "ndvi_stress_index": 0.547,
        "tmi_structural_nT": 44981.7,
        "tmi_anomaly_nT": -18.3,
        "elevation_mdpl": 410.2,
        "geochem_assay_ratio": 3.83
      },
      "geometry": {
        "type": "Polygon",
        "coordinates": [
          [
            [
              127.728,
              -1.542
            ],
            [
              127.74,
              -1.542
            ],
            [
              127.74,
              -1.53
            ],
            [
              127.728,
              -1.53
            ],
            [
              127.728,
              -1.542
            ]
          ]
        ]
      }
    },
    {
      "type": "Feature",
      "properties": {
        "grid_id": "OBI196",
        "site": "obi_island",
        "location_label": "Obi Island Interior Concession - Maluku Utara greenfield nickel laterite",
        "lithology": "peridotite_simulated",
        "slope_deg": 25.0,
        "distance_to_river_m": 940,
        "distance_to_road_m": 4886,
        "distance_to_settlement_m": 3518,
        "legal_status": "no-go",
        "distance_to_smelter_km": 42.2,
        "area_ha": 1.77,
        "region_id": "SE",
        "fe_oxide_index": 1.885,
        "clay_index": 2.114,
        "ndvi_stress_index": 0.241,
        "tmi_structural_nT": 45270.6,
        "tmi_anomaly_nT": 270.6,
        "elevation_mdpl": 443.0,
        "geochem_assay_ratio": 2.65
      },
      "geometry": {
        "type": "Polygon",
        "coordinates": [
          [
            [
              127.74,
              -1.542
            ],
            [
              127.752,
              -1.542
            ],
            [
              127.752,
              -1.53
            ],
            [
              127.74,
              -1.53
            ],
            [
              127.74,
              -1.542
            ]
          ]
        ]
      }
    },
    {
      "type": "Feature",
      "properties": {
        "grid_id": "OBI197",
        "site": "obi_island",
        "location_label": "Obi Island Interior Concession - Maluku Utara greenfield nickel laterite",
        "lithology": "serpentinite_simulated",
        "slope_deg": 19.8,
        "distance_to_river_m": 518,
        "distance_to_road_m": 4150,
        "distance_to_settlement_m": 3986,
        "legal_status": "conditional",
        "distance_to_smelter_km": 46.5,
        "area_ha": 1.77,
        "region_id": "SE",
        "fe_oxide_index": 2.808,
        "clay_index": 2.18,
        "ndvi_stress_index": 0.22,
        "tmi_structural_nT": 45346.1,
        "tmi_anomaly_nT": 346.1,
        "elevation_mdpl": 447.0,
        "geochem_assay_ratio": 1.78
      },
      "geometry": {
        "type": "Polygon",
        "coordinates": [
          [
            [
              127.752,
              -1.542
            ],
            [
              127.764,
              -1.542
            ],
            [
              127.764,
              -1.53
            ],
            [
              127.752,
              -1.53
            ],
            [
              127.752,
              -1.542
            ]
          ]
        ]
      }
    },
    {
      "type": "Feature",
      "properties": {
        "grid_id": "OBI198",
        "site": "obi_island",
        "location_label": "Obi Island Interior Concession - Maluku Utara greenfield nickel laterite",
        "lithology": "serpentinite_simulated",
        "slope_deg": 22.8,
        "distance_to_river_m": 1656,
        "distance_to_road_m": 3642,
        "distance_to_settlement_m": 9014,
        "legal_status": "conditional",
        "distance_to_smelter_km": 50.9,
        "area_ha": 1.77,
        "region_id": "SE",
        "fe_oxide_index": 2.82,
        "clay_index": 2.411,
        "ndvi_stress_index": 0.404,
        "tmi_structural_nT": 45242.1,
        "tmi_anomaly_nT": 242.1,
        "elevation_mdpl": 428.1,
        "geochem_assay_ratio": 1.63
      },
      "geometry": {
        "type": "Polygon",
        "coordinates": [
          [
            [
              127.764,
              -1.542
            ],
            [
              127.776,
              -1.542
            ],
            [
              127.776,
              -1.53
            ],
            [
              127.764,
              -1.53
            ],
            [
              127.764,
              -1.542
            ]
          ]
        ]
      }
    },
    {
      "type": "Feature",
      "properties": {
        "grid_id": "OBI199",
        "site": "obi_island",
        "location_label": "Obi Island Interior Concession - Maluku Utara greenfield nickel laterite",
        "lithology": "serpentinite_simulated",
        "slope_deg": 24.1,
        "distance_to_river_m": 2400,
        "distance_to_road_m": 2384,
        "distance_to_settlement_m": 10499,
        "legal_status": "conditional",
        "distance_to_smelter_km": 55.3,
        "area_ha": 1.77,
        "region_id": "SE",
        "fe_oxide_index": 2.265,
        "clay_index": 2.205,
        "ndvi_stress_index": 0.289,
        "tmi_structural_nT": 45720.2,
        "tmi_anomaly_nT": 720.2,
        "elevation_mdpl": 502.1,
        "geochem_assay_ratio": 1.62
      },
      "geometry": {
        "type": "Polygon",
        "coordinates": [
          [
            [
              127.776,
              -1.542
            ],
            [
              127.788,
              -1.542
            ],
            [
              127.788,
              -1.53
            ],
            [
              127.776,
              -1.53
            ],
            [
              127.776,
              -1.542
            ]
          ]
        ]
      }
    },
    {
      "type": "Feature",
      "properties": {
        "grid_id": "OBI200",
        "site": "obi_island",
        "location_label": "Obi Island Interior Concession - Maluku Utara greenfield nickel laterite",
        "lithology": "peridotite_simulated",
        "slope_deg": 23.9,
        "distance_to_river_m": 2064,
        "distance_to_road_m": 5374,
        "distance_to_settlement_m": 5220,
        "legal_status": "conditional",
        "distance_to_smelter_km": 59.6,
        "area_ha": 1.77,
        "region_id": "SE",
        "fe_oxide_index": 1.889,
        "clay_index": 1.747,
        "ndvi_stress_index": 0.292,
        "tmi_structural_nT": 45182.8,
        "tmi_anomaly_nT": 182.8,
        "elevation_mdpl": 497.7,
        "geochem_assay_ratio": 2.64
      },
      "geometry": {
        "type": "Polygon",
        "coordinates": [
          [
            [
              127.788,
              -1.542
            ],
            [
              127.8,
              -1.542
            ],
            [
              127.8,
              -1.53
            ],
            [
              127.788,
              -1.53
            ],
            [
              127.788,
              -1.542
            ]
          ]
        ]
      }
    },
    {
      "type": "Feature",
      "properties": {
        "grid_id": "OBI201",
        "site": "obi_island",
        "location_label": "Obi Island Interior Concession - Maluku Utara greenfield nickel laterite",
        "lithology": "peridotite_simulated",
        "slope_deg": 25.2,
        "distance_to_river_m": 726,
        "distance_to_road_m": 3232,
        "distance_to_settlement_m": 9105,
        "legal_status": "no-go",
        "distance_to_smelter_km": 59.6,
        "area_ha": 1.77,
        "region_id": "NW",
        "fe_oxide_index": 2.694,
        "clay_index": 2.431,
        "ndvi_stress_index": 0.3,
        "tmi_structural_nT": 45572.4,
        "tmi_anomaly_nT": 572.4,
        "elevation_mdpl": 436.6,
        "geochem_assay_ratio": 2.53
      },
      "geometry": {
        "type": "Polygon",
        "coordinates": [
          [
            [
              127.56,
              -1.53
            ],
            [
              127.572,
              -1.53
            ],
            [
              127.572,
              -1.518
            ],
            [
              127.56,
              -1.518
            ],
            [
              127.56,
              -1.53
            ]
          ]
        ]
      }
    },
    {
      "type": "Feature",
      "properties": {
        "grid_id": "OBI202",
        "site": "obi_island",
        "location_label": "Obi Island Interior Concession - Maluku Utara greenfield nickel laterite",
        "lithology": "serpentinite_simulated",
        "slope_deg": 24.1,
        "distance_to_river_m": 710,
        "distance_to_road_m": 1854,
        "distance_to_settlement_m": 8298,
        "legal_status": "conditional",
        "distance_to_smelter_km": 55.3,
        "area_ha": 1.77,
        "region_id": "NW",
        "fe_oxide_index": 2.112,
        "clay_index": 2.023,
        "ndvi_stress_index": 0.388,
        "tmi_structural_nT": 45745.2,
        "tmi_anomaly_nT": 745.2,
        "elevation_mdpl": 457.9,
        "geochem_assay_ratio": 2.41
      },
      "geometry": {
        "type": "Polygon",
        "coordinates": [
          [
            [
              127.572,
              -1.53
            ],
            [
              127.584,
              -1.53
            ],
            [
              127.584,
              -1.518
            ],
            [
              127.572,
              -1.518
            ],
            [
              127.572,
              -1.53
            ]
          ]
        ]
      }
    },
    {
      "type": "Feature",
      "properties": {
        "grid_id": "OBI203",
        "site": "obi_island",
        "location_label": "Obi Island Interior Concession - Maluku Utara greenfield nickel laterite",
        "lithology": "serpentinite_simulated",
        "slope_deg": 17.5,
        "distance_to_river_m": 1645,
        "distance_to_road_m": 1457,
        "distance_to_settlement_m": 7221,
        "legal_status": "conditional",
        "distance_to_smelter_km": 50.9,
        "area_ha": 1.77,
        "region_id": "NW",
        "fe_oxide_index": 2.843,
        "clay_index": 1.811,
        "ndvi_stress_index": 0.258,
        "tmi_structural_nT": 45330.1,
        "tmi_anomaly_nT": 330.1,
        "elevation_mdpl": 437.7,
        "geochem_assay_ratio": 1.72
      },
      "geometry": {
        "type": "Polygon",
        "coordinates": [
          [
            [
              127.584,
              -1.53
            ],
            [
              127.596,
              -1.53
            ],
            [
              127.596,
              -1.518
            ],
            [
              127.584,
              -1.518
            ],
            [
              127.584,
              -1.53
            ]
          ]
        ]
      }
    },
    {
      "type": "Feature",
      "properties": {
        "grid_id": "OBI204",
        "site": "obi_island",
        "location_label": "Obi Island Interior Concession - Maluku Utara greenfield nickel laterite",
        "lithology": "peridotite_simulated",
        "slope_deg": 22.7,
        "distance_to_river_m": 1021,
        "distance_to_road_m": 2226,
        "distance_to_settlement_m": 9762,
        "legal_status": "conditional",
        "distance_to_smelter_km": 46.5,
        "area_ha": 1.77,
        "region_id": "NW",
        "fe_oxide_index": 1.815,
        "clay_index": 1.84,
        "ndvi_stress_index": 0.198,
        "tmi_structural_nT": 45553.8,
        "tmi_anomaly_nT": 553.8,
        "elevation_mdpl": 412.3,
        "geochem_assay_ratio": 1.6
      },
      "geometry": {
        "type": "Polygon",
        "coordinates": [
          [
            [
              127.596,
              -1.53
            ],
            [
              127.608,
              -1.53
            ],
            [
              127.608,
              -1.518
            ],
            [
              127.596,
              -1.518
            ],
            [
              127.596,
              -1.53
            ]
          ]
        ]
      }
    },
    {
      "type": "Feature",
      "properties": {
        "grid_id": "OBI205",
        "site": "obi_island",
        "location_label": "Obi Island Interior Concession - Maluku Utara greenfield nickel laterite",
        "lithology": "mafic_volcanic_simulated",
        "slope_deg": 22.3,
        "distance_to_river_m": 888,
        "distance_to_road_m": 2769,
        "distance_to_settlement_m": 4673,
        "legal_status": "conditional",
        "distance_to_smelter_km": 42.2,
        "area_ha": 1.77,
        "region_id": "NW",
        "fe_oxide_index": 1.423,
        "clay_index": 1.166,
        "ndvi_stress_index": 0.701,
        "tmi_structural_nT": 44725.3,
        "tmi_anomaly_nT": -274.7,
        "elevation_mdpl": 438.1,
        "geochem_assay_ratio": 4.2
      },
      "geometry": {
        "type": "Polygon",
        "coordinates": [
          [
            [
              127.608,
              -1.53
            ],
            [
              127.62,
              -1.53
            ],
            [
              127.62,
              -1.518
            ],
            [
              127.608,
              -1.518
            ],
            [
              127.608,
              -1.53
            ]
          ]
        ]
      }
    },
    {
      "type": "Feature",
      "properties": {
        "grid_id": "OBI206",
        "site": "obi_island",
        "location_label": "Obi Island Interior Concession - Maluku Utara greenfield nickel laterite",
        "lithology": "peridotite_simulated",
        "slope_deg": 17.1,
        "distance_to_river_m": 2619,
        "distance_to_road_m": 1788,
        "distance_to_settlement_m": 6052,
        "legal_status": "conditional",
        "distance_to_smelter_km": 37.8,
        "area_ha": 1.77,
        "region_id": "NW",
        "fe_oxide_index": 2.802,
        "clay_index": 2.432,
        "ndvi_stress_index": 0.417,
        "tmi_structural_nT": 45719.8,
        "tmi_anomaly_nT": 719.8,
        "elevation_mdpl": 417.9,
        "geochem_assay_ratio": 2.77
      },
      "geometry": {
        "type": "Polygon",
        "coordinates": [
          [
            [
              127.62,
              -1.53
            ],
            [
              127.632,
              -1.53
            ],
            [
              127.632,
              -1.518
            ],
            [
              127.62,
              -1.518
            ],
            [
              127.62,
              -1.53
            ]
          ]
        ]
      }
    },
    {
      "type": "Feature",
      "properties": {
        "grid_id": "OBI207",
        "site": "obi_island",
        "location_label": "Obi Island Interior Concession - Maluku Utara greenfield nickel laterite",
        "lithology": "serpentinite_simulated",
        "slope_deg": 23.6,
        "distance_to_river_m": 2549,
        "distance_to_road_m": 1208,
        "distance_to_settlement_m": 11872,
        "legal_status": "no-go",
        "distance_to_smelter_km": 33.5,
        "area_ha": 1.77,
        "region_id": "NW",
        "fe_oxide_index": 2.135,
        "clay_index": 2.323,
        "ndvi_stress_index": 0.237,
        "tmi_structural_nT": 45575.3,
        "tmi_anomaly_nT": 575.3,
        "elevation_mdpl": 414.7,
        "geochem_assay_ratio": 2.13
      },
      "geometry": {
        "type": "Polygon",
        "coordinates": [
          [
            [
              127.632,
              -1.53
            ],
            [
              127.644,
              -1.53
            ],
            [
              127.644,
              -1.518
            ],
            [
              127.632,
              -1.518
            ],
            [
              127.632,
              -1.53
            ]
          ]
        ]
      }
    },
    {
      "type": "Feature",
      "properties": {
        "grid_id": "OBI208",
        "site": "obi_island",
        "location_label": "Obi Island Interior Concession - Maluku Utara greenfield nickel laterite",
        "lithology": "serpentinite_simulated",
        "slope_deg": 19.7,
        "distance_to_river_m": 583,
        "distance_to_road_m": 5249,
        "distance_to_settlement_m": 4268,
        "legal_status": "no-go",
        "distance_to_smelter_km": 29.2,
        "area_ha": 1.77,
        "region_id": "NW",
        "fe_oxide_index": 2.08,
        "clay_index": 2.115,
        "ndvi_stress_index": 0.347,
        "tmi_structural_nT": 45668.8,
        "tmi_anomaly_nT": 668.8,
        "elevation_mdpl": 502.2,
        "geochem_assay_ratio": 2.94
      },
      "geometry": {
        "type": "Polygon",
        "coordinates": [
          [
            [
              127.644,
              -1.53
            ],
            [
              127.656,
              -1.53
            ],
            [
              127.656,
              -1.518
            ],
            [
              127.644,
              -1.518
            ],
            [
              127.644,
              -1.53
            ]
          ]
        ]
      }
    },
    {
      "type": "Feature",
      "properties": {
        "grid_id": "OBI209",
        "site": "obi_island",
        "location_label": "Obi Island Interior Concession - Maluku Utara greenfield nickel laterite",
        "lithology": "ultramafic_simulated",
        "slope_deg": 17.2,
        "distance_to_river_m": 276,
        "distance_to_road_m": 1229,
        "distance_to_settlement_m": 8731,
        "legal_status": "no-go",
        "distance_to_smelter_km": 24.9,
        "area_ha": 1.77,
        "region_id": "NW",
        "fe_oxide_index": 2.477,
        "clay_index": 1.92,
        "ndvi_stress_index": 0.344,
        "tmi_structural_nT": 45451.1,
        "tmi_anomaly_nT": 451.1,
        "elevation_mdpl": 471.7,
        "geochem_assay_ratio": 1.95
      },
      "geometry": {
        "type": "Polygon",
        "coordinates": [
          [
            [
              127.656,
              -1.53
            ],
            [
              127.668,
              -1.53
            ],
            [
              127.668,
              -1.518
            ],
            [
              127.656,
              -1.518
            ],
            [
              127.656,
              -1.53
            ]
          ]
        ]
      }
    },
    {
      "type": "Feature",
      "properties": {
        "grid_id": "OBI210",
        "site": "obi_island",
        "location_label": "Obi Island Interior Concession - Maluku Utara greenfield nickel laterite",
        "lithology": "ultramafic_simulated",
        "slope_deg": 19.6,
        "distance_to_river_m": 963,
        "distance_to_road_m": 5438,
        "distance_to_settlement_m": 3888,
        "legal_status": "no-go",
        "distance_to_smelter_km": 21.1,
        "area_ha": 1.77,
        "region_id": "NW",
        "fe_oxide_index": 2.459,
        "clay_index": 2.02,
        "ndvi_stress_index": 0.299,
        "tmi_structural_nT": 45160.0,
        "tmi_anomaly_nT": 160.0,
        "elevation_mdpl": 504.8,
        "geochem_assay_ratio": 2.36
      },
      "geometry": {
        "type": "Polygon",
        "coordinates": [
          [
            [
              127.668,
              -1.53
            ],
            [
              127.68,
              -1.53
            ],
            [
              127.68,
              -1.518
            ],
            [
              127.668,
              -1.518
            ],
            [
              127.668,
              -1.53
            ]
          ]
        ]
      }
    },
    {
      "type": "Feature",
      "properties": {
        "grid_id": "OBI211",
        "site": "obi_island",
        "location_label": "Obi Island Interior Concession - Maluku Utara greenfield nickel laterite",
        "lithology": "serpentinite_simulated",
        "slope_deg": 21.7,
        "distance_to_river_m": 1665,
        "distance_to_road_m": 4080,
        "distance_to_settlement_m": 9721,
        "legal_status": "no-go",
        "distance_to_smelter_km": 21.1,
        "area_ha": 1.77,
        "region_id": "NE",
        "fe_oxide_index": 2.599,
        "clay_index": 2.351,
        "ndvi_stress_index": 0.189,
        "tmi_structural_nT": 45410.9,
        "tmi_anomaly_nT": 410.9,
        "elevation_mdpl": 491.0,
        "geochem_assay_ratio": 1.48
      },
      "geometry": {
        "type": "Polygon",
        "coordinates": [
          [
            [
              127.68,
              -1.53
            ],
            [
              127.692,
              -1.53
            ],
            [
              127.692,
              -1.518
            ],
            [
              127.68,
              -1.518
            ],
            [
              127.68,
              -1.53
            ]
          ]
        ]
      }
    },
    {
      "type": "Feature",
      "properties": {
        "grid_id": "OBI212",
        "site": "obi_island",
        "location_label": "Obi Island Interior Concession - Maluku Utara greenfield nickel laterite",
        "lithology": "peridotite_simulated",
        "slope_deg": 23.3,
        "distance_to_river_m": 1959,
        "distance_to_road_m": 2875,
        "distance_to_settlement_m": 8579,
        "legal_status": "no-go",
        "distance_to_smelter_km": 24.9,
        "area_ha": 1.77,
        "region_id": "NE",
        "fe_oxide_index": 2.313,
        "clay_index": 1.837,
        "ndvi_stress_index": 0.377,
        "tmi_structural_nT": 45445.0,
        "tmi_anomaly_nT": 445.0,
        "elevation_mdpl": 481.5,
        "geochem_assay_ratio": 1.74
      },
      "geometry": {
        "type": "Polygon",
        "coordinates": [
          [
            [
              127.692,
              -1.53
            ],
            [
              127.704,
              -1.53
            ],
            [
              127.704,
              -1.518
            ],
            [
              127.692,
              -1.518
            ],
            [
              127.692,
              -1.53
            ]
          ]
        ]
      }
    },
    {
      "type": "Feature",
      "properties": {
        "grid_id": "OBI213",
        "site": "obi_island",
        "location_label": "Obi Island Interior Concession - Maluku Utara greenfield nickel laterite",
        "lithology": "mafic_volcanic_simulated",
        "slope_deg": 21.8,
        "distance_to_river_m": 2327,
        "distance_to_road_m": 3537,
        "distance_to_settlement_m": 9545,
        "legal_status": "no-go",
        "distance_to_smelter_km": 29.2,
        "area_ha": 1.77,
        "region_id": "NE",
        "fe_oxide_index": 1.26,
        "clay_index": 1.4,
        "ndvi_stress_index": 0.705,
        "tmi_structural_nT": 45209.0,
        "tmi_anomaly_nT": 209.0,
        "elevation_mdpl": 502.4,
        "geochem_assay_ratio": 4.97
      },
      "geometry": {
        "type": "Polygon",
        "coordinates": [
          [
            [
              127.704,
              -1.53
            ],
            [
              127.716,
              -1.53
            ],
            [
              127.716,
              -1.518
            ],
            [
              127.704,
              -1.518
            ],
            [
              127.704,
              -1.53
            ]
          ]
        ]
      }
    },
    {
      "type": "Feature",
      "properties": {
        "grid_id": "OBI214",
        "site": "obi_island",
        "location_label": "Obi Island Interior Concession - Maluku Utara greenfield nickel laterite",
        "lithology": "ultramafic_simulated",
        "slope_deg": 25.5,
        "distance_to_river_m": 1321,
        "distance_to_road_m": 2474,
        "distance_to_settlement_m": 10817,
        "legal_status": "no-go",
        "distance_to_smelter_km": 33.5,
        "area_ha": 1.77,
        "region_id": "NE",
        "fe_oxide_index": 2.297,
        "clay_index": 2.275,
        "ndvi_stress_index": 0.319,
        "tmi_structural_nT": 45499.1,
        "tmi_anomaly_nT": 499.1,
        "elevation_mdpl": 432.5,
        "geochem_assay_ratio": 2.64
      },
      "geometry": {
        "type": "Polygon",
        "coordinates": [
          [
            [
              127.716,
              -1.53
            ],
            [
              127.728,
              -1.53
            ],
            [
              127.728,
              -1.518
            ],
            [
              127.716,
              -1.518
            ],
            [
              127.716,
              -1.53
            ]
          ]
        ]
      }
    },
    {
      "type": "Feature",
      "properties": {
        "grid_id": "OBI215",
        "site": "obi_island",
        "location_label": "Obi Island Interior Concession - Maluku Utara greenfield nickel laterite",
        "lithology": "mafic_volcanic_simulated",
        "slope_deg": 16.8,
        "distance_to_river_m": 455,
        "distance_to_road_m": 1736,
        "distance_to_settlement_m": 4527,
        "legal_status": "no-go",
        "distance_to_smelter_km": 37.8,
        "area_ha": 1.77,
        "region_id": "NE",
        "fe_oxide_index": 1.661,
        "clay_index": 1.482,
        "ndvi_stress_index": 0.534,
        "tmi_structural_nT": 44545.3,
        "tmi_anomaly_nT": -454.7,
        "elevation_mdpl": 447.5,
        "geochem_assay_ratio": 3.68
      },
      "geometry": {
        "type": "Polygon",
        "coordinates": [
          [
            [
              127.728,
              -1.53
            ],
            [
              127.74,
              -1.53
            ],
            [
              127.74,
              -1.518
            ],
            [
              127.728,
              -1.518
            ],
            [
              127.728,
              -1.53
            ]
          ]
        ]
      }
    },
    {
      "type": "Feature",
      "properties": {
        "grid_id": "OBI216",
        "site": "obi_island",
        "location_label": "Obi Island Interior Concession - Maluku Utara greenfield nickel laterite",
        "lithology": "serpentinite_simulated",
        "slope_deg": 21.0,
        "distance_to_river_m": 1394,
        "distance_to_road_m": 2890,
        "distance_to_settlement_m": 5767,
        "legal_status": "conditional",
        "distance_to_smelter_km": 42.2,
        "area_ha": 1.77,
        "region_id": "NE",
        "fe_oxide_index": 2.166,
        "clay_index": 2.285,
        "ndvi_stress_index": 0.222,
        "tmi_structural_nT": 45104.8,
        "tmi_anomaly_nT": 104.8,
        "elevation_mdpl": 437.2,
        "geochem_assay_ratio": 2.32
      },
      "geometry": {
        "type": "Polygon",
        "coordinates": [
          [
            [
              127.74,
              -1.53
            ],
            [
              127.752,
              -1.53
            ],
            [
              127.752,
              -1.518
            ],
            [
              127.74,
              -1.518
            ],
            [
              127.74,
              -1.53
            ]
          ]
        ]
      }
    },
    {
      "type": "Feature",
      "properties": {
        "grid_id": "OBI217",
        "site": "obi_island",
        "location_label": "Obi Island Interior Concession - Maluku Utara greenfield nickel laterite",
        "lithology": "serpentinite_simulated",
        "slope_deg": 18.6,
        "distance_to_river_m": 2725,
        "distance_to_road_m": 3871,
        "distance_to_settlement_m": 7570,
        "legal_status": "conditional",
        "distance_to_smelter_km": 46.5,
        "area_ha": 1.77,
        "region_id": "NE",
        "fe_oxide_index": 2.225,
        "clay_index": 2.312,
        "ndvi_stress_index": 0.309,
        "tmi_structural_nT": 45647.9,
        "tmi_anomaly_nT": 647.9,
        "elevation_mdpl": 415.3,
        "geochem_assay_ratio": 1.91
      },
      "geometry": {
        "type": "Polygon",
        "coordinates": [
          [
            [
              127.752,
              -1.53
            ],
            [
              127.764,
              -1.53
            ],
            [
              127.764,
              -1.518
            ],
            [
              127.752,
              -1.518
            ],
            [
              127.752,
              -1.53
            ]
          ]
        ]
      }
    },
    {
      "type": "Feature",
      "properties": {
        "grid_id": "OBI218",
        "site": "obi_island",
        "location_label": "Obi Island Interior Concession - Maluku Utara greenfield nickel laterite",
        "lithology": "mafic_volcanic_simulated",
        "slope_deg": 16.9,
        "distance_to_river_m": 1294,
        "distance_to_road_m": 3585,
        "distance_to_settlement_m": 7647,
        "legal_status": "conditional",
        "distance_to_smelter_km": 50.9,
        "area_ha": 1.77,
        "region_id": "NE",
        "fe_oxide_index": 1.623,
        "clay_index": 1.039,
        "ndvi_stress_index": 0.527,
        "tmi_structural_nT": 44520.9,
        "tmi_anomaly_nT": -479.1,
        "elevation_mdpl": 480.6,
        "geochem_assay_ratio": 4.96
      },
      "geometry": {
        "type": "Polygon",
        "coordinates": [
          [
            [
              127.764,
              -1.53
            ],
            [
              127.776,
              -1.53
            ],
            [
              127.776,
              -1.518
            ],
            [
              127.764,
              -1.518
            ],
            [
              127.764,
              -1.53
            ]
          ]
        ]
      }
    },
    {
      "type": "Feature",
      "properties": {
        "grid_id": "OBI219",
        "site": "obi_island",
        "location_label": "Obi Island Interior Concession - Maluku Utara greenfield nickel laterite",
        "lithology": "peridotite_simulated",
        "slope_deg": 16.2,
        "distance_to_river_m": 1682,
        "distance_to_road_m": 2222,
        "distance_to_settlement_m": 4915,
        "legal_status": "conditional",
        "distance_to_smelter_km": 55.3,
        "area_ha": 1.77,
        "region_id": "NE",
        "fe_oxide_index": 2.816,
        "clay_index": 1.717,
        "ndvi_stress_index": 0.387,
        "tmi_structural_nT": 45450.3,
        "tmi_anomaly_nT": 450.3,
        "elevation_mdpl": 425.0,
        "geochem_assay_ratio": 1.88
      },
      "geometry": {
        "type": "Polygon",
        "coordinates": [
          [
            [
              127.776,
              -1.53
            ],
            [
              127.788,
              -1.53
            ],
            [
              127.788,
              -1.518
            ],
            [
              127.776,
              -1.518
            ],
            [
              127.776,
              -1.53
            ]
          ]
        ]
      }
    },
    {
      "type": "Feature",
      "properties": {
        "grid_id": "OBI220",
        "site": "obi_island",
        "location_label": "Obi Island Interior Concession - Maluku Utara greenfield nickel laterite",
        "lithology": "peridotite_simulated",
        "slope_deg": 25.9,
        "distance_to_river_m": 2368,
        "distance_to_road_m": 3686,
        "distance_to_settlement_m": 11679,
        "legal_status": "conditional",
        "distance_to_smelter_km": 59.6,
        "area_ha": 1.77,
        "region_id": "NE",
        "fe_oxide_index": 2.275,
        "clay_index": 2.309,
        "ndvi_stress_index": 0.307,
        "tmi_structural_nT": 45364.2,
        "tmi_anomaly_nT": 364.2,
        "elevation_mdpl": 437.8,
        "geochem_assay_ratio": 2.25
      },
      "geometry": {
        "type": "Polygon",
        "coordinates": [
          [
            [
              127.788,
              -1.53
            ],
            [
              127.8,
              -1.53
            ],
            [
              127.8,
              -1.518
            ],
            [
              127.788,
              -1.518
            ],
            [
              127.788,
              -1.53
            ]
          ]
        ]
      }
    },
    {
      "type": "Feature",
      "properties": {
        "grid_id": "OBI221",
        "site": "obi_island",
        "location_label": "Obi Island Interior Concession - Maluku Utara greenfield nickel laterite",
        "lithology": "serpentinite_simulated",
        "slope_deg": 19.9,
        "distance_to_river_m": 2584,
        "distance_to_road_m": 3040,
        "distance_to_settlement_m": 4478,
        "legal_status": "no-go",
        "distance_to_smelter_km": 60.1,
        "area_ha": 1.77,
        "region_id": "NW",
        "fe_oxide_index": 2.021,
        "clay_index": 2.053,
        "ndvi_stress_index": 0.258,
        "tmi_structural_nT": 45617.4,
        "tmi_anomaly_nT": 617.4,
        "elevation_mdpl": 476.4,
        "geochem_assay_ratio": 2.83
      },
      "geometry": {
        "type": "Polygon",
        "coordinates": [
          [
            [
              127.56,
              -1.518
            ],
            [
              127.572,
              -1.518
            ],
            [
              127.572,
              -1.506
            ],
            [
              127.56,
              -1.506
            ],
            [
              127.56,
              -1.518
            ]
          ]
        ]
      }
    },
    {
      "type": "Feature",
      "properties": {
        "grid_id": "OBI222",
        "site": "obi_island",
        "location_label": "Obi Island Interior Concession - Maluku Utara greenfield nickel laterite",
        "lithology": "serpentinite_simulated",
        "slope_deg": 26.3,
        "distance_to_river_m": 1467,
        "distance_to_road_m": 3694,
        "distance_to_settlement_m": 4300,
        "legal_status": "conditional",
        "distance_to_smelter_km": 55.8,
        "area_ha": 1.77,
        "region_id": "NW",
        "fe_oxide_index": 2.483,
        "clay_index": 2.039,
        "ndvi_stress_index": 0.414,
        "tmi_structural_nT": 45925.4,
        "tmi_anomaly_nT": 925.4,
        "elevation_mdpl": 499.5,
        "geochem_assay_ratio": 1.57
      },
      "geometry": {
        "type": "Polygon",
        "coordinates": [
          [
            [
              127.572,
              -1.518
            ],
            [
              127.584,
              -1.518
            ],
            [
              127.584,
              -1.506
            ],
            [
              127.572,
              -1.506
            ],
            [
              127.572,
              -1.518
            ]
          ]
        ]
      }
    },
    {
      "type": "Feature",
      "properties": {
        "grid_id": "OBI223",
        "site": "obi_island",
        "location_label": "Obi Island Interior Concession - Maluku Utara greenfield nickel laterite",
        "lithology": "ultramafic_simulated",
        "slope_deg": 25.9,
        "distance_to_river_m": 2019,
        "distance_to_road_m": 1804,
        "distance_to_settlement_m": 10538,
        "legal_status": "conditional",
        "distance_to_smelter_km": 51.5,
        "area_ha": 1.77,
        "region_id": "NW",
        "fe_oxide_index": 2.51,
        "clay_index": 2.035,
        "ndvi_stress_index": 0.195,
        "tmi_structural_nT": 45816.6,
        "tmi_anomaly_nT": 816.6,
        "elevation_mdpl": 455.9,
        "geochem_assay_ratio": 2.52
      },
      "geometry": {
        "type": "Polygon",
        "coordinates": [
          [
            [
              127.584,
              -1.518
            ],
            [
              127.596,
              -1.518
            ],
            [
              127.596,
              -1.506
            ],
            [
              127.584,
              -1.506
            ],
            [
              127.584,
              -1.518
            ]
          ]
        ]
      }
    },
    {
      "type": "Feature",
      "properties": {
        "grid_id": "OBI224",
        "site": "obi_island",
        "location_label": "Obi Island Interior Concession - Maluku Utara greenfield nickel laterite",
        "lithology": "serpentinite_simulated",
        "slope_deg": 18.2,
        "distance_to_river_m": 1133,
        "distance_to_road_m": 2092,
        "distance_to_settlement_m": 10975,
        "legal_status": "conditional",
        "distance_to_smelter_km": 47.2,
        "area_ha": 1.77,
        "region_id": "NW",
        "fe_oxide_index": 2.108,
        "clay_index": 2.339,
        "ndvi_stress_index": 0.199,
        "tmi_structural_nT": 45814.8,
        "tmi_anomaly_nT": 814.8,
        "elevation_mdpl": 415.8,
        "geochem_assay_ratio": 2.7
      },
      "geometry": {
        "type": "Polygon",
        "coordinates": [
          [
            [
              127.596,
              -1.518
            ],
            [
              127.608,
              -1.518
            ],
            [
              127.608,
              -1.506
            ],
            [
              127.596,
              -1.506
            ],
            [
              127.596,
              -1.518
            ]
          ]
        ]
      }
    },
    {
      "type": "Feature",
      "properties": {
        "grid_id": "OBI225",
        "site": "obi_island",
        "location_label": "Obi Island Interior Concession - Maluku Utara greenfield nickel laterite",
        "lithology": "serpentinite_simulated",
        "slope_deg": 24.3,
        "distance_to_river_m": 2720,
        "distance_to_road_m": 2172,
        "distance_to_settlement_m": 6934,
        "legal_status": "conditional",
        "distance_to_smelter_km": 42.9,
        "area_ha": 1.77,
        "region_id": "NW",
        "fe_oxide_index": 2.405,
        "clay_index": 2.129,
        "ndvi_stress_index": 0.374,
        "tmi_structural_nT": 45360.8,
        "tmi_anomaly_nT": 360.8,
        "elevation_mdpl": 457.9,
        "geochem_assay_ratio": 2.93
      },
      "geometry": {
        "type": "Polygon",
        "coordinates": [
          [
            [
              127.608,
              -1.518
            ],
            [
              127.62,
              -1.518
            ],
            [
              127.62,
              -1.506
            ],
            [
              127.608,
              -1.506
            ],
            [
              127.608,
              -1.518
            ]
          ]
        ]
      }
    },
    {
      "type": "Feature",
      "properties": {
        "grid_id": "OBI226",
        "site": "obi_island",
        "location_label": "Obi Island Interior Concession - Maluku Utara greenfield nickel laterite",
        "lithology": "alluvium",
        "slope_deg": 17.7,
        "distance_to_river_m": 2552,
        "distance_to_road_m": 3072,
        "distance_to_settlement_m": 9448,
        "legal_status": "conditional",
        "distance_to_smelter_km": 38.8,
        "area_ha": 1.77,
        "region_id": "NW",
        "fe_oxide_index": 1.223,
        "clay_index": 1.302,
        "ndvi_stress_index": 0.527,
        "tmi_structural_nT": 45272.3,
        "tmi_anomaly_nT": 272.3,
        "elevation_mdpl": 412.4,
        "geochem_assay_ratio": 5.8
      },
      "geometry": {
        "type": "Polygon",
        "coordinates": [
          [
            [
              127.62,
              -1.518
            ],
            [
              127.632,
              -1.518
            ],
            [
              127.632,
              -1.506
            ],
            [
              127.62,
              -1.506
            ],
            [
              127.62,
              -1.518
            ]
          ]
        ]
      }
    },
    {
      "type": "Feature",
      "properties": {
        "grid_id": "OBI227",
        "site": "obi_island",
        "location_label": "Obi Island Interior Concession - Maluku Utara greenfield nickel laterite",
        "lithology": "ultramafic_simulated",
        "slope_deg": 16.5,
        "distance_to_river_m": 705,
        "distance_to_road_m": 3879,
        "distance_to_settlement_m": 11291,
        "legal_status": "conditional",
        "distance_to_smelter_km": 34.7,
        "area_ha": 1.77,
        "region_id": "NW",
        "fe_oxide_index": 1.881,
        "clay_index": 2.147,
        "ndvi_stress_index": 0.418,
        "tmi_structural_nT": 46078.6,
        "tmi_anomaly_nT": 1078.6,
        "elevation_mdpl": 455.6,
        "geochem_assay_ratio": 3.09
      },
      "geometry": {
        "type": "Polygon",
        "coordinates": [
          [
            [
              127.632,
              -1.518
            ],
            [
              127.644,
              -1.518
            ],
            [
              127.644,
              -1.506
            ],
            [
              127.632,
              -1.506
            ],
            [
              127.632,
              -1.518
            ]
          ]
        ]
      }
    },
    {
      "type": "Feature",
      "properties": {
        "grid_id": "OBI228",
        "site": "obi_island",
        "location_label": "Obi Island Interior Concession - Maluku Utara greenfield nickel laterite",
        "lithology": "ultramafic_simulated",
        "slope_deg": 16.3,
        "distance_to_river_m": 1217,
        "distance_to_road_m": 5472,
        "distance_to_settlement_m": 11503,
        "legal_status": "no-go",
        "distance_to_smelter_km": 30.8,
        "area_ha": 1.77,
        "region_id": "NW",
        "fe_oxide_index": 2.051,
        "clay_index": 1.936,
        "ndvi_stress_index": 0.282,
        "tmi_structural_nT": 45384.6,
        "tmi_anomaly_nT": 384.6,
        "elevation_mdpl": 421.3,
        "geochem_assay_ratio": 2.85
      },
      "geometry": {
        "type": "Polygon",
        "coordinates": [
          [
            [
              127.644,
              -1.518
            ],
            [
              127.656,
              -1.518
            ],
            [
              127.656,
              -1.506
            ],
            [
              127.644,
              -1.506
            ],
            [
              127.644,
              -1.518
            ]
          ]
        ]
      }
    },
    {
      "type": "Feature",
      "properties": {
        "grid_id": "OBI229",
        "site": "obi_island",
        "location_label": "Obi Island Interior Concession - Maluku Utara greenfield nickel laterite",
        "lithology": "serpentinite_simulated",
        "slope_deg": 20.6,
        "distance_to_river_m": 2195,
        "distance_to_road_m": 1727,
        "distance_to_settlement_m": 5434,
        "legal_status": "no-go",
        "distance_to_smelter_km": 27.3,
        "area_ha": 1.77,
        "region_id": "NW",
        "fe_oxide_index": 2.237,
        "clay_index": 2.431,
        "ndvi_stress_index": 0.234,
        "tmi_structural_nT": 45818.1,
        "tmi_anomaly_nT": 818.1,
        "elevation_mdpl": 473.2,
        "geochem_assay_ratio": 2.47
      },
      "geometry": {
        "type": "Polygon",
        "coordinates": [
          [
            [
              127.656,
              -1.518
            ],
            [
              127.668,
              -1.518
            ],
            [
              127.668,
              -1.506
            ],
            [
              127.656,
              -1.506
            ],
            [
              127.656,
              -1.518
            ]
          ]
        ]
      }
    },
    {
      "type": "Feature",
      "properties": {
        "grid_id": "OBI230",
        "site": "obi_island",
        "location_label": "Obi Island Interior Concession - Maluku Utara greenfield nickel laterite",
        "lithology": "serpentinite_simulated",
        "slope_deg": 21.2,
        "distance_to_river_m": 2216,
        "distance_to_road_m": 1491,
        "distance_to_settlement_m": 9770,
        "legal_status": "no-go",
        "distance_to_smelter_km": 24.9,
        "area_ha": 1.77,
        "region_id": "NW",
        "fe_oxide_index": 1.899,
        "clay_index": 1.693,
        "ndvi_stress_index": 0.207,
        "tmi_structural_nT": 45635.0,
        "tmi_anomaly_nT": 635.0,
        "elevation_mdpl": 479.4,
        "geochem_assay_ratio": 3.13
      },
      "geometry": {
        "type": "Polygon",
        "coordinates": [
          [
            [
              127.668,
              -1.518
            ],
            [
              127.68,
              -1.518
            ],
            [
              127.68,
              -1.506
            ],
            [
              127.668,
              -1.506
            ],
            [
              127.668,
              -1.518
            ]
          ]
        ]
      }
    },
    {
      "type": "Feature",
      "properties": {
        "grid_id": "OBI231",
        "site": "obi_island",
        "location_label": "Obi Island Interior Concession - Maluku Utara greenfield nickel laterite",
        "lithology": "peridotite_simulated",
        "slope_deg": 18.0,
        "distance_to_river_m": 2191,
        "distance_to_road_m": 2565,
        "distance_to_settlement_m": 6325,
        "legal_status": "no-go",
        "distance_to_smelter_km": 24.9,
        "area_ha": 1.77,
        "region_id": "NE",
        "fe_oxide_index": 2.049,
        "clay_index": 1.638,
        "ndvi_stress_index": 0.407,
        "tmi_structural_nT": 45932.2,
        "tmi_anomaly_nT": 932.2,
        "elevation_mdpl": 430.8,
        "geochem_assay_ratio": 2.47
      },
      "geometry": {
        "type": "Polygon",
        "coordinates": [
          [
            [
              127.68,
              -1.518
            ],
            [
              127.692,
              -1.518
            ],
            [
              127.692,
              -1.506
            ],
            [
              127.68,
              -1.506
            ],
            [
              127.68,
              -1.518
            ]
          ]
        ]
      }
    },
    {
      "type": "Feature",
      "properties": {
        "grid_id": "OBI232",
        "site": "obi_island",
        "location_label": "Obi Island Interior Concession - Maluku Utara greenfield nickel laterite",
        "lithology": "serpentinite_simulated",
        "slope_deg": 23.3,
        "distance_to_river_m": 484,
        "distance_to_road_m": 3979,
        "distance_to_settlement_m": 4246,
        "legal_status": "no-go",
        "distance_to_smelter_km": 27.3,
        "area_ha": 1.77,
        "region_id": "NE",
        "fe_oxide_index": 2.033,
        "clay_index": 2.094,
        "ndvi_stress_index": 0.306,
        "tmi_structural_nT": 45141.2,
        "tmi_anomaly_nT": 141.2,
        "elevation_mdpl": 487.4,
        "geochem_assay_ratio": 2.03
      },
      "geometry": {
        "type": "Polygon",
        "coordinates": [
          [
            [
              127.692,
              -1.518
            ],
            [
              127.704,
              -1.518
            ],
            [
              127.704,
              -1.506
            ],
            [
              127.692,
              -1.506
            ],
            [
              127.692,
              -1.518
            ]
          ]
        ]
      }
    },
    {
      "type": "Feature",
      "properties": {
        "grid_id": "OBI233",
        "site": "obi_island",
        "location_label": "Obi Island Interior Concession - Maluku Utara greenfield nickel laterite",
        "lithology": "peridotite_simulated",
        "slope_deg": 19.0,
        "distance_to_river_m": 1289,
        "distance_to_road_m": 2067,
        "distance_to_settlement_m": 7419,
        "legal_status": "no-go",
        "distance_to_smelter_km": 30.8,
        "area_ha": 1.77,
        "region_id": "NE",
        "fe_oxide_index": 2.848,
        "clay_index": 2.205,
        "ndvi_stress_index": 0.357,
        "tmi_structural_nT": 45705.7,
        "tmi_anomaly_nT": 705.7,
        "elevation_mdpl": 483.5,
        "geochem_assay_ratio": 1.69
      },
      "geometry": {
        "type": "Polygon",
        "coordinates": [
          [
            [
              127.704,
              -1.518
            ],
            [
              127.716,
              -1.518
            ],
            [
              127.716,
              -1.506
            ],
            [
              127.704,
              -1.506
            ],
            [
              127.704,
              -1.518
            ]
          ]
        ]
      }
    },
    {
      "type": "Feature",
      "properties": {
        "grid_id": "OBI234",
        "site": "obi_island",
        "location_label": "Obi Island Interior Concession - Maluku Utara greenfield nickel laterite",
        "lithology": "peridotite_simulated",
        "slope_deg": 22.5,
        "distance_to_river_m": 1778,
        "distance_to_road_m": 1683,
        "distance_to_settlement_m": 10773,
        "legal_status": "no-go",
        "distance_to_smelter_km": 34.7,
        "area_ha": 1.77,
        "region_id": "NE",
        "fe_oxide_index": 2.031,
        "clay_index": 2.243,
        "ndvi_stress_index": 0.334,
        "tmi_structural_nT": 46058.7,
        "tmi_anomaly_nT": 1058.7,
        "elevation_mdpl": 435.1,
        "geochem_assay_ratio": 2.59
      },
      "geometry": {
        "type": "Polygon",
        "coordinates": [
          [
            [
              127.716,
              -1.518
            ],
            [
              127.728,
              -1.518
            ],
            [
              127.728,
              -1.506
            ],
            [
              127.716,
              -1.506
            ],
            [
              127.716,
              -1.518
            ]
          ]
        ]
      }
    },
    {
      "type": "Feature",
      "properties": {
        "grid_id": "OBI235",
        "site": "obi_island",
        "location_label": "Obi Island Interior Concession - Maluku Utara greenfield nickel laterite",
        "lithology": "ultramafic_simulated",
        "slope_deg": 16.1,
        "distance_to_river_m": 2158,
        "distance_to_road_m": 1509,
        "distance_to_settlement_m": 7570,
        "legal_status": "conditional",
        "distance_to_smelter_km": 38.8,
        "area_ha": 1.77,
        "region_id": "NE",
        "fe_oxide_index": 1.918,
        "clay_index": 2.416,
        "ndvi_stress_index": 0.388,
        "tmi_structural_nT": 45941.0,
        "tmi_anomaly_nT": 941.0,
        "elevation_mdpl": 445.3,
        "geochem_assay_ratio": 1.67
      },
      "geometry": {
        "type": "Polygon",
        "coordinates": [
          [
            [
              127.728,
              -1.518
            ],
            [
              127.74,
              -1.518
            ],
            [
              127.74,
              -1.506
            ],
            [
              127.728,
              -1.506
            ],
            [
              127.728,
              -1.518
            ]
          ]
        ]
      }
    },
    {
      "type": "Feature",
      "properties": {
        "grid_id": "OBI236",
        "site": "obi_island",
        "location_label": "Obi Island Interior Concession - Maluku Utara greenfield nickel laterite",
        "lithology": "serpentinite_simulated",
        "slope_deg": 23.8,
        "distance_to_river_m": 628,
        "distance_to_road_m": 2559,
        "distance_to_settlement_m": 7171,
        "legal_status": "conditional",
        "distance_to_smelter_km": 42.9,
        "area_ha": 1.77,
        "region_id": "NE",
        "fe_oxide_index": 2.706,
        "clay_index": 1.652,
        "ndvi_stress_index": 0.256,
        "tmi_structural_nT": 45903.7,
        "tmi_anomaly_nT": 903.7,
        "elevation_mdpl": 487.6,
        "geochem_assay_ratio": 2.04
      },
      "geometry": {
        "type": "Polygon",
        "coordinates": [
          [
            [
              127.74,
              -1.518
            ],
            [
              127.752,
              -1.518
            ],
            [
              127.752,
              -1.506
            ],
            [
              127.74,
              -1.506
            ],
            [
              127.74,
              -1.518
            ]
          ]
        ]
      }
    },
    {
      "type": "Feature",
      "properties": {
        "grid_id": "OBI237",
        "site": "obi_island",
        "location_label": "Obi Island Interior Concession - Maluku Utara greenfield nickel laterite",
        "lithology": "serpentinite_simulated",
        "slope_deg": 18.8,
        "distance_to_river_m": 1553,
        "distance_to_road_m": 2045,
        "distance_to_settlement_m": 5992,
        "legal_status": "conditional",
        "distance_to_smelter_km": 47.2,
        "area_ha": 1.77,
        "region_id": "NE",
        "fe_oxide_index": 2.515,
        "clay_index": 2.371,
        "ndvi_stress_index": 0.209,
        "tmi_structural_nT": 46080.4,
        "tmi_anomaly_nT": 1080.4,
        "elevation_mdpl": 505.2,
        "geochem_assay_ratio": 1.83
      },
      "geometry": {
        "type": "Polygon",
        "coordinates": [
          [
            [
              127.752,
              -1.518
            ],
            [
              127.764,
              -1.518
            ],
            [
              127.764,
              -1.506
            ],
            [
              127.752,
              -1.506
            ],
            [
              127.752,
              -1.518
            ]
          ]
        ]
      }
    },
    {
      "type": "Feature",
      "properties": {
        "grid_id": "OBI238",
        "site": "obi_island",
        "location_label": "Obi Island Interior Concession - Maluku Utara greenfield nickel laterite",
        "lithology": "serpentinite_simulated",
        "slope_deg": 24.8,
        "distance_to_river_m": 1598,
        "distance_to_road_m": 1395,
        "distance_to_settlement_m": 7480,
        "legal_status": "conditional",
        "distance_to_smelter_km": 51.5,
        "area_ha": 1.77,
        "region_id": "NE",
        "fe_oxide_index": 1.961,
        "clay_index": 2.088,
        "ndvi_stress_index": 0.384,
        "tmi_structural_nT": 45406.3,
        "tmi_anomaly_nT": 406.3,
        "elevation_mdpl": 433.0,
        "geochem_assay_ratio": 3.11
      },
      "geometry": {
        "type": "Polygon",
        "coordinates": [
          [
            [
              127.764,
              -1.518
            ],
            [
              127.776,
              -1.518
            ],
            [
              127.776,
              -1.506
            ],
            [
              127.764,
              -1.506
            ],
            [
              127.764,
              -1.518
            ]
          ]
        ]
      }
    },
    {
      "type": "Feature",
      "properties": {
        "grid_id": "OBI239",
        "site": "obi_island",
        "location_label": "Obi Island Interior Concession - Maluku Utara greenfield nickel laterite",
        "lithology": "peridotite_simulated",
        "slope_deg": 19.2,
        "distance_to_river_m": 2785,
        "distance_to_road_m": 1433,
        "distance_to_settlement_m": 7873,
        "legal_status": "conditional",
        "distance_to_smelter_km": 55.8,
        "area_ha": 1.77,
        "region_id": "NE",
        "fe_oxide_index": 2.484,
        "clay_index": 2.405,
        "ndvi_stress_index": 0.234,
        "tmi_structural_nT": 45893.4,
        "tmi_anomaly_nT": 893.4,
        "elevation_mdpl": 465.4,
        "geochem_assay_ratio": 1.94
      },
      "geometry": {
        "type": "Polygon",
        "coordinates": [
          [
            [
              127.776,
              -1.518
            ],
            [
              127.788,
              -1.518
            ],
            [
              127.788,
              -1.506
            ],
            [
              127.776,
              -1.506
            ],
            [
              127.776,
              -1.518
            ]
          ]
        ]
      }
    },
    {
      "type": "Feature",
      "properties": {
        "grid_id": "OBI240",
        "site": "obi_island",
        "location_label": "Obi Island Interior Concession - Maluku Utara greenfield nickel laterite",
        "lithology": "serpentinite_simulated",
        "slope_deg": 24.0,
        "distance_to_river_m": 2252,
        "distance_to_road_m": 3961,
        "distance_to_settlement_m": 5503,
        "legal_status": "conditional",
        "distance_to_smelter_km": 60.1,
        "area_ha": 1.77,
        "region_id": "NE",
        "fe_oxide_index": 2.273,
        "clay_index": 1.709,
        "ndvi_stress_index": 0.413,
        "tmi_structural_nT": 45103.9,
        "tmi_anomaly_nT": 103.9,
        "elevation_mdpl": 430.4,
        "geochem_assay_ratio": 1.74
      },
      "geometry": {
        "type": "Polygon",
        "coordinates": [
          [
            [
              127.788,
              -1.518
            ],
            [
              127.8,
              -1.518
            ],
            [
              127.8,
              -1.506
            ],
            [
              127.788,
              -1.506
            ],
            [
              127.788,
              -1.518
            ]
          ]
        ]
      }
    },
    {
      "type": "Feature",
      "properties": {
        "grid_id": "OBI241",
        "site": "obi_island",
        "location_label": "Obi Island Interior Concession - Maluku Utara greenfield nickel laterite",
        "lithology": "serpentinite_simulated",
        "slope_deg": 26.4,
        "distance_to_river_m": 1290,
        "distance_to_road_m": 1768,
        "distance_to_settlement_m": 4840,
        "legal_status": "no-go",
        "distance_to_smelter_km": 61.0,
        "area_ha": 1.77,
        "region_id": "NW",
        "fe_oxide_index": 2.572,
        "clay_index": 2.004,
        "ndvi_stress_index": 0.226,
        "tmi_structural_nT": 45328.4,
        "tmi_anomaly_nT": 328.4,
        "elevation_mdpl": 418.5,
        "geochem_assay_ratio": 1.6
      },
      "geometry": {
        "type": "Polygon",
        "coordinates": [
          [
            [
              127.56,
              -1.506
            ],
            [
              127.572,
              -1.506
            ],
            [
              127.572,
              -1.494
            ],
            [
              127.56,
              -1.494
            ],
            [
              127.56,
              -1.506
            ]
          ]
        ]
      }
    },
    {
      "type": "Feature",
      "properties": {
        "grid_id": "OBI242",
        "site": "obi_island",
        "location_label": "Obi Island Interior Concession - Maluku Utara greenfield nickel laterite",
        "lithology": "serpentinite_simulated",
        "slope_deg": 16.3,
        "distance_to_river_m": 1732,
        "distance_to_road_m": 1393,
        "distance_to_settlement_m": 8477,
        "legal_status": "conditional",
        "distance_to_smelter_km": 56.8,
        "area_ha": 1.77,
        "region_id": "NW",
        "fe_oxide_index": 2.843,
        "clay_index": 1.91,
        "ndvi_stress_index": 0.296,
        "tmi_structural_nT": 45186.4,
        "tmi_anomaly_nT": 186.4,
        "elevation_mdpl": 470.4,
        "geochem_assay_ratio": 2.17
      },
      "geometry": {
        "type": "Polygon",
        "coordinates": [
          [
            [
              127.572,
              -1.506
            ],
            [
              127.584,
              -1.506
            ],
            [
              127.584,
              -1.494
            ],
            [
              127.572,
              -1.494
            ],
            [
              127.572,
              -1.506
            ]
          ]
        ]
      }
    },
    {
      "type": "Feature",
      "properties": {
        "grid_id": "OBI243",
        "site": "obi_island",
        "location_label": "Obi Island Interior Concession - Maluku Utara greenfield nickel laterite",
        "lithology": "peridotite_simulated",
        "slope_deg": 22.5,
        "distance_to_river_m": 2229,
        "distance_to_road_m": 3136,
        "distance_to_settlement_m": 9320,
        "legal_status": "conditional",
        "distance_to_smelter_km": 52.6,
        "area_ha": 1.77,
        "region_id": "NW",
        "fe_oxide_index": 2.581,
        "clay_index": 1.66,
        "ndvi_stress_index": 0.263,
        "tmi_structural_nT": 45620.5,
        "tmi_anomaly_nT": 620.5,
        "elevation_mdpl": 471.6,
        "geochem_assay_ratio": 1.74
      },
      "geometry": {
        "type": "Polygon",
        "coordinates": [
          [
            [
              127.584,
              -1.506
            ],
            [
              127.596,
              -1.506
            ],
            [
              127.596,
              -1.494
            ],
            [
              127.584,
              -1.494
            ],
            [
              127.584,
              -1.506
            ]
          ]
        ]
      }
    },
    {
      "type": "Feature",
      "properties": {
        "grid_id": "OBI244",
        "site": "obi_island",
        "location_label": "Obi Island Interior Concession - Maluku Utara greenfield nickel laterite",
        "lithology": "alluvium",
        "slope_deg": 22.8,
        "distance_to_river_m": 2612,
        "distance_to_road_m": 1669,
        "distance_to_settlement_m": 8365,
        "legal_status": "conditional",
        "distance_to_smelter_km": 48.5,
        "area_ha": 1.77,
        "region_id": "NW",
        "fe_oxide_index": 1.616,
        "clay_index": 1.251,
        "ndvi_stress_index": 0.7,
        "tmi_structural_nT": 44586.4,
        "tmi_anomaly_nT": -413.6,
        "elevation_mdpl": 421.3,
        "geochem_assay_ratio": 5.65
      },
      "geometry": {
        "type": "Polygon",
        "coordinates": [
          [
            [
              127.596,
              -1.506
            ],
            [
              127.608,
              -1.506
            ],
            [
              127.608,
              -1.494
            ],
            [
              127.596,
              -1.494
            ],
            [
              127.596,
              -1.506
            ]
          ]
        ]
      }
    },
    {
      "type": "Feature",
      "properties": {
        "grid_id": "OBI245",
        "site": "obi_island",
        "location_label": "Obi Island Interior Concession - Maluku Utara greenfield nickel laterite",
        "lithology": "peridotite_simulated",
        "slope_deg": 16.2,
        "distance_to_river_m": 440,
        "distance_to_road_m": 4389,
        "distance_to_settlement_m": 11130,
        "legal_status": "conditional",
        "distance_to_smelter_km": 44.4,
        "area_ha": 1.77,
        "region_id": "NW",
        "fe_oxide_index": 1.815,
        "clay_index": 1.753,
        "ndvi_stress_index": 0.41,
        "tmi_structural_nT": 45663.3,
        "tmi_anomaly_nT": 663.3,
        "elevation_mdpl": 499.6,
        "geochem_assay_ratio": 2.54
      },
      "geometry": {
        "type": "Polygon",
        "coordinates": [
          [
            [
              127.608,
              -1.506
            ],
            [
              127.62,
              -1.506
            ],
            [
              127.62,
              -1.494
            ],
            [
              127.608,
              -1.494
            ],
            [
              127.608,
              -1.506
            ]
          ]
        ]
      }
    },
    {
      "type": "Feature",
      "properties": {
        "grid_id": "OBI246",
        "site": "obi_island",
        "location_label": "Obi Island Interior Concession - Maluku Utara greenfield nickel laterite",
        "lithology": "ultramafic_simulated",
        "slope_deg": 16.5,
        "distance_to_river_m": 2031,
        "distance_to_road_m": 4617,
        "distance_to_settlement_m": 8019,
        "legal_status": "conditional",
        "distance_to_smelter_km": 40.5,
        "area_ha": 1.77,
        "region_id": "NW",
        "fe_oxide_index": 2.204,
        "clay_index": 2.085,
        "ndvi_stress_index": 0.268,
        "tmi_structural_nT": 45917.4,
        "tmi_anomaly_nT": 917.4,
        "elevation_mdpl": 507.7,
        "geochem_assay_ratio": 1.82
      },
      "geometry": {
        "type": "Polygon",
        "coordinates": [
          [
            [
              127.62,
              -1.506
            ],
            [
              127.632,
              -1.506
            ],
            [
              127.632,
              -1.494
            ],
            [
              127.62,
              -1.494
            ],
            [
              127.62,
              -1.506
            ]
          ]
        ]
      }
    },
    {
      "type": "Feature",
      "properties": {
        "grid_id": "OBI247",
        "site": "obi_island",
        "location_label": "Obi Island Interior Concession - Maluku Utara greenfield nickel laterite",
        "lithology": "serpentinite_simulated",
        "slope_deg": 23.8,
        "distance_to_river_m": 977,
        "distance_to_road_m": 3561,
        "distance_to_settlement_m": 6980,
        "legal_status": "conditional",
        "distance_to_smelter_km": 36.8,
        "area_ha": 1.77,
        "region_id": "NW",
        "fe_oxide_index": 2.605,
        "clay_index": 2.241,
        "ndvi_stress_index": 0.267,
        "tmi_structural_nT": 45693.2,
        "tmi_anomaly_nT": 693.2,
        "elevation_mdpl": 481.4,
        "geochem_assay_ratio": 1.79
      },
      "geometry": {
        "type": "Polygon",
        "coordinates": [
          [
            [
              127.632,
              -1.506
            ],
            [
              127.644,
              -1.506
            ],
            [
              127.644,
              -1.494
            ],
            [
              127.632,
              -1.494
            ],
            [
              127.632,
              -1.506
            ]
          ]
        ]
      }
    },
    {
      "type": "Feature",
      "properties": {
        "grid_id": "OBI248",
        "site": "obi_island",
        "location_label": "Obi Island Interior Concession - Maluku Utara greenfield nickel laterite",
        "lithology": "ultramafic_simulated",
        "slope_deg": 17.7,
        "distance_to_river_m": 2702,
        "distance_to_road_m": 3156,
        "distance_to_settlement_m": 3577,
        "legal_status": "no-go",
        "distance_to_smelter_km": 33.5,
        "area_ha": 1.77,
        "region_id": "NW",
        "fe_oxide_index": 2.242,
        "clay_index": 1.898,
        "ndvi_stress_index": 0.407,
        "tmi_structural_nT": 45658.4,
        "tmi_anomaly_nT": 658.4,
        "elevation_mdpl": 430.0,
        "geochem_assay_ratio": 2.79
      },
      "geometry": {
        "type": "Polygon",
        "coordinates": [
          [
            [
              127.644,
              -1.506
            ],
            [
              127.656,
              -1.506
            ],
            [
              127.656,
              -1.494
            ],
            [
              127.644,
              -1.494
            ],
            [
              127.644,
              -1.506
            ]
          ]
        ]
      }
    },
    {
      "type": "Feature",
      "properties": {
        "grid_id": "OBI249",
        "site": "obi_island",
        "location_label": "Obi Island Interior Concession - Maluku Utara greenfield nickel laterite",
        "lithology": "serpentinite_simulated",
        "slope_deg": 16.8,
        "distance_to_river_m": 1424,
        "distance_to_road_m": 4686,
        "distance_to_settlement_m": 7672,
        "legal_status": "no-go",
        "distance_to_smelter_km": 30.8,
        "area_ha": 1.77,
        "region_id": "NW",
        "fe_oxide_index": 2.156,
        "clay_index": 2.028,
        "ndvi_stress_index": 0.296,
        "tmi_structural_nT": 45544.7,
        "tmi_anomaly_nT": 544.7,
        "elevation_mdpl": 416.7,
        "geochem_assay_ratio": 2.11
      },
      "geometry": {
        "type": "Polygon",
        "coordinates": [
          [
            [
              127.656,
              -1.506
            ],
            [
              127.668,
              -1.506
            ],
            [
              127.668,
              -1.494
            ],
            [
              127.656,
              -1.494
            ],
            [
              127.656,
              -1.506
            ]
          ]
        ]
      }
    },
    {
      "type": "Feature",
      "properties": {
        "grid_id": "OBI250",
        "site": "obi_island",
        "location_label": "Obi Island Interior Concession - Maluku Utara greenfield nickel laterite",
        "lithology": "peridotite_simulated",
        "slope_deg": 17.6,
        "distance_to_river_m": 1358,
        "distance_to_road_m": 2452,
        "distance_to_settlement_m": 6327,
        "legal_status": "no-go",
        "distance_to_smelter_km": 29.2,
        "area_ha": 1.77,
        "region_id": "NW",
        "fe_oxide_index": 2.805,
        "clay_index": 1.738,
        "ndvi_stress_index": 0.406,
        "tmi_structural_nT": 45406.6,
        "tmi_anomaly_nT": 406.6,
        "elevation_mdpl": 420.1,
        "geochem_assay_ratio": 1.92
      },
      "geometry": {
        "type": "Polygon",
        "coordinates": [
          [
            [
              127.668,
              -1.506
            ],
            [
              127.68,
              -1.506
            ],
            [
              127.68,
              -1.494
            ],
            [
              127.668,
              -1.494
            ],
            [
              127.668,
              -1.506
            ]
          ]
        ]
      }
    },
    {
      "type": "Feature",
      "properties": {
        "grid_id": "OBI251",
        "site": "obi_island",
        "location_label": "Obi Island Interior Concession - Maluku Utara greenfield nickel laterite",
        "lithology": "alluvium",
        "slope_deg": 20.8,
        "distance_to_river_m": 797,
        "distance_to_road_m": 1215,
        "distance_to_settlement_m": 6285,
        "legal_status": "no-go",
        "distance_to_smelter_km": 29.2,
        "area_ha": 1.77,
        "region_id": "NE",
        "fe_oxide_index": 1.553,
        "clay_index": 1.483,
        "ndvi_stress_index": 0.663,
        "tmi_structural_nT": 44877.1,
        "tmi_anomaly_nT": -122.9,
        "elevation_mdpl": 508.5,
        "geochem_assay_ratio": 5.47
      },
      "geometry": {
        "type": "Polygon",
        "coordinates": [
          [
            [
              127.68,
              -1.506
            ],
            [
              127.692,
              -1.506
            ],
            [
              127.692,
              -1.494
            ],
            [
              127.68,
              -1.494
            ],
            [
              127.68,
              -1.506
            ]
          ]
        ]
      }
    },
    {
      "type": "Feature",
      "properties": {
        "grid_id": "OBI252",
        "site": "obi_island",
        "location_label": "Obi Island Interior Concession - Maluku Utara greenfield nickel laterite",
        "lithology": "peridotite_simulated",
        "slope_deg": 25.3,
        "distance_to_river_m": 2150,
        "distance_to_road_m": 4791,
        "distance_to_settlement_m": 11081,
        "legal_status": "no-go",
        "distance_to_smelter_km": 30.8,
        "area_ha": 1.77,
        "region_id": "NE",
        "fe_oxide_index": 2.838,
        "clay_index": 2.183,
        "ndvi_stress_index": 0.373,
        "tmi_structural_nT": 45876.6,
        "tmi_anomaly_nT": 876.6,
        "elevation_mdpl": 452.1,
        "geochem_assay_ratio": 2.69
      },
      "geometry": {
        "type": "Polygon",
        "coordinates": [
          [
            [
              127.692,
              -1.506
            ],
            [
              127.704,
              -1.506
            ],
            [
              127.704,
              -1.494
            ],
            [
              127.692,
              -1.494
            ],
            [
              127.692,
              -1.506
            ]
          ]
        ]
      }
    },
    {
      "type": "Feature",
      "properties": {
        "grid_id": "OBI253",
        "site": "obi_island",
        "location_label": "Obi Island Interior Concession - Maluku Utara greenfield nickel laterite",
        "lithology": "alluvium",
        "slope_deg": 24.8,
        "distance_to_river_m": 2452,
        "distance_to_road_m": 2560,
        "distance_to_settlement_m": 4160,
        "legal_status": "no-go",
        "distance_to_smelter_km": 33.5,
        "area_ha": 1.77,
        "region_id": "NE",
        "fe_oxide_index": 1.65,
        "clay_index": 1.424,
        "ndvi_stress_index": 0.586,
        "tmi_structural_nT": 45386.2,
        "tmi_anomaly_nT": 386.2,
        "elevation_mdpl": 412.7,
        "geochem_assay_ratio": 3.58
      },
      "geometry": {
        "type": "Polygon",
        "coordinates": [
          [
            [
              127.704,
              -1.506
            ],
            [
              127.716,
              -1.506
            ],
            [
              127.716,
              -1.494
            ],
            [
              127.704,
              -1.494
            ],
            [
              127.704,
              -1.506
            ]
          ]
        ]
      }
    },
    {
      "type": "Feature",
      "properties": {
        "grid_id": "OBI254",
        "site": "obi_island",
        "location_label": "Obi Island Interior Concession - Maluku Utara greenfield nickel laterite",
        "lithology": "peridotite_simulated",
        "slope_deg": 17.9,
        "distance_to_river_m": 1532,
        "distance_to_road_m": 2889,
        "distance_to_settlement_m": 8425,
        "legal_status": "no-go",
        "distance_to_smelter_km": 36.8,
        "area_ha": 1.77,
        "region_id": "NE",
        "fe_oxide_index": 2.202,
        "clay_index": 2.302,
        "ndvi_stress_index": 0.215,
        "tmi_structural_nT": 45101.4,
        "tmi_anomaly_nT": 101.4,
        "elevation_mdpl": 495.5,
        "geochem_assay_ratio": 2.36
      },
      "geometry": {
        "type": "Polygon",
        "coordinates": [
          [
            [
              127.716,
              -1.506
            ],
            [
              127.728,
              -1.506
            ],
            [
              127.728,
              -1.494
            ],
            [
              127.716,
              -1.494
            ],
            [
              127.716,
              -1.506
            ]
          ]
        ]
      }
    },
    {
      "type": "Feature",
      "properties": {
        "grid_id": "OBI255",
        "site": "obi_island",
        "location_label": "Obi Island Interior Concession - Maluku Utara greenfield nickel laterite",
        "lithology": "mafic_volcanic_simulated",
        "slope_deg": 21.6,
        "distance_to_river_m": 2527,
        "distance_to_road_m": 3378,
        "distance_to_settlement_m": 10937,
        "legal_status": "conditional",
        "distance_to_smelter_km": 40.5,
        "area_ha": 1.77,
        "region_id": "NE",
        "fe_oxide_index": 1.496,
        "clay_index": 1.093,
        "ndvi_stress_index": 0.631,
        "tmi_structural_nT": 44727.1,
        "tmi_anomaly_nT": -272.9,
        "elevation_mdpl": 485.0,
        "geochem_assay_ratio": 5.76
      },
      "geometry": {
        "type": "Polygon",
        "coordinates": [
          [
            [
              127.728,
              -1.506
            ],
            [
              127.74,
              -1.506
            ],
            [
              127.74,
              -1.494
            ],
            [
              127.728,
              -1.494
            ],
            [
              127.728,
              -1.506
            ]
          ]
        ]
      }
    },
    {
      "type": "Feature",
      "properties": {
        "grid_id": "OBI256",
        "site": "obi_island",
        "location_label": "Obi Island Interior Concession - Maluku Utara greenfield nickel laterite",
        "lithology": "peridotite_simulated",
        "slope_deg": 23.1,
        "distance_to_river_m": 2472,
        "distance_to_road_m": 1947,
        "distance_to_settlement_m": 11788,
        "legal_status": "conditional",
        "distance_to_smelter_km": 44.4,
        "area_ha": 1.77,
        "region_id": "NE",
        "fe_oxide_index": 2.389,
        "clay_index": 2.069,
        "ndvi_stress_index": 0.348,
        "tmi_structural_nT": 45630.4,
        "tmi_anomaly_nT": 630.4,
        "elevation_mdpl": 488.2,
        "geochem_assay_ratio": 2.38
      },
      "geometry": {
        "type": "Polygon",
        "coordinates": [
          [
            [
              127.74,
              -1.506
            ],
            [
              127.752,
              -1.506
            ],
            [
              127.752,
              -1.494
            ],
            [
              127.74,
              -1.494
            ],
            [
              127.74,
              -1.506
            ]
          ]
        ]
      }
    },
    {
      "type": "Feature",
      "properties": {
        "grid_id": "OBI257",
        "site": "obi_island",
        "location_label": "Obi Island Interior Concession - Maluku Utara greenfield nickel laterite",
        "lithology": "ultramafic_simulated",
        "slope_deg": 18.1,
        "distance_to_river_m": 527,
        "distance_to_road_m": 2434,
        "distance_to_settlement_m": 3892,
        "legal_status": "conditional",
        "distance_to_smelter_km": 48.5,
        "area_ha": 1.77,
        "region_id": "NE",
        "fe_oxide_index": 2.717,
        "clay_index": 2.445,
        "ndvi_stress_index": 0.386,
        "tmi_structural_nT": 45910.0,
        "tmi_anomaly_nT": 910.0,
        "elevation_mdpl": 477.1,
        "geochem_assay_ratio": 2.57
      },
      "geometry": {
        "type": "Polygon",
        "coordinates": [
          [
            [
              127.752,
              -1.506
            ],
            [
              127.764,
              -1.506
            ],
            [
              127.764,
              -1.494
            ],
            [
              127.752,
              -1.494
            ],
            [
              127.752,
              -1.506
            ]
          ]
        ]
      }
    },
    {
      "type": "Feature",
      "properties": {
        "grid_id": "OBI258",
        "site": "obi_island",
        "location_label": "Obi Island Interior Concession - Maluku Utara greenfield nickel laterite",
        "lithology": "serpentinite_simulated",
        "slope_deg": 23.3,
        "distance_to_river_m": 2384,
        "distance_to_road_m": 2573,
        "distance_to_settlement_m": 8314,
        "legal_status": "conditional",
        "distance_to_smelter_km": 52.6,
        "area_ha": 1.77,
        "region_id": "NE",
        "fe_oxide_index": 2.622,
        "clay_index": 1.954,
        "ndvi_stress_index": 0.237,
        "tmi_structural_nT": 45642.7,
        "tmi_anomaly_nT": 642.7,
        "elevation_mdpl": 418.5,
        "geochem_assay_ratio": 1.91
      },
      "geometry": {
        "type": "Polygon",
        "coordinates": [
          [
            [
              127.764,
              -1.506
            ],
            [
              127.776,
              -1.506
            ],
            [
              127.776,
              -1.494
            ],
            [
              127.764,
              -1.494
            ],
            [
              127.764,
              -1.506
            ]
          ]
        ]
      }
    },
    {
      "type": "Feature",
      "properties": {
        "grid_id": "OBI259",
        "site": "obi_island",
        "location_label": "Obi Island Interior Concession - Maluku Utara greenfield nickel laterite",
        "lithology": "mafic_volcanic_simulated",
        "slope_deg": 16.9,
        "distance_to_river_m": 1992,
        "distance_to_road_m": 3138,
        "distance_to_settlement_m": 3820,
        "legal_status": "conditional",
        "distance_to_smelter_km": 56.8,
        "area_ha": 1.77,
        "region_id": "NE",
        "fe_oxide_index": 1.574,
        "clay_index": 1.182,
        "ndvi_stress_index": 0.578,
        "tmi_structural_nT": 44631.9,
        "tmi_anomaly_nT": -368.1,
        "elevation_mdpl": 464.1,
        "geochem_assay_ratio": 5.75
      },
      "geometry": {
        "type": "Polygon",
        "coordinates": [
          [
            [
              127.776,
              -1.506
            ],
            [
              127.788,
              -1.506
            ],
            [
              127.788,
              -1.494
            ],
            [
              127.776,
              -1.494
            ],
            [
              127.776,
              -1.506
            ]
          ]
        ]
      }
    },
    {
      "type": "Feature",
      "properties": {
        "grid_id": "OBI260",
        "site": "obi_island",
        "location_label": "Obi Island Interior Concession - Maluku Utara greenfield nickel laterite",
        "lithology": "peridotite_simulated",
        "slope_deg": 26.3,
        "distance_to_river_m": 2688,
        "distance_to_road_m": 5110,
        "distance_to_settlement_m": 10293,
        "legal_status": "conditional",
        "distance_to_smelter_km": 61.0,
        "area_ha": 1.77,
        "region_id": "NE",
        "fe_oxide_index": 2.101,
        "clay_index": 2.349,
        "ndvi_stress_index": 0.183,
        "tmi_structural_nT": 45607.6,
        "tmi_anomaly_nT": 607.6,
        "elevation_mdpl": 480.8,
        "geochem_assay_ratio": 3.03
      },
      "geometry": {
        "type": "Polygon",
        "coordinates": [
          [
            [
              127.788,
              -1.506
            ],
            [
              127.8,
              -1.506
            ],
            [
              127.8,
              -1.494
            ],
            [
              127.788,
              -1.494
            ],
            [
              127.788,
              -1.506
            ]
          ]
        ]
      }
    },
    {
      "type": "Feature",
      "properties": {
        "grid_id": "OBI261",
        "site": "obi_island",
        "location_label": "Obi Island Interior Concession - Maluku Utara greenfield nickel laterite",
        "lithology": "peridotite_simulated",
        "slope_deg": 26.4,
        "distance_to_river_m": 2480,
        "distance_to_road_m": 4434,
        "distance_to_settlement_m": 3947,
        "legal_status": "no-go",
        "distance_to_smelter_km": 62.3,
        "area_ha": 1.77,
        "region_id": "NW",
        "fe_oxide_index": 2.532,
        "clay_index": 2.306,
        "ndvi_stress_index": 0.318,
        "tmi_structural_nT": 45170.4,
        "tmi_anomaly_nT": 170.4,
        "elevation_mdpl": 507.2,
        "geochem_assay_ratio": 1.46
      },
      "geometry": {
        "type": "Polygon",
        "coordinates": [
          [
            [
              127.56,
              -1.494
            ],
            [
              127.572,
              -1.494
            ],
            [
              127.572,
              -1.482
            ],
            [
              127.56,
              -1.482
            ],
            [
              127.56,
              -1.494
            ]
          ]
        ]
      }
    },
    {
      "type": "Feature",
      "properties": {
        "grid_id": "OBI262",
        "site": "obi_island",
        "location_label": "Obi Island Interior Concession - Maluku Utara greenfield nickel laterite",
        "lithology": "ultramafic_simulated",
        "slope_deg": 16.1,
        "distance_to_river_m": 2150,
        "distance_to_road_m": 3841,
        "distance_to_settlement_m": 9832,
        "legal_status": "no-go",
        "distance_to_smelter_km": 58.2,
        "area_ha": 1.77,
        "region_id": "NW",
        "fe_oxide_index": 1.899,
        "clay_index": 2.325,
        "ndvi_stress_index": 0.403,
        "tmi_structural_nT": 45428.7,
        "tmi_anomaly_nT": 428.7,
        "elevation_mdpl": 416.6,
        "geochem_assay_ratio": 1.69
      },
      "geometry": {
        "type": "Polygon",
        "coordinates": [
          [
            [
              127.572,
              -1.494
            ],
            [
              127.584,
              -1.494
            ],
            [
              127.584,
              -1.482
            ],
            [
              127.572,
              -1.482
            ],
            [
              127.572,
              -1.494
            ]
          ]
        ]
      }
    },
    {
      "type": "Feature",
      "properties": {
        "grid_id": "OBI263",
        "site": "obi_island",
        "location_label": "Obi Island Interior Concession - Maluku Utara greenfield nickel laterite",
        "lithology": "peridotite_simulated",
        "slope_deg": 20.5,
        "distance_to_river_m": 2256,
        "distance_to_road_m": 4211,
        "distance_to_settlement_m": 6224,
        "legal_status": "conditional",
        "distance_to_smelter_km": 54.2,
        "area_ha": 1.77,
        "region_id": "NW",
        "fe_oxide_index": 1.84,
        "clay_index": 2.124,
        "ndvi_stress_index": 0.231,
        "tmi_structural_nT": 45467.3,
        "tmi_anomaly_nT": 467.3,
        "elevation_mdpl": 504.6,
        "geochem_assay_ratio": 1.95
      },
      "geometry": {
        "type": "Polygon",
        "coordinates": [
          [
            [
              127.584,
              -1.494
            ],
            [
              127.596,
              -1.494
            ],
            [
              127.596,
              -1.482
            ],
            [
              127.584,
              -1.482
            ],
            [
              127.584,
              -1.494
            ]
          ]
        ]
      }
    },
    {
      "type": "Feature",
      "properties": {
        "grid_id": "OBI264",
        "site": "obi_island",
        "location_label": "Obi Island Interior Concession - Maluku Utara greenfield nickel laterite",
        "lithology": "peridotite_simulated",
        "slope_deg": 17.8,
        "distance_to_river_m": 2623,
        "distance_to_road_m": 4765,
        "distance_to_settlement_m": 3579,
        "legal_status": "conditional",
        "distance_to_smelter_km": 50.3,
        "area_ha": 1.77,
        "region_id": "NW",
        "fe_oxide_index": 2.655,
        "clay_index": 1.875,
        "ndvi_stress_index": 0.281,
        "tmi_structural_nT": 46078.4,
        "tmi_anomaly_nT": 1078.4,
        "elevation_mdpl": 456.0,
        "geochem_assay_ratio": 3.07
      },
      "geometry": {
        "type": "Polygon",
        "coordinates": [
          [
            [
              127.596,
              -1.494
            ],
            [
              127.608,
              -1.494
            ],
            [
              127.608,
              -1.482
            ],
            [
              127.596,
              -1.482
            ],
            [
              127.596,
              -1.494
            ]
          ]
        ]
      }
    },
    {
      "type": "Feature",
      "properties": {
        "grid_id": "OBI265",
        "site": "obi_island",
        "location_label": "Obi Island Interior Concession - Maluku Utara greenfield nickel laterite",
        "lithology": "serpentinite_simulated",
        "slope_deg": 25.3,
        "distance_to_river_m": 369,
        "distance_to_road_m": 3127,
        "distance_to_settlement_m": 5939,
        "legal_status": "conditional",
        "distance_to_smelter_km": 46.5,
        "area_ha": 1.77,
        "region_id": "NW",
        "fe_oxide_index": 2.195,
        "clay_index": 1.764,
        "ndvi_stress_index": 0.278,
        "tmi_structural_nT": 45959.6,
        "tmi_anomaly_nT": 959.6,
        "elevation_mdpl": 435.4,
        "geochem_assay_ratio": 1.75
      },
      "geometry": {
        "type": "Polygon",
        "coordinates": [
          [
            [
              127.608,
              -1.494
            ],
            [
              127.62,
              -1.494
            ],
            [
              127.62,
              -1.482
            ],
            [
              127.608,
              -1.482
            ],
            [
              127.608,
              -1.494
            ]
          ]
        ]
      }
    },
    {
      "type": "Feature",
      "properties": {
        "grid_id": "OBI266",
        "site": "obi_island",
        "location_label": "Obi Island Interior Concession - Maluku Utara greenfield nickel laterite",
        "lithology": "peridotite_simulated",
        "slope_deg": 24.7,
        "distance_to_river_m": 585,
        "distance_to_road_m": 1454,
        "distance_to_settlement_m": 10624,
        "legal_status": "conditional",
        "distance_to_smelter_km": 42.9,
        "area_ha": 1.77,
        "region_id": "NW",
        "fe_oxide_index": 1.947,
        "clay_index": 1.712,
        "ndvi_stress_index": 0.273,
        "tmi_structural_nT": 45622.5,
        "tmi_anomaly_nT": 622.5,
        "elevation_mdpl": 509.7,
        "geochem_assay_ratio": 3.12
      },
      "geometry": {
        "type": "Polygon",
        "coordinates": [
          [
            [
              127.62,
              -1.494
            ],
            [
              127.632,
              -1.494
            ],
            [
              127.632,
              -1.482
            ],
            [
              127.62,
              -1.482
            ],
            [
              127.62,
              -1.494
            ]
          ]
        ]
      }
    },
    {
      "type": "Feature",
      "properties": {
        "grid_id": "OBI267",
        "site": "obi_island",
        "location_label": "Obi Island Interior Concession - Maluku Utara greenfield nickel laterite",
        "lithology": "serpentinite_simulated",
        "slope_deg": 23.8,
        "distance_to_river_m": 869,
        "distance_to_road_m": 1649,
        "distance_to_settlement_m": 5123,
        "legal_status": "no-go",
        "distance_to_smelter_km": 39.7,
        "area_ha": 1.77,
        "region_id": "NW",
        "fe_oxide_index": 1.944,
        "clay_index": 1.653,
        "ndvi_stress_index": 0.331,
        "tmi_structural_nT": 45815.4,
        "tmi_anomaly_nT": 815.4,
        "elevation_mdpl": 496.1,
        "geochem_assay_ratio": 1.76
      },
      "geometry": {
        "type": "Polygon",
        "coordinates": [
          [
            [
              127.632,
              -1.494
            ],
            [
              127.644,
              -1.494
            ],
            [
              127.644,
              -1.482
            ],
            [
              127.632,
              -1.482
            ],
            [
              127.632,
              -1.494
            ]
          ]
        ]
      }
    },
    {
      "type": "Feature",
      "properties": {
        "grid_id": "OBI268",
        "site": "obi_island",
        "location_label": "Obi Island Interior Concession - Maluku Utara greenfield nickel laterite",
        "lithology": "serpentinite_simulated",
        "slope_deg": 24.5,
        "distance_to_river_m": 1056,
        "distance_to_road_m": 3681,
        "distance_to_settlement_m": 7386,
        "legal_status": "no-go",
        "distance_to_smelter_km": 36.8,
        "area_ha": 1.77,
        "region_id": "NW",
        "fe_oxide_index": 1.866,
        "clay_index": 1.793,
        "ndvi_stress_index": 0.352,
        "tmi_structural_nT": 45301.6,
        "tmi_anomaly_nT": 301.6,
        "elevation_mdpl": 419.9,
        "geochem_assay_ratio": 3.11
      },
      "geometry": {
        "type": "Polygon",
        "coordinates": [
          [
            [
              127.644,
              -1.494
            ],
            [
              127.656,
              -1.494
            ],
            [
              127.656,
              -1.482
            ],
            [
              127.644,
              -1.482
            ],
            [
              127.644,
              -1.494
            ]
          ]
        ]
      }
    },
    {
      "type": "Feature",
      "properties": {
        "grid_id": "OBI269",
        "site": "obi_island",
        "location_label": "Obi Island Interior Concession - Maluku Utara greenfield nickel laterite",
        "lithology": "peridotite_simulated",
        "slope_deg": 22.6,
        "distance_to_river_m": 2419,
        "distance_to_road_m": 1529,
        "distance_to_settlement_m": 5862,
        "legal_status": "no-go",
        "distance_to_smelter_km": 34.7,
        "area_ha": 1.77,
        "region_id": "NW",
        "fe_oxide_index": 2.82,
        "clay_index": 2.305,
        "ndvi_stress_index": 0.277,
        "tmi_structural_nT": 45466.6,
        "tmi_anomaly_nT": 466.6,
        "elevation_mdpl": 415.4,
        "geochem_assay_ratio": 2.91
      },
      "geometry": {
        "type": "Polygon",
        "coordinates": [
          [
            [
              127.656,
              -1.494
            ],
            [
              127.668,
              -1.494
            ],
            [
              127.668,
              -1.482
            ],
            [
              127.656,
              -1.482
            ],
            [
              127.656,
              -1.494
            ]
          ]
        ]
      }
    },
    {
      "type": "Feature",
      "properties": {
        "grid_id": "OBI270",
        "site": "obi_island",
        "location_label": "Obi Island Interior Concession - Maluku Utara greenfield nickel laterite",
        "lithology": "serpentinite_simulated",
        "slope_deg": 16.6,
        "distance_to_river_m": 1287,
        "distance_to_road_m": 5476,
        "distance_to_settlement_m": 4401,
        "legal_status": "no-go",
        "distance_to_smelter_km": 33.5,
        "area_ha": 1.77,
        "region_id": "NW",
        "fe_oxide_index": 2.718,
        "clay_index": 2.376,
        "ndvi_stress_index": 0.371,
        "tmi_structural_nT": 45985.4,
        "tmi_anomaly_nT": 985.4,
        "elevation_mdpl": 420.8,
        "geochem_assay_ratio": 2.38
      },
      "geometry": {
        "type": "Polygon",
        "coordinates": [
          [
            [
              127.668,
              -1.494
            ],
            [
              127.68,
              -1.494
            ],
            [
              127.68,
              -1.482
            ],
            [
              127.668,
              -1.482
            ],
            [
              127.668,
              -1.494
            ]
          ]
        ]
      }
    },
    {
      "type": "Feature",
      "properties": {
        "grid_id": "OBI271",
        "site": "obi_island",
        "location_label": "Obi Island Interior Concession - Maluku Utara greenfield nickel laterite",
        "lithology": "serpentinite_simulated",
        "slope_deg": 24.3,
        "distance_to_river_m": 735,
        "distance_to_road_m": 4701,
        "distance_to_settlement_m": 7132,
        "legal_status": "no-go",
        "distance_to_smelter_km": 33.5,
        "area_ha": 1.77,
        "region_id": "NE",
        "fe_oxide_index": 2.212,
        "clay_index": 1.775,
        "ndvi_stress_index": 0.362,
        "tmi_structural_nT": 45137.9,
        "tmi_anomaly_nT": 137.9,
        "elevation_mdpl": 413.9,
        "geochem_assay_ratio": 2.18
      },
      "geometry": {
        "type": "Polygon",
        "coordinates": [
          [
            [
              127.68,
              -1.494
            ],
            [
              127.692,
              -1.494
            ],
            [
              127.692,
              -1.482
            ],
            [
              127.68,
              -1.482
            ],
            [
              127.68,
              -1.494
            ]
          ]
        ]
      }
    },
    {
      "type": "Feature",
      "properties": {
        "grid_id": "OBI272",
        "site": "obi_island",
        "location_label": "Obi Island Interior Concession - Maluku Utara greenfield nickel laterite",
        "lithology": "peridotite_simulated",
        "slope_deg": 16.9,
        "distance_to_river_m": 2108,
        "distance_to_road_m": 3652,
        "distance_to_settlement_m": 9392,
        "legal_status": "no-go",
        "distance_to_smelter_km": 34.7,
        "area_ha": 1.77,
        "region_id": "NE",
        "fe_oxide_index": 2.787,
        "clay_index": 1.708,
        "ndvi_stress_index": 0.221,
        "tmi_structural_nT": 45127.1,
        "tmi_anomaly_nT": 127.1,
        "elevation_mdpl": 484.4,
        "geochem_assay_ratio": 1.42
      },
      "geometry": {
        "type": "Polygon",
        "coordinates": [
          [
            [
              127.692,
              -1.494
            ],
            [
              127.704,
              -1.494
            ],
            [
              127.704,
              -1.482
            ],
            [
              127.692,
              -1.482
            ],
            [
              127.692,
              -1.494
            ]
          ]
        ]
      }
    },
    {
      "type": "Feature",
      "properties": {
        "grid_id": "OBI273",
        "site": "obi_island",
        "location_label": "Obi Island Interior Concession - Maluku Utara greenfield nickel laterite",
        "lithology": "peridotite_simulated",
        "slope_deg": 19.2,
        "distance_to_river_m": 2711,
        "distance_to_road_m": 4622,
        "distance_to_settlement_m": 11068,
        "legal_status": "conditional",
        "distance_to_smelter_km": 36.8,
        "area_ha": 1.77,
        "region_id": "NE",
        "fe_oxide_index": 2.239,
        "clay_index": 1.723,
        "ndvi_stress_index": 0.325,
        "tmi_structural_nT": 46016.2,
        "tmi_anomaly_nT": 1016.2,
        "elevation_mdpl": 493.6,
        "geochem_assay_ratio": 3.0
      },
      "geometry": {
        "type": "Polygon",
        "coordinates": [
          [
            [
              127.704,
              -1.494
            ],
            [
              127.716,
              -1.494
            ],
            [
              127.716,
              -1.482
            ],
            [
              127.704,
              -1.482
            ],
            [
              127.704,
              -1.494
            ]
          ]
        ]
      }
    },
    {
      "type": "Feature",
      "properties": {
        "grid_id": "OBI274",
        "site": "obi_island",
        "location_label": "Obi Island Interior Concession - Maluku Utara greenfield nickel laterite",
        "lithology": "serpentinite_simulated",
        "slope_deg": 22.2,
        "distance_to_river_m": 1551,
        "distance_to_road_m": 4546,
        "distance_to_settlement_m": 3600,
        "legal_status": "conditional",
        "distance_to_smelter_km": 39.7,
        "area_ha": 1.77,
        "region_id": "NE",
        "fe_oxide_index": 2.656,
        "clay_index": 2.094,
        "ndvi_stress_index": 0.417,
        "tmi_structural_nT": 45914.5,
        "tmi_anomaly_nT": 914.5,
        "elevation_mdpl": 410.8,
        "geochem_assay_ratio": 2.9
      },
      "geometry": {
        "type": "Polygon",
        "coordinates": [
          [
            [
              127.716,
              -1.494
            ],
            [
              127.728,
              -1.494
            ],
            [
              127.728,
              -1.482
            ],
            [
              127.716,
              -1.482
            ],
            [
              127.716,
              -1.494
            ]
          ]
        ]
      }
    },
    {
      "type": "Feature",
      "properties": {
        "grid_id": "OBI275",
        "site": "obi_island",
        "location_label": "Obi Island Interior Concession - Maluku Utara greenfield nickel laterite",
        "lithology": "serpentinite_simulated",
        "slope_deg": 23.4,
        "distance_to_river_m": 1435,
        "distance_to_road_m": 2447,
        "distance_to_settlement_m": 8851,
        "legal_status": "conditional",
        "distance_to_smelter_km": 42.9,
        "area_ha": 1.77,
        "region_id": "NE",
        "fe_oxide_index": 2.53,
        "clay_index": 1.919,
        "ndvi_stress_index": 0.29,
        "tmi_structural_nT": 45263.1,
        "tmi_anomaly_nT": 263.1,
        "elevation_mdpl": 490.9,
        "geochem_assay_ratio": 1.94
      },
      "geometry": {
        "type": "Polygon",
        "coordinates": [
          [
            [
              127.728,
              -1.494
            ],
            [
              127.74,
              -1.494
            ],
            [
              127.74,
              -1.482
            ],
            [
              127.728,
              -1.482
            ],
            [
              127.728,
              -1.494
            ]
          ]
        ]
      }
    },
    {
      "type": "Feature",
      "properties": {
        "grid_id": "OBI276",
        "site": "obi_island",
        "location_label": "Obi Island Interior Concession - Maluku Utara greenfield nickel laterite",
        "lithology": "mafic_volcanic_simulated",
        "slope_deg": 23.5,
        "distance_to_river_m": 1569,
        "distance_to_road_m": 3621,
        "distance_to_settlement_m": 7883,
        "legal_status": "conditional",
        "distance_to_smelter_km": 46.5,
        "area_ha": 1.77,
        "region_id": "NE",
        "fe_oxide_index": 1.41,
        "clay_index": 1.496,
        "ndvi_stress_index": 0.774,
        "tmi_structural_nT": 44432.0,
        "tmi_anomaly_nT": -568.0,
        "elevation_mdpl": 438.3,
        "geochem_assay_ratio": 4.88
      },
      "geometry": {
        "type": "Polygon",
        "coordinates": [
          [
            [
              127.74,
              -1.494
            ],
            [
              127.752,
              -1.494
            ],
            [
              127.752,
              -1.482
            ],
            [
              127.74,
              -1.482
            ],
            [
              127.74,
              -1.494
            ]
          ]
        ]
      }
    },
    {
      "type": "Feature",
      "properties": {
        "grid_id": "OBI277",
        "site": "obi_island",
        "location_label": "Obi Island Interior Concession - Maluku Utara greenfield nickel laterite",
        "lithology": "alluvium",
        "slope_deg": 26.5,
        "distance_to_river_m": 2210,
        "distance_to_road_m": 5369,
        "distance_to_settlement_m": 8103,
        "legal_status": "conditional",
        "distance_to_smelter_km": 50.3,
        "area_ha": 1.77,
        "region_id": "NE",
        "fe_oxide_index": 1.321,
        "clay_index": 1.325,
        "ndvi_stress_index": 0.618,
        "tmi_structural_nT": 45310.7,
        "tmi_anomaly_nT": 310.7,
        "elevation_mdpl": 500.8,
        "geochem_assay_ratio": 5.63
      },
      "geometry": {
        "type": "Polygon",
        "coordinates": [
          [
            [
              127.752,
              -1.494
            ],
            [
              127.764,
              -1.494
            ],
            [
              127.764,
              -1.482
            ],
            [
              127.752,
              -1.482
            ],
            [
              127.752,
              -1.494
            ]
          ]
        ]
      }
    },
    {
      "type": "Feature",
      "properties": {
        "grid_id": "OBI278",
        "site": "obi_island",
        "location_label": "Obi Island Interior Concession - Maluku Utara greenfield nickel laterite",
        "lithology": "serpentinite_simulated",
        "slope_deg": 19.4,
        "distance_to_river_m": 2204,
        "distance_to_road_m": 1871,
        "distance_to_settlement_m": 3909,
        "legal_status": "conditional",
        "distance_to_smelter_km": 54.2,
        "area_ha": 1.77,
        "region_id": "NE",
        "fe_oxide_index": 1.962,
        "clay_index": 1.793,
        "ndvi_stress_index": 0.352,
        "tmi_structural_nT": 45749.3,
        "tmi_anomaly_nT": 749.3,
        "elevation_mdpl": 442.3,
        "geochem_assay_ratio": 1.68
      },
      "geometry": {
        "type": "Polygon",
        "coordinates": [
          [
            [
              127.764,
              -1.494
            ],
            [
              127.776,
              -1.494
            ],
            [
              127.776,
              -1.482
            ],
            [
              127.764,
              -1.482
            ],
            [
              127.764,
              -1.494
            ]
          ]
        ]
      }
    },
    {
      "type": "Feature",
      "properties": {
        "grid_id": "OBI279",
        "site": "obi_island",
        "location_label": "Obi Island Interior Concession - Maluku Utara greenfield nickel laterite",
        "lithology": "peridotite_simulated",
        "slope_deg": 22.9,
        "distance_to_river_m": 1444,
        "distance_to_road_m": 5152,
        "distance_to_settlement_m": 6736,
        "legal_status": "conditional",
        "distance_to_smelter_km": 58.2,
        "area_ha": 1.77,
        "region_id": "NE",
        "fe_oxide_index": 2.636,
        "clay_index": 2.238,
        "ndvi_stress_index": 0.406,
        "tmi_structural_nT": 45119.2,
        "tmi_anomaly_nT": 119.2,
        "elevation_mdpl": 454.8,
        "geochem_assay_ratio": 2.79
      },
      "geometry": {
        "type": "Polygon",
        "coordinates": [
          [
            [
              127.776,
              -1.494
            ],
            [
              127.788,
              -1.494
            ],
            [
              127.788,
              -1.482
            ],
            [
              127.776,
              -1.482
            ],
            [
              127.776,
              -1.494
            ]
          ]
        ]
      }
    },
    {
      "type": "Feature",
      "properties": {
        "grid_id": "OBI280",
        "site": "obi_island",
        "location_label": "Obi Island Interior Concession - Maluku Utara greenfield nickel laterite",
        "lithology": "serpentinite_simulated",
        "slope_deg": 25.7,
        "distance_to_river_m": 1339,
        "distance_to_road_m": 4596,
        "distance_to_settlement_m": 7234,
        "legal_status": "conditional",
        "distance_to_smelter_km": 62.3,
        "area_ha": 1.77,
        "region_id": "NE",
        "fe_oxide_index": 2.685,
        "clay_index": 2.161,
        "ndvi_stress_index": 0.292,
        "tmi_structural_nT": 45913.8,
        "tmi_anomaly_nT": 913.8,
        "elevation_mdpl": 426.2,
        "geochem_assay_ratio": 2.82
      },
      "geometry": {
        "type": "Polygon",
        "coordinates": [
          [
            [
              127.788,
              -1.494
            ],
            [
              127.8,
              -1.494
            ],
            [
              127.8,
              -1.482
            ],
            [
              127.788,
              -1.482
            ],
            [
              127.788,
              -1.494
            ]
          ]
        ]
      }
    },
    {
      "type": "Feature",
      "properties": {
        "grid_id": "OBI281",
        "site": "obi_island",
        "location_label": "Obi Island Interior Concession - Maluku Utara greenfield nickel laterite",
        "lithology": "peridotite_simulated",
        "slope_deg": 25.5,
        "distance_to_river_m": 1393,
        "distance_to_road_m": 2264,
        "distance_to_settlement_m": 8185,
        "legal_status": "no-go",
        "distance_to_smelter_km": 64.0,
        "area_ha": 1.77,
        "region_id": "NW",
        "fe_oxide_index": 2.007,
        "clay_index": 1.719,
        "ndvi_stress_index": 0.291,
        "tmi_structural_nT": 45933.2,
        "tmi_anomaly_nT": 933.2,
        "elevation_mdpl": 420.3,
        "geochem_assay_ratio": 2.25
      },
      "geometry": {
        "type": "Polygon",
        "coordinates": [
          [
            [
              127.56,
              -1.482
            ],
            [
              127.572,
              -1.482
            ],
            [
              127.572,
              -1.47
            ],
            [
              127.56,
              -1.47
            ],
            [
              127.56,
              -1.482
            ]
          ]
        ]
      }
    },
    {
      "type": "Feature",
      "properties": {
        "grid_id": "OBI282",
        "site": "obi_island",
        "location_label": "Obi Island Interior Concession - Maluku Utara greenfield nickel laterite",
        "lithology": "peridotite_simulated",
        "slope_deg": 26.6,
        "distance_to_river_m": 511,
        "distance_to_road_m": 4118,
        "distance_to_settlement_m": 10782,
        "legal_status": "no-go",
        "distance_to_smelter_km": 60.1,
        "area_ha": 1.77,
        "region_id": "NW",
        "fe_oxide_index": 2.165,
        "clay_index": 1.744,
        "ndvi_stress_index": 0.298,
        "tmi_structural_nT": 45356.4,
        "tmi_anomaly_nT": 356.4,
        "elevation_mdpl": 481.0,
        "geochem_assay_ratio": 1.66
      },
      "geometry": {
        "type": "Polygon",
        "coordinates": [
          [
            [
              127.572,
              -1.482
            ],
            [
              127.584,
              -1.482
            ],
            [
              127.584,
              -1.47
            ],
            [
              127.572,
              -1.47
            ],
            [
              127.572,
              -1.482
            ]
          ]
        ]
      }
    },
    {
      "type": "Feature",
      "properties": {
        "grid_id": "OBI283",
        "site": "obi_island",
        "location_label": "Obi Island Interior Concession - Maluku Utara greenfield nickel laterite",
        "lithology": "peridotite_simulated",
        "slope_deg": 22.0,
        "distance_to_river_m": 1437,
        "distance_to_road_m": 1740,
        "distance_to_settlement_m": 9418,
        "legal_status": "conditional",
        "distance_to_smelter_km": 56.3,
        "area_ha": 1.77,
        "region_id": "NW",
        "fe_oxide_index": 1.974,
        "clay_index": 2.26,
        "ndvi_stress_index": 0.227,
        "tmi_structural_nT": 46075.3,
        "tmi_anomaly_nT": 1075.3,
        "elevation_mdpl": 496.1,
        "geochem_assay_ratio": 1.53
      },
      "geometry": {
        "type": "Polygon",
        "coordinates": [
          [
            [
              127.584,
              -1.482
            ],
            [
              127.596,
              -1.482
            ],
            [
              127.596,
              -1.47
            ],
            [
              127.584,
              -1.47
            ],
            [
              127.584,
              -1.482
            ]
          ]
        ]
      }
    },
    {
      "type": "Feature",
      "properties": {
        "grid_id": "OBI284",
        "site": "obi_island",
        "location_label": "Obi Island Interior Concession - Maluku Utara greenfield nickel laterite",
        "lithology": "peridotite_simulated",
        "slope_deg": 24.3,
        "distance_to_river_m": 1670,
        "distance_to_road_m": 2361,
        "distance_to_settlement_m": 8571,
        "legal_status": "conditional",
        "distance_to_smelter_km": 52.6,
        "area_ha": 1.77,
        "region_id": "NW",
        "fe_oxide_index": 2.361,
        "clay_index": 2.251,
        "ndvi_stress_index": 0.196,
        "tmi_structural_nT": 46040.9,
        "tmi_anomaly_nT": 1040.9,
        "elevation_mdpl": 418.5,
        "geochem_assay_ratio": 2.27
      },
      "geometry": {
        "type": "Polygon",
        "coordinates": [
          [
            [
              127.596,
              -1.482
            ],
            [
              127.608,
              -1.482
            ],
            [
              127.608,
              -1.47
            ],
            [
              127.596,
              -1.47
            ],
            [
              127.596,
              -1.482
            ]
          ]
        ]
      }
    },
    {
      "type": "Feature",
      "properties": {
        "grid_id": "OBI285",
        "site": "obi_island",
        "location_label": "Obi Island Interior Concession - Maluku Utara greenfield nickel laterite",
        "lithology": "serpentinite_simulated",
        "slope_deg": 16.9,
        "distance_to_river_m": 661,
        "distance_to_road_m": 3547,
        "distance_to_settlement_m": 9423,
        "legal_status": "conditional",
        "distance_to_smelter_km": 49.1,
        "area_ha": 1.77,
        "region_id": "NW",
        "fe_oxide_index": 2.599,
        "clay_index": 2.027,
        "ndvi_stress_index": 0.395,
        "tmi_structural_nT": 45698.7,
        "tmi_anomaly_nT": 698.7,
        "elevation_mdpl": 494.7,
        "geochem_assay_ratio": 2.75
      },
      "geometry": {
        "type": "Polygon",
        "coordinates": [
          [
            [
              127.608,
              -1.482
            ],
            [
              127.62,
              -1.482
            ],
            [
              127.62,
              -1.47
            ],
            [
              127.608,
              -1.47
            ],
            [
              127.608,
              -1.482
            ]
          ]
        ]
      }
    },
    {
      "type": "Feature",
      "properties": {
        "grid_id": "OBI286",
        "site": "obi_island",
        "location_label": "Obi Island Interior Concession - Maluku Utara greenfield nickel laterite",
        "lithology": "peridotite_simulated",
        "slope_deg": 22.7,
        "distance_to_river_m": 2679,
        "distance_to_road_m": 4241,
        "distance_to_settlement_m": 8627,
        "legal_status": "conditional",
        "distance_to_smelter_km": 45.8,
        "area_ha": 1.77,
        "region_id": "NW",
        "fe_oxide_index": 2.21,
        "clay_index": 2.052,
        "ndvi_stress_index": 0.303,
        "tmi_structural_nT": 45706.0,
        "tmi_anomaly_nT": 706.0,
        "elevation_mdpl": 488.2,
        "geochem_assay_ratio": 2.82
      },
      "geometry": {
        "type": "Polygon",
        "coordinates": [
          [
            [
              127.62,
              -1.482
            ],
            [
              127.632,
              -1.482
            ],
            [
              127.632,
              -1.47
            ],
            [
              127.62,
              -1.47
            ],
            [
              127.62,
              -1.482
            ]
          ]
        ]
      }
    },
    {
      "type": "Feature",
      "properties": {
        "grid_id": "OBI287",
        "site": "obi_island",
        "location_label": "Obi Island Interior Concession - Maluku Utara greenfield nickel laterite",
        "lithology": "serpentinite_simulated",
        "slope_deg": 20.6,
        "distance_to_river_m": 441,
        "distance_to_road_m": 2033,
        "distance_to_settlement_m": 11266,
        "legal_status": "no-go",
        "distance_to_smelter_km": 42.9,
        "area_ha": 1.77,
        "region_id": "NW",
        "fe_oxide_index": 2.106,
        "clay_index": 1.666,
        "ndvi_stress_index": 0.27,
        "tmi_structural_nT": 45328.8,
        "tmi_anomaly_nT": 328.8,
        "elevation_mdpl": 506.8,
        "geochem_assay_ratio": 1.48
      },
      "geometry": {
        "type": "Polygon",
        "coordinates": [
          [
            [
              127.632,
              -1.482
            ],
            [
              127.644,
              -1.482
            ],
            [
              127.644,
              -1.47
            ],
            [
              127.632,
              -1.47
            ],
            [
              127.632,
              -1.482
            ]
          ]
        ]
      }
    },
    {
      "type": "Feature",
      "properties": {
        "grid_id": "OBI288",
        "site": "obi_island",
        "location_label": "Obi Island Interior Concession - Maluku Utara greenfield nickel laterite",
        "lithology": "serpentinite_simulated",
        "slope_deg": 24.9,
        "distance_to_river_m": 582,
        "distance_to_road_m": 4128,
        "distance_to_settlement_m": 5711,
        "legal_status": "no-go",
        "distance_to_smelter_km": 40.5,
        "area_ha": 1.77,
        "region_id": "NW",
        "fe_oxide_index": 2.747,
        "clay_index": 2.08,
        "ndvi_stress_index": 0.39,
        "tmi_structural_nT": 45933.8,
        "tmi_anomaly_nT": 933.8,
        "elevation_mdpl": 432.6,
        "geochem_assay_ratio": 2.8
      },
      "geometry": {
        "type": "Polygon",
        "coordinates": [
          [
            [
              127.644,
              -1.482
            ],
            [
              127.656,
              -1.482
            ],
            [
              127.656,
              -1.47
            ],
            [
              127.644,
              -1.47
            ],
            [
              127.644,
              -1.482
            ]
          ]
        ]
      }
    },
    {
      "type": "Feature",
      "properties": {
        "grid_id": "OBI289",
        "site": "obi_island",
        "location_label": "Obi Island Interior Concession - Maluku Utara greenfield nickel laterite",
        "lithology": "alluvium",
        "slope_deg": 23.3,
        "distance_to_river_m": 1302,
        "distance_to_road_m": 2843,
        "distance_to_settlement_m": 5059,
        "legal_status": "no-go",
        "distance_to_smelter_km": 38.8,
        "area_ha": 1.77,
        "region_id": "NW",
        "fe_oxide_index": 1.341,
        "clay_index": 1.224,
        "ndvi_stress_index": 0.652,
        "tmi_structural_nT": 44649.2,
        "tmi_anomaly_nT": -350.8,
        "elevation_mdpl": 432.3,
        "geochem_assay_ratio": 5.55
      },
      "geometry": {
        "type": "Polygon",
        "coordinates": [
          [
            [
              127.656,
              -1.482
            ],
            [
              127.668,
              -1.482
            ],
            [
              127.668,
              -1.47
            ],
            [
              127.656,
              -1.47
            ],
            [
              127.656,
              -1.482
            ]
          ]
        ]
      }
    },
    {
      "type": "Feature",
      "properties": {
        "grid_id": "OBI290",
        "site": "obi_island",
        "location_label": "Obi Island Interior Concession - Maluku Utara greenfield nickel laterite",
        "lithology": "peridotite_simulated",
        "slope_deg": 20.9,
        "distance_to_river_m": 1862,
        "distance_to_road_m": 2755,
        "distance_to_settlement_m": 8170,
        "legal_status": "no-go",
        "distance_to_smelter_km": 37.8,
        "area_ha": 1.77,
        "region_id": "NW",
        "fe_oxide_index": 2.217,
        "clay_index": 1.836,
        "ndvi_stress_index": 0.304,
        "tmi_structural_nT": 45576.0,
        "tmi_anomaly_nT": 576.0,
        "elevation_mdpl": 479.6,
        "geochem_assay_ratio": 1.45
      },
      "geometry": {
        "type": "Polygon",
        "coordinates": [
          [
            [
              127.668,
              -1.482
            ],
            [
              127.68,
              -1.482
            ],
            [
              127.68,
              -1.47
            ],
            [
              127.668,
              -1.47
            ],
            [
              127.668,
              -1.482
            ]
          ]
        ]
      }
    },
    {
      "type": "Feature",
      "properties": {
        "grid_id": "OBI291",
        "site": "obi_island",
        "location_label": "Obi Island Interior Concession - Maluku Utara greenfield nickel laterite",
        "lithology": "serpentinite_simulated",
        "slope_deg": 25.5,
        "distance_to_river_m": 2068,
        "distance_to_road_m": 3353,
        "distance_to_settlement_m": 6608,
        "legal_status": "no-go",
        "distance_to_smelter_km": 37.8,
        "area_ha": 1.77,
        "region_id": "NE",
        "fe_oxide_index": 2.023,
        "clay_index": 1.698,
        "ndvi_stress_index": 0.185,
        "tmi_structural_nT": 45764.6,
        "tmi_anomaly_nT": 764.6,
        "elevation_mdpl": 493.8,
        "geochem_assay_ratio": 1.85
      },
      "geometry": {
        "type": "Polygon",
        "coordinates": [
          [
            [
              127.68,
              -1.482
            ],
            [
              127.692,
              -1.482
            ],
            [
              127.692,
              -1.47
            ],
            [
              127.68,
              -1.47
            ],
            [
              127.68,
              -1.482
            ]
          ]
        ]
      }
    },
    {
      "type": "Feature",
      "properties": {
        "grid_id": "OBI292",
        "site": "obi_island",
        "location_label": "Obi Island Interior Concession - Maluku Utara greenfield nickel laterite",
        "lithology": "ultramafic_simulated",
        "slope_deg": 19.8,
        "distance_to_river_m": 1449,
        "distance_to_road_m": 1544,
        "distance_to_settlement_m": 9603,
        "legal_status": "no-go",
        "distance_to_smelter_km": 38.8,
        "area_ha": 1.77,
        "region_id": "NE",
        "fe_oxide_index": 2.335,
        "clay_index": 1.9,
        "ndvi_stress_index": 0.416,
        "tmi_structural_nT": 45674.2,
        "tmi_anomaly_nT": 674.2,
        "elevation_mdpl": 498.9,
        "geochem_assay_ratio": 2.35
      },
      "geometry": {
        "type": "Polygon",
        "coordinates": [
          [
            [
              127.692,
              -1.482
            ],
            [
              127.704,
              -1.482
            ],
            [
              127.704,
              -1.47
            ],
            [
              127.692,
              -1.47
            ],
            [
              127.692,
              -1.482
            ]
          ]
        ]
      }
    },
    {
      "type": "Feature",
      "properties": {
        "grid_id": "OBI293",
        "site": "obi_island",
        "location_label": "Obi Island Interior Concession - Maluku Utara greenfield nickel laterite",
        "lithology": "serpentinite_simulated",
        "slope_deg": 22.2,
        "distance_to_river_m": 1915,
        "distance_to_road_m": 2248,
        "distance_to_settlement_m": 6702,
        "legal_status": "conditional",
        "distance_to_smelter_km": 40.5,
        "area_ha": 1.77,
        "region_id": "NE",
        "fe_oxide_index": 2.355,
        "clay_index": 1.739,
        "ndvi_stress_index": 0.222,
        "tmi_structural_nT": 45455.1,
        "tmi_anomaly_nT": 455.1,
        "elevation_mdpl": 466.0,
        "geochem_assay_ratio": 2.05
      },
      "geometry": {
        "type": "Polygon",
        "coordinates": [
          [
            [
              127.704,
              -1.482
            ],
            [
              127.716,
              -1.482
            ],
            [
              127.716,
              -1.47
            ],
            [
              127.704,
              -1.47
            ],
            [
              127.704,
              -1.482
            ]
          ]
        ]
      }
    },
    {
      "type": "Feature",
      "properties": {
        "grid_id": "OBI294",
        "site": "obi_island",
        "location_label": "Obi Island Interior Concession - Maluku Utara greenfield nickel laterite",
        "lithology": "ultramafic_simulated",
        "slope_deg": 17.8,
        "distance_to_river_m": 838,
        "distance_to_road_m": 4654,
        "distance_to_settlement_m": 8406,
        "legal_status": "conditional",
        "distance_to_smelter_km": 42.9,
        "area_ha": 1.77,
        "region_id": "NE",
        "fe_oxide_index": 1.806,
        "clay_index": 1.838,
        "ndvi_stress_index": 0.274,
        "tmi_structural_nT": 45616.1,
        "tmi_anomaly_nT": 616.1,
        "elevation_mdpl": 445.9,
        "geochem_assay_ratio": 1.66
      },
      "geometry": {
        "type": "Polygon",
        "coordinates": [
          [
            [
              127.716,
              -1.482
            ],
            [
              127.728,
              -1.482
            ],
            [
              127.728,
              -1.47
            ],
            [
              127.716,
              -1.47
            ],
            [
              127.716,
              -1.482
            ]
          ]
        ]
      }
    },
    {
      "type": "Feature",
      "properties": {
        "grid_id": "OBI295",
        "site": "obi_island",
        "location_label": "Obi Island Interior Concession - Maluku Utara greenfield nickel laterite",
        "lithology": "mafic_volcanic_simulated",
        "slope_deg": 19.9,
        "distance_to_river_m": 1393,
        "distance_to_road_m": 5187,
        "distance_to_settlement_m": 4301,
        "legal_status": "conditional",
        "distance_to_smelter_km": 45.8,
        "area_ha": 1.77,
        "region_id": "NE",
        "fe_oxide_index": 1.101,
        "clay_index": 1.057,
        "ndvi_stress_index": 0.762,
        "tmi_structural_nT": 45326.6,
        "tmi_anomaly_nT": 326.6,
        "elevation_mdpl": 452.5,
        "geochem_assay_ratio": 5.43
      },
      "geometry": {
        "type": "Polygon",
        "coordinates": [
          [
            [
              127.728,
              -1.482
            ],
            [
              127.74,
              -1.482
            ],
            [
              127.74,
              -1.47
            ],
            [
              127.728,
              -1.47
            ],
            [
              127.728,
              -1.482
            ]
          ]
        ]
      }
    },
    {
      "type": "Feature",
      "properties": {
        "grid_id": "OBI296",
        "site": "obi_island",
        "location_label": "Obi Island Interior Concession - Maluku Utara greenfield nickel laterite",
        "lithology": "peridotite_simulated",
        "slope_deg": 24.5,
        "distance_to_river_m": 2412,
        "distance_to_road_m": 2940,
        "distance_to_settlement_m": 9286,
        "legal_status": "conditional",
        "distance_to_smelter_km": 49.1,
        "area_ha": 1.77,
        "region_id": "NE",
        "fe_oxide_index": 2.302,
        "clay_index": 1.965,
        "ndvi_stress_index": 0.27,
        "tmi_structural_nT": 46083.8,
        "tmi_anomaly_nT": 1083.8,
        "elevation_mdpl": 432.5,
        "geochem_assay_ratio": 2.09
      },
      "geometry": {
        "type": "Polygon",
        "coordinates": [
          [
            [
              127.74,
              -1.482
            ],
            [
              127.752,
              -1.482
            ],
            [
              127.752,
              -1.47
            ],
            [
              127.74,
              -1.47
            ],
            [
              127.74,
              -1.482
            ]
          ]
        ]
      }
    },
    {
      "type": "Feature",
      "properties": {
        "grid_id": "OBI297",
        "site": "obi_island",
        "location_label": "Obi Island Interior Concession - Maluku Utara greenfield nickel laterite",
        "lithology": "ultramafic_simulated",
        "slope_deg": 17.4,
        "distance_to_river_m": 574,
        "distance_to_road_m": 2446,
        "distance_to_settlement_m": 5879,
        "legal_status": "conditional",
        "distance_to_smelter_km": 52.6,
        "area_ha": 1.77,
        "region_id": "NE",
        "fe_oxide_index": 2.792,
        "clay_index": 2.411,
        "ndvi_stress_index": 0.382,
        "tmi_structural_nT": 45615.4,
        "tmi_anomaly_nT": 615.4,
        "elevation_mdpl": 434.0,
        "geochem_assay_ratio": 2.03
      },
      "geometry": {
        "type": "Polygon",
        "coordinates": [
          [
            [
              127.752,
              -1.482
            ],
            [
              127.764,
              -1.482
            ],
            [
              127.764,
              -1.47
            ],
            [
              127.752,
              -1.47
            ],
            [
              127.752,
              -1.482
            ]
          ]
        ]
      }
    },
    {
      "type": "Feature",
      "properties": {
        "grid_id": "OBI298",
        "site": "obi_island",
        "location_label": "Obi Island Interior Concession - Maluku Utara greenfield nickel laterite",
        "lithology": "serpentinite_simulated",
        "slope_deg": 16.4,
        "distance_to_river_m": 2474,
        "distance_to_road_m": 1504,
        "distance_to_settlement_m": 10888,
        "legal_status": "conditional",
        "distance_to_smelter_km": 56.3,
        "area_ha": 1.77,
        "region_id": "NE",
        "fe_oxide_index": 2.397,
        "clay_index": 1.789,
        "ndvi_stress_index": 0.333,
        "tmi_structural_nT": 45185.1,
        "tmi_anomaly_nT": 185.1,
        "elevation_mdpl": 499.3,
        "geochem_assay_ratio": 2.57
      },
      "geometry": {
        "type": "Polygon",
        "coordinates": [
          [
            [
              127.764,
              -1.482
            ],
            [
              127.776,
              -1.482
            ],
            [
              127.776,
              -1.47
            ],
            [
              127.764,
              -1.47
            ],
            [
              127.764,
              -1.482
            ]
          ]
        ]
      }
    },
    {
      "type": "Feature",
      "properties": {
        "grid_id": "OBI299",
        "site": "obi_island",
        "location_label": "Obi Island Interior Concession - Maluku Utara greenfield nickel laterite",
        "lithology": "ultramafic_simulated",
        "slope_deg": 26.8,
        "distance_to_river_m": 2373,
        "distance_to_road_m": 2936,
        "distance_to_settlement_m": 4947,
        "legal_status": "conditional",
        "distance_to_smelter_km": 60.1,
        "area_ha": 1.77,
        "region_id": "NE",
        "fe_oxide_index": 2.417,
        "clay_index": 2.412,
        "ndvi_stress_index": 0.413,
        "tmi_structural_nT": 45722.7,
        "tmi_anomaly_nT": 722.7,
        "elevation_mdpl": 461.3,
        "geochem_assay_ratio": 3.07
      },
      "geometry": {
        "type": "Polygon",
        "coordinates": [
          [
            [
              127.776,
              -1.482
            ],
            [
              127.788,
              -1.482
            ],
            [
              127.788,
              -1.47
            ],
            [
              127.776,
              -1.47
            ],
            [
              127.776,
              -1.482
            ]
          ]
        ]
      }
    },
    {
      "type": "Feature",
      "properties": {
        "grid_id": "OBI300",
        "site": "obi_island",
        "location_label": "Obi Island Interior Concession - Maluku Utara greenfield nickel laterite",
        "lithology": "alluvium",
        "slope_deg": 18.3,
        "distance_to_river_m": 2042,
        "distance_to_road_m": 2318,
        "distance_to_settlement_m": 8180,
        "legal_status": "conditional",
        "distance_to_smelter_km": 64.0,
        "area_ha": 1.77,
        "region_id": "NE",
        "fe_oxide_index": 1.595,
        "clay_index": 1.422,
        "ndvi_stress_index": 0.633,
        "tmi_structural_nT": 45022.3,
        "tmi_anomaly_nT": 22.3,
        "elevation_mdpl": 465.5,
        "geochem_assay_ratio": 5.12
      },
      "geometry": {
        "type": "Polygon",
        "coordinates": [
          [
            [
              127.788,
              -1.482
            ],
            [
              127.8,
              -1.482
            ],
            [
              127.8,
              -1.47
            ],
            [
              127.788,
              -1.47
            ],
            [
              127.788,
              -1.482
            ]
          ]
        ]
      }
    },
    {
      "type": "Feature",
      "properties": {
        "grid_id": "OBI301",
        "site": "obi_island",
        "location_label": "Obi Island Interior Concession - Maluku Utara greenfield nickel laterite",
        "lithology": "serpentinite_simulated",
        "slope_deg": 25.5,
        "distance_to_river_m": 366,
        "distance_to_road_m": 5337,
        "distance_to_settlement_m": 11973,
        "legal_status": "conditional",
        "distance_to_smelter_km": 66.0,
        "area_ha": 1.77,
        "region_id": "NW",
        "fe_oxide_index": 2.675,
        "clay_index": 2.397,
        "ndvi_stress_index": 0.246,
        "tmi_structural_nT": 45994.0,
        "tmi_anomaly_nT": 994.0,
        "elevation_mdpl": 447.0,
        "geochem_assay_ratio": 2.6
      },
      "geometry": {
        "type": "Polygon",
        "coordinates": [
          [
            [
              127.56,
              -1.47
            ],
            [
              127.572,
              -1.47
            ],
            [
              127.572,
              -1.458
            ],
            [
              127.56,
              -1.458
            ],
            [
              127.56,
              -1.47
            ]
          ]
        ]
      }
    },
    {
      "type": "Feature",
      "properties": {
        "grid_id": "OBI302",
        "site": "obi_island",
        "location_label": "Obi Island Interior Concession - Maluku Utara greenfield nickel laterite",
        "lithology": "alluvium",
        "slope_deg": 21.1,
        "distance_to_river_m": 2671,
        "distance_to_road_m": 2928,
        "distance_to_settlement_m": 9241,
        "legal_status": "conditional",
        "distance_to_smelter_km": 62.3,
        "area_ha": 1.77,
        "region_id": "NW",
        "fe_oxide_index": 1.343,
        "clay_index": 1.37,
        "ndvi_stress_index": 0.712,
        "tmi_structural_nT": 45146.7,
        "tmi_anomaly_nT": 146.7,
        "elevation_mdpl": 419.0,
        "geochem_assay_ratio": 5.68
      },
      "geometry": {
        "type": "Polygon",
        "coordinates": [
          [
            [
              127.572,
              -1.47
            ],
            [
              127.584,
              -1.47
            ],
            [
              127.584,
              -1.458
            ],
            [
              127.572,
              -1.458
            ],
            [
              127.572,
              -1.47
            ]
          ]
        ]
      }
    },
    {
      "type": "Feature",
      "properties": {
        "grid_id": "OBI303",
        "site": "obi_island",
        "location_label": "Obi Island Interior Concession - Maluku Utara greenfield nickel laterite",
        "lithology": "peridotite_simulated",
        "slope_deg": 17.3,
        "distance_to_river_m": 1572,
        "distance_to_road_m": 2803,
        "distance_to_settlement_m": 11785,
        "legal_status": "conditional",
        "distance_to_smelter_km": 58.7,
        "area_ha": 1.77,
        "region_id": "NW",
        "fe_oxide_index": 2.408,
        "clay_index": 1.962,
        "ndvi_stress_index": 0.241,
        "tmi_structural_nT": 45985.9,
        "tmi_anomaly_nT": 985.9,
        "elevation_mdpl": 493.3,
        "geochem_assay_ratio": 1.44
      },
      "geometry": {
        "type": "Polygon",
        "coordinates": [
          [
            [
              127.584,
              -1.47
            ],
            [
              127.596,
              -1.47
            ],
            [
              127.596,
              -1.458
            ],
            [
              127.584,
              -1.458
            ],
            [
              127.584,
              -1.47
            ]
          ]
        ]
      }
    },
    {
      "type": "Feature",
      "properties": {
        "grid_id": "OBI304",
        "site": "obi_island",
        "location_label": "Obi Island Interior Concession - Maluku Utara greenfield nickel laterite",
        "lithology": "peridotite_simulated",
        "slope_deg": 25.9,
        "distance_to_river_m": 765,
        "distance_to_road_m": 4457,
        "distance_to_settlement_m": 11980,
        "legal_status": "conditional",
        "distance_to_smelter_km": 55.3,
        "area_ha": 1.77,
        "region_id": "NW",
        "fe_oxide_index": 2.548,
        "clay_index": 2.392,
        "ndvi_stress_index": 0.195,
        "tmi_structural_nT": 45988.7,
        "tmi_anomaly_nT": 988.7,
        "elevation_mdpl": 445.2,
        "geochem_assay_ratio": 2.75
      },
      "geometry": {
        "type": "Polygon",
        "coordinates": [
          [
            [
              127.596,
              -1.47
            ],
            [
              127.608,
              -1.47
            ],
            [
              127.608,
              -1.458
            ],
            [
              127.596,
              -1.458
            ],
            [
              127.596,
              -1.47
            ]
          ]
        ]
      }
    },
    {
      "type": "Feature",
      "properties": {
        "grid_id": "OBI305",
        "site": "obi_island",
        "location_label": "Obi Island Interior Concession - Maluku Utara greenfield nickel laterite",
        "lithology": "serpentinite_simulated",
        "slope_deg": 26.0,
        "distance_to_river_m": 761,
        "distance_to_road_m": 4466,
        "distance_to_settlement_m": 9032,
        "legal_status": "conditional",
        "distance_to_smelter_km": 52.0,
        "area_ha": 1.77,
        "region_id": "NW",
        "fe_oxide_index": 2.105,
        "clay_index": 1.665,
        "ndvi_stress_index": 0.206,
        "tmi_structural_nT": 45774.9,
        "tmi_anomaly_nT": 774.9,
        "elevation_mdpl": 467.0,
        "geochem_assay_ratio": 1.85
      },
      "geometry": {
        "type": "Polygon",
        "coordinates": [
          [
            [
              127.608,
              -1.47
            ],
            [
              127.62,
              -1.47
            ],
            [
              127.62,
              -1.458
            ],
            [
              127.608,
              -1.458
            ],
            [
              127.608,
              -1.47
            ]
          ]
        ]
      }
    },
    {
      "type": "Feature",
      "properties": {
        "grid_id": "OBI306",
        "site": "obi_island",
        "location_label": "Obi Island Interior Concession - Maluku Utara greenfield nickel laterite",
        "lithology": "peridotite_simulated",
        "slope_deg": 18.0,
        "distance_to_river_m": 2607,
        "distance_to_road_m": 1437,
        "distance_to_settlement_m": 11906,
        "legal_status": "conditional",
        "distance_to_smelter_km": 49.1,
        "area_ha": 1.77,
        "region_id": "NW",
        "fe_oxide_index": 2.738,
        "clay_index": 2.179,
        "ndvi_stress_index": 0.284,
        "tmi_structural_nT": 45849.3,
        "tmi_anomaly_nT": 849.3,
        "elevation_mdpl": 427.2,
        "geochem_assay_ratio": 1.56
      },
      "geometry": {
        "type": "Polygon",
        "coordinates": [
          [
            [
              127.62,
              -1.47
            ],
            [
              127.632,
              -1.47
            ],
            [
              127.632,
              -1.458
            ],
            [
              127.62,
              -1.458
            ],
            [
              127.62,
              -1.47
            ]
          ]
        ]
      }
    },
    {
      "type": "Feature",
      "properties": {
        "grid_id": "OBI307",
        "site": "obi_island",
        "location_label": "Obi Island Interior Concession - Maluku Utara greenfield nickel laterite",
        "lithology": "serpentinite_simulated",
        "slope_deg": 17.5,
        "distance_to_river_m": 843,
        "distance_to_road_m": 3380,
        "distance_to_settlement_m": 5219,
        "legal_status": "no-go",
        "distance_to_smelter_km": 46.5,
        "area_ha": 1.77,
        "region_id": "NW",
        "fe_oxide_index": 2.158,
        "clay_index": 1.815,
        "ndvi_stress_index": 0.271,
        "tmi_structural_nT": 45971.2,
        "tmi_anomaly_nT": 971.2,
        "elevation_mdpl": 489.4,
        "geochem_assay_ratio": 1.76
      },
      "geometry": {
        "type": "Polygon",
        "coordinates": [
          [
            [
              127.632,
              -1.47
            ],
            [
              127.644,
              -1.47
            ],
            [
              127.644,
              -1.458
            ],
            [
              127.632,
              -1.458
            ],
            [
              127.632,
              -1.47
            ]
          ]
        ]
      }
    },
    {
      "type": "Feature",
      "properties": {
        "grid_id": "OBI308",
        "site": "obi_island",
        "location_label": "Obi Island Interior Concession - Maluku Utara greenfield nickel laterite",
        "lithology": "serpentinite_simulated",
        "slope_deg": 23.5,
        "distance_to_river_m": 2302,
        "distance_to_road_m": 3737,
        "distance_to_settlement_m": 5840,
        "legal_status": "no-go",
        "distance_to_smelter_km": 44.4,
        "area_ha": 1.77,
        "region_id": "NW",
        "fe_oxide_index": 1.97,
        "clay_index": 1.791,
        "ndvi_stress_index": 0.292,
        "tmi_structural_nT": 45362.1,
        "tmi_anomaly_nT": 362.1,
        "elevation_mdpl": 464.2,
        "geochem_assay_ratio": 1.74
      },
      "geometry": {
        "type": "Polygon",
        "coordinates": [
          [
            [
              127.644,
              -1.47
            ],
            [
              127.656,
              -1.47
            ],
            [
              127.656,
              -1.458
            ],
            [
              127.644,
              -1.458
            ],
            [
              127.644,
              -1.47
            ]
          ]
        ]
      }
    },
    {
      "type": "Feature",
      "properties": {
        "grid_id": "OBI309",
        "site": "obi_island",
        "location_label": "Obi Island Interior Concession - Maluku Utara greenfield nickel laterite",
        "lithology": "peridotite_simulated",
        "slope_deg": 26.3,
        "distance_to_river_m": 643,
        "distance_to_road_m": 1434,
        "distance_to_settlement_m": 9790,
        "legal_status": "no-go",
        "distance_to_smelter_km": 42.9,
        "area_ha": 1.77,
        "region_id": "NW",
        "fe_oxide_index": 2.837,
        "clay_index": 2.331,
        "ndvi_stress_index": 0.32,
        "tmi_structural_nT": 45842.3,
        "tmi_anomaly_nT": 842.3,
        "elevation_mdpl": 508.1,
        "geochem_assay_ratio": 1.44
      },
      "geometry": {
        "type": "Polygon",
        "coordinates": [
          [
            [
              127.656,
              -1.47
            ],
            [
              127.668,
              -1.47
            ],
            [
              127.668,
              -1.458
            ],
            [
              127.656,
              -1.458
            ],
            [
              127.656,
              -1.47
            ]
          ]
        ]
      }
    },
    {
      "type": "Feature",
      "properties": {
        "grid_id": "OBI310",
        "site": "obi_island",
        "location_label": "Obi Island Interior Concession - Maluku Utara greenfield nickel laterite",
        "lithology": "peridotite_simulated",
        "slope_deg": 21.6,
        "distance_to_river_m": 2332,
        "distance_to_road_m": 3276,
        "distance_to_settlement_m": 10727,
        "legal_status": "no-go",
        "distance_to_smelter_km": 42.2,
        "area_ha": 1.77,
        "region_id": "NW",
        "fe_oxide_index": 1.87,
        "clay_index": 1.996,
        "ndvi_stress_index": 0.359,
        "tmi_structural_nT": 46023.0,
        "tmi_anomaly_nT": 1023.0,
        "elevation_mdpl": 413.1,
        "geochem_assay_ratio": 1.53
      },
      "geometry": {
        "type": "Polygon",
        "coordinates": [
          [
            [
              127.668,
              -1.47
            ],
            [
              127.68,
              -1.47
            ],
            [
              127.68,
              -1.458
            ],
            [
              127.668,
              -1.458
            ],
            [
              127.668,
              -1.47
            ]
          ]
        ]
      }
    },
    {
      "type": "Feature",
      "properties": {
        "grid_id": "OBI311",
        "site": "obi_island",
        "location_label": "Obi Island Interior Concession - Maluku Utara greenfield nickel laterite",
        "lithology": "serpentinite_simulated",
        "slope_deg": 16.9,
        "distance_to_river_m": 1512,
        "distance_to_road_m": 4654,
        "distance_to_settlement_m": 8706,
        "legal_status": "no-go",
        "distance_to_smelter_km": 42.2,
        "area_ha": 1.77,
        "region_id": "NE",
        "fe_oxide_index": 2.122,
        "clay_index": 1.637,
        "ndvi_stress_index": 0.3,
        "tmi_structural_nT": 45532.5,
        "tmi_anomaly_nT": 532.5,
        "elevation_mdpl": 505.5,
        "geochem_assay_ratio": 3.2
      },
      "geometry": {
        "type": "Polygon",
        "coordinates": [
          [
            [
              127.68,
              -1.47
            ],
            [
              127.692,
              -1.47
            ],
            [
              127.692,
              -1.458
            ],
            [
              127.68,
              -1.458
            ],
            [
              127.68,
              -1.47
            ]
          ]
        ]
      }
    },
    {
      "type": "Feature",
      "properties": {
        "grid_id": "OBI312",
        "site": "obi_island",
        "location_label": "Obi Island Interior Concession - Maluku Utara greenfield nickel laterite",
        "lithology": "serpentinite_simulated",
        "slope_deg": 20.5,
        "distance_to_river_m": 1015,
        "distance_to_road_m": 2019,
        "distance_to_settlement_m": 9569,
        "legal_status": "conditional",
        "distance_to_smelter_km": 42.9,
        "area_ha": 1.77,
        "region_id": "NE",
        "fe_oxide_index": 2.089,
        "clay_index": 2.301,
        "ndvi_stress_index": 0.378,
        "tmi_structural_nT": 45290.0,
        "tmi_anomaly_nT": 290.0,
        "elevation_mdpl": 432.8,
        "geochem_assay_ratio": 2.2
      },
      "geometry": {
        "type": "Polygon",
        "coordinates": [
          [
            [
              127.692,
              -1.47
            ],
            [
              127.704,
              -1.47
            ],
            [
              127.704,
              -1.458
            ],
            [
              127.692,
              -1.458
            ],
            [
              127.692,
              -1.47
            ]
          ]
        ]
      }
    },
    {
      "type": "Feature",
      "properties": {
        "grid_id": "OBI313",
        "site": "obi_island",
        "location_label": "Obi Island Interior Concession - Maluku Utara greenfield nickel laterite",
        "lithology": "serpentinite_simulated",
        "slope_deg": 21.2,
        "distance_to_river_m": 537,
        "distance_to_road_m": 3232,
        "distance_to_settlement_m": 9014,
        "legal_status": "conditional",
        "distance_to_smelter_km": 44.4,
        "area_ha": 1.77,
        "region_id": "NE",
        "fe_oxide_index": 2.657,
        "clay_index": 2.352,
        "ndvi_stress_index": 0.266,
        "tmi_structural_nT": 45435.1,
        "tmi_anomaly_nT": 435.1,
        "elevation_mdpl": 421.9,
        "geochem_assay_ratio": 2.22
      },
      "geometry": {
        "type": "Polygon",
        "coordinates": [
          [
            [
              127.704,
              -1.47
            ],
            [
              127.716,
              -1.47
            ],
            [
              127.716,
              -1.458
            ],
            [
              127.704,
              -1.458
            ],
            [
              127.704,
              -1.47
            ]
          ]
        ]
      }
    },
    {
      "type": "Feature",
      "properties": {
        "grid_id": "OBI314",
        "site": "obi_island",
        "location_label": "Obi Island Interior Concession - Maluku Utara greenfield nickel laterite",
        "lithology": "peridotite_simulated",
        "slope_deg": 16.5,
        "distance_to_river_m": 2471,
        "distance_to_road_m": 4462,
        "distance_to_settlement_m": 7854,
        "legal_status": "conditional",
        "distance_to_smelter_km": 46.5,
        "area_ha": 1.77,
        "region_id": "NE",
        "fe_oxide_index": 1.987,
        "clay_index": 2.423,
        "ndvi_stress_index": 0.255,
        "tmi_structural_nT": 45687.6,
        "tmi_anomaly_nT": 687.6,
        "elevation_mdpl": 461.4,
        "geochem_assay_ratio": 2.53
      },
      "geometry": {
        "type": "Polygon",
        "coordinates": [
          [
            [
              127.716,
              -1.47
            ],
            [
              127.728,
              -1.47
            ],
            [
              127.728,
              -1.458
            ],
            [
              127.716,
              -1.458
            ],
            [
              127.716,
              -1.47
            ]
          ]
        ]
      }
    },
    {
      "type": "Feature",
      "properties": {
        "grid_id": "OBI315",
        "site": "obi_island",
        "location_label": "Obi Island Interior Concession - Maluku Utara greenfield nickel laterite",
        "lithology": "ultramafic_simulated",
        "slope_deg": 19.4,
        "distance_to_river_m": 886,
        "distance_to_road_m": 2695,
        "distance_to_settlement_m": 9921,
        "legal_status": "conditional",
        "distance_to_smelter_km": 49.1,
        "area_ha": 1.77,
        "region_id": "NE",
        "fe_oxide_index": 1.88,
        "clay_index": 1.775,
        "ndvi_stress_index": 0.335,
        "tmi_structural_nT": 46045.8,
        "tmi_anomaly_nT": 1045.8,
        "elevation_mdpl": 474.2,
        "geochem_assay_ratio": 3.05
      },
      "geometry": {
        "type": "Polygon",
        "coordinates": [
          [
            [
              127.728,
              -1.47
            ],
            [
              127.74,
              -1.47
            ],
            [
              127.74,
              -1.458
            ],
            [
              127.728,
              -1.458
            ],
            [
              127.728,
              -1.47
            ]
          ]
        ]
      }
    },
    {
      "type": "Feature",
      "properties": {
        "grid_id": "OBI316",
        "site": "obi_island",
        "location_label": "Obi Island Interior Concession - Maluku Utara greenfield nickel laterite",
        "lithology": "ultramafic_simulated",
        "slope_deg": 24.8,
        "distance_to_river_m": 1116,
        "distance_to_road_m": 3583,
        "distance_to_settlement_m": 5701,
        "legal_status": "conditional",
        "distance_to_smelter_km": 52.0,
        "area_ha": 1.77,
        "region_id": "NE",
        "fe_oxide_index": 2.605,
        "clay_index": 2.309,
        "ndvi_stress_index": 0.254,
        "tmi_structural_nT": 45123.0,
        "tmi_anomaly_nT": 123.0,
        "elevation_mdpl": 450.3,
        "geochem_assay_ratio": 3.01
      },
      "geometry": {
        "type": "Polygon",
        "coordinates": [
          [
            [
              127.74,
              -1.47
            ],
            [
              127.752,
              -1.47
            ],
            [
              127.752,
              -1.458
            ],
            [
              127.74,
              -1.458
            ],
            [
              127.74,
              -1.47
            ]
          ]
        ]
      }
    },
    {
      "type": "Feature",
      "properties": {
        "grid_id": "OBI317",
        "site": "obi_island",
        "location_label": "Obi Island Interior Concession - Maluku Utara greenfield nickel laterite",
        "lithology": "serpentinite_simulated",
        "slope_deg": 22.9,
        "distance_to_river_m": 2146,
        "distance_to_road_m": 3665,
        "distance_to_settlement_m": 10940,
        "legal_status": "conditional",
        "distance_to_smelter_km": 55.3,
        "area_ha": 1.77,
        "region_id": "NE",
        "fe_oxide_index": 2.449,
        "clay_index": 1.864,
        "ndvi_stress_index": 0.214,
        "tmi_structural_nT": 45461.4,
        "tmi_anomaly_nT": 461.4,
        "elevation_mdpl": 460.5,
        "geochem_assay_ratio": 3.19
      },
      "geometry": {
        "type": "Polygon",
        "coordinates": [
          [
            [
              127.752,
              -1.47
            ],
            [
              127.764,
              -1.47
            ],
            [
              127.764,
              -1.458
            ],
            [
              127.752,
              -1.458
            ],
            [
              127.752,
              -1.47
            ]
          ]
        ]
      }
    },
    {
      "type": "Feature",
      "properties": {
        "grid_id": "OBI318",
        "site": "obi_island",
        "location_label": "Obi Island Interior Concession - Maluku Utara greenfield nickel laterite",
        "lithology": "ultramafic_simulated",
        "slope_deg": 16.3,
        "distance_to_river_m": 558,
        "distance_to_road_m": 4656,
        "distance_to_settlement_m": 9873,
        "legal_status": "conditional",
        "distance_to_smelter_km": 58.7,
        "area_ha": 1.77,
        "region_id": "NE",
        "fe_oxide_index": 2.727,
        "clay_index": 2.153,
        "ndvi_stress_index": 0.283,
        "tmi_structural_nT": 46068.6,
        "tmi_anomaly_nT": 1068.6,
        "elevation_mdpl": 508.0,
        "geochem_assay_ratio": 2.92
      },
      "geometry": {
        "type": "Polygon",
        "coordinates": [
          [
            [
              127.764,
              -1.47
            ],
            [
              127.776,
              -1.47
            ],
            [
              127.776,
              -1.458
            ],
            [
              127.764,
              -1.458
            ],
            [
              127.764,
              -1.47
            ]
          ]
        ]
      }
    },
    {
      "type": "Feature",
      "properties": {
        "grid_id": "OBI319",
        "site": "obi_island",
        "location_label": "Obi Island Interior Concession - Maluku Utara greenfield nickel laterite",
        "lithology": "serpentinite_simulated",
        "slope_deg": 22.1,
        "distance_to_river_m": 723,
        "distance_to_road_m": 1492,
        "distance_to_settlement_m": 11535,
        "legal_status": "conditional",
        "distance_to_smelter_km": 62.3,
        "area_ha": 1.77,
        "region_id": "NE",
        "fe_oxide_index": 2.166,
        "clay_index": 2.429,
        "ndvi_stress_index": 0.258,
        "tmi_structural_nT": 45255.8,
        "tmi_anomaly_nT": 255.8,
        "elevation_mdpl": 487.2,
        "geochem_assay_ratio": 1.75
      },
      "geometry": {
        "type": "Polygon",
        "coordinates": [
          [
            [
              127.776,
              -1.47
            ],
            [
              127.788,
              -1.47
            ],
            [
              127.788,
              -1.458
            ],
            [
              127.776,
              -1.458
            ],
            [
              127.776,
              -1.47
            ]
          ]
        ]
      }
    },
    {
      "type": "Feature",
      "properties": {
        "grid_id": "OBI320",
        "site": "obi_island",
        "location_label": "Obi Island Interior Concession - Maluku Utara greenfield nickel laterite",
        "lithology": "serpentinite_simulated",
        "slope_deg": 26.7,
        "distance_to_river_m": 1928,
        "distance_to_road_m": 1798,
        "distance_to_settlement_m": 10532,
        "legal_status": "conditional",
        "distance_to_smelter_km": 66.0,
        "area_ha": 1.77,
        "region_id": "NE",
        "fe_oxide_index": 2.267,
        "clay_index": 2.369,
        "ndvi_stress_index": 0.265,
        "tmi_structural_nT": 45920.7,
        "tmi_anomaly_nT": 920.7,
        "elevation_mdpl": 443.6,
        "geochem_assay_ratio": 2.76
      },
      "geometry": {
        "type": "Polygon",
        "coordinates": [
          [
            [
              127.788,
              -1.47
            ],
            [
              127.8,
              -1.47
            ],
            [
              127.8,
              -1.458
            ],
            [
              127.788,
              -1.458
            ],
            [
              127.788,
              -1.47
            ]
          ]
        ]
      }
    },
    {
      "type": "Feature",
      "properties": {
        "grid_id": "OBI321",
        "site": "obi_island",
        "location_label": "Obi Island Interior Concession - Maluku Utara greenfield nickel laterite",
        "lithology": "peridotite_simulated",
        "slope_deg": 17.4,
        "distance_to_river_m": 2447,
        "distance_to_road_m": 3066,
        "distance_to_settlement_m": 8682,
        "legal_status": "conditional",
        "distance_to_smelter_km": 68.4,
        "area_ha": 1.77,
        "region_id": "NW",
        "fe_oxide_index": 2.349,
        "clay_index": 2.034,
        "ndvi_stress_index": 0.233,
        "tmi_structural_nT": 45424.6,
        "tmi_anomaly_nT": 424.6,
        "elevation_mdpl": 441.2,
        "geochem_assay_ratio": 2.37
      },
      "geometry": {
        "type": "Polygon",
        "coordinates": [
          [
            [
              127.56,
              -1.458
            ],
            [
              127.572,
              -1.458
            ],
            [
              127.572,
              -1.446
            ],
            [
              127.56,
              -1.446
            ],
            [
              127.56,
              -1.458
            ]
          ]
        ]
      }
    },
    {
      "type": "Feature",
      "properties": {
        "grid_id": "OBI322",
        "site": "obi_island",
        "location_label": "Obi Island Interior Concession - Maluku Utara greenfield nickel laterite",
        "lithology": "serpentinite_simulated",
        "slope_deg": 16.7,
        "distance_to_river_m": 1911,
        "distance_to_road_m": 2433,
        "distance_to_settlement_m": 11250,
        "legal_status": "conditional",
        "distance_to_smelter_km": 64.8,
        "area_ha": 1.77,
        "region_id": "NW",
        "fe_oxide_index": 2.415,
        "clay_index": 1.656,
        "ndvi_stress_index": 0.322,
        "tmi_structural_nT": 45589.1,
        "tmi_anomaly_nT": 589.1,
        "elevation_mdpl": 464.5,
        "geochem_assay_ratio": 1.52
      },
      "geometry": {
        "type": "Polygon",
        "coordinates": [
          [
            [
              127.572,
              -1.458
            ],
            [
              127.584,
              -1.458
            ],
            [
              127.584,
              -1.446
            ],
            [
              127.572,
              -1.446
            ],
            [
              127.572,
              -1.458
            ]
          ]
        ]
      }
    },
    {
      "type": "Feature",
      "properties": {
        "grid_id": "OBI323",
        "site": "obi_island",
        "location_label": "Obi Island Interior Concession - Maluku Utara greenfield nickel laterite",
        "lithology": "serpentinite_simulated",
        "slope_deg": 26.9,
        "distance_to_river_m": 1605,
        "distance_to_road_m": 3416,
        "distance_to_settlement_m": 5730,
        "legal_status": "conditional",
        "distance_to_smelter_km": 61.4,
        "area_ha": 1.77,
        "region_id": "NW",
        "fe_oxide_index": 2.217,
        "clay_index": 1.844,
        "ndvi_stress_index": 0.406,
        "tmi_structural_nT": 45756.4,
        "tmi_anomaly_nT": 756.4,
        "elevation_mdpl": 450.8,
        "geochem_assay_ratio": 1.77
      },
      "geometry": {
        "type": "Polygon",
        "coordinates": [
          [
            [
              127.584,
              -1.458
            ],
            [
              127.596,
              -1.458
            ],
            [
              127.596,
              -1.446
            ],
            [
              127.584,
              -1.446
            ],
            [
              127.584,
              -1.458
            ]
          ]
        ]
      }
    },
    {
      "type": "Feature",
      "properties": {
        "grid_id": "OBI324",
        "site": "obi_island",
        "location_label": "Obi Island Interior Concession - Maluku Utara greenfield nickel laterite",
        "lithology": "serpentinite_simulated",
        "slope_deg": 20.5,
        "distance_to_river_m": 1451,
        "distance_to_road_m": 2674,
        "distance_to_settlement_m": 10595,
        "legal_status": "conditional",
        "distance_to_smelter_km": 58.2,
        "area_ha": 1.77,
        "region_id": "NW",
        "fe_oxide_index": 2.129,
        "clay_index": 1.908,
        "ndvi_stress_index": 0.261,
        "tmi_structural_nT": 45239.3,
        "tmi_anomaly_nT": 239.3,
        "elevation_mdpl": 452.4,
        "geochem_assay_ratio": 1.55
      },
      "geometry": {
        "type": "Polygon",
        "coordinates": [
          [
            [
              127.596,
              -1.458
            ],
            [
              127.608,
              -1.458
            ],
            [
              127.608,
              -1.446
            ],
            [
              127.596,
              -1.446
            ],
            [
              127.596,
              -1.458
            ]
          ]
        ]
      }
    },
    {
      "type": "Feature",
      "properties": {
        "grid_id": "OBI325",
        "site": "obi_island",
        "location_label": "Obi Island Interior Concession - Maluku Utara greenfield nickel laterite",
        "lithology": "serpentinite_simulated",
        "slope_deg": 24.4,
        "distance_to_river_m": 1296,
        "distance_to_road_m": 3041,
        "distance_to_settlement_m": 5209,
        "legal_status": "conditional",
        "distance_to_smelter_km": 55.3,
        "area_ha": 1.77,
        "region_id": "NW",
        "fe_oxide_index": 2.499,
        "clay_index": 2.042,
        "ndvi_stress_index": 0.194,
        "tmi_structural_nT": 45124.3,
        "tmi_anomaly_nT": 124.3,
        "elevation_mdpl": 421.8,
        "geochem_assay_ratio": 1.65
      },
      "geometry": {
        "type": "Polygon",
        "coordinates": [
          [
            [
              127.608,
              -1.458
            ],
            [
              127.62,
              -1.458
            ],
            [
              127.62,
              -1.446
            ],
            [
              127.608,
              -1.446
            ],
            [
              127.608,
              -1.458
            ]
          ]
        ]
      }
    },
    {
      "type": "Feature",
      "properties": {
        "grid_id": "OBI326",
        "site": "obi_island",
        "location_label": "Obi Island Interior Concession - Maluku Utara greenfield nickel laterite",
        "lithology": "mafic_volcanic_simulated",
        "slope_deg": 22.5,
        "distance_to_river_m": 1008,
        "distance_to_road_m": 2382,
        "distance_to_settlement_m": 10398,
        "legal_status": "conditional",
        "distance_to_smelter_km": 52.6,
        "area_ha": 1.77,
        "region_id": "NW",
        "fe_oxide_index": 1.237,
        "clay_index": 1.12,
        "ndvi_stress_index": 0.666,
        "tmi_structural_nT": 44411.1,
        "tmi_anomaly_nT": -588.9,
        "elevation_mdpl": 507.8,
        "geochem_assay_ratio": 3.58
      },
      "geometry": {
        "type": "Polygon",
        "coordinates": [
          [
            [
              127.62,
              -1.458
            ],
            [
              127.632,
              -1.458
            ],
            [
              127.632,
              -1.446
            ],
            [
              127.62,
              -1.446
            ],
            [
              127.62,
              -1.458
            ]
          ]
        ]
      }
    },
    {
      "type": "Feature",
      "properties": {
        "grid_id": "OBI327",
        "site": "obi_island",
        "location_label": "Obi Island Interior Concession - Maluku Utara greenfield nickel laterite",
        "lithology": "serpentinite_simulated",
        "slope_deg": 19.5,
        "distance_to_river_m": 306,
        "distance_to_road_m": 1821,
        "distance_to_settlement_m": 10784,
        "legal_status": "no-go",
        "distance_to_smelter_km": 50.3,
        "area_ha": 1.77,
        "region_id": "NW",
        "fe_oxide_index": 2.338,
        "clay_index": 2.205,
        "ndvi_stress_index": 0.3,
        "tmi_structural_nT": 45756.5,
        "tmi_anomaly_nT": 756.5,
        "elevation_mdpl": 483.9,
        "geochem_assay_ratio": 2.67
      },
      "geometry": {
        "type": "Polygon",
        "coordinates": [
          [
            [
              127.632,
              -1.458
            ],
            [
              127.644,
              -1.458
            ],
            [
              127.644,
              -1.446
            ],
            [
              127.632,
              -1.446
            ],
            [
              127.632,
              -1.458
            ]
          ]
        ]
      }
    },
    {
      "type": "Feature",
      "properties": {
        "grid_id": "OBI328",
        "site": "obi_island",
        "location_label": "Obi Island Interior Concession - Maluku Utara greenfield nickel laterite",
        "lithology": "ultramafic_simulated",
        "slope_deg": 23.4,
        "distance_to_river_m": 537,
        "distance_to_road_m": 4963,
        "distance_to_settlement_m": 5084,
        "legal_status": "no-go",
        "distance_to_smelter_km": 48.5,
        "area_ha": 1.77,
        "region_id": "NW",
        "fe_oxide_index": 2.601,
        "clay_index": 2.151,
        "ndvi_stress_index": 0.215,
        "tmi_structural_nT": 45987.5,
        "tmi_anomaly_nT": 987.5,
        "elevation_mdpl": 486.8,
        "geochem_assay_ratio": 2.08
      },
      "geometry": {
        "type": "Polygon",
        "coordinates": [
          [
            [
              127.644,
              -1.458
            ],
            [
              127.656,
              -1.458
            ],
            [
              127.656,
              -1.446
            ],
            [
              127.644,
              -1.446
            ],
            [
              127.644,
              -1.458
            ]
          ]
        ]
      }
    },
    {
      "type": "Feature",
      "properties": {
        "grid_id": "OBI329",
        "site": "obi_island",
        "location_label": "Obi Island Interior Concession - Maluku Utara greenfield nickel laterite",
        "lithology": "ultramafic_simulated",
        "slope_deg": 16.2,
        "distance_to_river_m": 2511,
        "distance_to_road_m": 4344,
        "distance_to_settlement_m": 6329,
        "legal_status": "no-go",
        "distance_to_smelter_km": 47.2,
        "area_ha": 1.77,
        "region_id": "NW",
        "fe_oxide_index": 1.938,
        "clay_index": 2.379,
        "ndvi_stress_index": 0.329,
        "tmi_structural_nT": 45958.0,
        "tmi_anomaly_nT": 958.0,
        "elevation_mdpl": 410.0,
        "geochem_assay_ratio": 2.32
      },
      "geometry": {
        "type": "Polygon",
        "coordinates": [
          [
            [
              127.656,
              -1.458
            ],
            [
              127.668,
              -1.458
            ],
            [
              127.668,
              -1.446
            ],
            [
              127.656,
              -1.446
            ],
            [
              127.656,
              -1.458
            ]
          ]
        ]
      }
    },
    {
      "type": "Feature",
      "properties": {
        "grid_id": "OBI330",
        "site": "obi_island",
        "location_label": "Obi Island Interior Concession - Maluku Utara greenfield nickel laterite",
        "lithology": "peridotite_simulated",
        "slope_deg": 22.3,
        "distance_to_river_m": 2317,
        "distance_to_road_m": 3791,
        "distance_to_settlement_m": 10605,
        "legal_status": "no-go",
        "distance_to_smelter_km": 46.5,
        "area_ha": 1.77,
        "region_id": "NW",
        "fe_oxide_index": 2.527,
        "clay_index": 2.192,
        "ndvi_stress_index": 0.275,
        "tmi_structural_nT": 45360.0,
        "tmi_anomaly_nT": 360.0,
        "elevation_mdpl": 445.3,
        "geochem_assay_ratio": 3.01
      },
      "geometry": {
        "type": "Polygon",
        "coordinates": [
          [
            [
              127.668,
              -1.458
            ],
            [
              127.68,
              -1.458
            ],
            [
              127.68,
              -1.446
            ],
            [
              127.668,
              -1.446
            ],
            [
              127.668,
              -1.458
            ]
          ]
        ]
      }
    },
    {
      "type": "Feature",
      "properties": {
        "grid_id": "OBI331",
        "site": "obi_island",
        "location_label": "Obi Island Interior Concession - Maluku Utara greenfield nickel laterite",
        "lithology": "mafic_volcanic_simulated",
        "slope_deg": 16.5,
        "distance_to_river_m": 1818,
        "distance_to_road_m": 3355,
        "distance_to_settlement_m": 10456,
        "legal_status": "no-go",
        "distance_to_smelter_km": 46.5,
        "area_ha": 1.77,
        "region_id": "NE",
        "fe_oxide_index": 1.699,
        "clay_index": 1.348,
        "ndvi_stress_index": 0.616,
        "tmi_structural_nT": 45004.3,
        "tmi_anomaly_nT": 4.3,
        "elevation_mdpl": 480.3,
        "geochem_assay_ratio": 4.85
      },
      "geometry": {
        "type": "Polygon",
        "coordinates": [
          [
            [
              127.68,
              -1.458
            ],
            [
              127.692,
              -1.458
            ],
            [
              127.692,
              -1.446
            ],
            [
              127.68,
              -1.446
            ],
            [
              127.68,
              -1.458
            ]
          ]
        ]
      }
    },
    {
      "type": "Feature",
      "properties": {
        "grid_id": "OBI332",
        "site": "obi_island",
        "location_label": "Obi Island Interior Concession - Maluku Utara greenfield nickel laterite",
        "lithology": "ultramafic_simulated",
        "slope_deg": 19.2,
        "distance_to_river_m": 1143,
        "distance_to_road_m": 3778,
        "distance_to_settlement_m": 6874,
        "legal_status": "conditional",
        "distance_to_smelter_km": 47.2,
        "area_ha": 1.77,
        "region_id": "NE",
        "fe_oxide_index": 2.184,
        "clay_index": 1.744,
        "ndvi_stress_index": 0.247,
        "tmi_structural_nT": 45736.5,
        "tmi_anomaly_nT": 736.5,
        "elevation_mdpl": 437.9,
        "geochem_assay_ratio": 1.8
      },
      "geometry": {
        "type": "Polygon",
        "coordinates": [
          [
            [
              127.692,
              -1.458
            ],
            [
              127.704,
              -1.458
            ],
            [
              127.704,
              -1.446
            ],
            [
              127.692,
              -1.446
            ],
            [
              127.692,
              -1.458
            ]
          ]
        ]
      }
    },
    {
      "type": "Feature",
      "properties": {
        "grid_id": "OBI333",
        "site": "obi_island",
        "location_label": "Obi Island Interior Concession - Maluku Utara greenfield nickel laterite",
        "lithology": "peridotite_simulated",
        "slope_deg": 21.4,
        "distance_to_river_m": 646,
        "distance_to_road_m": 3640,
        "distance_to_settlement_m": 11359,
        "legal_status": "conditional",
        "distance_to_smelter_km": 48.5,
        "area_ha": 1.77,
        "region_id": "NE",
        "fe_oxide_index": 2.338,
        "clay_index": 2.292,
        "ndvi_stress_index": 0.312,
        "tmi_structural_nT": 45994.7,
        "tmi_anomaly_nT": 994.7,
        "elevation_mdpl": 442.3,
        "geochem_assay_ratio": 3.11
      },
      "geometry": {
        "type": "Polygon",
        "coordinates": [
          [
            [
              127.704,
              -1.458
            ],
            [
              127.716,
              -1.458
            ],
            [
              127.716,
              -1.446
            ],
            [
              127.704,
              -1.446
            ],
            [
              127.704,
              -1.458
            ]
          ]
        ]
      }
    },
    {
      "type": "Feature",
      "properties": {
        "grid_id": "OBI334",
        "site": "obi_island",
        "location_label": "Obi Island Interior Concession - Maluku Utara greenfield nickel laterite",
        "lithology": "serpentinite_simulated",
        "slope_deg": 21.8,
        "distance_to_river_m": 1635,
        "distance_to_road_m": 4161,
        "distance_to_settlement_m": 4898,
        "legal_status": "conditional",
        "distance_to_smelter_km": 50.3,
        "area_ha": 1.77,
        "region_id": "NE",
        "fe_oxide_index": 2.816,
        "clay_index": 1.904,
        "ndvi_stress_index": 0.202,
        "tmi_structural_nT": 45431.5,
        "tmi_anomaly_nT": 431.5,
        "elevation_mdpl": 440.9,
        "geochem_assay_ratio": 1.87
      },
      "geometry": {
        "type": "Polygon",
        "coordinates": [
          [
            [
              127.716,
              -1.458
            ],
            [
              127.728,
              -1.458
            ],
            [
              127.728,
              -1.446
            ],
            [
              127.716,
              -1.446
            ],
            [
              127.716,
              -1.458
            ]
          ]
        ]
      }
    },
    {
      "type": "Feature",
      "properties": {
        "grid_id": "OBI335",
        "site": "obi_island",
        "location_label": "Obi Island Interior Concession - Maluku Utara greenfield nickel laterite",
        "lithology": "serpentinite_simulated",
        "slope_deg": 23.1,
        "distance_to_river_m": 290,
        "distance_to_road_m": 2033,
        "distance_to_settlement_m": 7711,
        "legal_status": "conditional",
        "distance_to_smelter_km": 52.6,
        "area_ha": 1.77,
        "region_id": "NE",
        "fe_oxide_index": 2.108,
        "clay_index": 1.627,
        "ndvi_stress_index": 0.385,
        "tmi_structural_nT": 46083.9,
        "tmi_anomaly_nT": 1083.9,
        "elevation_mdpl": 466.3,
        "geochem_assay_ratio": 1.72
      },
      "geometry": {
        "type": "Polygon",
        "coordinates": [
          [
            [
              127.728,
              -1.458
            ],
            [
              127.74,
              -1.458
            ],
            [
              127.74,
              -1.446
            ],
            [
              127.728,
              -1.446
            ],
            [
              127.728,
              -1.458
            ]
          ]
        ]
      }
    },
    {
      "type": "Feature",
      "properties": {
        "grid_id": "OBI336",
        "site": "obi_island",
        "location_label": "Obi Island Interior Concession - Maluku Utara greenfield nickel laterite",
        "lithology": "ultramafic_simulated",
        "slope_deg": 25.1,
        "distance_to_river_m": 2289,
        "distance_to_road_m": 5066,
        "distance_to_settlement_m": 9077,
        "legal_status": "conditional",
        "distance_to_smelter_km": 55.3,
        "area_ha": 1.77,
        "region_id": "NE",
        "fe_oxide_index": 1.808,
        "clay_index": 2.356,
        "ndvi_stress_index": 0.307,
        "tmi_structural_nT": 45697.7,
        "tmi_anomaly_nT": 697.7,
        "elevation_mdpl": 470.7,
        "geochem_assay_ratio": 2.35
      },
      "geometry": {
        "type": "Polygon",
        "coordinates": [
          [
            [
              127.74,
              -1.458
            ],
            [
              127.752,
              -1.458
            ],
            [
              127.752,
              -1.446
            ],
            [
              127.74,
              -1.446
            ],
            [
              127.74,
              -1.458
            ]
          ]
        ]
      }
    },
    {
      "type": "Feature",
      "properties": {
        "grid_id": "OBI337",
        "site": "obi_island",
        "location_label": "Obi Island Interior Concession - Maluku Utara greenfield nickel laterite",
        "lithology": "ultramafic_simulated",
        "slope_deg": 20.4,
        "distance_to_river_m": 1761,
        "distance_to_road_m": 4020,
        "distance_to_settlement_m": 8371,
        "legal_status": "conditional",
        "distance_to_smelter_km": 58.2,
        "area_ha": 1.77,
        "region_id": "NE",
        "fe_oxide_index": 2.441,
        "clay_index": 1.945,
        "ndvi_stress_index": 0.208,
        "tmi_structural_nT": 45899.3,
        "tmi_anomaly_nT": 899.3,
        "elevation_mdpl": 487.1,
        "geochem_assay_ratio": 1.4
      },
      "geometry": {
        "type": "Polygon",
        "coordinates": [
          [
            [
              127.752,
              -1.458
            ],
            [
              127.764,
              -1.458
            ],
            [
              127.764,
              -1.446
            ],
            [
              127.752,
              -1.446
            ],
            [
              127.752,
              -1.458
            ]
          ]
        ]
      }
    },
    {
      "type": "Feature",
      "properties": {
        "grid_id": "OBI338",
        "site": "obi_island",
        "location_label": "Obi Island Interior Concession - Maluku Utara greenfield nickel laterite",
        "lithology": "mafic_volcanic_simulated",
        "slope_deg": 21.3,
        "distance_to_river_m": 1295,
        "distance_to_road_m": 3308,
        "distance_to_settlement_m": 6689,
        "legal_status": "conditional",
        "distance_to_smelter_km": 61.4,
        "area_ha": 1.77,
        "region_id": "NE",
        "fe_oxide_index": 1.188,
        "clay_index": 1.443,
        "ndvi_stress_index": 0.65,
        "tmi_structural_nT": 44777.8,
        "tmi_anomaly_nT": -222.2,
        "elevation_mdpl": 490.5,
        "geochem_assay_ratio": 4.36
      },
      "geometry": {
        "type": "Polygon",
        "coordinates": [
          [
            [
              127.764,
              -1.458
            ],
            [
              127.776,
              -1.458
            ],
            [
              127.776,
              -1.446
            ],
            [
              127.764,
              -1.446
            ],
            [
              127.764,
              -1.458
            ]
          ]
        ]
      }
    },
    {
      "type": "Feature",
      "properties": {
        "grid_id": "OBI339",
        "site": "obi_island",
        "location_label": "Obi Island Interior Concession - Maluku Utara greenfield nickel laterite",
        "lithology": "ultramafic_simulated",
        "slope_deg": 22.8,
        "distance_to_river_m": 1079,
        "distance_to_road_m": 3446,
        "distance_to_settlement_m": 7857,
        "legal_status": "conditional",
        "distance_to_smelter_km": 64.8,
        "area_ha": 1.77,
        "region_id": "NE",
        "fe_oxide_index": 2.39,
        "clay_index": 2.154,
        "ndvi_stress_index": 0.346,
        "tmi_structural_nT": 46068.5,
        "tmi_anomaly_nT": 1068.5,
        "elevation_mdpl": 483.1,
        "geochem_assay_ratio": 2.63
      },
      "geometry": {
        "type": "Polygon",
        "coordinates": [
          [
            [
              127.776,
              -1.458
            ],
            [
              127.788,
              -1.458
            ],
            [
              127.788,
              -1.446
            ],
            [
              127.776,
              -1.446
            ],
            [
              127.776,
              -1.458
            ]
          ]
        ]
      }
    },
    {
      "type": "Feature",
      "properties": {
        "grid_id": "OBI340",
        "site": "obi_island",
        "location_label": "Obi Island Interior Concession - Maluku Utara greenfield nickel laterite",
        "lithology": "ultramafic_simulated",
        "slope_deg": 22.5,
        "distance_to_river_m": 2412,
        "distance_to_road_m": 1273,
        "distance_to_settlement_m": 8627,
        "legal_status": "conditional",
        "distance_to_smelter_km": 68.4,
        "area_ha": 1.77,
        "region_id": "NE",
        "fe_oxide_index": 2.564,
        "clay_index": 2.337,
        "ndvi_stress_index": 0.267,
        "tmi_structural_nT": 45571.8,
        "tmi_anomaly_nT": 571.8,
        "elevation_mdpl": 438.2,
        "geochem_assay_ratio": 1.59
      },
      "geometry": {
        "type": "Polygon",
        "coordinates": [
          [
            [
              127.788,
              -1.458
            ],
            [
              127.8,
              -1.458
            ],
            [
              127.8,
              -1.446
            ],
            [
              127.788,
              -1.446
            ],
            [
              127.788,
              -1.458
            ]
          ]
        ]
      }
    },
    {
      "type": "Feature",
      "properties": {
        "grid_id": "OBI341",
        "site": "obi_island",
        "location_label": "Obi Island Interior Concession - Maluku Utara greenfield nickel laterite",
        "lithology": "serpentinite_simulated",
        "slope_deg": 25.7,
        "distance_to_river_m": 2273,
        "distance_to_road_m": 2274,
        "distance_to_settlement_m": 6726,
        "legal_status": "conditional",
        "distance_to_smelter_km": 71.0,
        "area_ha": 1.77,
        "region_id": "NW",
        "fe_oxide_index": 2.812,
        "clay_index": 1.764,
        "ndvi_stress_index": 0.209,
        "tmi_structural_nT": 45915.0,
        "tmi_anomaly_nT": 915.0,
        "elevation_mdpl": 489.2,
        "geochem_assay_ratio": 2.49
      },
      "geometry": {
        "type": "Polygon",
        "coordinates": [
          [
            [
              127.56,
              -1.446
            ],
            [
              127.572,
              -1.446
            ],
            [
              127.572,
              -1.434
            ],
            [
              127.56,
              -1.434
            ],
            [
              127.56,
              -1.446
            ]
          ]
        ]
      }
    },
    {
      "type": "Feature",
      "properties": {
        "grid_id": "OBI342",
        "site": "obi_island",
        "location_label": "Obi Island Interior Concession - Maluku Utara greenfield nickel laterite",
        "lithology": "mafic_volcanic_simulated",
        "slope_deg": 18.1,
        "distance_to_river_m": 2136,
        "distance_to_road_m": 3522,
        "distance_to_settlement_m": 4025,
        "legal_status": "conditional",
        "distance_to_smelter_km": 67.6,
        "area_ha": 1.77,
        "region_id": "NW",
        "fe_oxide_index": 1.153,
        "clay_index": 1.268,
        "ndvi_stress_index": 0.537,
        "tmi_structural_nT": 45354.8,
        "tmi_anomaly_nT": 354.8,
        "elevation_mdpl": 462.8,
        "geochem_assay_ratio": 3.64
      },
      "geometry": {
        "type": "Polygon",
        "coordinates": [
          [
            [
              127.572,
              -1.446
            ],
            [
              127.584,
              -1.446
            ],
            [
              127.584,
              -1.434
            ],
            [
              127.572,
              -1.434
            ],
            [
              127.572,
              -1.446
            ]
          ]
        ]
      }
    },
    {
      "type": "Feature",
      "properties": {
        "grid_id": "OBI343",
        "site": "obi_island",
        "location_label": "Obi Island Interior Concession - Maluku Utara greenfield nickel laterite",
        "lithology": "serpentinite_simulated",
        "slope_deg": 22.1,
        "distance_to_river_m": 857,
        "distance_to_road_m": 2868,
        "distance_to_settlement_m": 9855,
        "legal_status": "conditional",
        "distance_to_smelter_km": 64.4,
        "area_ha": 1.77,
        "region_id": "NW",
        "fe_oxide_index": 2.603,
        "clay_index": 1.778,
        "ndvi_stress_index": 0.304,
        "tmi_structural_nT": 45331.5,
        "tmi_anomaly_nT": 331.5,
        "elevation_mdpl": 438.6,
        "geochem_assay_ratio": 2.18
      },
      "geometry": {
        "type": "Polygon",
        "coordinates": [
          [
            [
              127.584,
              -1.446
            ],
            [
              127.596,
              -1.446
            ],
            [
              127.596,
              -1.434
            ],
            [
              127.584,
              -1.434
            ],
            [
              127.584,
              -1.446
            ]
          ]
        ]
      }
    },
    {
      "type": "Feature",
      "properties": {
        "grid_id": "OBI344",
        "site": "obi_island",
        "location_label": "Obi Island Interior Concession - Maluku Utara greenfield nickel laterite",
        "lithology": "peridotite_simulated",
        "slope_deg": 23.5,
        "distance_to_river_m": 1260,
        "distance_to_road_m": 1978,
        "distance_to_settlement_m": 4544,
        "legal_status": "conditional",
        "distance_to_smelter_km": 61.4,
        "area_ha": 1.77,
        "region_id": "NW",
        "fe_oxide_index": 1.857,
        "clay_index": 2.367,
        "ndvi_stress_index": 0.255,
        "tmi_structural_nT": 45593.3,
        "tmi_anomaly_nT": 593.3,
        "elevation_mdpl": 463.5,
        "geochem_assay_ratio": 1.98
      },
      "geometry": {
        "type": "Polygon",
        "coordinates": [
          [
            [
              127.596,
              -1.446
            ],
            [
              127.608,
              -1.446
            ],
            [
              127.608,
              -1.434
            ],
            [
              127.596,
              -1.434
            ],
            [
              127.596,
              -1.446
            ]
          ]
        ]
      }
    },
    {
      "type": "Feature",
      "properties": {
        "grid_id": "OBI345",
        "site": "obi_island",
        "location_label": "Obi Island Interior Concession - Maluku Utara greenfield nickel laterite",
        "lithology": "peridotite_simulated",
        "slope_deg": 22.1,
        "distance_to_river_m": 1034,
        "distance_to_road_m": 3570,
        "distance_to_settlement_m": 10709,
        "legal_status": "conditional",
        "distance_to_smelter_km": 58.7,
        "area_ha": 1.77,
        "region_id": "NW",
        "fe_oxide_index": 2.476,
        "clay_index": 2.031,
        "ndvi_stress_index": 0.335,
        "tmi_structural_nT": 45806.3,
        "tmi_anomaly_nT": 806.3,
        "elevation_mdpl": 487.6,
        "geochem_assay_ratio": 1.75
      },
      "geometry": {
        "type": "Polygon",
        "coordinates": [
          [
            [
              127.608,
              -1.446
            ],
            [
              127.62,
              -1.446
            ],
            [
              127.62,
              -1.434
            ],
            [
              127.608,
              -1.434
            ],
            [
              127.608,
              -1.446
            ]
          ]
        ]
      }
    },
    {
      "type": "Feature",
      "properties": {
        "grid_id": "OBI346",
        "site": "obi_island",
        "location_label": "Obi Island Interior Concession - Maluku Utara greenfield nickel laterite",
        "lithology": "serpentinite_simulated",
        "slope_deg": 18.9,
        "distance_to_river_m": 1746,
        "distance_to_road_m": 5151,
        "distance_to_settlement_m": 9448,
        "legal_status": "conditional",
        "distance_to_smelter_km": 56.3,
        "area_ha": 1.77,
        "region_id": "NW",
        "fe_oxide_index": 2.517,
        "clay_index": 2.396,
        "ndvi_stress_index": 0.296,
        "tmi_structural_nT": 45981.0,
        "tmi_anomaly_nT": 981.0,
        "elevation_mdpl": 500.0,
        "geochem_assay_ratio": 3.06
      },
      "geometry": {
        "type": "Polygon",
        "coordinates": [
          [
            [
              127.62,
              -1.446
            ],
            [
              127.632,
              -1.446
            ],
            [
              127.632,
              -1.434
            ],
            [
              127.62,
              -1.434
            ],
            [
              127.62,
              -1.446
            ]
          ]
        ]
      }
    },
    {
      "type": "Feature",
      "properties": {
        "grid_id": "OBI347",
        "site": "obi_island",
        "location_label": "Obi Island Interior Concession - Maluku Utara greenfield nickel laterite",
        "lithology": "ultramafic_simulated",
        "slope_deg": 25.4,
        "distance_to_river_m": 2792,
        "distance_to_road_m": 1980,
        "distance_to_settlement_m": 7854,
        "legal_status": "conditional",
        "distance_to_smelter_km": 54.2,
        "area_ha": 1.77,
        "region_id": "NW",
        "fe_oxide_index": 2.248,
        "clay_index": 2.318,
        "ndvi_stress_index": 0.224,
        "tmi_structural_nT": 45984.4,
        "tmi_anomaly_nT": 984.4,
        "elevation_mdpl": 500.8,
        "geochem_assay_ratio": 3.12
      },
      "geometry": {
        "type": "Polygon",
        "coordinates": [
          [
            [
              127.632,
              -1.446
            ],
            [
              127.644,
              -1.446
            ],
            [
              127.644,
              -1.434
            ],
            [
              127.632,
              -1.434
            ],
            [
              127.632,
              -1.446
            ]
          ]
        ]
      }
    },
    {
      "type": "Feature",
      "properties": {
        "grid_id": "OBI348",
        "site": "obi_island",
        "location_label": "Obi Island Interior Concession - Maluku Utara greenfield nickel laterite",
        "lithology": "peridotite_simulated",
        "slope_deg": 21.7,
        "distance_to_river_m": 2457,
        "distance_to_road_m": 2983,
        "distance_to_settlement_m": 8576,
        "legal_status": "conditional",
        "distance_to_smelter_km": 52.6,
        "area_ha": 1.77,
        "region_id": "NW",
        "fe_oxide_index": 2.532,
        "clay_index": 2.187,
        "ndvi_stress_index": 0.31,
        "tmi_structural_nT": 45806.0,
        "tmi_anomaly_nT": 806.0,
        "elevation_mdpl": 456.8,
        "geochem_assay_ratio": 2.08
      },
      "geometry": {
        "type": "Polygon",
        "coordinates": [
          [
            [
              127.644,
              -1.446
            ],
            [
              127.656,
              -1.446
            ],
            [
              127.656,
              -1.434
            ],
            [
              127.644,
              -1.434
            ],
            [
              127.644,
              -1.446
            ]
          ]
        ]
      }
    },
    {
      "type": "Feature",
      "properties": {
        "grid_id": "OBI349",
        "site": "obi_island",
        "location_label": "Obi Island Interior Concession - Maluku Utara greenfield nickel laterite",
        "lithology": "alluvium",
        "slope_deg": 21.7,
        "distance_to_river_m": 599,
        "distance_to_road_m": 2610,
        "distance_to_settlement_m": 11343,
        "legal_status": "conditional",
        "distance_to_smelter_km": 51.5,
        "area_ha": 1.77,
        "region_id": "NW",
        "fe_oxide_index": 1.391,
        "clay_index": 1.46,
        "ndvi_stress_index": 0.747,
        "tmi_structural_nT": 44962.5,
        "tmi_anomaly_nT": -37.5,
        "elevation_mdpl": 443.4,
        "geochem_assay_ratio": 4.28
      },
      "geometry": {
        "type": "Polygon",
        "coordinates": [
          [
            [
              127.656,
              -1.446
            ],
            [
              127.668,
              -1.446
            ],
            [
              127.668,
              -1.434
            ],
            [
              127.656,
              -1.434
            ],
            [
              127.656,
              -1.446
            ]
          ]
        ]
      }
    },
    {
      "type": "Feature",
      "properties": {
        "grid_id": "OBI350",
        "site": "obi_island",
        "location_label": "Obi Island Interior Concession - Maluku Utara greenfield nickel laterite",
        "lithology": "serpentinite_simulated",
        "slope_deg": 21.4,
        "distance_to_river_m": 1042,
        "distance_to_road_m": 1898,
        "distance_to_settlement_m": 5032,
        "legal_status": "conditional",
        "distance_to_smelter_km": 50.9,
        "area_ha": 1.77,
        "region_id": "NW",
        "fe_oxide_index": 2.826,
        "clay_index": 2.051,
        "ndvi_stress_index": 0.411,
        "tmi_structural_nT": 45868.7,
        "tmi_anomaly_nT": 868.7,
        "elevation_mdpl": 422.2,
        "geochem_assay_ratio": 3.03
      },
      "geometry": {
        "type": "Polygon",
        "coordinates": [
          [
            [
              127.668,
              -1.446
            ],
            [
              127.68,
              -1.446
            ],
            [
              127.68,
              -1.434
            ],
            [
              127.668,
              -1.434
            ],
            [
              127.668,
              -1.446
            ]
          ]
        ]
      }
    },
    {
      "type": "Feature",
      "properties": {
        "grid_id": "OBI351",
        "site": "obi_island",
        "location_label": "Obi Island Interior Concession - Maluku Utara greenfield nickel laterite",
        "lithology": "ultramafic_simulated",
        "slope_deg": 24.7,
        "distance_to_river_m": 1011,
        "distance_to_road_m": 2240,
        "distance_to_settlement_m": 5685,
        "legal_status": "conditional",
        "distance_to_smelter_km": 50.9,
        "area_ha": 1.77,
        "region_id": "NE",
        "fe_oxide_index": 1.904,
        "clay_index": 2.272,
        "ndvi_stress_index": 0.191,
        "tmi_structural_nT": 45989.2,
        "tmi_anomaly_nT": 989.2,
        "elevation_mdpl": 505.3,
        "geochem_assay_ratio": 2.56
      },
      "geometry": {
        "type": "Polygon",
        "coordinates": [
          [
            [
              127.68,
              -1.446
            ],
            [
              127.692,
              -1.446
            ],
            [
              127.692,
              -1.434
            ],
            [
              127.68,
              -1.434
            ],
            [
              127.68,
              -1.446
            ]
          ]
        ]
      }
    },
    {
      "type": "Feature",
      "properties": {
        "grid_id": "OBI352",
        "site": "obi_island",
        "location_label": "Obi Island Interior Concession - Maluku Utara greenfield nickel laterite",
        "lithology": "serpentinite_simulated",
        "slope_deg": 17.4,
        "distance_to_river_m": 2167,
        "distance_to_road_m": 4428,
        "distance_to_settlement_m": 10254,
        "legal_status": "conditional",
        "distance_to_smelter_km": 51.5,
        "area_ha": 1.77,
        "region_id": "NE",
        "fe_oxide_index": 1.843,
        "clay_index": 2.03,
        "ndvi_stress_index": 0.243,
        "tmi_structural_nT": 45279.3,
        "tmi_anomaly_nT": 279.3,
        "elevation_mdpl": 477.3,
        "geochem_assay_ratio": 3.11
      },
      "geometry": {
        "type": "Polygon",
        "coordinates": [
          [
            [
              127.692,
              -1.446
            ],
            [
              127.704,
              -1.446
            ],
            [
              127.704,
              -1.434
            ],
            [
              127.692,
              -1.434
            ],
            [
              127.692,
              -1.446
            ]
          ]
        ]
      }
    },
    {
      "type": "Feature",
      "properties": {
        "grid_id": "OBI353",
        "site": "obi_island",
        "location_label": "Obi Island Interior Concession - Maluku Utara greenfield nickel laterite",
        "lithology": "serpentinite_simulated",
        "slope_deg": 22.3,
        "distance_to_river_m": 1414,
        "distance_to_road_m": 4975,
        "distance_to_settlement_m": 8855,
        "legal_status": "conditional",
        "distance_to_smelter_km": 52.6,
        "area_ha": 1.77,
        "region_id": "NE",
        "fe_oxide_index": 1.894,
        "clay_index": 2.35,
        "ndvi_stress_index": 0.286,
        "tmi_structural_nT": 45450.2,
        "tmi_anomaly_nT": 450.2,
        "elevation_mdpl": 501.7,
        "geochem_assay_ratio": 2.75
      },
      "geometry": {
        "type": "Polygon",
        "coordinates": [
          [
            [
              127.704,
              -1.446
            ],
            [
              127.716,
              -1.446
            ],
            [
              127.716,
              -1.434
            ],
            [
              127.704,
              -1.434
            ],
            [
              127.704,
              -1.446
            ]
          ]
        ]
      }
    },
    {
      "type": "Feature",
      "properties": {
        "grid_id": "OBI354",
        "site": "obi_island",
        "location_label": "Obi Island Interior Concession - Maluku Utara greenfield nickel laterite",
        "lithology": "peridotite_simulated",
        "slope_deg": 25.3,
        "distance_to_river_m": 2250,
        "distance_to_road_m": 5155,
        "distance_to_settlement_m": 7488,
        "legal_status": "conditional",
        "distance_to_smelter_km": 54.2,
        "area_ha": 1.77,
        "region_id": "NE",
        "fe_oxide_index": 2.616,
        "clay_index": 1.823,
        "ndvi_stress_index": 0.398,
        "tmi_structural_nT": 45359.3,
        "tmi_anomaly_nT": 359.3,
        "elevation_mdpl": 446.1,
        "geochem_assay_ratio": 1.97
      },
      "geometry": {
        "type": "Polygon",
        "coordinates": [
          [
            [
              127.716,
              -1.446
            ],
            [
              127.728,
              -1.446
            ],
            [
              127.728,
              -1.434
            ],
            [
              127.716,
              -1.434
            ],
            [
              127.716,
              -1.446
            ]
          ]
        ]
      }
    },
    {
      "type": "Feature",
      "properties": {
        "grid_id": "OBI355",
        "site": "obi_island",
        "location_label": "Obi Island Interior Concession - Maluku Utara greenfield nickel laterite",
        "lithology": "mafic_volcanic_simulated",
        "slope_deg": 20.7,
        "distance_to_river_m": 293,
        "distance_to_road_m": 2885,
        "distance_to_settlement_m": 7146,
        "legal_status": "conditional",
        "distance_to_smelter_km": 56.3,
        "area_ha": 1.77,
        "region_id": "NE",
        "fe_oxide_index": 1.551,
        "clay_index": 1.063,
        "ndvi_stress_index": 0.645,
        "tmi_structural_nT": 44641.9,
        "tmi_anomaly_nT": -358.1,
        "elevation_mdpl": 415.1,
        "geochem_assay_ratio": 3.93
      },
      "geometry": {
        "type": "Polygon",
        "coordinates": [
          [
            [
              127.728,
              -1.446
            ],
            [
              127.74,
              -1.446
            ],
            [
              127.74,
              -1.434
            ],
            [
              127.728,
              -1.434
            ],
            [
              127.728,
              -1.446
            ]
          ]
        ]
      }
    },
    {
      "type": "Feature",
      "properties": {
        "grid_id": "OBI356",
        "site": "obi_island",
        "location_label": "Obi Island Interior Concession - Maluku Utara greenfield nickel laterite",
        "lithology": "ultramafic_simulated",
        "slope_deg": 25.4,
        "distance_to_river_m": 1362,
        "distance_to_road_m": 5218,
        "distance_to_settlement_m": 9567,
        "legal_status": "conditional",
        "distance_to_smelter_km": 58.7,
        "area_ha": 1.77,
        "region_id": "NE",
        "fe_oxide_index": 1.847,
        "clay_index": 1.92,
        "ndvi_stress_index": 0.272,
        "tmi_structural_nT": 45565.9,
        "tmi_anomaly_nT": 565.9,
        "elevation_mdpl": 465.5,
        "geochem_assay_ratio": 2.76
      },
      "geometry": {
        "type": "Polygon",
        "coordinates": [
          [
            [
              127.74,
              -1.446
            ],
            [
              127.752,
              -1.446
            ],
            [
              127.752,
              -1.434
            ],
            [
              127.74,
              -1.434
            ],
            [
              127.74,
              -1.446
            ]
          ]
        ]
      }
    },
    {
      "type": "Feature",
      "properties": {
        "grid_id": "OBI357",
        "site": "obi_island",
        "location_label": "Obi Island Interior Concession - Maluku Utara greenfield nickel laterite",
        "lithology": "serpentinite_simulated",
        "slope_deg": 22.4,
        "distance_to_river_m": 2783,
        "distance_to_road_m": 3458,
        "distance_to_settlement_m": 8739,
        "legal_status": "conditional",
        "distance_to_smelter_km": 61.4,
        "area_ha": 1.77,
        "region_id": "NE",
        "fe_oxide_index": 2.636,
        "clay_index": 2.193,
        "ndvi_stress_index": 0.389,
        "tmi_structural_nT": 46089.6,
        "tmi_anomaly_nT": 1089.6,
        "elevation_mdpl": 497.5,
        "geochem_assay_ratio": 1.61
      },
      "geometry": {
        "type": "Polygon",
        "coordinates": [
          [
            [
              127.752,
              -1.446
            ],
            [
              127.764,
              -1.446
            ],
            [
              127.764,
              -1.434
            ],
            [
              127.752,
              -1.434
            ],
            [
              127.752,
              -1.446
            ]
          ]
        ]
      }
    },
    {
      "type": "Feature",
      "properties": {
        "grid_id": "OBI358",
        "site": "obi_island",
        "location_label": "Obi Island Interior Concession - Maluku Utara greenfield nickel laterite",
        "lithology": "peridotite_simulated",
        "slope_deg": 23.4,
        "distance_to_river_m": 2176,
        "distance_to_road_m": 3494,
        "distance_to_settlement_m": 11543,
        "legal_status": "conditional",
        "distance_to_smelter_km": 64.4,
        "area_ha": 1.77,
        "region_id": "NE",
        "fe_oxide_index": 2.182,
        "clay_index": 2.256,
        "ndvi_stress_index": 0.18,
        "tmi_structural_nT": 45300.5,
        "tmi_anomaly_nT": 300.5,
        "elevation_mdpl": 508.2,
        "geochem_assay_ratio": 2.04
      },
      "geometry": {
        "type": "Polygon",
        "coordinates": [
          [
            [
              127.764,
              -1.446
            ],
            [
              127.776,
              -1.446
            ],
            [
              127.776,
              -1.434
            ],
            [
              127.764,
              -1.434
            ],
            [
              127.764,
              -1.446
            ]
          ]
        ]
      }
    },
    {
      "type": "Feature",
      "properties": {
        "grid_id": "OBI359",
        "site": "obi_island",
        "location_label": "Obi Island Interior Concession - Maluku Utara greenfield nickel laterite",
        "lithology": "serpentinite_simulated",
        "slope_deg": 21.0,
        "distance_to_river_m": 2288,
        "distance_to_road_m": 2565,
        "distance_to_settlement_m": 4276,
        "legal_status": "conditional",
        "distance_to_smelter_km": 67.6,
        "area_ha": 1.77,
        "region_id": "NE",
        "fe_oxide_index": 1.812,
        "clay_index": 1.681,
        "ndvi_stress_index": 0.323,
        "tmi_structural_nT": 45600.8,
        "tmi_anomaly_nT": 600.8,
        "elevation_mdpl": 478.1,
        "geochem_assay_ratio": 1.76
      },
      "geometry": {
        "type": "Polygon",
        "coordinates": [
          [
            [
              127.776,
              -1.446
            ],
            [
              127.788,
              -1.446
            ],
            [
              127.788,
              -1.434
            ],
            [
              127.776,
              -1.434
            ],
            [
              127.776,
              -1.446
            ]
          ]
        ]
      }
    },
    {
      "type": "Feature",
      "properties": {
        "grid_id": "OBI360",
        "site": "obi_island",
        "location_label": "Obi Island Interior Concession - Maluku Utara greenfield nickel laterite",
        "lithology": "ultramafic_simulated",
        "slope_deg": 26.8,
        "distance_to_river_m": 1824,
        "distance_to_road_m": 3093,
        "distance_to_settlement_m": 4294,
        "legal_status": "conditional",
        "distance_to_smelter_km": 71.0,
        "area_ha": 1.77,
        "region_id": "NE",
        "fe_oxide_index": 2.65,
        "clay_index": 1.626,
        "ndvi_stress_index": 0.208,
        "tmi_structural_nT": 45318.8,
        "tmi_anomaly_nT": 318.8,
        "elevation_mdpl": 452.3,
        "geochem_assay_ratio": 2.11
      },
      "geometry": {
        "type": "Polygon",
        "coordinates": [
          [
            [
              127.788,
              -1.446
            ],
            [
              127.8,
              -1.446
            ],
            [
              127.8,
              -1.434
            ],
            [
              127.788,
              -1.434
            ],
            [
              127.788,
              -1.446
            ]
          ]
        ]
      }
    },
    {
      "type": "Feature",
      "properties": {
        "grid_id": "OBI361",
        "site": "obi_island",
        "location_label": "Obi Island Interior Concession - Maluku Utara greenfield nickel laterite",
        "lithology": "peridotite_simulated",
        "slope_deg": 22.7,
        "distance_to_river_m": 561,
        "distance_to_road_m": 4734,
        "distance_to_settlement_m": 6028,
        "legal_status": "conditional",
        "distance_to_smelter_km": 73.8,
        "area_ha": 1.77,
        "region_id": "NW",
        "fe_oxide_index": 1.825,
        "clay_index": 1.643,
        "ndvi_stress_index": 0.322,
        "tmi_structural_nT": 45499.8,
        "tmi_anomaly_nT": 499.8,
        "elevation_mdpl": 471.9,
        "geochem_assay_ratio": 3.11
      },
      "geometry": {
        "type": "Polygon",
        "coordinates": [
          [
            [
              127.56,
              -1.434
            ],
            [
              127.572,
              -1.434
            ],
            [
              127.572,
              -1.422
            ],
            [
              127.56,
              -1.422
            ],
            [
              127.56,
              -1.434
            ]
          ]
        ]
      }
    },
    {
      "type": "Feature",
      "properties": {
        "grid_id": "OBI362",
        "site": "obi_island",
        "location_label": "Obi Island Interior Concession - Maluku Utara greenfield nickel laterite",
        "lithology": "serpentinite_simulated",
        "slope_deg": 22.2,
        "distance_to_river_m": 1157,
        "distance_to_road_m": 5030,
        "distance_to_settlement_m": 7914,
        "legal_status": "conditional",
        "distance_to_smelter_km": 70.6,
        "area_ha": 1.77,
        "region_id": "NW",
        "fe_oxide_index": 1.881,
        "clay_index": 2.407,
        "ndvi_stress_index": 0.318,
        "tmi_structural_nT": 45443.4,
        "tmi_anomaly_nT": 443.4,
        "elevation_mdpl": 425.5,
        "geochem_assay_ratio": 2.56
      },
      "geometry": {
        "type": "Polygon",
        "coordinates": [
          [
            [
              127.572,
              -1.434
            ],
            [
              127.584,
              -1.434
            ],
            [
              127.584,
              -1.422
            ],
            [
              127.572,
              -1.422
            ],
            [
              127.572,
              -1.434
            ]
          ]
        ]
      }
    },
    {
      "type": "Feature",
      "properties": {
        "grid_id": "OBI363",
        "site": "obi_island",
        "location_label": "Obi Island Interior Concession - Maluku Utara greenfield nickel laterite",
        "lithology": "serpentinite_simulated",
        "slope_deg": 26.7,
        "distance_to_river_m": 1244,
        "distance_to_road_m": 1903,
        "distance_to_settlement_m": 11410,
        "legal_status": "conditional",
        "distance_to_smelter_km": 67.6,
        "area_ha": 1.77,
        "region_id": "NW",
        "fe_oxide_index": 2.459,
        "clay_index": 2.426,
        "ndvi_stress_index": 0.343,
        "tmi_structural_nT": 45432.7,
        "tmi_anomaly_nT": 432.7,
        "elevation_mdpl": 422.5,
        "geochem_assay_ratio": 2.9
      },
      "geometry": {
        "type": "Polygon",
        "coordinates": [
          [
            [
              127.584,
              -1.434
            ],
            [
              127.596,
              -1.434
            ],
            [
              127.596,
              -1.422
            ],
            [
              127.584,
              -1.422
            ],
            [
              127.584,
              -1.434
            ]
          ]
        ]
      }
    },
    {
      "type": "Feature",
      "properties": {
        "grid_id": "OBI364",
        "site": "obi_island",
        "location_label": "Obi Island Interior Concession - Maluku Utara greenfield nickel laterite",
        "lithology": "serpentinite_simulated",
        "slope_deg": 22.3,
        "distance_to_river_m": 2132,
        "distance_to_road_m": 1498,
        "distance_to_settlement_m": 11993,
        "legal_status": "conditional",
        "distance_to_smelter_km": 64.8,
        "area_ha": 1.77,
        "region_id": "NW",
        "fe_oxide_index": 2.304,
        "clay_index": 2.07,
        "ndvi_stress_index": 0.308,
        "tmi_structural_nT": 46033.8,
        "tmi_anomaly_nT": 1033.8,
        "elevation_mdpl": 490.6,
        "geochem_assay_ratio": 2.15
      },
      "geometry": {
        "type": "Polygon",
        "coordinates": [
          [
            [
              127.596,
              -1.434
            ],
            [
              127.608,
              -1.434
            ],
            [
              127.608,
              -1.422
            ],
            [
              127.596,
              -1.422
            ],
            [
              127.596,
              -1.434
            ]
          ]
        ]
      }
    },
    {
      "type": "Feature",
      "properties": {
        "grid_id": "OBI365",
        "site": "obi_island",
        "location_label": "Obi Island Interior Concession - Maluku Utara greenfield nickel laterite",
        "lithology": "serpentinite_simulated",
        "slope_deg": 24.8,
        "distance_to_river_m": 1575,
        "distance_to_road_m": 1403,
        "distance_to_settlement_m": 10053,
        "legal_status": "conditional",
        "distance_to_smelter_km": 62.3,
        "area_ha": 1.77,
        "region_id": "NW",
        "fe_oxide_index": 2.206,
        "clay_index": 1.62,
        "ndvi_stress_index": 0.362,
        "tmi_structural_nT": 45229.7,
        "tmi_anomaly_nT": 229.7,
        "elevation_mdpl": 500.0,
        "geochem_assay_ratio": 2.62
      },
      "geometry": {
        "type": "Polygon",
        "coordinates": [
          [
            [
              127.608,
              -1.434
            ],
            [
              127.62,
              -1.434
            ],
            [
              127.62,
              -1.422
            ],
            [
              127.608,
              -1.422
            ],
            [
              127.608,
              -1.434
            ]
          ]
        ]
      }
    },
    {
      "type": "Feature",
      "properties": {
        "grid_id": "OBI366",
        "site": "obi_island",
        "location_label": "Obi Island Interior Concession - Maluku Utara greenfield nickel laterite",
        "lithology": "peridotite_simulated",
        "slope_deg": 19.0,
        "distance_to_river_m": 2004,
        "distance_to_road_m": 4250,
        "distance_to_settlement_m": 7696,
        "legal_status": "conditional",
        "distance_to_smelter_km": 60.1,
        "area_ha": 1.77,
        "region_id": "NW",
        "fe_oxide_index": 2.761,
        "clay_index": 1.759,
        "ndvi_stress_index": 0.408,
        "tmi_structural_nT": 45796.4,
        "tmi_anomaly_nT": 796.4,
        "elevation_mdpl": 483.8,
        "geochem_assay_ratio": 2.42
      },
      "geometry": {
        "type": "Polygon",
        "coordinates": [
          [
            [
              127.62,
              -1.434
            ],
            [
              127.632,
              -1.434
            ],
            [
              127.632,
              -1.422
            ],
            [
              127.62,
              -1.422
            ],
            [
              127.62,
              -1.434
            ]
          ]
        ]
      }
    },
    {
      "type": "Feature",
      "properties": {
        "grid_id": "OBI367",
        "site": "obi_island",
        "location_label": "Obi Island Interior Concession - Maluku Utara greenfield nickel laterite",
        "lithology": "peridotite_simulated",
        "slope_deg": 25.4,
        "distance_to_river_m": 1781,
        "distance_to_road_m": 4820,
        "distance_to_settlement_m": 7148,
        "legal_status": "conditional",
        "distance_to_smelter_km": 58.2,
        "area_ha": 1.77,
        "region_id": "NW",
        "fe_oxide_index": 2.759,
        "clay_index": 1.719,
        "ndvi_stress_index": 0.197,
        "tmi_structural_nT": 45612.9,
        "tmi_anomaly_nT": 612.9,
        "elevation_mdpl": 474.9,
        "geochem_assay_ratio": 2.5
      },
      "geometry": {
        "type": "Polygon",
        "coordinates": [
          [
            [
              127.632,
              -1.434
            ],
            [
              127.644,
              -1.434
            ],
            [
              127.644,
              -1.422
            ],
            [
              127.632,
              -1.422
            ],
            [
              127.632,
              -1.434
            ]
          ]
        ]
      }
    },
    {
      "type": "Feature",
      "properties": {
        "grid_id": "OBI368",
        "site": "obi_island",
        "location_label": "Obi Island Interior Concession - Maluku Utara greenfield nickel laterite",
        "lithology": "alluvium",
        "slope_deg": 25.2,
        "distance_to_river_m": 682,
        "distance_to_road_m": 4506,
        "distance_to_settlement_m": 4813,
        "legal_status": "conditional",
        "distance_to_smelter_km": 56.8,
        "area_ha": 1.77,
        "region_id": "NW",
        "fe_oxide_index": 1.646,
        "clay_index": 1.018,
        "ndvi_stress_index": 0.59,
        "tmi_structural_nT": 45013.0,
        "tmi_anomaly_nT": 13.0,
        "elevation_mdpl": 432.2,
        "geochem_assay_ratio": 5.36
      },
      "geometry": {
        "type": "Polygon",
        "coordinates": [
          [
            [
              127.644,
              -1.434
            ],
            [
              127.656,
              -1.434
            ],
            [
              127.656,
              -1.422
            ],
            [
              127.644,
              -1.422
            ],
            [
              127.644,
              -1.434
            ]
          ]
        ]
      }
    },
    {
      "type": "Feature",
      "properties": {
        "grid_id": "OBI369",
        "site": "obi_island",
        "location_label": "Obi Island Interior Concession - Maluku Utara greenfield nickel laterite",
        "lithology": "mafic_volcanic_simulated",
        "slope_deg": 24.8,
        "distance_to_river_m": 772,
        "distance_to_road_m": 1957,
        "distance_to_settlement_m": 8017,
        "legal_status": "conditional",
        "distance_to_smelter_km": 55.8,
        "area_ha": 1.77,
        "region_id": "NW",
        "fe_oxide_index": 1.255,
        "clay_index": 1.066,
        "ndvi_stress_index": 0.57,
        "tmi_structural_nT": 44547.4,
        "tmi_anomaly_nT": -452.6,
        "elevation_mdpl": 437.5,
        "geochem_assay_ratio": 5.8
      },
      "geometry": {
        "type": "Polygon",
        "coordinates": [
          [
            [
              127.656,
              -1.434
            ],
            [
              127.668,
              -1.434
            ],
            [
              127.668,
              -1.422
            ],
            [
              127.656,
              -1.422
            ],
            [
              127.656,
              -1.434
            ]
          ]
        ]
      }
    },
    {
      "type": "Feature",
      "properties": {
        "grid_id": "OBI370",
        "site": "obi_island",
        "location_label": "Obi Island Interior Concession - Maluku Utara greenfield nickel laterite",
        "lithology": "serpentinite_simulated",
        "slope_deg": 20.9,
        "distance_to_river_m": 1618,
        "distance_to_road_m": 4835,
        "distance_to_settlement_m": 11238,
        "legal_status": "conditional",
        "distance_to_smelter_km": 55.3,
        "area_ha": 1.77,
        "region_id": "NW",
        "fe_oxide_index": 2.046,
        "clay_index": 1.718,
        "ndvi_stress_index": 0.364,
        "tmi_structural_nT": 46000.0,
        "tmi_anomaly_nT": 1000.0,
        "elevation_mdpl": 420.2,
        "geochem_assay_ratio": 2.5
      },
      "geometry": {
        "type": "Polygon",
        "coordinates": [
          [
            [
              127.668,
              -1.434
            ],
            [
              127.68,
              -1.434
            ],
            [
              127.68,
              -1.422
            ],
            [
              127.668,
              -1.422
            ],
            [
              127.668,
              -1.434
            ]
          ]
        ]
      }
    },
    {
      "type": "Feature",
      "properties": {
        "grid_id": "OBI371",
        "site": "obi_island",
        "location_label": "Obi Island Interior Concession - Maluku Utara greenfield nickel laterite",
        "lithology": "serpentinite_simulated",
        "slope_deg": 22.9,
        "distance_to_river_m": 2392,
        "distance_to_road_m": 5449,
        "distance_to_settlement_m": 3712,
        "legal_status": "conditional",
        "distance_to_smelter_km": 55.3,
        "area_ha": 1.77,
        "region_id": "NE",
        "fe_oxide_index": 2.718,
        "clay_index": 1.693,
        "ndvi_stress_index": 0.391,
        "tmi_structural_nT": 45115.4,
        "tmi_anomaly_nT": 115.4,
        "elevation_mdpl": 508.8,
        "geochem_assay_ratio": 2.79
      },
      "geometry": {
        "type": "Polygon",
        "coordinates": [
          [
            [
              127.68,
              -1.434
            ],
            [
              127.692,
              -1.434
            ],
            [
              127.692,
              -1.422
            ],
            [
              127.68,
              -1.422
            ],
            [
              127.68,
              -1.434
            ]
          ]
        ]
      }
    },
    {
      "type": "Feature",
      "properties": {
        "grid_id": "OBI372",
        "site": "obi_island",
        "location_label": "Obi Island Interior Concession - Maluku Utara greenfield nickel laterite",
        "lithology": "peridotite_simulated",
        "slope_deg": 19.8,
        "distance_to_river_m": 1680,
        "distance_to_road_m": 3165,
        "distance_to_settlement_m": 8978,
        "legal_status": "conditional",
        "distance_to_smelter_km": 55.8,
        "area_ha": 1.77,
        "region_id": "NE",
        "fe_oxide_index": 2.607,
        "clay_index": 1.928,
        "ndvi_stress_index": 0.372,
        "tmi_structural_nT": 45930.5,
        "tmi_anomaly_nT": 930.5,
        "elevation_mdpl": 440.3,
        "geochem_assay_ratio": 2.91
      },
      "geometry": {
        "type": "Polygon",
        "coordinates": [
          [
            [
              127.692,
              -1.434
            ],
            [
              127.704,
              -1.434
            ],
            [
              127.704,
              -1.422
            ],
            [
              127.692,
              -1.422
            ],
            [
              127.692,
              -1.434
            ]
          ]
        ]
      }
    },
    {
      "type": "Feature",
      "properties": {
        "grid_id": "OBI373",
        "site": "obi_island",
        "location_label": "Obi Island Interior Concession - Maluku Utara greenfield nickel laterite",
        "lithology": "mafic_volcanic_simulated",
        "slope_deg": 18.3,
        "distance_to_river_m": 897,
        "distance_to_road_m": 4789,
        "distance_to_settlement_m": 5347,
        "legal_status": "conditional",
        "distance_to_smelter_km": 56.8,
        "area_ha": 1.77,
        "region_id": "NE",
        "fe_oxide_index": 1.606,
        "clay_index": 1.042,
        "ndvi_stress_index": 0.685,
        "tmi_structural_nT": 44926.4,
        "tmi_anomaly_nT": -73.6,
        "elevation_mdpl": 487.0,
        "geochem_assay_ratio": 5.76
      },
      "geometry": {
        "type": "Polygon",
        "coordinates": [
          [
            [
              127.704,
              -1.434
            ],
            [
              127.716,
              -1.434
            ],
            [
              127.716,
              -1.422
            ],
            [
              127.704,
              -1.422
            ],
            [
              127.704,
              -1.434
            ]
          ]
        ]
      }
    },
    {
      "type": "Feature",
      "properties": {
        "grid_id": "OBI374",
        "site": "obi_island",
        "location_label": "Obi Island Interior Concession - Maluku Utara greenfield nickel laterite",
        "lithology": "serpentinite_simulated",
        "slope_deg": 23.4,
        "distance_to_river_m": 1898,
        "distance_to_road_m": 4347,
        "distance_to_settlement_m": 4337,
        "legal_status": "conditional",
        "distance_to_smelter_km": 58.2,
        "area_ha": 1.77,
        "region_id": "NE",
        "fe_oxide_index": 2.307,
        "clay_index": 2.249,
        "ndvi_stress_index": 0.198,
        "tmi_structural_nT": 45825.5,
        "tmi_anomaly_nT": 825.5,
        "elevation_mdpl": 442.0,
        "geochem_assay_ratio": 1.56
      },
      "geometry": {
        "type": "Polygon",
        "coordinates": [
          [
            [
              127.716,
              -1.434
            ],
            [
              127.728,
              -1.434
            ],
            [
              127.728,
              -1.422
            ],
            [
              127.716,
              -1.422
            ],
            [
              127.716,
              -1.434
            ]
          ]
        ]
      }
    },
    {
      "type": "Feature",
      "properties": {
        "grid_id": "OBI375",
        "site": "obi_island",
        "location_label": "Obi Island Interior Concession - Maluku Utara greenfield nickel laterite",
        "lithology": "serpentinite_simulated",
        "slope_deg": 24.1,
        "distance_to_river_m": 2061,
        "distance_to_road_m": 4989,
        "distance_to_settlement_m": 4922,
        "legal_status": "conditional",
        "distance_to_smelter_km": 60.1,
        "area_ha": 1.77,
        "region_id": "NE",
        "fe_oxide_index": 2.113,
        "clay_index": 2.222,
        "ndvi_stress_index": 0.355,
        "tmi_structural_nT": 45660.7,
        "tmi_anomaly_nT": 660.7,
        "elevation_mdpl": 421.9,
        "geochem_assay_ratio": 3.08
      },
      "geometry": {
        "type": "Polygon",
        "coordinates": [
          [
            [
              127.728,
              -1.434
            ],
            [
              127.74,
              -1.434
            ],
            [
              127.74,
              -1.422
            ],
            [
              127.728,
              -1.422
            ],
            [
              127.728,
              -1.434
            ]
          ]
        ]
      }
    },
    {
      "type": "Feature",
      "properties": {
        "grid_id": "OBI376",
        "site": "obi_island",
        "location_label": "Obi Island Interior Concession - Maluku Utara greenfield nickel laterite",
        "lithology": "ultramafic_simulated",
        "slope_deg": 16.9,
        "distance_to_river_m": 949,
        "distance_to_road_m": 4066,
        "distance_to_settlement_m": 7428,
        "legal_status": "conditional",
        "distance_to_smelter_km": 62.3,
        "area_ha": 1.77,
        "region_id": "NE",
        "fe_oxide_index": 2.072,
        "clay_index": 1.709,
        "ndvi_stress_index": 0.416,
        "tmi_structural_nT": 45996.7,
        "tmi_anomaly_nT": 996.7,
        "elevation_mdpl": 498.6,
        "geochem_assay_ratio": 2.75
      },
      "geometry": {
        "type": "Polygon",
        "coordinates": [
          [
            [
              127.74,
              -1.434
            ],
            [
              127.752,
              -1.434
            ],
            [
              127.752,
              -1.422
            ],
            [
              127.74,
              -1.422
            ],
            [
              127.74,
              -1.434
            ]
          ]
        ]
      }
    },
    {
      "type": "Feature",
      "properties": {
        "grid_id": "OBI377",
        "site": "obi_island",
        "location_label": "Obi Island Interior Concession - Maluku Utara greenfield nickel laterite",
        "lithology": "serpentinite_simulated",
        "slope_deg": 23.5,
        "distance_to_river_m": 2331,
        "distance_to_road_m": 4149,
        "distance_to_settlement_m": 3591,
        "legal_status": "conditional",
        "distance_to_smelter_km": 64.8,
        "area_ha": 1.77,
        "region_id": "NE",
        "fe_oxide_index": 2.28,
        "clay_index": 2.335,
        "ndvi_stress_index": 0.386,
        "tmi_structural_nT": 45541.1,
        "tmi_anomaly_nT": 541.1,
        "elevation_mdpl": 455.8,
        "geochem_assay_ratio": 3.05
      },
      "geometry": {
        "type": "Polygon",
        "coordinates": [
          [
            [
              127.752,
              -1.434
            ],
            [
              127.764,
              -1.434
            ],
            [
              127.764,
              -1.422
            ],
            [
              127.752,
              -1.422
            ],
            [
              127.752,
              -1.434
            ]
          ]
        ]
      }
    },
    {
      "type": "Feature",
      "properties": {
        "grid_id": "OBI378",
        "site": "obi_island",
        "location_label": "Obi Island Interior Concession - Maluku Utara greenfield nickel laterite",
        "lithology": "serpentinite_simulated",
        "slope_deg": 24.6,
        "distance_to_river_m": 2409,
        "distance_to_road_m": 3362,
        "distance_to_settlement_m": 11203,
        "legal_status": "conditional",
        "distance_to_smelter_km": 67.6,
        "area_ha": 1.77,
        "region_id": "NE",
        "fe_oxide_index": 2.465,
        "clay_index": 1.825,
        "ndvi_stress_index": 0.241,
        "tmi_structural_nT": 45512.4,
        "tmi_anomaly_nT": 512.4,
        "elevation_mdpl": 490.0,
        "geochem_assay_ratio": 2.81
      },
      "geometry": {
        "type": "Polygon",
        "coordinates": [
          [
            [
              127.764,
              -1.434
            ],
            [
              127.776,
              -1.434
            ],
            [
              127.776,
              -1.422
            ],
            [
              127.764,
              -1.422
            ],
            [
              127.764,
              -1.434
            ]
          ]
        ]
      }
    },
    {
      "type": "Feature",
      "properties": {
        "grid_id": "OBI379",
        "site": "obi_island",
        "location_label": "Obi Island Interior Concession - Maluku Utara greenfield nickel laterite",
        "lithology": "serpentinite_simulated",
        "slope_deg": 24.1,
        "distance_to_river_m": 1484,
        "distance_to_road_m": 5147,
        "distance_to_settlement_m": 8530,
        "legal_status": "conditional",
        "distance_to_smelter_km": 70.6,
        "area_ha": 1.77,
        "region_id": "NE",
        "fe_oxide_index": 2.653,
        "clay_index": 1.802,
        "ndvi_stress_index": 0.274,
        "tmi_structural_nT": 46012.4,
        "tmi_anomaly_nT": 1012.4,
        "elevation_mdpl": 429.4,
        "geochem_assay_ratio": 2.33
      },
      "geometry": {
        "type": "Polygon",
        "coordinates": [
          [
            [
              127.776,
              -1.434
            ],
            [
              127.788,
              -1.434
            ],
            [
              127.788,
              -1.422
            ],
            [
              127.776,
              -1.422
            ],
            [
              127.776,
              -1.434
            ]
          ]
        ]
      }
    },
    {
      "type": "Feature",
      "properties": {
        "grid_id": "OBI380",
        "site": "obi_island",
        "location_label": "Obi Island Interior Concession - Maluku Utara greenfield nickel laterite",
        "lithology": "peridotite_simulated",
        "slope_deg": 17.4,
        "distance_to_river_m": 1997,
        "distance_to_road_m": 2619,
        "distance_to_settlement_m": 5079,
        "legal_status": "conditional",
        "distance_to_smelter_km": 73.8,
        "area_ha": 1.77,
        "region_id": "NE",
        "fe_oxide_index": 2.034,
        "clay_index": 2.075,
        "ndvi_stress_index": 0.356,
        "tmi_structural_nT": 45346.4,
        "tmi_anomaly_nT": 346.4,
        "elevation_mdpl": 424.8,
        "geochem_assay_ratio": 2.94
      },
      "geometry": {
        "type": "Polygon",
        "coordinates": [
          [
            [
              127.788,
              -1.434
            ],
            [
              127.8,
              -1.434
            ],
            [
              127.8,
              -1.422
            ],
            [
              127.788,
              -1.422
            ],
            [
              127.788,
              -1.434
            ]
          ]
        ]
      }
    },
    {
      "type": "Feature",
      "properties": {
        "grid_id": "OBI381",
        "site": "obi_island",
        "location_label": "Obi Island Interior Concession - Maluku Utara greenfield nickel laterite",
        "lithology": "peridotite_simulated",
        "slope_deg": 17.1,
        "distance_to_river_m": 2416,
        "distance_to_road_m": 1917,
        "distance_to_settlement_m": 4046,
        "legal_status": "conditional",
        "distance_to_smelter_km": 76.8,
        "area_ha": 1.77,
        "region_id": "NW",
        "fe_oxide_index": 2.005,
        "clay_index": 2.172,
        "ndvi_stress_index": 0.32,
        "tmi_structural_nT": 45124.6,
        "tmi_anomaly_nT": 124.6,
        "elevation_mdpl": 425.3,
        "geochem_assay_ratio": 1.78
      },
      "geometry": {
        "type": "Polygon",
        "coordinates": [
          [
            [
              127.56,
              -1.422
            ],
            [
              127.572,
              -1.422
            ],
            [
              127.572,
              -1.41
            ],
            [
              127.56,
              -1.41
            ],
            [
              127.56,
              -1.422
            ]
          ]
        ]
      }
    },
    {
      "type": "Feature",
      "properties": {
        "grid_id": "OBI382",
        "site": "obi_island",
        "location_label": "Obi Island Interior Concession - Maluku Utara greenfield nickel laterite",
        "lithology": "ultramafic_simulated",
        "slope_deg": 23.2,
        "distance_to_river_m": 2683,
        "distance_to_road_m": 2257,
        "distance_to_settlement_m": 4980,
        "legal_status": "conditional",
        "distance_to_smelter_km": 73.8,
        "area_ha": 1.77,
        "region_id": "NW",
        "fe_oxide_index": 2.234,
        "clay_index": 2.056,
        "ndvi_stress_index": 0.312,
        "tmi_structural_nT": 45491.5,
        "tmi_anomaly_nT": 491.5,
        "elevation_mdpl": 479.2,
        "geochem_assay_ratio": 2.04
      },
      "geometry": {
        "type": "Polygon",
        "coordinates": [
          [
            [
              127.572,
              -1.422
            ],
            [
              127.584,
              -1.422
            ],
            [
              127.584,
              -1.41
            ],
            [
              127.572,
              -1.41
            ],
            [
              127.572,
              -1.422
            ]
          ]
        ]
      }
    },
    {
      "type": "Feature",
      "properties": {
        "grid_id": "OBI383",
        "site": "obi_island",
        "location_label": "Obi Island Interior Concession - Maluku Utara greenfield nickel laterite",
        "lithology": "alluvium",
        "slope_deg": 22.8,
        "distance_to_river_m": 2461,
        "distance_to_road_m": 2958,
        "distance_to_settlement_m": 6604,
        "legal_status": "conditional",
        "distance_to_smelter_km": 71.0,
        "area_ha": 1.77,
        "region_id": "NW",
        "fe_oxide_index": 1.392,
        "clay_index": 1.06,
        "ndvi_stress_index": 0.605,
        "tmi_structural_nT": 44956.3,
        "tmi_anomaly_nT": -43.7,
        "elevation_mdpl": 466.9,
        "geochem_assay_ratio": 4.9
      },
      "geometry": {
        "type": "Polygon",
        "coordinates": [
          [
            [
              127.584,
              -1.422
            ],
            [
              127.596,
              -1.422
            ],
            [
              127.596,
              -1.41
            ],
            [
              127.584,
              -1.41
            ],
            [
              127.584,
              -1.422
            ]
          ]
        ]
      }
    },
    {
      "type": "Feature",
      "properties": {
        "grid_id": "OBI384",
        "site": "obi_island",
        "location_label": "Obi Island Interior Concession - Maluku Utara greenfield nickel laterite",
        "lithology": "peridotite_simulated",
        "slope_deg": 17.7,
        "distance_to_river_m": 2587,
        "distance_to_road_m": 2182,
        "distance_to_settlement_m": 7521,
        "legal_status": "conditional",
        "distance_to_smelter_km": 68.4,
        "area_ha": 1.77,
        "region_id": "NW",
        "fe_oxide_index": 2.492,
        "clay_index": 1.936,
        "ndvi_stress_index": 0.199,
        "tmi_structural_nT": 45592.6,
        "tmi_anomaly_nT": 592.6,
        "elevation_mdpl": 453.3,
        "geochem_assay_ratio": 3.03
      },
      "geometry": {
        "type": "Polygon",
        "coordinates": [
          [
            [
              127.596,
              -1.422
            ],
            [
              127.608,
              -1.422
            ],
            [
              127.608,
              -1.41
            ],
            [
              127.596,
              -1.41
            ],
            [
              127.596,
              -1.422
            ]
          ]
        ]
      }
    },
    {
      "type": "Feature",
      "properties": {
        "grid_id": "OBI385",
        "site": "obi_island",
        "location_label": "Obi Island Interior Concession - Maluku Utara greenfield nickel laterite",
        "lithology": "mafic_volcanic_simulated",
        "slope_deg": 26.4,
        "distance_to_river_m": 2771,
        "distance_to_road_m": 2567,
        "distance_to_settlement_m": 5022,
        "legal_status": "conditional",
        "distance_to_smelter_km": 66.0,
        "area_ha": 1.77,
        "region_id": "NW",
        "fe_oxide_index": 1.253,
        "clay_index": 1.034,
        "ndvi_stress_index": 0.744,
        "tmi_structural_nT": 45338.3,
        "tmi_anomaly_nT": 338.3,
        "elevation_mdpl": 455.8,
        "geochem_assay_ratio": 5.47
      },
      "geometry": {
        "type": "Polygon",
        "coordinates": [
          [
            [
              127.608,
              -1.422
            ],
            [
              127.62,
              -1.422
            ],
            [
              127.62,
              -1.41
            ],
            [
              127.608,
              -1.41
            ],
            [
              127.608,
              -1.422
            ]
          ]
        ]
      }
    },
    {
      "type": "Feature",
      "properties": {
        "grid_id": "OBI386",
        "site": "obi_island",
        "location_label": "Obi Island Interior Concession - Maluku Utara greenfield nickel laterite",
        "lithology": "peridotite_simulated",
        "slope_deg": 20.4,
        "distance_to_river_m": 774,
        "distance_to_road_m": 4633,
        "distance_to_settlement_m": 8829,
        "legal_status": "conditional",
        "distance_to_smelter_km": 64.0,
        "area_ha": 1.77,
        "region_id": "NW",
        "fe_oxide_index": 2.148,
        "clay_index": 1.728,
        "ndvi_stress_index": 0.218,
        "tmi_structural_nT": 45186.6,
        "tmi_anomaly_nT": 186.6,
        "elevation_mdpl": 459.3,
        "geochem_assay_ratio": 2.59
      },
      "geometry": {
        "type": "Polygon",
        "coordinates": [
          [
            [
              127.62,
              -1.422
            ],
            [
              127.632,
              -1.422
            ],
            [
              127.632,
              -1.41
            ],
            [
              127.62,
              -1.41
            ],
            [
              127.62,
              -1.422
            ]
          ]
        ]
      }
    },
    {
      "type": "Feature",
      "properties": {
        "grid_id": "OBI387",
        "site": "obi_island",
        "location_label": "Obi Island Interior Concession - Maluku Utara greenfield nickel laterite",
        "lithology": "mafic_volcanic_simulated",
        "slope_deg": 20.2,
        "distance_to_river_m": 384,
        "distance_to_road_m": 3801,
        "distance_to_settlement_m": 11451,
        "legal_status": "conditional",
        "distance_to_smelter_km": 62.3,
        "area_ha": 1.77,
        "region_id": "NW",
        "fe_oxide_index": 1.381,
        "clay_index": 1.063,
        "ndvi_stress_index": 0.695,
        "tmi_structural_nT": 44774.2,
        "tmi_anomaly_nT": -225.8,
        "elevation_mdpl": 416.6,
        "geochem_assay_ratio": 5.3
      },
      "geometry": {
        "type": "Polygon",
        "coordinates": [
          [
            [
              127.632,
              -1.422
            ],
            [
              127.644,
              -1.422
            ],
            [
              127.644,
              -1.41
            ],
            [
              127.632,
              -1.41
            ],
            [
              127.632,
              -1.422
            ]
          ]
        ]
      }
    },
    {
      "type": "Feature",
      "properties": {
        "grid_id": "OBI388",
        "site": "obi_island",
        "location_label": "Obi Island Interior Concession - Maluku Utara greenfield nickel laterite",
        "lithology": "ultramafic_simulated",
        "slope_deg": 17.0,
        "distance_to_river_m": 1637,
        "distance_to_road_m": 3479,
        "distance_to_settlement_m": 8309,
        "legal_status": "conditional",
        "distance_to_smelter_km": 61.0,
        "area_ha": 1.77,
        "region_id": "NW",
        "fe_oxide_index": 2.652,
        "clay_index": 1.983,
        "ndvi_stress_index": 0.315,
        "tmi_structural_nT": 45262.4,
        "tmi_anomaly_nT": 262.4,
        "elevation_mdpl": 460.6,
        "geochem_assay_ratio": 2.91
      },
      "geometry": {
        "type": "Polygon",
        "coordinates": [
          [
            [
              127.644,
              -1.422
            ],
            [
              127.656,
              -1.422
            ],
            [
              127.656,
              -1.41
            ],
            [
              127.644,
              -1.41
            ],
            [
              127.644,
              -1.422
            ]
          ]
        ]
      }
    },
    {
      "type": "Feature",
      "properties": {
        "grid_id": "OBI389",
        "site": "obi_island",
        "location_label": "Obi Island Interior Concession - Maluku Utara greenfield nickel laterite",
        "lithology": "serpentinite_simulated",
        "slope_deg": 24.4,
        "distance_to_river_m": 2493,
        "distance_to_road_m": 1468,
        "distance_to_settlement_m": 4493,
        "legal_status": "conditional",
        "distance_to_smelter_km": 60.1,
        "area_ha": 1.77,
        "region_id": "NW",
        "fe_oxide_index": 2.197,
        "clay_index": 2.026,
        "ndvi_stress_index": 0.375,
        "tmi_structural_nT": 45275.5,
        "tmi_anomaly_nT": 275.5,
        "elevation_mdpl": 440.8,
        "geochem_assay_ratio": 3.17
      },
      "geometry": {
        "type": "Polygon",
        "coordinates": [
          [
            [
              127.656,
              -1.422
            ],
            [
              127.668,
              -1.422
            ],
            [
              127.668,
              -1.41
            ],
            [
              127.656,
              -1.41
            ],
            [
              127.656,
              -1.422
            ]
          ]
        ]
      }
    },
    {
      "type": "Feature",
      "properties": {
        "grid_id": "OBI390",
        "site": "obi_island",
        "location_label": "Obi Island Interior Concession - Maluku Utara greenfield nickel laterite",
        "lithology": "serpentinite_simulated",
        "slope_deg": 23.9,
        "distance_to_river_m": 2356,
        "distance_to_road_m": 4154,
        "distance_to_settlement_m": 8891,
        "legal_status": "conditional",
        "distance_to_smelter_km": 59.6,
        "area_ha": 1.77,
        "region_id": "NW",
        "fe_oxide_index": 2.022,
        "clay_index": 1.61,
        "ndvi_stress_index": 0.382,
        "tmi_structural_nT": 45978.5,
        "tmi_anomaly_nT": 978.5,
        "elevation_mdpl": 507.8,
        "geochem_assay_ratio": 2.24
      },
      "geometry": {
        "type": "Polygon",
        "coordinates": [
          [
            [
              127.668,
              -1.422
            ],
            [
              127.68,
              -1.422
            ],
            [
              127.68,
              -1.41
            ],
            [
              127.668,
              -1.41
            ],
            [
              127.668,
              -1.422
            ]
          ]
        ]
      }
    },
    {
      "type": "Feature",
      "properties": {
        "grid_id": "OBI391",
        "site": "obi_island",
        "location_label": "Obi Island Interior Concession - Maluku Utara greenfield nickel laterite",
        "lithology": "ultramafic_simulated",
        "slope_deg": 26.6,
        "distance_to_river_m": 1615,
        "distance_to_road_m": 4909,
        "distance_to_settlement_m": 7370,
        "legal_status": "conditional",
        "distance_to_smelter_km": 59.6,
        "area_ha": 1.77,
        "region_id": "NE",
        "fe_oxide_index": 2.504,
        "clay_index": 2.127,
        "ndvi_stress_index": 0.27,
        "tmi_structural_nT": 45498.9,
        "tmi_anomaly_nT": 498.9,
        "elevation_mdpl": 494.3,
        "geochem_assay_ratio": 1.53
      },
      "geometry": {
        "type": "Polygon",
        "coordinates": [
          [
            [
              127.68,
              -1.422
            ],
            [
              127.692,
              -1.422
            ],
            [
              127.692,
              -1.41
            ],
            [
              127.68,
              -1.41
            ],
            [
              127.68,
              -1.422
            ]
          ]
        ]
      }
    },
    {
      "type": "Feature",
      "properties": {
        "grid_id": "OBI392",
        "site": "obi_island",
        "location_label": "Obi Island Interior Concession - Maluku Utara greenfield nickel laterite",
        "lithology": "alluvium",
        "slope_deg": 23.7,
        "distance_to_river_m": 1066,
        "distance_to_road_m": 1479,
        "distance_to_settlement_m": 10894,
        "legal_status": "conditional",
        "distance_to_smelter_km": 60.1,
        "area_ha": 1.77,
        "region_id": "NE",
        "fe_oxide_index": 1.653,
        "clay_index": 1.191,
        "ndvi_stress_index": 0.696,
        "tmi_structural_nT": 45248.7,
        "tmi_anomaly_nT": 248.7,
        "elevation_mdpl": 458.9,
        "geochem_assay_ratio": 4.67
      },
      "geometry": {
        "type": "Polygon",
        "coordinates": [
          [
            [
              127.692,
              -1.422
            ],
            [
              127.704,
              -1.422
            ],
            [
              127.704,
              -1.41
            ],
            [
              127.692,
              -1.41
            ],
            [
              127.692,
              -1.422
            ]
          ]
        ]
      }
    },
    {
      "type": "Feature",
      "properties": {
        "grid_id": "OBI393",
        "site": "obi_island",
        "location_label": "Obi Island Interior Concession - Maluku Utara greenfield nickel laterite",
        "lithology": "ultramafic_simulated",
        "slope_deg": 23.4,
        "distance_to_river_m": 933,
        "distance_to_road_m": 3723,
        "distance_to_settlement_m": 8357,
        "legal_status": "conditional",
        "distance_to_smelter_km": 61.0,
        "area_ha": 1.77,
        "region_id": "NE",
        "fe_oxide_index": 2.424,
        "clay_index": 1.962,
        "ndvi_stress_index": 0.258,
        "tmi_structural_nT": 45427.5,
        "tmi_anomaly_nT": 427.5,
        "elevation_mdpl": 426.8,
        "geochem_assay_ratio": 2.08
      },
      "geometry": {
        "type": "Polygon",
        "coordinates": [
          [
            [
              127.704,
              -1.422
            ],
            [
              127.716,
              -1.422
            ],
            [
              127.716,
              -1.41
            ],
            [
              127.704,
              -1.41
            ],
            [
              127.704,
              -1.422
            ]
          ]
        ]
      }
    },
    {
      "type": "Feature",
      "properties": {
        "grid_id": "OBI394",
        "site": "obi_island",
        "location_label": "Obi Island Interior Concession - Maluku Utara greenfield nickel laterite",
        "lithology": "peridotite_simulated",
        "slope_deg": 18.3,
        "distance_to_river_m": 2671,
        "distance_to_road_m": 1521,
        "distance_to_settlement_m": 11412,
        "legal_status": "conditional",
        "distance_to_smelter_km": 62.3,
        "area_ha": 1.77,
        "region_id": "NE",
        "fe_oxide_index": 2.581,
        "clay_index": 2.115,
        "ndvi_stress_index": 0.292,
        "tmi_structural_nT": 45490.5,
        "tmi_anomaly_nT": 490.5,
        "elevation_mdpl": 475.9,
        "geochem_assay_ratio": 1.83
      },
      "geometry": {
        "type": "Polygon",
        "coordinates": [
          [
            [
              127.716,
              -1.422
            ],
            [
              127.728,
              -1.422
            ],
            [
              127.728,
              -1.41
            ],
            [
              127.716,
              -1.41
            ],
            [
              127.716,
              -1.422
            ]
          ]
        ]
      }
    },
    {
      "type": "Feature",
      "properties": {
        "grid_id": "OBI395",
        "site": "obi_island",
        "location_label": "Obi Island Interior Concession - Maluku Utara greenfield nickel laterite",
        "lithology": "serpentinite_simulated",
        "slope_deg": 19.4,
        "distance_to_river_m": 1660,
        "distance_to_road_m": 2426,
        "distance_to_settlement_m": 11420,
        "legal_status": "conditional",
        "distance_to_smelter_km": 64.0,
        "area_ha": 1.77,
        "region_id": "NE",
        "fe_oxide_index": 2.117,
        "clay_index": 2.424,
        "ndvi_stress_index": 0.296,
        "tmi_structural_nT": 45597.1,
        "tmi_anomaly_nT": 597.1,
        "elevation_mdpl": 489.6,
        "geochem_assay_ratio": 1.72
      },
      "geometry": {
        "type": "Polygon",
        "coordinates": [
          [
            [
              127.728,
              -1.422
            ],
            [
              127.74,
              -1.422
            ],
            [
              127.74,
              -1.41
            ],
            [
              127.728,
              -1.41
            ],
            [
              127.728,
              -1.422
            ]
          ]
        ]
      }
    },
    {
      "type": "Feature",
      "properties": {
        "grid_id": "OBI396",
        "site": "obi_island",
        "location_label": "Obi Island Interior Concession - Maluku Utara greenfield nickel laterite",
        "lithology": "serpentinite_simulated",
        "slope_deg": 26.7,
        "distance_to_river_m": 2248,
        "distance_to_road_m": 2261,
        "distance_to_settlement_m": 9035,
        "legal_status": "conditional",
        "distance_to_smelter_km": 66.0,
        "area_ha": 1.77,
        "region_id": "NE",
        "fe_oxide_index": 2.832,
        "clay_index": 2.271,
        "ndvi_stress_index": 0.309,
        "tmi_structural_nT": 45285.2,
        "tmi_anomaly_nT": 285.2,
        "elevation_mdpl": 473.8,
        "geochem_assay_ratio": 2.55
      },
      "geometry": {
        "type": "Polygon",
        "coordinates": [
          [
            [
              127.74,
              -1.422
            ],
            [
              127.752,
              -1.422
            ],
            [
              127.752,
              -1.41
            ],
            [
              127.74,
              -1.41
            ],
            [
              127.74,
              -1.422
            ]
          ]
        ]
      }
    },
    {
      "type": "Feature",
      "properties": {
        "grid_id": "OBI397",
        "site": "obi_island",
        "location_label": "Obi Island Interior Concession - Maluku Utara greenfield nickel laterite",
        "lithology": "serpentinite_simulated",
        "slope_deg": 16.6,
        "distance_to_river_m": 2793,
        "distance_to_road_m": 1661,
        "distance_to_settlement_m": 9970,
        "legal_status": "conditional",
        "distance_to_smelter_km": 68.4,
        "area_ha": 1.77,
        "region_id": "NE",
        "fe_oxide_index": 2.133,
        "clay_index": 2.447,
        "ndvi_stress_index": 0.306,
        "tmi_structural_nT": 45104.7,
        "tmi_anomaly_nT": 104.7,
        "elevation_mdpl": 432.4,
        "geochem_assay_ratio": 2.26
      },
      "geometry": {
        "type": "Polygon",
        "coordinates": [
          [
            [
              127.752,
              -1.422
            ],
            [
              127.764,
              -1.422
            ],
            [
              127.764,
              -1.41
            ],
            [
              127.752,
              -1.41
            ],
            [
              127.752,
              -1.422
            ]
          ]
        ]
      }
    },
    {
      "type": "Feature",
      "properties": {
        "grid_id": "OBI398",
        "site": "obi_island",
        "location_label": "Obi Island Interior Concession - Maluku Utara greenfield nickel laterite",
        "lithology": "serpentinite_simulated",
        "slope_deg": 24.5,
        "distance_to_river_m": 1101,
        "distance_to_road_m": 1806,
        "distance_to_settlement_m": 9363,
        "legal_status": "conditional",
        "distance_to_smelter_km": 71.0,
        "area_ha": 1.77,
        "region_id": "NE",
        "fe_oxide_index": 2.125,
        "clay_index": 2.237,
        "ndvi_stress_index": 0.406,
        "tmi_structural_nT": 45737.8,
        "tmi_anomaly_nT": 737.8,
        "elevation_mdpl": 478.7,
        "geochem_assay_ratio": 2.64
      },
      "geometry": {
        "type": "Polygon",
        "coordinates": [
          [
            [
              127.764,
              -1.422
            ],
            [
              127.776,
              -1.422
            ],
            [
              127.776,
              -1.41
            ],
            [
              127.764,
              -1.41
            ],
            [
              127.764,
              -1.422
            ]
          ]
        ]
      }
    },
    {
      "type": "Feature",
      "properties": {
        "grid_id": "OBI399",
        "site": "obi_island",
        "location_label": "Obi Island Interior Concession - Maluku Utara greenfield nickel laterite",
        "lithology": "mafic_volcanic_simulated",
        "slope_deg": 17.2,
        "distance_to_river_m": 1458,
        "distance_to_road_m": 3101,
        "distance_to_settlement_m": 11244,
        "legal_status": "conditional",
        "distance_to_smelter_km": 73.8,
        "area_ha": 1.77,
        "region_id": "NE",
        "fe_oxide_index": 1.624,
        "clay_index": 1.088,
        "ndvi_stress_index": 0.676,
        "tmi_structural_nT": 44571.1,
        "tmi_anomaly_nT": -428.9,
        "elevation_mdpl": 427.5,
        "geochem_assay_ratio": 4.33
      },
      "geometry": {
        "type": "Polygon",
        "coordinates": [
          [
            [
              127.776,
              -1.422
            ],
            [
              127.788,
              -1.422
            ],
            [
              127.788,
              -1.41
            ],
            [
              127.776,
              -1.41
            ],
            [
              127.776,
              -1.422
            ]
          ]
        ]
      }
    },
    {
      "type": "Feature",
      "properties": {
        "grid_id": "OBI400",
        "site": "obi_island",
        "location_label": "Obi Island Interior Concession - Maluku Utara greenfield nickel laterite",
        "lithology": "ultramafic_simulated",
        "slope_deg": 22.6,
        "distance_to_river_m": 610,
        "distance_to_road_m": 3095,
        "distance_to_settlement_m": 4357,
        "legal_status": "allowed",
        "distance_to_smelter_km": 76.8,
        "area_ha": 1.77,
        "region_id": "NE",
        "fe_oxide_index": 2.79,
        "clay_index": 2.351,
        "ndvi_stress_index": 0.216,
        "tmi_structural_nT": 45957.8,
        "tmi_anomaly_nT": 957.8,
        "elevation_mdpl": 415.4,
        "geochem_assay_ratio": 2.04
      },
      "geometry": {
        "type": "Polygon",
        "coordinates": [
          [
            [
              127.788,
              -1.422
            ],
            [
              127.8,
              -1.422
            ],
            [
              127.8,
              -1.41
            ],
            [
              127.788,
              -1.41
            ],
            [
              127.788,
              -1.422
            ]
          ]
        ]
      }
    }
  ]
}