{
  "type": "FeatureCollection",
  "name": "study_grid_gag_island",
  "features": [
    {
      "type": "Feature",
      "properties": {
        "grid_id": "GAG001",
        "site": "gag_island",
        "location_label": "Gag Island - Papua Barat Daya nickel laterite",
        "lithology": "peridotite_simulated",
        "slope_deg": 17.9,
        "distance_to_river_m": 982,
        "distance_to_road_m": 1679,
        "legal_status": "conditional",
        "distance_to_smelter_km": 77.2,
        "area_ha": 0.79,
        "region_id": "SW"
      },
      "geometry": {
        "type": "Polygon",
        "coordinates": [
          [
            [
              129.8,
              -0.15
            ],
            [
              129.808,
              -0.15
            ],
            [
              129.808,
              -0.142
            ],
            [
              129.8,
              -0.142
            ],
            [
              129.8,
              -0.15
            ]
          ]
        ]
      }
    },
    {
      "type": "Feature",
      "properties": {
        "grid_id": "GAG002",
        "site": "gag_island",
        "location_label": "Gag Island - Papua Barat Daya nickel laterite",
        "lithology": "mafic_volcanic_simulated",
        "slope_deg": 16.4,
        "distance_to_river_m": 1191,
        "distance_to_road_m": 3267,
        "legal_status": "no-go",
        "distance_to_smelter_km": 73.7,
        "area_ha": 0.79,
        "region_id": "SW"
      },
      "geometry": {
        "type": "Polygon",
        "coordinates": [
          [
            [
              129.808,
              -0.15
            ],
            [
              129.816,
              -0.15
            ],
            [
              129.816,
              -0.142
            ],
            [
              129.808,
              -0.142
            ],
            [
              129.808,
              -0.15
            ]
          ]
        ]
      }
    },
    {
      "type": "Feature",
      "properties": {
        "grid_id": "GAG003",
        "site": "gag_island",
        "location_label": "Gag Island - Papua Barat Daya nickel laterite",
        "lithology": "peridotite_simulated",
        "slope_deg": 9.1,
        "distance_to_river_m": 1084,
        "distance_to_road_m": 3161,
        "legal_status": "no-go",
        "distance_to_smelter_km": 70.5,
        "area_ha": 0.79,
        "region_id": "SW"
      },
      "geometry": {
        "type": "Polygon",
        "coordinates": [
          [
            [
              129.816,
              -0.15
            ],
            [
              129.824,
              -0.15
            ],
            [
              129.824,
              -0.142
            ],
            [
              129.816,
              -0.142
            ],
            [
              129.816,
              -0.15
            ]
          ]
        ]
      }
    },
    {
      "type": "Feature",
      "properties": {
        "grid_id": "GAG004",
        "site": "gag_island",
        "location_label": "Gag Island - Papua Barat Daya nickel laterite",
        "lithology": "serpentinite_simulated",
        "slope_deg": 11.4,
        "distance_to_river_m": 698,
        "distance_to_road_m": 2403,
        "legal_status": "allowed",
        "distance_to_smelter_km": 67.6,
        "area_ha": 0.79,
        "region_id": "SW"
      },
      "geometry": {
        "type": "Polygon",
        "coordinates": [
          [
            [
              129.824,
              -0.15
            ],
            [
              129.832,
              -0.15
            ],
            [
              129.832,
              -0.142
            ],
            [
              129.824,
              -0.142
            ],
            [
              129.824,
              -0.15
            ]
          ]
        ]
      }
    },
    {
      "type": "Feature",
      "properties": {
        "grid_id": "GAG005",
        "site": "gag_island",
        "location_label": "Gag Island - Papua Barat Daya nickel laterite",
        "lithology": "ultramafic_simulated",
        "slope_deg": 16.1,
        "distance_to_river_m": 506,
        "distance_to_road_m": 2883,
        "legal_status": "conditional",
        "distance_to_smelter_km": 64.9,
        "area_ha": 0.79,
        "region_id": "SW"
      },
      "geometry": {
        "type": "Polygon",
        "coordinates": [
          [
            [
              129.832,
              -0.15
            ],
            [
              129.84,
              -0.15
            ],
            [
              129.84,
              -0.142
            ],
            [
              129.832,
              -0.142
            ],
            [
              129.832,
              -0.15
            ]
          ]
        ]
      }
    },
    {
      "type": "Feature",
      "properties": {
        "grid_id": "GAG006",
        "site": "gag_island",
        "location_label": "Gag Island - Papua Barat Daya nickel laterite",
        "lithology": "serpentinite_simulated",
        "slope_deg": 11.3,
        "distance_to_river_m": 957,
        "distance_to_road_m": 2202,
        "legal_status": "no-go",
        "distance_to_smelter_km": 62.6,
        "area_ha": 0.79,
        "region_id": "SW"
      },
      "geometry": {
        "type": "Polygon",
        "coordinates": [
          [
            [
              129.84,
              -0.15
            ],
            [
              129.848,
              -0.15
            ],
            [
              129.848,
              -0.142
            ],
            [
              129.84,
              -0.142
            ],
            [
              129.84,
              -0.15
            ]
          ]
        ]
      }
    },
    {
      "type": "Feature",
      "properties": {
        "grid_id": "GAG007",
        "site": "gag_island",
        "location_label": "Gag Island - Papua Barat Daya nickel laterite",
        "lithology": "peridotite_simulated",
        "slope_deg": 16.4,
        "distance_to_river_m": 536,
        "distance_to_road_m": 2749,
        "legal_status": "allowed",
        "distance_to_smelter_km": 60.6,
        "area_ha": 0.79,
        "region_id": "SW"
      },
      "geometry": {
        "type": "Polygon",
        "coordinates": [
          [
            [
              129.848,
              -0.15
            ],
            [
              129.856,
              -0.15
            ],
            [
              129.856,
              -0.142
            ],
            [
              129.848,
              -0.142
            ],
            [
              129.848,
              -0.15
            ]
          ]
        ]
      }
    },
    {
      "type": "Feature",
      "properties": {
        "grid_id": "GAG008",
        "site": "gag_island",
        "location_label": "Gag Island - Papua Barat Daya nickel laterite",
        "lithology": "peridotite_simulated",
        "slope_deg": 13.6,
        "distance_to_river_m": 329,
        "distance_to_road_m": 3165,
        "legal_status": "allowed",
        "distance_to_smelter_km": 59.1,
        "area_ha": 0.79,
        "region_id": "SW"
      },
      "geometry": {
        "type": "Polygon",
        "coordinates": [
          [
            [
              129.856,
              -0.15
            ],
            [
              129.864,
              -0.15
            ],
            [
              129.864,
              -0.142
            ],
            [
              129.856,
              -0.142
            ],
            [
              129.856,
              -0.15
            ]
          ]
        ]
      }
    },
    {
      "type": "Feature",
      "properties": {
        "grid_id": "GAG009",
        "site": "gag_island",
        "location_label": "Gag Island - Papua Barat Daya nickel laterite",
        "lithology": "serpentinite_simulated",
        "slope_deg": 7.2,
        "distance_to_river_m": 582,
        "distance_to_road_m": 2880,
        "legal_status": "conditional",
        "distance_to_smelter_km": 58.1,
        "area_ha": 0.79,
        "region_id": "SW"
      },
      "geometry": {
        "type": "Polygon",
        "coordinates": [
          [
            [
              129.864,
              -0.15
            ],
            [
              129.872,
              -0.15
            ],
            [
              129.872,
              -0.142
            ],
            [
              129.864,
              -0.142
            ],
            [
              129.864,
              -0.15
            ]
          ]
        ]
      }
    },
    {
      "type": "Feature",
      "properties": {
        "grid_id": "GAG010",
        "site": "gag_island",
        "location_label": "Gag Island - Papua Barat Daya nickel laterite",
        "lithology": "serpentinite_simulated",
        "slope_deg": 11.4,
        "distance_to_river_m": 354,
        "distance_to_road_m": 2624,
        "legal_status": "allowed",
        "distance_to_smelter_km": 57.6,
        "area_ha": 0.79,
        "region_id": "SW"
      },
      "geometry": {
        "type": "Polygon",
        "coordinates": [
          [
            [
              129.872,
              -0.15
            ],
            [
              129.88,
              -0.15
            ],
            [
              129.88,
              -0.142
            ],
            [
              129.872,
              -0.142
            ],
            [
              129.872,
              -0.15
            ]
          ]
        ]
      }
    },
    {
      "type": "Feature",
      "properties": {
        "grid_id": "GAG011",
        "site": "gag_island",
        "location_label": "Gag Island - Papua Barat Daya nickel laterite",
        "lithology": "serpentinite_simulated",
        "slope_deg": 7.7,
        "distance_to_river_m": 995,
        "distance_to_road_m": 3469,
        "legal_status": "allowed",
        "distance_to_smelter_km": 57.6,
        "area_ha": 0.79,
        "region_id": "SE"
      },
      "geometry": {
        "type": "Polygon",
        "coordinates": [
          [
            [
              129.88,
              -0.15
            ],
            [
              129.888,
              -0.15
            ],
            [
              129.888,
              -0.142
            ],
            [
              129.88,
              -0.142
            ],
            [
              129.88,
              -0.15
            ]
          ]
        ]
      }
    },
    {
      "type": "Feature",
      "properties": {
        "grid_id": "GAG012",
        "site": "gag_island",
        "location_label": "Gag Island - Papua Barat Daya nickel laterite",
        "lithology": "serpentinite_simulated",
        "slope_deg": 17.4,
        "distance_to_river_m": 176,
        "distance_to_road_m": 1041,
        "legal_status": "allowed",
        "distance_to_smelter_km": 58.1,
        "area_ha": 0.79,
        "region_id": "SE"
      },
      "geometry": {
        "type": "Polygon",
        "coordinates": [
          [
            [
              129.888,
              -0.15
            ],
            [
              129.896,
              -0.15
            ],
            [
              129.896,
              -0.142
            ],
            [
              129.888,
              -0.142
            ],
            [
              129.888,
              -0.15
            ]
          ]
        ]
      }
    },
    {
      "type": "Feature",
      "properties": {
        "grid_id": "GAG013",
        "site": "gag_island",
        "location_label": "Gag Island - Papua Barat Daya nickel laterite",
        "lithology": "peridotite_simulated",
        "slope_deg": 5.0,
        "distance_to_river_m": 1076,
        "distance_to_road_m": 345,
        "legal_status": "allowed",
        "distance_to_smelter_km": 59.1,
        "area_ha": 0.79,
        "region_id": "SE"
      },
      "geometry": {
        "type": "Polygon",
        "coordinates": [
          [
            [
              129.896,
              -0.15
            ],
            [
              129.904,
              -0.15
            ],
            [
              129.904,
              -0.142
            ],
            [
              129.896,
              -0.142
            ],
            [
              129.896,
              -0.15
            ]
          ]
        ]
      }
    },
    {
      "type": "Feature",
      "properties": {
        "grid_id": "GAG014",
        "site": "gag_island",
        "location_label": "Gag Island - Papua Barat Daya nickel laterite",
        "lithology": "mafic_volcanic_simulated",
        "slope_deg": 16.4,
        "distance_to_river_m": 121,
        "distance_to_road_m": 629,
        "legal_status": "conditional",
        "distance_to_smelter_km": 60.6,
        "area_ha": 0.79,
        "region_id": "SE"
      },
      "geometry": {
        "type": "Polygon",
        "coordinates": [
          [
            [
              129.904,
              -0.15
            ],
            [
              129.912,
              -0.15
            ],
            [
              129.912,
              -0.142
            ],
            [
              129.904,
              -0.142
            ],
            [
              129.904,
              -0.15
            ]
          ]
        ]
      }
    },
    {
      "type": "Feature",
      "properties": {
        "grid_id": "GAG015",
        "site": "gag_island",
        "location_label": "Gag Island - Papua Barat Daya nickel laterite",
        "lithology": "peridotite_simulated",
        "slope_deg": 6.0,
        "distance_to_river_m": 1152,
        "distance_to_road_m": 2028,
        "legal_status": "allowed",
        "distance_to_smelter_km": 62.6,
        "area_ha": 0.79,
        "region_id": "SE"
      },
      "geometry": {
        "type": "Polygon",
        "coordinates": [
          [
            [
              129.912,
              -0.15
            ],
            [
              129.92,
              -0.15
            ],
            [
              129.92,
              -0.142
            ],
            [
              129.912,
              -0.142
            ],
            [
              129.912,
              -0.15
            ]
          ]
        ]
      }
    },
    {
      "type": "Feature",
      "properties": {
        "grid_id": "GAG016",
        "site": "gag_island",
        "location_label": "Gag Island - Papua Barat Daya nickel laterite",
        "lithology": "ultramafic_simulated",
        "slope_deg": 5.7,
        "distance_to_river_m": 258,
        "distance_to_road_m": 2965,
        "legal_status": "no-go",
        "distance_to_smelter_km": 64.9,
        "area_ha": 0.79,
        "region_id": "SE"
      },
      "geometry": {
        "type": "Polygon",
        "coordinates": [
          [
            [
              129.92,
              -0.15
            ],
            [
              129.928,
              -0.15
            ],
            [
              129.928,
              -0.142
            ],
            [
              129.92,
              -0.142
            ],
            [
              129.92,
              -0.15
            ]
          ]
        ]
      }
    },
    {
      "type": "Feature",
      "properties": {
        "grid_id": "GAG017",
        "site": "gag_island",
        "location_label": "Gag Island - Papua Barat Daya nickel laterite",
        "lithology": "serpentinite_simulated",
        "slope_deg": 9.0,
        "distance_to_river_m": 299,
        "distance_to_road_m": 1157,
        "legal_status": "allowed",
        "distance_to_smelter_km": 67.6,
        "area_ha": 0.79,
        "region_id": "SE"
      },
      "geometry": {
        "type": "Polygon",
        "coordinates": [
          [
            [
              129.928,
              -0.15
            ],
            [
              129.936,
              -0.15
            ],
            [
              129.936,
              -0.142
            ],
            [
              129.928,
              -0.142
            ],
            [
              129.928,
              -0.15
            ]
          ]
        ]
      }
    },
    {
      "type": "Feature",
      "properties": {
        "grid_id": "GAG018",
        "site": "gag_island",
        "location_label": "Gag Island - Papua Barat Daya nickel laterite",
        "lithology": "peridotite_simulated",
        "slope_deg": 14.4,
        "distance_to_river_m": 718,
        "distance_to_road_m": 1271,
        "legal_status": "no-go",
        "distance_to_smelter_km": 70.5,
        "area_ha": 0.79,
        "region_id": "SE"
      },
      "geometry": {
        "type": "Polygon",
        "coordinates": [
          [
            [
              129.936,
              -0.15
            ],
            [
              129.944,
              -0.15
            ],
            [
              129.944,
              -0.142
            ],
            [
              129.936,
              -0.142
            ],
            [
              129.936,
              -0.15
            ]
          ]
        ]
      }
    },
    {
      "type": "Feature",
      "properties": {
        "grid_id": "GAG019",
        "site": "gag_island",
        "location_label": "Gag Island - Papua Barat Daya nickel laterite",
        "lithology": "serpentinite_simulated",
        "slope_deg": 11.6,
        "distance_to_river_m": 1028,
        "distance_to_road_m": 2568,
        "legal_status": "allowed",
        "distance_to_smelter_km": 73.7,
        "area_ha": 0.79,
        "region_id": "SE"
      },
      "geometry": {
        "type": "Polygon",
        "coordinates": [
          [
            [
              129.944,
              -0.15
            ],
            [
              129.952,
              -0.15
            ],
            [
              129.952,
              -0.142
            ],
            [
              129.944,
              -0.142
            ],
            [
              129.944,
              -0.15
            ]
          ]
        ]
      }
    },
    {
      "type": "Feature",
      "properties": {
        "grid_id": "GAG020",
        "site": "gag_island",
        "location_label": "Gag Island - Papua Barat Daya nickel laterite",
        "lithology": "peridotite_simulated",
        "slope_deg": 15.8,
        "distance_to_river_m": 756,
        "distance_to_road_m": 3019,
        "legal_status": "allowed",
        "distance_to_smelter_km": 77.2,
        "area_ha": 0.79,
        "region_id": "SE"
      },
      "geometry": {
        "type": "Polygon",
        "coordinates": [
          [
            [
              129.952,
              -0.15
            ],
            [
              129.96,
              -0.15
            ],
            [
              129.96,
              -0.142
            ],
            [
              129.952,
              -0.142
            ],
            [
              129.952,
              -0.15
            ]
          ]
        ]
      }
    },
    {
      "type": "Feature",
      "properties": {
        "grid_id": "GAG021",
        "site": "gag_island",
        "location_label": "Gag Island - Papua Barat Daya nickel laterite",
        "lithology": "serpentinite_simulated",
        "slope_deg": 7.0,
        "distance_to_river_m": 811,
        "distance_to_road_m": 1783,
        "legal_status": "no-go",
        "distance_to_smelter_km": 73.7,
        "area_ha": 0.79,
        "region_id": "SW"
      },
      "geometry": {
        "type": "Polygon",
        "coordinates": [
          [
            [
              129.8,
              -0.142
            ],
            [
              129.808,
              -0.142
            ],
            [
              129.808,
              -0.134
            ],
            [
              129.8,
              -0.134
            ],
            [
              129.8,
              -0.142
            ]
          ]
        ]
      }
    },
    {
      "type": "Feature",
      "properties": {
        "grid_id": "GAG022",
        "site": "gag_island",
        "location_label": "Gag Island - Papua Barat Daya nickel laterite",
        "lithology": "ultramafic_simulated",
        "slope_deg": 8.2,
        "distance_to_river_m": 214,
        "distance_to_road_m": 3273,
        "legal_status": "allowed",
        "distance_to_smelter_km": 70.1,
        "area_ha": 0.79,
        "region_id": "SW"
      },
      "geometry": {
        "type": "Polygon",
        "coordinates": [
          [
            [
              129.808,
              -0.142
            ],
            [
              129.816,
              -0.142
            ],
            [
              129.816,
              -0.134
            ],
            [
              129.808,
              -0.134
            ],
            [
              129.808,
              -0.142
            ]
          ]
        ]
      }
    },
    {
      "type": "Feature",
      "properties": {
        "grid_id": "GAG023",
        "site": "gag_island",
        "location_label": "Gag Island - Papua Barat Daya nickel laterite",
        "lithology": "serpentinite_simulated",
        "slope_deg": 5.4,
        "distance_to_river_m": 699,
        "distance_to_road_m": 3210,
        "legal_status": "no-go",
        "distance_to_smelter_km": 66.7,
        "area_ha": 0.79,
        "region_id": "SW"
      },
      "geometry": {
        "type": "Polygon",
        "coordinates": [
          [
            [
              129.816,
              -0.142
            ],
            [
              129.824,
              -0.142
            ],
            [
              129.824,
              -0.134
            ],
            [
              129.816,
              -0.134
            ],
            [
              129.816,
              -0.142
            ]
          ]
        ]
      }
    },
    {
      "type": "Feature",
      "properties": {
        "grid_id": "GAG024",
        "site": "gag_island",
        "location_label": "Gag Island - Papua Barat Daya nickel laterite",
        "lithology": "mafic_volcanic_simulated",
        "slope_deg": 5.6,
        "distance_to_river_m": 979,
        "distance_to_road_m": 3490,
        "legal_status": "allowed",
        "distance_to_smelter_km": 63.5,
        "area_ha": 0.79,
        "region_id": "SW"
      },
      "geometry": {
        "type": "Polygon",
        "coordinates": [
          [
            [
              129.824,
              -0.142
            ],
            [
              129.832,
              -0.142
            ],
            [
              129.832,
              -0.134
            ],
            [
              129.824,
              -0.134
            ],
            [
              129.824,
              -0.142
            ]
          ]
        ]
      }
    },
    {
      "type": "Feature",
      "properties": {
        "grid_id": "GAG025",
        "site": "gag_island",
        "location_label": "Gag Island - Papua Barat Daya nickel laterite",
        "lithology": "serpentinite_simulated",
        "slope_deg": 17.6,
        "distance_to_river_m": 559,
        "distance_to_road_m": 3131,
        "legal_status": "allowed",
        "distance_to_smelter_km": 60.6,
        "area_ha": 0.79,
        "region_id": "SW"
      },
      "geometry": {
        "type": "Polygon",
        "coordinates": [
          [
            [
              129.832,
              -0.142
            ],
            [
              129.84,
              -0.142
            ],
            [
              129.84,
              -0.134
            ],
            [
              129.832,
              -0.134
            ],
            [
              129.832,
              -0.142
            ]
          ]
        ]
      }
    },
    {
      "type": "Feature",
      "properties": {
        "grid_id": "GAG026",
        "site": "gag_island",
        "location_label": "Gag Island - Papua Barat Daya nickel laterite",
        "lithology": "ultramafic_simulated",
        "slope_deg": 9.5,
        "distance_to_river_m": 262,
        "distance_to_road_m": 2326,
        "legal_status": "allowed",
        "distance_to_smelter_km": 58.1,
        "area_ha": 0.79,
        "region_id": "SW"
      },
      "geometry": {
        "type": "Polygon",
        "coordinates": [
          [
            [
              129.84,
              -0.142
            ],
            [
              129.848,
              -0.142
            ],
            [
              129.848,
              -0.134
            ],
            [
              129.84,
              -0.134
            ],
            [
              129.84,
              -0.142
            ]
          ]
        ]
      }
    },
    {
      "type": "Feature",
      "properties": {
        "grid_id": "GAG027",
        "site": "gag_island",
        "location_label": "Gag Island - Papua Barat Daya nickel laterite",
        "lithology": "serpentinite_simulated",
        "slope_deg": 9.5,
        "distance_to_river_m": 307,
        "distance_to_road_m": 2284,
        "legal_status": "no-go",
        "distance_to_smelter_km": 56.0,
        "area_ha": 0.79,
        "region_id": "SW"
      },
      "geometry": {
        "type": "Polygon",
        "coordinates": [
          [
            [
              129.848,
              -0.142
            ],
            [
              129.856,
              -0.142
            ],
            [
              129.856,
              -0.134
            ],
            [
              129.848,
              -0.134
            ],
            [
              129.848,
              -0.142
            ]
          ]
        ]
      }
    },
    {
      "type": "Feature",
      "properties": {
        "grid_id": "GAG028",
        "site": "gag_island",
        "location_label": "Gag Island - Papua Barat Daya nickel laterite",
        "lithology": "ultramafic_simulated",
        "slope_deg": 6.7,
        "distance_to_river_m": 118,
        "distance_to_road_m": 1204,
        "legal_status": "conditional",
        "distance_to_smelter_km": 54.3,
        "area_ha": 0.79,
        "region_id": "SW"
      },
      "geometry": {
        "type": "Polygon",
        "coordinates": [
          [
            [
              129.856,
              -0.142
            ],
            [
              129.864,
              -0.142
            ],
            [
              129.864,
              -0.134
            ],
            [
              129.856,
              -0.134
            ],
            [
              129.856,
              -0.142
            ]
          ]
        ]
      }
    },
    {
      "type": "Feature",
      "properties": {
        "grid_id": "GAG029",
        "site": "gag_island",
        "location_label": "Gag Island - Papua Barat Daya nickel laterite",
        "lithology": "alluvium",
        "slope_deg": 15.8,
        "distance_to_river_m": 282,
        "distance_to_road_m": 2467,
        "legal_status": "conditional",
        "distance_to_smelter_km": 53.2,
        "area_ha": 0.79,
        "region_id": "SW"
      },
      "geometry": {
        "type": "Polygon",
        "coordinates": [
          [
            [
              129.864,
              -0.142
            ],
            [
              129.872,
              -0.142
            ],
            [
              129.872,
              -0.134
            ],
            [
              129.864,
              -0.134
            ],
            [
              129.864,
              -0.142
            ]
          ]
        ]
      }
    },
    {
      "type": "Feature",
      "properties": {
        "grid_id": "GAG030",
        "site": "gag_island",
        "location_label": "Gag Island - Papua Barat Daya nickel laterite",
        "lithology": "peridotite_simulated",
        "slope_deg": 13.7,
        "distance_to_river_m": 89,
        "distance_to_road_m": 1636,
        "legal_status": "allowed",
        "distance_to_smelter_km": 52.6,
        "area_ha": 0.79,
        "region_id": "SW"
      },
      "geometry": {
        "type": "Polygon",
        "coordinates": [
          [
            [
              129.872,
              -0.142
            ],
            [
              129.88,
              -0.142
            ],
            [
              129.88,
              -0.134
            ],
            [
              129.872,
              -0.134
            ],
            [
              129.872,
              -0.142
            ]
          ]
        ]
      }
    },
    {
      "type": "Feature",
      "properties": {
        "grid_id": "GAG031",
        "site": "gag_island",
        "location_label": "Gag Island - Papua Barat Daya nickel laterite",
        "lithology": "alluvium",
        "slope_deg": 6.2,
        "distance_to_river_m": 468,
        "distance_to_road_m": 3225,
        "legal_status": "allowed",
        "distance_to_smelter_km": 52.6,
        "area_ha": 0.79,
        "region_id": "SE"
      },
      "geometry": {
        "type": "Polygon",
        "coordinates": [
          [
            [
              129.88,
              -0.142
            ],
            [
              129.888,
              -0.142
            ],
            [
              129.888,
              -0.134
            ],
            [
              129.88,
              -0.134
            ],
            [
              129.88,
              -0.142
            ]
          ]
        ]
      }
    },
    {
      "type": "Feature",
      "properties": {
        "grid_id": "GAG032",
        "site": "gag_island",
        "location_label": "Gag Island - Papua Barat Daya nickel laterite",
        "lithology": "peridotite_simulated",
        "slope_deg": 12.1,
        "distance_to_river_m": 143,
        "distance_to_road_m": 3366,
        "legal_status": "no-go",
        "distance_to_smelter_km": 53.2,
        "area_ha": 0.79,
        "region_id": "SE"
      },
      "geometry": {
        "type": "Polygon",
        "coordinates": [
          [
            [
              129.888,
              -0.142
            ],
            [
              129.896,
              -0.142
            ],
            [
              129.896,
              -0.134
            ],
            [
              129.888,
              -0.134
            ],
            [
              129.888,
              -0.142
            ]
          ]
        ]
      }
    },
    {
      "type": "Feature",
      "properties": {
        "grid_id": "GAG033",
        "site": "gag_island",
        "location_label": "Gag Island - Papua Barat Daya nickel laterite",
        "lithology": "peridotite_simulated",
        "slope_deg": 10.5,
        "distance_to_river_m": 846,
        "distance_to_road_m": 2737,
        "legal_status": "allowed",
        "distance_to_smelter_km": 54.3,
        "area_ha": 0.79,
        "region_id": "SE"
      },
      "geometry": {
        "type": "Polygon",
        "coordinates": [
          [
            [
              129.896,
              -0.142
            ],
            [
              129.904,
              -0.142
            ],
            [
              129.904,
              -0.134
            ],
            [
              129.896,
              -0.134
            ],
            [
              129.896,
              -0.142
            ]
          ]
        ]
      }
    },
    {
      "type": "Feature",
      "properties": {
        "grid_id": "GAG034",
        "site": "gag_island",
        "location_label": "Gag Island - Papua Barat Daya nickel laterite",
        "lithology": "ultramafic_simulated",
        "slope_deg": 10.7,
        "distance_to_river_m": 125,
        "distance_to_road_m": 2843,
        "legal_status": "allowed",
        "distance_to_smelter_km": 56.0,
        "area_ha": 0.79,
        "region_id": "SE"
      },
      "geometry": {
        "type": "Polygon",
        "coordinates": [
          [
            [
              129.904,
              -0.142
            ],
            [
              129.912,
              -0.142
            ],
            [
              129.912,
              -0.134
            ],
            [
              129.904,
              -0.134
            ],
            [
              129.904,
              -0.142
            ]
          ]
        ]
      }
    },
    {
      "type": "Feature",
      "properties": {
        "grid_id": "GAG035",
        "site": "gag_island",
        "location_label": "Gag Island - Papua Barat Daya nickel laterite",
        "lithology": "mafic_volcanic_simulated",
        "slope_deg": 8.2,
        "distance_to_river_m": 762,
        "distance_to_road_m": 3165,
        "legal_status": "allowed",
        "distance_to_smelter_km": 58.1,
        "area_ha": 0.79,
        "region_id": "SE"
      },
      "geometry": {
        "type": "Polygon",
        "coordinates": [
          [
            [
              129.912,
              -0.142
            ],
            [
              129.92,
              -0.142
            ],
            [
              129.92,
              -0.134
            ],
            [
              129.912,
              -0.134
            ],
            [
              129.912,
              -0.142
            ]
          ]
        ]
      }
    },
    {
      "type": "Feature",
      "properties": {
        "grid_id": "GAG036",
        "site": "gag_island",
        "location_label": "Gag Island - Papua Barat Daya nickel laterite",
        "lithology": "alluvium",
        "slope_deg": 12.6,
        "distance_to_river_m": 1145,
        "distance_to_road_m": 343,
        "legal_status": "allowed",
        "distance_to_smelter_km": 60.6,
        "area_ha": 0.79,
        "region_id": "SE"
      },
      "geometry": {
        "type": "Polygon",
        "coordinates": [
          [
            [
              129.92,
              -0.142
            ],
            [
              129.928,
              -0.142
            ],
            [
              129.928,
              -0.134
            ],
            [
              129.92,
              -0.134
            ],
            [
              129.92,
              -0.142
            ]
          ]
        ]
      }
    },
    {
      "type": "Feature",
      "properties": {
        "grid_id": "GAG037",
        "site": "gag_island",
        "location_label": "Gag Island - Papua Barat Daya nickel laterite",
        "lithology": "peridotite_simulated",
        "slope_deg": 7.2,
        "distance_to_river_m": 1061,
        "distance_to_road_m": 2145,
        "legal_status": "allowed",
        "distance_to_smelter_km": 63.5,
        "area_ha": 0.79,
        "region_id": "SE"
      },
      "geometry": {
        "type": "Polygon",
        "coordinates": [
          [
            [
              129.928,
              -0.142
            ],
            [
              129.936,
              -0.142
            ],
            [
              129.936,
              -0.134
            ],
            [
              129.928,
              -0.134
            ],
            [
              129.928,
              -0.142
            ]
          ]
        ]
      }
    },
    {
      "type": "Feature",
      "properties": {
        "grid_id": "GAG038",
        "site": "gag_island",
        "location_label": "Gag Island - Papua Barat Daya nickel laterite",
        "lithology": "serpentinite_simulated",
        "slope_deg": 13.0,
        "distance_to_river_m": 203,
        "distance_to_road_m": 1358,
        "legal_status": "conditional",
        "distance_to_smelter_km": 66.7,
        "area_ha": 0.79,
        "region_id": "SE"
      },
      "geometry": {
        "type": "Polygon",
        "coordinates": [
          [
            [
              129.936,
              -0.142
            ],
            [
              129.944,
              -0.142
            ],
            [
              129.944,
              -0.134
            ],
            [
              129.936,
              -0.134
            ],
            [
              129.936,
              -0.142
            ]
          ]
        ]
      }
    },
    {
      "type": "Feature",
      "properties": {
        "grid_id": "GAG039",
        "site": "gag_island",
        "location_label": "Gag Island - Papua Barat Daya nickel laterite",
        "lithology": "serpentinite_simulated",
        "slope_deg": 6.3,
        "distance_to_river_m": 303,
        "distance_to_road_m": 1810,
        "legal_status": "allowed",
        "distance_to_smelter_km": 70.1,
        "area_ha": 0.79,
        "region_id": "SE"
      },
      "geometry": {
        "type": "Polygon",
        "coordinates": [
          [
            [
              129.944,
              -0.142
            ],
            [
              129.952,
              -0.142
            ],
            [
              129.952,
              -0.134
            ],
            [
              129.944,
              -0.134
            ],
            [
              129.944,
              -0.142
            ]
          ]
        ]
      }
    },
    {
      "type": "Feature",
      "properties": {
        "grid_id": "GAG040",
        "site": "gag_island",
        "location_label": "Gag Island - Papua Barat Daya nickel laterite",
        "lithology": "mafic_volcanic_simulated",
        "slope_deg": 5.8,
        "distance_to_river_m": 289,
        "distance_to_road_m": 468,
        "legal_status": "allowed",
        "distance_to_smelter_km": 73.7,
        "area_ha": 0.79,
        "region_id": "SE"
      },
      "geometry": {
        "type": "Polygon",
        "coordinates": [
          [
            [
              129.952,
              -0.142
            ],
            [
              129.96,
              -0.142
            ],
            [
              129.96,
              -0.134
            ],
            [
              129.952,
              -0.134
            ],
            [
              129.952,
              -0.142
            ]
          ]
        ]
      }
    },
    {
      "type": "Feature",
      "properties": {
        "grid_id": "GAG041",
        "site": "gag_island",
        "location_label": "Gag Island - Papua Barat Daya nickel laterite",
        "lithology": "ultramafic_simulated",
        "slope_deg": 12.1,
        "distance_to_river_m": 1136,
        "distance_to_road_m": 2153,
        "legal_status": "allowed",
        "distance_to_smelter_km": 70.5,
        "area_ha": 0.79,
        "region_id": "SW"
      },
      "geometry": {
        "type": "Polygon",
        "coordinates": [
          [
            [
              129.8,
              -0.134
            ],
            [
              129.808,
              -0.134
            ],
            [
              129.808,
              -0.126
            ],
            [
              129.8,
              -0.126
            ],
            [
              129.8,
              -0.134
            ]
          ]
        ]
      }
    },
    {
      "type": "Feature",
      "properties": {
        "grid_id": "GAG042",
        "site": "gag_island",
        "location_label": "Gag Island - Papua Barat Daya nickel laterite",
        "lithology": "ultramafic_simulated",
        "slope_deg": 7.9,
        "distance_to_river_m": 478,
        "distance_to_road_m": 2424,
        "legal_status": "allowed",
        "distance_to_smelter_km": 66.7,
        "area_ha": 0.79,
        "region_id": "SW"
      },
      "geometry": {
        "type": "Polygon",
        "coordinates": [
          [
            [
              129.808,
              -0.134
            ],
            [
              129.816,
              -0.134
            ],
            [
              129.816,
              -0.126
            ],
            [
              129.808,
              -0.126
            ],
            [
              129.808,
              -0.134
            ]
          ]
        ]
      }
    },
    {
      "type": "Feature",
      "properties": {
        "grid_id": "GAG043",
        "site": "gag_island",
        "location_label": "Gag Island - Papua Barat Daya nickel laterite",
        "lithology": "serpentinite_simulated",
        "slope_deg": 13.9,
        "distance_to_river_m": 316,
        "distance_to_road_m": 2364,
        "legal_status": "conditional",
        "distance_to_smelter_km": 63.0,
        "area_ha": 0.79,
        "region_id": "SW"
      },
      "geometry": {
        "type": "Polygon",
        "coordinates": [
          [
            [
              129.816,
              -0.134
            ],
            [
              129.824,
              -0.134
            ],
            [
              129.824,
              -0.126
            ],
            [
              129.816,
              -0.126
            ],
            [
              129.816,
              -0.134
            ]
          ]
        ]
      }
    },
    {
      "type": "Feature",
      "properties": {
        "grid_id": "GAG044",
        "site": "gag_island",
        "location_label": "Gag Island - Papua Barat Daya nickel laterite",
        "lithology": "serpentinite_simulated",
        "slope_deg": 6.8,
        "distance_to_river_m": 657,
        "distance_to_road_m": 2336,
        "legal_status": "conditional",
        "distance_to_smelter_km": 59.6,
        "area_ha": 0.79,
        "region_id": "SW"
      },
      "geometry": {
        "type": "Polygon",
        "coordinates": [
          [
            [
              129.824,
              -0.134
            ],
            [
              129.832,
              -0.134
            ],
            [
              129.832,
              -0.126
            ],
            [
              129.824,
              -0.126
            ],
            [
              129.824,
              -0.134
            ]
          ]
        ]
      }
    },
    {
      "type": "Feature",
      "properties": {
        "grid_id": "GAG045",
        "site": "gag_island",
        "location_label": "Gag Island - Papua Barat Daya nickel laterite",
        "lithology": "serpentinite_simulated",
        "slope_deg": 8.1,
        "distance_to_river_m": 236,
        "distance_to_road_m": 1872,
        "legal_status": "conditional",
        "distance_to_smelter_km": 56.5,
        "area_ha": 0.79,
        "region_id": "SW"
      },
      "geometry": {
        "type": "Polygon",
        "coordinates": [
          [
            [
              129.832,
              -0.134
            ],
            [
              129.84,
              -0.134
            ],
            [
              129.84,
              -0.126
            ],
            [
              129.832,
              -0.126
            ],
            [
              129.832,
              -0.134
            ]
          ]
        ]
      }
    },
    {
      "type": "Feature",
      "properties": {
        "grid_id": "GAG046",
        "site": "gag_island",
        "location_label": "Gag Island - Papua Barat Daya nickel laterite",
        "lithology": "mafic_volcanic_simulated",
        "slope_deg": 13.8,
        "distance_to_river_m": 622,
        "distance_to_road_m": 2396,
        "legal_status": "no-go",
        "distance_to_smelter_km": 53.7,
        "area_ha": 0.79,
        "region_id": "SW"
      },
      "geometry": {
        "type": "Polygon",
        "coordinates": [
          [
            [
              129.84,
              -0.134
            ],
            [
              129.848,
              -0.134
            ],
            [
              129.848,
              -0.126
            ],
            [
              129.84,
              -0.126
            ],
            [
              129.84,
              -0.134
            ]
          ]
        ]
      }
    },
    {
      "type": "Feature",
      "properties": {
        "grid_id": "GAG047",
        "site": "gag_island",
        "location_label": "Gag Island - Papua Barat Daya nickel laterite",
        "lithology": "serpentinite_simulated",
        "slope_deg": 14.6,
        "distance_to_river_m": 1099,
        "distance_to_road_m": 2608,
        "legal_status": "allowed",
        "distance_to_smelter_km": 51.4,
        "area_ha": 0.79,
        "region_id": "SW"
      },
      "geometry": {
        "type": "Polygon",
        "coordinates": [
          [
            [
              129.848,
              -0.134
            ],
            [
              129.856,
              -0.134
            ],
            [
              129.856,
              -0.126
            ],
            [
              129.848,
              -0.126
            ],
            [
              129.848,
              -0.134
            ]
          ]
        ]
      }
    },
    {
      "type": "Feature",
      "properties": {
        "grid_id": "GAG048",
        "site": "gag_island",
        "location_label": "Gag Island - Papua Barat Daya nickel laterite",
        "lithology": "peridotite_simulated",
        "slope_deg": 9.4,
        "distance_to_river_m": 1186,
        "distance_to_road_m": 934,
        "legal_status": "allowed",
        "distance_to_smelter_km": 49.5,
        "area_ha": 0.79,
        "region_id": "SW"
      },
      "geometry": {
        "type": "Polygon",
        "coordinates": [
          [
            [
              129.856,
              -0.134
            ],
            [
              129.864,
              -0.134
            ],
            [
              129.864,
              -0.126
            ],
            [
              129.856,
              -0.126
            ],
            [
              129.856,
              -0.134
            ]
          ]
        ]
      }
    },
    {
      "type": "Feature",
      "properties": {
        "grid_id": "GAG049",
        "site": "gag_island",
        "location_label": "Gag Island - Papua Barat Daya nickel laterite",
        "lithology": "serpentinite_simulated",
        "slope_deg": 11.0,
        "distance_to_river_m": 413,
        "distance_to_road_m": 1758,
        "legal_status": "conditional",
        "distance_to_smelter_km": 48.2,
        "area_ha": 0.79,
        "region_id": "SW"
      },
      "geometry": {
        "type": "Polygon",
        "coordinates": [
          [
            [
              129.864,
              -0.134
            ],
            [
              129.872,
              -0.134
            ],
            [
              129.872,
              -0.126
            ],
            [
              129.864,
              -0.126
            ],
            [
              129.864,
              -0.134
            ]
          ]
        ]
      }
    },
    {
      "type": "Feature",
      "properties": {
        "grid_id": "GAG050",
        "site": "gag_island",
        "location_label": "Gag Island - Papua Barat Daya nickel laterite",
        "lithology": "peridotite_simulated",
        "slope_deg": 5.6,
        "distance_to_river_m": 302,
        "distance_to_road_m": 3447,
        "legal_status": "no-go",
        "distance_to_smelter_km": 47.6,
        "area_ha": 0.79,
        "region_id": "SW"
      },
      "geometry": {
        "type": "Polygon",
        "coordinates": [
          [
            [
              129.872,
              -0.134
            ],
            [
              129.88,
              -0.134
            ],
            [
              129.88,
              -0.126
            ],
            [
              129.872,
              -0.126
            ],
            [
              129.872,
              -0.134
            ]
          ]
        ]
      }
    },
    {
      "type": "Feature",
      "properties": {
        "grid_id": "GAG051",
        "site": "gag_island",
        "location_label": "Gag Island - Papua Barat Daya nickel laterite",
        "lithology": "serpentinite_simulated",
        "slope_deg": 9.2,
        "distance_to_river_m": 552,
        "distance_to_road_m": 1301,
        "legal_status": "conditional",
        "distance_to_smelter_km": 47.6,
        "area_ha": 0.79,
        "region_id": "SE"
      },
      "geometry": {
        "type": "Polygon",
        "coordinates": [
          [
            [
              129.88,
              -0.134
            ],
            [
              129.888,
              -0.134
            ],
            [
              129.888,
              -0.126
            ],
            [
              129.88,
              -0.126
            ],
            [
              129.88,
              -0.134
            ]
          ]
        ]
      }
    },
    {
      "type": "Feature",
      "properties": {
        "grid_id": "GAG052",
        "site": "gag_island",
        "location_label": "Gag Island - Papua Barat Daya nickel laterite",
        "lithology": "ultramafic_simulated",
        "slope_deg": 12.2,
        "distance_to_river_m": 1086,
        "distance_to_road_m": 1220,
        "legal_status": "conditional",
        "distance_to_smelter_km": 48.2,
        "area_ha": 0.79,
        "region_id": "SE"
      },
      "geometry": {
        "type": "Polygon",
        "coordinates": [
          [
            [
              129.888,
              -0.134
            ],
            [
              129.896,
              -0.134
            ],
            [
              129.896,
              -0.126
            ],
            [
              129.888,
              -0.126
            ],
            [
              129.888,
              -0.134
            ]
          ]
        ]
      }
    },
    {
      "type": "Feature",
      "properties": {
        "grid_id": "GAG053",
        "site": "gag_island",
        "location_label": "Gag Island - Papua Barat Daya nickel laterite",
        "lithology": "peridotite_simulated",
        "slope_deg": 10.4,
        "distance_to_river_m": 1054,
        "distance_to_road_m": 1424,
        "legal_status": "no-go",
        "distance_to_smelter_km": 49.5,
        "area_ha": 0.79,
        "region_id": "SE"
      },
      "geometry": {
        "type": "Polygon",
        "coordinates": [
          [
            [
              129.896,
              -0.134
            ],
            [
              129.904,
              -0.134
            ],
            [
              129.904,
              -0.126
            ],
            [
              129.896,
              -0.126
            ],
            [
              129.896,
              -0.134
            ]
          ]
        ]
      }
    },
    {
      "type": "Feature",
      "properties": {
        "grid_id": "GAG054",
        "site": "gag_island",
        "location_label": "Gag Island - Papua Barat Daya nickel laterite",
        "lithology": "mafic_volcanic_simulated",
        "slope_deg": 5.0,
        "distance_to_river_m": 573,
        "distance_to_road_m": 1056,
        "legal_status": "conditional",
        "distance_to_smelter_km": 51.4,
        "area_ha": 0.79,
        "region_id": "SE"
      },
      "geometry": {
        "type": "Polygon",
        "coordinates": [
          [
            [
              129.904,
              -0.134
            ],
            [
              129.912,
              -0.134
            ],
            [
              129.912,
              -0.126
            ],
            [
              129.904,
              -0.126
            ],
            [
              129.904,
              -0.134
            ]
          ]
        ]
      }
    },
    {
      "type": "Feature",
      "properties": {
        "grid_id": "GAG055",
        "site": "gag_island",
        "location_label": "Gag Island - Papua Barat Daya nickel laterite",
        "lithology": "ultramafic_simulated",
        "slope_deg": 16.4,
        "distance_to_river_m": 231,
        "distance_to_road_m": 1956,
        "legal_status": "allowed",
        "distance_to_smelter_km": 53.7,
        "area_ha": 0.79,
        "region_id": "SE"
      },
      "geometry": {
        "type": "Polygon",
        "coordinates": [
          [
            [
              129.912,
              -0.134
            ],
            [
              129.92,
              -0.134
            ],
            [
              129.92,
              -0.126
            ],
            [
              129.912,
              -0.126
            ],
            [
              129.912,
              -0.134
            ]
          ]
        ]
      }
    },
    {
      "type": "Feature",
      "properties": {
        "grid_id": "GAG056",
        "site": "gag_island",
        "location_label": "Gag Island - Papua Barat Daya nickel laterite",
        "lithology": "serpentinite_simulated",
        "slope_deg": 5.0,
        "distance_to_river_m": 289,
        "distance_to_road_m": 1059,
        "legal_status": "no-go",
        "distance_to_smelter_km": 56.5,
        "area_ha": 0.79,
        "region_id": "SE"
      },
      "geometry": {
        "type": "Polygon",
        "coordinates": [
          [
            [
              129.92,
              -0.134
            ],
            [
              129.928,
              -0.134
            ],
            [
              129.928,
              -0.126
            ],
            [
              129.92,
              -0.126
            ],
            [
              129.92,
              -0.134
            ]
          ]
        ]
      }
    },
    {
      "type": "Feature",
      "properties": {
        "grid_id": "GAG057",
        "site": "gag_island",
        "location_label": "Gag Island - Papua Barat Daya nickel laterite",
        "lithology": "alluvium",
        "slope_deg": 15.3,
        "distance_to_river_m": 542,
        "distance_to_road_m": 1638,
        "legal_status": "allowed",
        "distance_to_smelter_km": 59.6,
        "area_ha": 0.79,
        "region_id": "SE"
      },
      "geometry": {
        "type": "Polygon",
        "coordinates": [
          [
            [
              129.928,
              -0.134
            ],
            [
              129.936,
              -0.134
            ],
            [
              129.936,
              -0.126
            ],
            [
              129.928,
              -0.126
            ],
            [
              129.928,
              -0.134
            ]
          ]
        ]
      }
    },
    {
      "type": "Feature",
      "properties": {
        "grid_id": "GAG058",
        "site": "gag_island",
        "location_label": "Gag Island - Papua Barat Daya nickel laterite",
        "lithology": "mafic_volcanic_simulated",
        "slope_deg": 8.6,
        "distance_to_river_m": 909,
        "distance_to_road_m": 2240,
        "legal_status": "conditional",
        "distance_to_smelter_km": 63.0,
        "area_ha": 0.79,
        "region_id": "SE"
      },
      "geometry": {
        "type": "Polygon",
        "coordinates": [
          [
            [
              129.936,
              -0.134
            ],
            [
              129.944,
              -0.134
            ],
            [
              129.944,
              -0.126
            ],
            [
              129.936,
              -0.126
            ],
            [
              129.936,
              -0.134
            ]
          ]
        ]
      }
    },
    {
      "type": "Feature",
      "properties": {
        "grid_id": "GAG059",
        "site": "gag_island",
        "location_label": "Gag Island - Papua Barat Daya nickel laterite",
        "lithology": "serpentinite_simulated",
        "slope_deg": 5.8,
        "distance_to_river_m": 1061,
        "distance_to_road_m": 421,
        "legal_status": "no-go",
        "distance_to_smelter_km": 66.7,
        "area_ha": 0.79,
        "region_id": "SE"
      },
      "geometry": {
        "type": "Polygon",
        "coordinates": [
          [
            [
              129.944,
              -0.134
            ],
            [
              129.952,
              -0.134
            ],
            [
              129.952,
              -0.126
            ],
            [
              129.944,
              -0.126
            ],
            [
              129.944,
              -0.134
            ]
          ]
        ]
      }
    },
    {
      "type": "Feature",
      "properties": {
        "grid_id": "GAG060",
        "site": "gag_island",
        "location_label": "Gag Island - Papua Barat Daya nickel laterite",
        "lithology": "ultramafic_simulated",
        "slope_deg": 7.3,
        "distance_to_river_m": 267,
        "distance_to_road_m": 978,
        "legal_status": "allowed",
        "distance_to_smelter_km": 70.5,
        "area_ha": 0.79,
        "region_id": "SE"
      },
      "geometry": {
        "type": "Polygon",
        "coordinates": [
          [
            [
              129.952,
              -0.134
            ],
            [
              129.96,
              -0.134
            ],
            [
              129.96,
              -0.126
            ],
            [
              129.952,
              -0.126
            ],
            [
              129.952,
              -0.134
            ]
          ]
        ]
      }
    },
    {
      "type": "Feature",
      "properties": {
        "grid_id": "GAG061",
        "site": "gag_island",
        "location_label": "Gag Island - Papua Barat Daya nickel laterite",
        "lithology": "serpentinite_simulated",
        "slope_deg": 16.4,
        "distance_to_river_m": 338,
        "distance_to_road_m": 419,
        "legal_status": "conditional",
        "distance_to_smelter_km": 67.6,
        "area_ha": 0.79,
        "region_id": "SW"
      },
      "geometry": {
        "type": "Polygon",
        "coordinates": [
          [
            [
              129.8,
              -0.126
            ],
            [
              129.808,
              -0.126
            ],
            [
              129.808,
              -0.118
            ],
            [
              129.8,
              -0.118
            ],
            [
              129.8,
              -0.126
            ]
          ]
        ]
      }
    },
    {
      "type": "Feature",
      "properties": {
        "grid_id": "GAG062",
        "site": "gag_island",
        "location_label": "Gag Island - Papua Barat Daya nickel laterite",
        "lithology": "serpentinite_simulated",
        "slope_deg": 5.4,
        "distance_to_river_m": 225,
        "distance_to_road_m": 936,
        "legal_status": "allowed",
        "distance_to_smelter_km": 63.5,
        "area_ha": 0.79,
        "region_id": "SW"
      },
      "geometry": {
        "type": "Polygon",
        "coordinates": [
          [
            [
              129.808,
              -0.126
            ],
            [
              129.816,
              -0.126
            ],
            [
              129.816,
              -0.118
            ],
            [
              129.808,
              -0.118
            ],
            [
              129.808,
              -0.126
            ]
          ]
        ]
      }
    },
    {
      "type": "Feature",
      "properties": {
        "grid_id": "GAG063",
        "site": "gag_island",
        "location_label": "Gag Island - Papua Barat Daya nickel laterite",
        "lithology": "serpentinite_simulated",
        "slope_deg": 10.9,
        "distance_to_river_m": 252,
        "distance_to_road_m": 364,
        "legal_status": "allowed",
        "distance_to_smelter_km": 59.6,
        "area_ha": 0.79,
        "region_id": "SW"
      },
      "geometry": {
        "type": "Polygon",
        "coordinates": [
          [
            [
              129.816,
              -0.126
            ],
            [
              129.824,
              -0.126
            ],
            [
              129.824,
              -0.118
            ],
            [
              129.816,
              -0.118
            ],
            [
              129.816,
              -0.126
            ]
          ]
        ]
      }
    },
    {
      "type": "Feature",
      "properties": {
        "grid_id": "GAG064",
        "site": "gag_island",
        "location_label": "Gag Island - Papua Barat Daya nickel laterite",
        "lithology": "peridotite_simulated",
        "slope_deg": 11.6,
        "distance_to_river_m": 564,
        "distance_to_road_m": 1692,
        "legal_status": "allowed",
        "distance_to_smelter_km": 56.0,
        "area_ha": 0.79,
        "region_id": "SW"
      },
      "geometry": {
        "type": "Polygon",
        "coordinates": [
          [
            [
              129.824,
              -0.126
            ],
            [
              129.832,
              -0.126
            ],
            [
              129.832,
              -0.118
            ],
            [
              129.824,
              -0.118
            ],
            [
              129.824,
              -0.126
            ]
          ]
        ]
      }
    },
    {
      "type": "Feature",
      "properties": {
        "grid_id": "GAG065",
        "site": "gag_island",
        "location_label": "Gag Island - Papua Barat Daya nickel laterite",
        "lithology": "peridotite_simulated",
        "slope_deg": 8.0,
        "distance_to_river_m": 1034,
        "distance_to_road_m": 322,
        "legal_status": "allowed",
        "distance_to_smelter_km": 52.6,
        "area_ha": 0.79,
        "region_id": "SW"
      },
      "geometry": {
        "type": "Polygon",
        "coordinates": [
          [
            [
              129.832,
              -0.126
            ],
            [
              129.84,
              -0.126
            ],
            [
              129.84,
              -0.118
            ],
            [
              129.832,
              -0.118
            ],
            [
              129.832,
              -0.126
            ]
          ]
        ]
      }
    },
    {
      "type": "Feature",
      "properties": {
        "grid_id": "GAG066",
        "site": "gag_island",
        "location_label": "Gag Island - Papua Barat Daya nickel laterite",
        "lithology": "peridotite_simulated",
        "slope_deg": 10.4,
        "distance_to_river_m": 96,
        "distance_to_road_m": 2654,
        "legal_status": "no-go",
        "distance_to_smelter_km": 49.5,
        "area_ha": 0.79,
        "region_id": "SW"
      },
      "geometry": {
        "type": "Polygon",
        "coordinates": [
          [
            [
              129.84,
              -0.126
            ],
            [
              129.848,
              -0.126
            ],
            [
              129.848,
              -0.118
            ],
            [
              129.84,
              -0.118
            ],
            [
              129.84,
              -0.126
            ]
          ]
        ]
      }
    },
    {
      "type": "Feature",
      "properties": {
        "grid_id": "GAG067",
        "site": "gag_island",
        "location_label": "Gag Island - Papua Barat Daya nickel laterite",
        "lithology": "peridotite_simulated",
        "slope_deg": 10.7,
        "distance_to_river_m": 512,
        "distance_to_road_m": 3420,
        "legal_status": "allowed",
        "distance_to_smelter_km": 46.9,
        "area_ha": 0.79,
        "region_id": "SW"
      },
      "geometry": {
        "type": "Polygon",
        "coordinates": [
          [
            [
              129.848,
              -0.126
            ],
            [
              129.856,
              -0.126
            ],
            [
              129.856,
              -0.118
            ],
            [
              129.848,
              -0.118
            ],
            [
              129.848,
              -0.126
            ]
          ]
        ]
      }
    },
    {
      "type": "Feature",
      "properties": {
        "grid_id": "GAG068",
        "site": "gag_island",
        "location_label": "Gag Island - Papua Barat Daya nickel laterite",
        "lithology": "serpentinite_simulated",
        "slope_deg": 8.6,
        "distance_to_river_m": 1058,
        "distance_to_road_m": 1039,
        "legal_status": "allowed",
        "distance_to_smelter_km": 44.8,
        "area_ha": 0.79,
        "region_id": "SW"
      },
      "geometry": {
        "type": "Polygon",
        "coordinates": [
          [
            [
              129.856,
              -0.126
            ],
            [
              129.864,
              -0.126
            ],
            [
              129.864,
              -0.118
            ],
            [
              129.856,
              -0.118
            ],
            [
              129.856,
              -0.126
            ]
          ]
        ]
      }
    },
    {
      "type": "Feature",
      "properties": {
        "grid_id": "GAG069",
        "site": "gag_island",
        "location_label": "Gag Island - Papua Barat Daya nickel laterite",
        "lithology": "ultramafic_simulated",
        "slope_deg": 15.3,
        "distance_to_river_m": 358,
        "distance_to_road_m": 2975,
        "legal_status": "allowed",
        "distance_to_smelter_km": 43.4,
        "area_ha": 0.79,
        "region_id": "SW"
      },
      "geometry": {
        "type": "Polygon",
        "coordinates": [
          [
            [
              129.864,
              -0.126
            ],
            [
              129.872,
              -0.126
            ],
            [
              129.872,
              -0.118
            ],
            [
              129.864,
              -0.118
            ],
            [
              129.864,
              -0.126
            ]
          ]
        ]
      }
    },
    {
      "type": "Feature",
      "properties": {
        "grid_id": "GAG070",
        "site": "gag_island",
        "location_label": "Gag Island - Papua Barat Daya nickel laterite",
        "lithology": "peridotite_simulated",
        "slope_deg": 13.0,
        "distance_to_river_m": 350,
        "distance_to_road_m": 2799,
        "legal_status": "allowed",
        "distance_to_smelter_km": 42.6,
        "area_ha": 0.79,
        "region_id": "SW"
      },
      "geometry": {
        "type": "Polygon",
        "coordinates": [
          [
            [
              129.872,
              -0.126
            ],
            [
              129.88,
              -0.126
            ],
            [
              129.88,
              -0.118
            ],
            [
              129.872,
              -0.118
            ],
            [
              129.872,
              -0.126
            ]
          ]
        ]
      }
    },
    {
      "type": "Feature",
      "properties": {
        "grid_id": "GAG071",
        "site": "gag_island",
        "location_label": "Gag Island - Papua Barat Daya nickel laterite",
        "lithology": "peridotite_simulated",
        "slope_deg": 16.5,
        "distance_to_river_m": 923,
        "distance_to_road_m": 2014,
        "legal_status": "allowed",
        "distance_to_smelter_km": 42.6,
        "area_ha": 0.79,
        "region_id": "SE"
      },
      "geometry": {
        "type": "Polygon",
        "coordinates": [
          [
            [
              129.88,
              -0.126
            ],
            [
              129.888,
              -0.126
            ],
            [
              129.888,
              -0.118
            ],
            [
              129.88,
              -0.118
            ],
            [
              129.88,
              -0.126
            ]
          ]
        ]
      }
    },
    {
      "type": "Feature",
      "properties": {
        "grid_id": "GAG072",
        "site": "gag_island",
        "location_label": "Gag Island - Papua Barat Daya nickel laterite",
        "lithology": "ultramafic_simulated",
        "slope_deg": 15.1,
        "distance_to_river_m": 1069,
        "distance_to_road_m": 1474,
        "legal_status": "allowed",
        "distance_to_smelter_km": 43.4,
        "area_ha": 0.79,
        "region_id": "SE"
      },
      "geometry": {
        "type": "Polygon",
        "coordinates": [
          [
            [
              129.888,
              -0.126
            ],
            [
              129.896,
              -0.126
            ],
            [
              129.896,
              -0.118
            ],
            [
              129.888,
              -0.118
            ],
            [
              129.888,
              -0.126
            ]
          ]
        ]
      }
    },
    {
      "type": "Feature",
      "properties": {
        "grid_id": "GAG073",
        "site": "gag_island",
        "location_label": "Gag Island - Papua Barat Daya nickel laterite",
        "lithology": "serpentinite_simulated",
        "slope_deg": 9.4,
        "distance_to_river_m": 157,
        "distance_to_road_m": 2730,
        "legal_status": "allowed",
        "distance_to_smelter_km": 44.8,
        "area_ha": 0.79,
        "region_id": "SE"
      },
      "geometry": {
        "type": "Polygon",
        "coordinates": [
          [
            [
              129.896,
              -0.126
            ],
            [
              129.904,
              -0.126
            ],
            [
              129.904,
              -0.118
            ],
            [
              129.896,
              -0.118
            ],
            [
              129.896,
              -0.126
            ]
          ]
        ]
      }
    },
    {
      "type": "Feature",
      "properties": {
        "grid_id": "GAG074",
        "site": "gag_island",
        "location_label": "Gag Island - Papua Barat Daya nickel laterite",
        "lithology": "serpentinite_simulated",
        "slope_deg": 12.2,
        "distance_to_river_m": 1030,
        "distance_to_road_m": 1451,
        "legal_status": "allowed",
        "distance_to_smelter_km": 46.9,
        "area_ha": 0.79,
        "region_id": "SE"
      },
      "geometry": {
        "type": "Polygon",
        "coordinates": [
          [
            [
              129.904,
              -0.126
            ],
            [
              129.912,
              -0.126
            ],
            [
              129.912,
              -0.118
            ],
            [
              129.904,
              -0.118
            ],
            [
              129.904,
              -0.126
            ]
          ]
        ]
      }
    },
    {
      "type": "Feature",
      "properties": {
        "grid_id": "GAG075",
        "site": "gag_island",
        "location_label": "Gag Island - Papua Barat Daya nickel laterite",
        "lithology": "serpentinite_simulated",
        "slope_deg": 15.8,
        "distance_to_river_m": 291,
        "distance_to_road_m": 2974,
        "legal_status": "no-go",
        "distance_to_smelter_km": 49.5,
        "area_ha": 0.79,
        "region_id": "SE"
      },
      "geometry": {
        "type": "Polygon",
        "coordinates": [
          [
            [
              129.912,
              -0.126
            ],
            [
              129.92,
              -0.126
            ],
            [
              129.92,
              -0.118
            ],
            [
              129.912,
              -0.118
            ],
            [
              129.912,
              -0.126
            ]
          ]
        ]
      }
    },
    {
      "type": "Feature",
      "properties": {
        "grid_id": "GAG076",
        "site": "gag_island",
        "location_label": "Gag Island - Papua Barat Daya nickel laterite",
        "lithology": "serpentinite_simulated",
        "slope_deg": 14.5,
        "distance_to_river_m": 893,
        "distance_to_road_m": 2054,
        "legal_status": "conditional",
        "distance_to_smelter_km": 52.6,
        "area_ha": 0.79,
        "region_id": "SE"
      },
      "geometry": {
        "type": "Polygon",
        "coordinates": [
          [
            [
              129.92,
              -0.126
            ],
            [
              129.928,
              -0.126
            ],
            [
              129.928,
              -0.118
            ],
            [
              129.92,
              -0.118
            ],
            [
              129.92,
              -0.126
            ]
          ]
        ]
      }
    },
    {
      "type": "Feature",
      "properties": {
        "grid_id": "GAG077",
        "site": "gag_island",
        "location_label": "Gag Island - Papua Barat Daya nickel laterite",
        "lithology": "serpentinite_simulated",
        "slope_deg": 13.7,
        "distance_to_river_m": 486,
        "distance_to_road_m": 1148,
        "legal_status": "conditional",
        "distance_to_smelter_km": 56.0,
        "area_ha": 0.79,
        "region_id": "SE"
      },
      "geometry": {
        "type": "Polygon",
        "coordinates": [
          [
            [
              129.928,
              -0.126
            ],
            [
              129.936,
              -0.126
            ],
            [
              129.936,
              -0.118
            ],
            [
              129.928,
              -0.118
            ],
            [
              129.928,
              -0.126
            ]
          ]
        ]
      }
    },
    {
      "type": "Feature",
      "properties": {
        "grid_id": "GAG078",
        "site": "gag_island",
        "location_label": "Gag Island - Papua Barat Daya nickel laterite",
        "lithology": "serpentinite_simulated",
        "slope_deg": 5.9,
        "distance_to_river_m": 464,
        "distance_to_road_m": 1547,
        "legal_status": "allowed",
        "distance_to_smelter_km": 59.6,
        "area_ha": 0.79,
        "region_id": "SE"
      },
      "geometry": {
        "type": "Polygon",
        "coordinates": [
          [
            [
              129.936,
              -0.126
            ],
            [
              129.944,
              -0.126
            ],
            [
              129.944,
              -0.118
            ],
            [
              129.936,
              -0.118
            ],
            [
              129.936,
              -0.126
            ]
          ]
        ]
      }
    },
    {
      "type": "Feature",
      "properties": {
        "grid_id": "GAG079",
        "site": "gag_island",
        "location_label": "Gag Island - Papua Barat Daya nickel laterite",
        "lithology": "ultramafic_simulated",
        "slope_deg": 7.4,
        "distance_to_river_m": 560,
        "distance_to_road_m": 1464,
        "legal_status": "allowed",
        "distance_to_smelter_km": 63.5,
        "area_ha": 0.79,
        "region_id": "SE"
      },
      "geometry": {
        "type": "Polygon",
        "coordinates": [
          [
            [
              129.944,
              -0.126
            ],
            [
              129.952,
              -0.126
            ],
            [
              129.952,
              -0.118
            ],
            [
              129.944,
              -0.118
            ],
            [
              129.944,
              -0.126
            ]
          ]
        ]
      }
    },
    {
      "type": "Feature",
      "properties": {
        "grid_id": "GAG080",
        "site": "gag_island",
        "location_label": "Gag Island - Papua Barat Daya nickel laterite",
        "lithology": "ultramafic_simulated",
        "slope_deg": 15.5,
        "distance_to_river_m": 336,
        "distance_to_road_m": 2410,
        "legal_status": "allowed",
        "distance_to_smelter_km": 67.6,
        "area_ha": 0.79,
        "region_id": "SE"
      },
      "geometry": {
        "type": "Polygon",
        "coordinates": [
          [
            [
              129.952,
              -0.126
            ],
            [
              129.96,
              -0.126
            ],
            [
              129.96,
              -0.118
            ],
            [
              129.952,
              -0.118
            ],
            [
              129.952,
              -0.126
            ]
          ]
        ]
      }
    },
    {
      "type": "Feature",
      "properties": {
        "grid_id": "GAG081",
        "site": "gag_island",
        "location_label": "Gag Island - Papua Barat Daya nickel laterite",
        "lithology": "ultramafic_simulated",
        "slope_deg": 17.1,
        "distance_to_river_m": 844,
        "distance_to_road_m": 1795,
        "legal_status": "allowed",
        "distance_to_smelter_km": 64.9,
        "area_ha": 0.79,
        "region_id": "SW"
      },
      "geometry": {
        "type": "Polygon",
        "coordinates": [
          [
            [
              129.8,
              -0.118
            ],
            [
              129.808,
              -0.118
            ],
            [
              129.808,
              -0.11
            ],
            [
              129.8,
              -0.11
            ],
            [
              129.8,
              -0.118
            ]
          ]
        ]
      }
    },
    {
      "type": "Feature",
      "properties": {
        "grid_id": "GAG082",
        "site": "gag_island",
        "location_label": "Gag Island - Papua Barat Daya nickel laterite",
        "lithology": "serpentinite_simulated",
        "slope_deg": 8.6,
        "distance_to_river_m": 190,
        "distance_to_road_m": 1016,
        "legal_status": "no-go",
        "distance_to_smelter_km": 60.6,
        "area_ha": 0.79,
        "region_id": "SW"
      },
      "geometry": {
        "type": "Polygon",
        "coordinates": [
          [
            [
              129.808,
              -0.118
            ],
            [
              129.816,
              -0.118
            ],
            [
              129.816,
              -0.11
            ],
            [
              129.808,
              -0.11
            ],
            [
              129.808,
              -0.118
            ]
          ]
        ]
      }
    },
    {
      "type": "Feature",
      "properties": {
        "grid_id": "GAG083",
        "site": "gag_island",
        "location_label": "Gag Island - Papua Barat Daya nickel laterite",
        "lithology": "serpentinite_simulated",
        "slope_deg": 5.0,
        "distance_to_river_m": 890,
        "distance_to_road_m": 1866,
        "legal_status": "conditional",
        "distance_to_smelter_km": 56.5,
        "area_ha": 0.79,
        "region_id": "SW"
      },
      "geometry": {
        "type": "Polygon",
        "coordinates": [
          [
            [
              129.816,
              -0.118
            ],
            [
              129.824,
              -0.118
            ],
            [
              129.824,
              -0.11
            ],
            [
              129.816,
              -0.11
            ],
            [
              129.816,
              -0.118
            ]
          ]
        ]
      }
    },
    {
      "type": "Feature",
      "properties": {
        "grid_id": "GAG084",
        "site": "gag_island",
        "location_label": "Gag Island - Papua Barat Daya nickel laterite",
        "lithology": "serpentinite_simulated",
        "slope_deg": 16.9,
        "distance_to_river_m": 141,
        "distance_to_road_m": 2622,
        "legal_status": "allowed",
        "distance_to_smelter_km": 52.6,
        "area_ha": 0.79,
        "region_id": "SW"
      },
      "geometry": {
        "type": "Polygon",
        "coordinates": [
          [
            [
              129.824,
              -0.118
            ],
            [
              129.832,
              -0.118
            ],
            [
              129.832,
              -0.11
            ],
            [
              129.824,
              -0.11
            ],
            [
              129.824,
              -0.118
            ]
          ]
        ]
      }
    },
    {
      "type": "Feature",
      "properties": {
        "grid_id": "GAG085",
        "site": "gag_island",
        "location_label": "Gag Island - Papua Barat Daya nickel laterite",
        "lithology": "serpentinite_simulated",
        "slope_deg": 14.9,
        "distance_to_river_m": 950,
        "distance_to_road_m": 764,
        "legal_status": "allowed",
        "distance_to_smelter_km": 48.9,
        "area_ha": 0.79,
        "region_id": "SW"
      },
      "geometry": {
        "type": "Polygon",
        "coordinates": [
          [
            [
              129.832,
              -0.118
            ],
            [
              129.84,
              -0.118
            ],
            [
              129.84,
              -0.11
            ],
            [
              129.832,
              -0.11
            ],
            [
              129.832,
              -0.118
            ]
          ]
        ]
      }
    },
    {
      "type": "Feature",
      "properties": {
        "grid_id": "GAG086",
        "site": "gag_island",
        "location_label": "Gag Island - Papua Barat Daya nickel laterite",
        "lithology": "peridotite_simulated",
        "slope_deg": 13.2,
        "distance_to_river_m": 651,
        "distance_to_road_m": 351,
        "legal_status": "conditional",
        "distance_to_smelter_km": 45.5,
        "area_ha": 0.79,
        "region_id": "SW"
      },
      "geometry": {
        "type": "Polygon",
        "coordinates": [
          [
            [
              129.84,
              -0.118
            ],
            [
              129.848,
              -0.118
            ],
            [
              129.848,
              -0.11
            ],
            [
              129.84,
              -0.11
            ],
            [
              129.84,
              -0.118
            ]
          ]
        ]
      }
    },
    {
      "type": "Feature",
      "properties": {
        "grid_id": "GAG087",
        "site": "gag_island",
        "location_label": "Gag Island - Papua Barat Daya nickel laterite",
        "lithology": "mafic_volcanic_simulated",
        "slope_deg": 11.8,
        "distance_to_river_m": 686,
        "distance_to_road_m": 2233,
        "legal_status": "allowed",
        "distance_to_smelter_km": 42.6,
        "area_ha": 0.79,
        "region_id": "SW"
      },
      "geometry": {
        "type": "Polygon",
        "coordinates": [
          [
            [
              129.848,
              -0.118
            ],
            [
              129.856,
              -0.118
            ],
            [
              129.856,
              -0.11
            ],
            [
              129.848,
              -0.11
            ],
            [
              129.848,
              -0.118
            ]
          ]
        ]
      }
    },
    {
      "type": "Feature",
      "properties": {
        "grid_id": "GAG088",
        "site": "gag_island",
        "location_label": "Gag Island - Papua Barat Daya nickel laterite",
        "lithology": "serpentinite_simulated",
        "slope_deg": 5.9,
        "distance_to_river_m": 391,
        "distance_to_road_m": 2593,
        "legal_status": "allowed",
        "distance_to_smelter_km": 40.2,
        "area_ha": 0.79,
        "region_id": "SW"
      },
      "geometry": {
        "type": "Polygon",
        "coordinates": [
          [
            [
              129.856,
              -0.118
            ],
            [
              129.864,
              -0.118
            ],
            [
              129.864,
              -0.11
            ],
            [
              129.856,
              -0.11
            ],
            [
              129.856,
              -0.118
            ]
          ]
        ]
      }
    },
    {
      "type": "Feature",
      "properties": {
        "grid_id": "GAG089",
        "site": "gag_island",
        "location_label": "Gag Island - Papua Barat Daya nickel laterite",
        "lithology": "ultramafic_simulated",
        "slope_deg": 14.5,
        "distance_to_river_m": 611,
        "distance_to_road_m": 807,
        "legal_status": "allowed",
        "distance_to_smelter_km": 38.5,
        "area_ha": 0.79,
        "region_id": "SW"
      },
      "geometry": {
        "type": "Polygon",
        "coordinates": [
          [
            [
              129.864,
              -0.118
            ],
            [
              129.872,
              -0.118
            ],
            [
              129.872,
              -0.11
            ],
            [
              129.864,
              -0.11
            ],
            [
              129.864,
              -0.118
            ]
          ]
        ]
      }
    },
    {
      "type": "Feature",
      "properties": {
        "grid_id": "GAG090",
        "site": "gag_island",
        "location_label": "Gag Island - Papua Barat Daya nickel laterite",
        "lithology": "serpentinite_simulated",
        "slope_deg": 10.4,
        "distance_to_river_m": 577,
        "distance_to_road_m": 3020,
        "legal_status": "allowed",
        "distance_to_smelter_km": 37.6,
        "area_ha": 0.79,
        "region_id": "SW"
      },
      "geometry": {
        "type": "Polygon",
        "coordinates": [
          [
            [
              129.872,
              -0.118
            ],
            [
              129.88,
              -0.118
            ],
            [
              129.88,
              -0.11
            ],
            [
              129.872,
              -0.11
            ],
            [
              129.872,
              -0.118
            ]
          ]
        ]
      }
    },
    {
      "type": "Feature",
      "properties": {
        "grid_id": "GAG091",
        "site": "gag_island",
        "location_label": "Gag Island - Papua Barat Daya nickel laterite",
        "lithology": "peridotite_simulated",
        "slope_deg": 14.2,
        "distance_to_river_m": 735,
        "distance_to_road_m": 2492,
        "legal_status": "allowed",
        "distance_to_smelter_km": 37.6,
        "area_ha": 0.79,
        "region_id": "SE"
      },
      "geometry": {
        "type": "Polygon",
        "coordinates": [
          [
            [
              129.88,
              -0.118
            ],
            [
              129.888,
              -0.118
            ],
            [
              129.888,
              -0.11
            ],
            [
              129.88,
              -0.11
            ],
            [
              129.88,
              -0.118
            ]
          ]
        ]
      }
    },
    {
      "type": "Feature",
      "properties": {
        "grid_id": "GAG092",
        "site": "gag_island",
        "location_label": "Gag Island - Papua Barat Daya nickel laterite",
        "lithology": "peridotite_simulated",
        "slope_deg": 13.6,
        "distance_to_river_m": 472,
        "distance_to_road_m": 2187,
        "legal_status": "no-go",
        "distance_to_smelter_km": 38.5,
        "area_ha": 0.79,
        "region_id": "SE"
      },
      "geometry": {
        "type": "Polygon",
        "coordinates": [
          [
            [
              129.888,
              -0.118
            ],
            [
              129.896,
              -0.118
            ],
            [
              129.896,
              -0.11
            ],
            [
              129.888,
              -0.11
            ],
            [
              129.888,
              -0.118
            ]
          ]
        ]
      }
    },
    {
      "type": "Feature",
      "properties": {
        "grid_id": "GAG093",
        "site": "gag_island",
        "location_label": "Gag Island - Papua Barat Daya nickel laterite",
        "lithology": "mafic_volcanic_simulated",
        "slope_deg": 11.8,
        "distance_to_river_m": 1094,
        "distance_to_road_m": 2525,
        "legal_status": "allowed",
        "distance_to_smelter_km": 40.2,
        "area_ha": 0.79,
        "region_id": "SE"
      },
      "geometry": {
        "type": "Polygon",
        "coordinates": [
          [
            [
              129.896,
              -0.118
            ],
            [
              129.904,
              -0.118
            ],
            [
              129.904,
              -0.11
            ],
            [
              129.896,
              -0.11
            ],
            [
              129.896,
              -0.118
            ]
          ]
        ]
      }
    },
    {
      "type": "Feature",
      "properties": {
        "grid_id": "GAG094",
        "site": "gag_island",
        "location_label": "Gag Island - Papua Barat Daya nickel laterite",
        "lithology": "serpentinite_simulated",
        "slope_deg": 5.2,
        "distance_to_river_m": 565,
        "distance_to_road_m": 996,
        "legal_status": "conditional",
        "distance_to_smelter_km": 42.6,
        "area_ha": 0.79,
        "region_id": "SE"
      },
      "geometry": {
        "type": "Polygon",
        "coordinates": [
          [
            [
              129.904,
              -0.118
            ],
            [
              129.912,
              -0.118
            ],
            [
              129.912,
              -0.11
            ],
            [
              129.904,
              -0.11
            ],
            [
              129.904,
              -0.118
            ]
          ]
        ]
      }
    },
    {
      "type": "Feature",
      "properties": {
        "grid_id": "GAG095",
        "site": "gag_island",
        "location_label": "Gag Island - Papua Barat Daya nickel laterite",
        "lithology": "serpentinite_simulated",
        "slope_deg": 14.2,
        "distance_to_river_m": 940,
        "distance_to_road_m": 1717,
        "legal_status": "allowed",
        "distance_to_smelter_km": 45.5,
        "area_ha": 0.79,
        "region_id": "SE"
      },
      "geometry": {
        "type": "Polygon",
        "coordinates": [
          [
            [
              129.912,
              -0.118
            ],
            [
              129.92,
              -0.118
            ],
            [
              129.92,
              -0.11
            ],
            [
              129.912,
              -0.11
            ],
            [
              129.912,
              -0.118
            ]
          ]
        ]
      }
    },
    {
      "type": "Feature",
      "properties": {
        "grid_id": "GAG096",
        "site": "gag_island",
        "location_label": "Gag Island - Papua Barat Daya nickel laterite",
        "lithology": "peridotite_simulated",
        "slope_deg": 13.5,
        "distance_to_river_m": 769,
        "distance_to_road_m": 1577,
        "legal_status": "allowed",
        "distance_to_smelter_km": 48.9,
        "area_ha": 0.79,
        "region_id": "SE"
      },
      "geometry": {
        "type": "Polygon",
        "coordinates": [
          [
            [
              129.92,
              -0.118
            ],
            [
              129.928,
              -0.118
            ],
            [
              129.928,
              -0.11
            ],
            [
              129.92,
              -0.11
            ],
            [
              129.92,
              -0.118
            ]
          ]
        ]
      }
    },
    {
      "type": "Feature",
      "properties": {
        "grid_id": "GAG097",
        "site": "gag_island",
        "location_label": "Gag Island - Papua Barat Daya nickel laterite",
        "lithology": "ultramafic_simulated",
        "slope_deg": 13.7,
        "distance_to_river_m": 253,
        "distance_to_road_m": 2947,
        "legal_status": "allowed",
        "distance_to_smelter_km": 52.6,
        "area_ha": 0.79,
        "region_id": "SE"
      },
      "geometry": {
        "type": "Polygon",
        "coordinates": [
          [
            [
              129.928,
              -0.118
            ],
            [
              129.936,
              -0.118
            ],
            [
              129.936,
              -0.11
            ],
            [
              129.928,
              -0.11
            ],
            [
              129.928,
              -0.118
            ]
          ]
        ]
      }
    },
    {
      "type": "Feature",
      "properties": {
        "grid_id": "GAG098",
        "site": "gag_island",
        "location_label": "Gag Island - Papua Barat Daya nickel laterite",
        "lithology": "alluvium",
        "slope_deg": 9.2,
        "distance_to_river_m": 771,
        "distance_to_road_m": 881,
        "legal_status": "no-go",
        "distance_to_smelter_km": 56.5,
        "area_ha": 0.79,
        "region_id": "SE"
      },
      "geometry": {
        "type": "Polygon",
        "coordinates": [
          [
            [
              129.936,
              -0.118
            ],
            [
              129.944,
              -0.118
            ],
            [
              129.944,
              -0.11
            ],
            [
              129.936,
              -0.11
            ],
            [
              129.936,
              -0.118
            ]
          ]
        ]
      }
    },
    {
      "type": "Feature",
      "properties": {
        "grid_id": "GAG099",
        "site": "gag_island",
        "location_label": "Gag Island - Papua Barat Daya nickel laterite",
        "lithology": "serpentinite_simulated",
        "slope_deg": 14.5,
        "distance_to_river_m": 893,
        "distance_to_road_m": 1068,
        "legal_status": "allowed",
        "distance_to_smelter_km": 60.6,
        "area_ha": 0.79,
        "region_id": "SE"
      },
      "geometry": {
        "type": "Polygon",
        "coordinates": [
          [
            [
              129.944,
              -0.118
            ],
            [
              129.952,
              -0.118
            ],
            [
              129.952,
              -0.11
            ],
            [
              129.944,
              -0.11
            ],
            [
              129.944,
              -0.118
            ]
          ]
        ]
      }
    },
    {
      "type": "Feature",
      "properties": {
        "grid_id": "GAG100",
        "site": "gag_island",
        "location_label": "Gag Island - Papua Barat Daya nickel laterite",
        "lithology": "ultramafic_simulated",
        "slope_deg": 6.1,
        "distance_to_river_m": 474,
        "distance_to_road_m": 774,
        "legal_status": "allowed",
        "distance_to_smelter_km": 64.9,
        "area_ha": 0.79,
        "region_id": "SE"
      },
      "geometry": {
        "type": "Polygon",
        "coordinates": [
          [
            [
              129.952,
              -0.118
            ],
            [
              129.96,
              -0.118
            ],
            [
              129.96,
              -0.11
            ],
            [
              129.952,
              -0.11
            ],
            [
              129.952,
              -0.118
            ]
          ]
        ]
      }
    },
    {
      "type": "Feature",
      "properties": {
        "grid_id": "GAG101",
        "site": "gag_island",
        "location_label": "Gag Island - Papua Barat Daya nickel laterite",
        "lithology": "ultramafic_simulated",
        "slope_deg": 13.9,
        "distance_to_river_m": 211,
        "distance_to_road_m": 1001,
        "legal_status": "conditional",
        "distance_to_smelter_km": 62.6,
        "area_ha": 0.79,
        "region_id": "SW"
      },
      "geometry": {
        "type": "Polygon",
        "coordinates": [
          [
            [
              129.8,
              -0.11
            ],
            [
              129.808,
              -0.11
            ],
            [
              129.808,
              -0.102
            ],
            [
              129.8,
              -0.102
            ],
            [
              129.8,
              -0.11
            ]
          ]
        ]
      }
    },
    {
      "type": "Feature",
      "properties": {
        "grid_id": "GAG102",
        "site": "gag_island",
        "location_label": "Gag Island - Papua Barat Daya nickel laterite",
        "lithology": "alluvium",
        "slope_deg": 13.7,
        "distance_to_river_m": 1088,
        "distance_to_road_m": 2182,
        "legal_status": "allowed",
        "distance_to_smelter_km": 58.1,
        "area_ha": 0.79,
        "region_id": "SW"
      },
      "geometry": {
        "type": "Polygon",
        "coordinates": [
          [
            [
              129.808,
              -0.11
            ],
            [
              129.816,
              -0.11
            ],
            [
              129.816,
              -0.102
            ],
            [
              129.808,
              -0.102
            ],
            [
              129.808,
              -0.11
            ]
          ]
        ]
      }
    },
    {
      "type": "Feature",
      "properties": {
        "grid_id": "GAG103",
        "site": "gag_island",
        "location_label": "Gag Island - Papua Barat Daya nickel laterite",
        "lithology": "serpentinite_simulated",
        "slope_deg": 15.1,
        "distance_to_river_m": 483,
        "distance_to_road_m": 1271,
        "legal_status": "allowed",
        "distance_to_smelter_km": 53.7,
        "area_ha": 0.79,
        "region_id": "SW"
      },
      "geometry": {
        "type": "Polygon",
        "coordinates": [
          [
            [
              129.816,
              -0.11
            ],
            [
              129.824,
              -0.11
            ],
            [
              129.824,
              -0.102
            ],
            [
              129.816,
              -0.102
            ],
            [
              129.816,
              -0.11
            ]
          ]
        ]
      }
    },
    {
      "type": "Feature",
      "properties": {
        "grid_id": "GAG104",
        "site": "gag_island",
        "location_label": "Gag Island - Papua Barat Daya nickel laterite",
        "lithology": "alluvium",
        "slope_deg": 12.5,
        "distance_to_river_m": 251,
        "distance_to_road_m": 1090,
        "legal_status": "allowed",
        "distance_to_smelter_km": 49.5,
        "area_ha": 0.79,
        "region_id": "SW"
      },
      "geometry": {
        "type": "Polygon",
        "coordinates": [
          [
            [
              129.824,
              -0.11
            ],
            [
              129.832,
              -0.11
            ],
            [
              129.832,
              -0.102
            ],
            [
              129.824,
              -0.102
            ],
            [
              129.824,
              -0.11
            ]
          ]
        ]
      }
    },
    {
      "type": "Feature",
      "properties": {
        "grid_id": "GAG105",
        "site": "gag_island",
        "location_label": "Gag Island - Papua Barat Daya nickel laterite",
        "lithology": "peridotite_simulated",
        "slope_deg": 13.4,
        "distance_to_river_m": 807,
        "distance_to_road_m": 1180,
        "legal_status": "allowed",
        "distance_to_smelter_km": 45.5,
        "area_ha": 0.79,
        "region_id": "SW"
      },
      "geometry": {
        "type": "Polygon",
        "coordinates": [
          [
            [
              129.832,
              -0.11
            ],
            [
              129.84,
              -0.11
            ],
            [
              129.84,
              -0.102
            ],
            [
              129.832,
              -0.102
            ],
            [
              129.832,
              -0.11
            ]
          ]
        ]
      }
    },
    {
      "type": "Feature",
      "properties": {
        "grid_id": "GAG106",
        "site": "gag_island",
        "location_label": "Gag Island - Papua Barat Daya nickel laterite",
        "lithology": "serpentinite_simulated",
        "slope_deg": 13.0,
        "distance_to_river_m": 632,
        "distance_to_road_m": 2976,
        "legal_status": "allowed",
        "distance_to_smelter_km": 41.8,
        "area_ha": 0.79,
        "region_id": "SW"
      },
      "geometry": {
        "type": "Polygon",
        "coordinates": [
          [
            [
              129.84,
              -0.11
            ],
            [
              129.848,
              -0.11
            ],
            [
              129.848,
              -0.102
            ],
            [
              129.84,
              -0.102
            ],
            [
              129.84,
              -0.11
            ]
          ]
        ]
      }
    },
    {
      "type": "Feature",
      "properties": {
        "grid_id": "GAG107",
        "site": "gag_island",
        "location_label": "Gag Island - Papua Barat Daya nickel laterite",
        "lithology": "serpentinite_simulated",
        "slope_deg": 11.0,
        "distance_to_river_m": 813,
        "distance_to_road_m": 2179,
        "legal_status": "allowed",
        "distance_to_smelter_km": 38.5,
        "area_ha": 0.79,
        "region_id": "SW"
      },
      "geometry": {
        "type": "Polygon",
        "coordinates": [
          [
            [
              129.848,
              -0.11
            ],
            [
              129.856,
              -0.11
            ],
            [
              129.856,
              -0.102
            ],
            [
              129.848,
              -0.102
            ],
            [
              129.848,
              -0.11
            ]
          ]
        ]
      }
    },
    {
      "type": "Feature",
      "properties": {
        "grid_id": "GAG108",
        "site": "gag_island",
        "location_label": "Gag Island - Papua Barat Daya nickel laterite",
        "lithology": "ultramafic_simulated",
        "slope_deg": 17.5,
        "distance_to_river_m": 198,
        "distance_to_road_m": 490,
        "legal_status": "conditional",
        "distance_to_smelter_km": 35.7,
        "area_ha": 0.79,
        "region_id": "SW"
      },
      "geometry": {
        "type": "Polygon",
        "coordinates": [
          [
            [
              129.856,
              -0.11
            ],
            [
              129.864,
              -0.11
            ],
            [
              129.864,
              -0.102
            ],
            [
              129.856,
              -0.102
            ],
            [
              129.856,
              -0.11
            ]
          ]
        ]
      }
    },
    {
      "type": "Feature",
      "properties": {
        "grid_id": "GAG109",
        "site": "gag_island",
        "location_label": "Gag Island - Papua Barat Daya nickel laterite",
        "lithology": "mafic_volcanic_simulated",
        "slope_deg": 13.1,
        "distance_to_river_m": 186,
        "distance_to_road_m": 2709,
        "legal_status": "allowed",
        "distance_to_smelter_km": 33.7,
        "area_ha": 0.79,
        "region_id": "SW"
      },
      "geometry": {
        "type": "Polygon",
        "coordinates": [
          [
            [
              129.864,
              -0.11
            ],
            [
              129.872,
              -0.11
            ],
            [
              129.872,
              -0.102
            ],
            [
              129.864,
              -0.102
            ],
            [
              129.864,
              -0.11
            ]
          ]
        ]
      }
    },
    {
      "type": "Feature",
      "properties": {
        "grid_id": "GAG110",
        "site": "gag_island",
        "location_label": "Gag Island - Papua Barat Daya nickel laterite",
        "lithology": "mafic_volcanic_simulated",
        "slope_deg": 12.0,
        "distance_to_river_m": 1096,
        "distance_to_road_m": 801,
        "legal_status": "allowed",
        "distance_to_smelter_km": 32.6,
        "area_ha": 0.79,
        "region_id": "SW"
      },
      "geometry": {
        "type": "Polygon",
        "coordinates": [
          [
            [
              129.872,
              -0.11
            ],
            [
              129.88,
              -0.11
            ],
            [
              129.88,
              -0.102
            ],
            [
              129.872,
              -0.102
            ],
            [
              129.872,
              -0.11
            ]
          ]
        ]
      }
    },
    {
      "type": "Feature",
      "properties": {
        "grid_id": "GAG111",
        "site": "gag_island",
        "location_label": "Gag Island - Papua Barat Daya nickel laterite",
        "lithology": "peridotite_simulated",
        "slope_deg": 6.2,
        "distance_to_river_m": 270,
        "distance_to_road_m": 596,
        "legal_status": "allowed",
        "distance_to_smelter_km": 32.6,
        "area_ha": 0.79,
        "region_id": "SE"
      },
      "geometry": {
        "type": "Polygon",
        "coordinates": [
          [
            [
              129.88,
              -0.11
            ],
            [
              129.888,
              -0.11
            ],
            [
              129.888,
              -0.102
            ],
            [
              129.88,
              -0.102
            ],
            [
              129.88,
              -0.11
            ]
          ]
        ]
      }
    },
    {
      "type": "Feature",
      "properties": {
        "grid_id": "GAG112",
        "site": "gag_island",
        "location_label": "Gag Island - Papua Barat Daya nickel laterite",
        "lithology": "peridotite_simulated",
        "slope_deg": 10.4,
        "distance_to_river_m": 285,
        "distance_to_road_m": 3160,
        "legal_status": "allowed",
        "distance_to_smelter_km": 33.7,
        "area_ha": 0.79,
        "region_id": "SE"
      },
      "geometry": {
        "type": "Polygon",
        "coordinates": [
          [
            [
              129.888,
              -0.11
            ],
            [
              129.896,
              -0.11
            ],
            [
              129.896,
              -0.102
            ],
            [
              129.888,
              -0.102
            ],
            [
              129.888,
              -0.11
            ]
          ]
        ]
      }
    },
    {
      "type": "Feature",
      "properties": {
        "grid_id": "GAG113",
        "site": "gag_island",
        "location_label": "Gag Island - Papua Barat Daya nickel laterite",
        "lithology": "peridotite_simulated",
        "slope_deg": 10.2,
        "distance_to_river_m": 1186,
        "distance_to_road_m": 1535,
        "legal_status": "allowed",
        "distance_to_smelter_km": 35.7,
        "area_ha": 0.79,
        "region_id": "SE"
      },
      "geometry": {
        "type": "Polygon",
        "coordinates": [
          [
            [
              129.896,
              -0.11
            ],
            [
              129.904,
              -0.11
            ],
            [
              129.904,
              -0.102
            ],
            [
              129.896,
              -0.102
            ],
            [
              129.896,
              -0.11
            ]
          ]
        ]
      }
    },
    {
      "type": "Feature",
      "properties": {
        "grid_id": "GAG114",
        "site": "gag_island",
        "location_label": "Gag Island - Papua Barat Daya nickel laterite",
        "lithology": "serpentinite_simulated",
        "slope_deg": 12.5,
        "distance_to_river_m": 86,
        "distance_to_road_m": 2692,
        "legal_status": "allowed",
        "distance_to_smelter_km": 38.5,
        "area_ha": 0.79,
        "region_id": "SE"
      },
      "geometry": {
        "type": "Polygon",
        "coordinates": [
          [
            [
              129.904,
              -0.11
            ],
            [
              129.912,
              -0.11
            ],
            [
              129.912,
              -0.102
            ],
            [
              129.904,
              -0.102
            ],
            [
              129.904,
              -0.11
            ]
          ]
        ]
      }
    },
    {
      "type": "Feature",
      "properties": {
        "grid_id": "GAG115",
        "site": "gag_island",
        "location_label": "Gag Island - Papua Barat Daya nickel laterite",
        "lithology": "mafic_volcanic_simulated",
        "slope_deg": 14.4,
        "distance_to_river_m": 999,
        "distance_to_road_m": 2235,
        "legal_status": "conditional",
        "distance_to_smelter_km": 41.8,
        "area_ha": 0.79,
        "region_id": "SE"
      },
      "geometry": {
        "type": "Polygon",
        "coordinates": [
          [
            [
              129.912,
              -0.11
            ],
            [
              129.92,
              -0.11
            ],
            [
              129.92,
              -0.102
            ],
            [
              129.912,
              -0.102
            ],
            [
              129.912,
              -0.11
            ]
          ]
        ]
      }
    },
    {
      "type": "Feature",
      "properties": {
        "grid_id": "GAG116",
        "site": "gag_island",
        "location_label": "Gag Island - Papua Barat Daya nickel laterite",
        "lithology": "peridotite_simulated",
        "slope_deg": 11.1,
        "distance_to_river_m": 166,
        "distance_to_road_m": 2748,
        "legal_status": "no-go",
        "distance_to_smelter_km": 45.5,
        "area_ha": 0.79,
        "region_id": "SE"
      },
      "geometry": {
        "type": "Polygon",
        "coordinates": [
          [
            [
              129.92,
              -0.11
            ],
            [
              129.928,
              -0.11
            ],
            [
              129.928,
              -0.102
            ],
            [
              129.92,
              -0.102
            ],
            [
              129.92,
              -0.11
            ]
          ]
        ]
      }
    },
    {
      "type": "Feature",
      "properties": {
        "grid_id": "GAG117",
        "site": "gag_island",
        "location_label": "Gag Island - Papua Barat Daya nickel laterite",
        "lithology": "ultramafic_simulated",
        "slope_deg": 15.0,
        "distance_to_river_m": 294,
        "distance_to_road_m": 675,
        "legal_status": "allowed",
        "distance_to_smelter_km": 49.5,
        "area_ha": 0.79,
        "region_id": "SE"
      },
      "geometry": {
        "type": "Polygon",
        "coordinates": [
          [
            [
              129.928,
              -0.11
            ],
            [
              129.936,
              -0.11
            ],
            [
              129.936,
              -0.102
            ],
            [
              129.928,
              -0.102
            ],
            [
              129.928,
              -0.11
            ]
          ]
        ]
      }
    },
    {
      "type": "Feature",
      "properties": {
        "grid_id": "GAG118",
        "site": "gag_island",
        "location_label": "Gag Island - Papua Barat Daya nickel laterite",
        "lithology": "ultramafic_simulated",
        "slope_deg": 11.4,
        "distance_to_river_m": 138,
        "distance_to_road_m": 2606,
        "legal_status": "conditional",
        "distance_to_smelter_km": 53.7,
        "area_ha": 0.79,
        "region_id": "SE"
      },
      "geometry": {
        "type": "Polygon",
        "coordinates": [
          [
            [
              129.936,
              -0.11
            ],
            [
              129.944,
              -0.11
            ],
            [
              129.944,
              -0.102
            ],
            [
              129.936,
              -0.102
            ],
            [
              129.936,
              -0.11
            ]
          ]
        ]
      }
    },
    {
      "type": "Feature",
      "properties": {
        "grid_id": "GAG119",
        "site": "gag_island",
        "location_label": "Gag Island - Papua Barat Daya nickel laterite",
        "lithology": "mafic_volcanic_simulated",
        "slope_deg": 17.1,
        "distance_to_river_m": 1085,
        "distance_to_road_m": 2128,
        "legal_status": "allowed",
        "distance_to_smelter_km": 58.1,
        "area_ha": 0.79,
        "region_id": "SE"
      },
      "geometry": {
        "type": "Polygon",
        "coordinates": [
          [
            [
              129.944,
              -0.11
            ],
            [
              129.952,
              -0.11
            ],
            [
              129.952,
              -0.102
            ],
            [
              129.944,
              -0.102
            ],
            [
              129.944,
              -0.11
            ]
          ]
        ]
      }
    },
    {
      "type": "Feature",
      "properties": {
        "grid_id": "GAG120",
        "site": "gag_island",
        "location_label": "Gag Island - Papua Barat Daya nickel laterite",
        "lithology": "serpentinite_simulated",
        "slope_deg": 12.9,
        "distance_to_river_m": 180,
        "distance_to_road_m": 1065,
        "legal_status": "allowed",
        "distance_to_smelter_km": 62.6,
        "area_ha": 0.79,
        "region_id": "SE"
      },
      "geometry": {
        "type": "Polygon",
        "coordinates": [
          [
            [
              129.952,
              -0.11
            ],
            [
              129.96,
              -0.11
            ],
            [
              129.96,
              -0.102
            ],
            [
              129.952,
              -0.102
            ],
            [
              129.952,
              -0.11
            ]
          ]
        ]
      }
    },
    {
      "type": "Feature",
      "properties": {
        "grid_id": "GAG121",
        "site": "gag_island",
        "location_label": "Gag Island - Papua Barat Daya nickel laterite",
        "lithology": "peridotite_simulated",
        "slope_deg": 10.3,
        "distance_to_river_m": 1170,
        "distance_to_road_m": 1372,
        "legal_status": "conditional",
        "distance_to_smelter_km": 60.6,
        "area_ha": 0.79,
        "region_id": "SW"
      },
      "geometry": {
        "type": "Polygon",
        "coordinates": [
          [
            [
              129.8,
              -0.102
            ],
            [
              129.808,
              -0.102
            ],
            [
              129.808,
              -0.094
            ],
            [
              129.8,
              -0.094
            ],
            [
              129.8,
              -0.102
            ]
          ]
        ]
      }
    },
    {
      "type": "Feature",
      "properties": {
        "grid_id": "GAG122",
        "site": "gag_island",
        "location_label": "Gag Island - Papua Barat Daya nickel laterite",
        "lithology": "peridotite_simulated",
        "slope_deg": 5.1,
        "distance_to_river_m": 315,
        "distance_to_road_m": 395,
        "legal_status": "allowed",
        "distance_to_smelter_km": 56.0,
        "area_ha": 0.79,
        "region_id": "SW"
      },
      "geometry": {
        "type": "Polygon",
        "coordinates": [
          [
            [
              129.808,
              -0.102
            ],
            [
              129.816,
              -0.102
            ],
            [
              129.816,
              -0.094
            ],
            [
              129.808,
              -0.094
            ],
            [
              129.808,
              -0.102
            ]
          ]
        ]
      }
    },
    {
      "type": "Feature",
      "properties": {
        "grid_id": "GAG123",
        "site": "gag_island",
        "location_label": "Gag Island - Papua Barat Daya nickel laterite",
        "lithology": "peridotite_simulated",
        "slope_deg": 6.1,
        "distance_to_river_m": 1158,
        "distance_to_road_m": 1526,
        "legal_status": "conditional",
        "distance_to_smelter_km": 51.4,
        "area_ha": 0.79,
        "region_id": "SW"
      },
      "geometry": {
        "type": "Polygon",
        "coordinates": [
          [
            [
              129.816,
              -0.102
            ],
            [
              129.824,
              -0.102
            ],
            [
              129.824,
              -0.094
            ],
            [
              129.816,
              -0.094
            ],
            [
              129.816,
              -0.102
            ]
          ]
        ]
      }
    },
    {
      "type": "Feature",
      "properties": {
        "grid_id": "GAG124",
        "site": "gag_island",
        "location_label": "Gag Island - Papua Barat Daya nickel laterite",
        "lithology": "serpentinite_simulated",
        "slope_deg": 12.3,
        "distance_to_river_m": 321,
        "distance_to_road_m": 3464,
        "legal_status": "allowed",
        "distance_to_smelter_km": 46.9,
        "area_ha": 0.79,
        "region_id": "SW"
      },
      "geometry": {
        "type": "Polygon",
        "coordinates": [
          [
            [
              129.824,
              -0.102
            ],
            [
              129.832,
              -0.102
            ],
            [
              129.832,
              -0.094
            ],
            [
              129.824,
              -0.094
            ],
            [
              129.824,
              -0.102
            ]
          ]
        ]
      }
    },
    {
      "type": "Feature",
      "properties": {
        "grid_id": "GAG125",
        "site": "gag_island",
        "location_label": "Gag Island - Papua Barat Daya nickel laterite",
        "lithology": "peridotite_simulated",
        "slope_deg": 6.4,
        "distance_to_river_m": 424,
        "distance_to_road_m": 1250,
        "legal_status": "conditional",
        "distance_to_smelter_km": 42.6,
        "area_ha": 0.79,
        "region_id": "SW"
      },
      "geometry": {
        "type": "Polygon",
        "coordinates": [
          [
            [
              129.832,
              -0.102
            ],
            [
              129.84,
              -0.102
            ],
            [
              129.84,
              -0.094
            ],
            [
              129.832,
              -0.094
            ],
            [
              129.832,
              -0.102
            ]
          ]
        ]
      }
    },
    {
      "type": "Feature",
      "properties": {
        "grid_id": "GAG126",
        "site": "gag_island",
        "location_label": "Gag Island - Papua Barat Daya nickel laterite",
        "lithology": "ultramafic_simulated",
        "slope_deg": 15.9,
        "distance_to_river_m": 434,
        "distance_to_road_m": 2376,
        "legal_status": "no-go",
        "distance_to_smelter_km": 38.5,
        "area_ha": 0.79,
        "region_id": "SW"
      },
      "geometry": {
        "type": "Polygon",
        "coordinates": [
          [
            [
              129.84,
              -0.102
            ],
            [
              129.848,
              -0.102
            ],
            [
              129.848,
              -0.094
            ],
            [
              129.84,
              -0.094
            ],
            [
              129.84,
              -0.102
            ]
          ]
        ]
      }
    },
    {
      "type": "Feature",
      "properties": {
        "grid_id": "GAG127",
        "site": "gag_island",
        "location_label": "Gag Island - Papua Barat Daya nickel laterite",
        "lithology": "peridotite_simulated",
        "slope_deg": 8.0,
        "distance_to_river_m": 310,
        "distance_to_road_m": 2013,
        "legal_status": "allowed",
        "distance_to_smelter_km": 34.7,
        "area_ha": 0.79,
        "region_id": "SW"
      },
      "geometry": {
        "type": "Polygon",
        "coordinates": [
          [
            [
              129.848,
              -0.102
            ],
            [
              129.856,
              -0.102
            ],
            [
              129.856,
              -0.094
            ],
            [
              129.848,
              -0.094
            ],
            [
              129.848,
              -0.102
            ]
          ]
        ]
      }
    },
    {
      "type": "Feature",
      "properties": {
        "grid_id": "GAG128",
        "site": "gag_island",
        "location_label": "Gag Island - Papua Barat Daya nickel laterite",
        "lithology": "ultramafic_simulated",
        "slope_deg": 5.6,
        "distance_to_river_m": 1033,
        "distance_to_road_m": 968,
        "legal_status": "allowed",
        "distance_to_smelter_km": 31.5,
        "area_ha": 0.79,
        "region_id": "SW"
      },
      "geometry": {
        "type": "Polygon",
        "coordinates": [
          [
            [
              129.856,
              -0.102
            ],
            [
              129.864,
              -0.102
            ],
            [
              129.864,
              -0.094
            ],
            [
              129.856,
              -0.094
            ],
            [
              129.856,
              -0.102
            ]
          ]
        ]
      }
    },
    {
      "type": "Feature",
      "properties": {
        "grid_id": "GAG129",
        "site": "gag_island",
        "location_label": "Gag Island - Papua Barat Daya nickel laterite",
        "lithology": "peridotite_simulated",
        "slope_deg": 10.2,
        "distance_to_river_m": 366,
        "distance_to_road_m": 2448,
        "legal_status": "allowed",
        "distance_to_smelter_km": 29.0,
        "area_ha": 0.79,
        "region_id": "SW"
      },
      "geometry": {
        "type": "Polygon",
        "coordinates": [
          [
            [
              129.864,
              -0.102
            ],
            [
              129.872,
              -0.102
            ],
            [
              129.872,
              -0.094
            ],
            [
              129.864,
              -0.094
            ],
            [
              129.864,
              -0.102
            ]
          ]
        ]
      }
    },
    {
      "type": "Feature",
      "properties": {
        "grid_id": "GAG130",
        "site": "gag_island",
        "location_label": "Gag Island - Papua Barat Daya nickel laterite",
        "lithology": "serpentinite_simulated",
        "slope_deg": 12.7,
        "distance_to_river_m": 619,
        "distance_to_road_m": 2811,
        "legal_status": "conditional",
        "distance_to_smelter_km": 27.7,
        "area_ha": 0.79,
        "region_id": "SW"
      },
      "geometry": {
        "type": "Polygon",
        "coordinates": [
          [
            [
              129.872,
              -0.102
            ],
            [
              129.88,
              -0.102
            ],
            [
              129.88,
              -0.094
            ],
            [
              129.872,
              -0.094
            ],
            [
              129.872,
              -0.102
            ]
          ]
        ]
      }
    },
    {
      "type": "Feature",
      "properties": {
        "grid_id": "GAG131",
        "site": "gag_island",
        "location_label": "Gag Island - Papua Barat Daya nickel laterite",
        "lithology": "ultramafic_simulated",
        "slope_deg": 12.8,
        "distance_to_river_m": 669,
        "distance_to_road_m": 741,
        "legal_status": "allowed",
        "distance_to_smelter_km": 27.7,
        "area_ha": 0.79,
        "region_id": "SE"
      },
      "geometry": {
        "type": "Polygon",
        "coordinates": [
          [
            [
              129.88,
              -0.102
            ],
            [
              129.888,
              -0.102
            ],
            [
              129.888,
              -0.094
            ],
            [
              129.88,
              -0.094
            ],
            [
              129.88,
              -0.102
            ]
          ]
        ]
      }
    },
    {
      "type": "Feature",
      "properties": {
        "grid_id": "GAG132",
        "site": "gag_island",
        "location_label": "Gag Island - Papua Barat Daya nickel laterite",
        "lithology": "mafic_volcanic_simulated",
        "slope_deg": 16.7,
        "distance_to_river_m": 1174,
        "distance_to_road_m": 2988,
        "legal_status": "allowed",
        "distance_to_smelter_km": 29.0,
        "area_ha": 0.79,
        "region_id": "SE"
      },
      "geometry": {
        "type": "Polygon",
        "coordinates": [
          [
            [
              129.888,
              -0.102
            ],
            [
              129.896,
              -0.102
            ],
            [
              129.896,
              -0.094
            ],
            [
              129.888,
              -0.094
            ],
            [
              129.888,
              -0.102
            ]
          ]
        ]
      }
    },
    {
      "type": "Feature",
      "properties": {
        "grid_id": "GAG133",
        "site": "gag_island",
        "location_label": "Gag Island - Papua Barat Daya nickel laterite",
        "lithology": "ultramafic_simulated",
        "slope_deg": 7.9,
        "distance_to_river_m": 511,
        "distance_to_road_m": 3410,
        "legal_status": "no-go",
        "distance_to_smelter_km": 31.5,
        "area_ha": 0.79,
        "region_id": "SE"
      },
      "geometry": {
        "type": "Polygon",
        "coordinates": [
          [
            [
              129.896,
              -0.102
            ],
            [
              129.904,
              -0.102
            ],
            [
              129.904,
              -0.094
            ],
            [
              129.896,
              -0.094
            ],
            [
              129.896,
              -0.102
            ]
          ]
        ]
      }
    },
    {
      "type": "Feature",
      "properties": {
        "grid_id": "GAG134",
        "site": "gag_island",
        "location_label": "Gag Island - Papua Barat Daya nickel laterite",
        "lithology": "ultramafic_simulated",
        "slope_deg": 6.5,
        "distance_to_river_m": 767,
        "distance_to_road_m": 414,
        "legal_status": "allowed",
        "distance_to_smelter_km": 34.7,
        "area_ha": 0.79,
        "region_id": "SE"
      },
      "geometry": {
        "type": "Polygon",
        "coordinates": [
          [
            [
              129.904,
              -0.102
            ],
            [
              129.912,
              -0.102
            ],
            [
              129.912,
              -0.094
            ],
            [
              129.904,
              -0.094
            ],
            [
              129.904,
              -0.102
            ]
          ]
        ]
      }
    },
    {
      "type": "Feature",
      "properties": {
        "grid_id": "GAG135",
        "site": "gag_island",
        "location_label": "Gag Island - Papua Barat Daya nickel laterite",
        "lithology": "serpentinite_simulated",
        "slope_deg": 6.9,
        "distance_to_river_m": 1029,
        "distance_to_road_m": 2069,
        "legal_status": "conditional",
        "distance_to_smelter_km": 38.5,
        "area_ha": 0.79,
        "region_id": "SE"
      },
      "geometry": {
        "type": "Polygon",
        "coordinates": [
          [
            [
              129.912,
              -0.102
            ],
            [
              129.92,
              -0.102
            ],
            [
              129.92,
              -0.094
            ],
            [
              129.912,
              -0.094
            ],
            [
              129.912,
              -0.102
            ]
          ]
        ]
      }
    },
    {
      "type": "Feature",
      "properties": {
        "grid_id": "GAG136",
        "site": "gag_island",
        "location_label": "Gag Island - Papua Barat Daya nickel laterite",
        "lithology": "peridotite_simulated",
        "slope_deg": 9.2,
        "distance_to_river_m": 636,
        "distance_to_road_m": 735,
        "legal_status": "allowed",
        "distance_to_smelter_km": 42.6,
        "area_ha": 0.79,
        "region_id": "SE"
      },
      "geometry": {
        "type": "Polygon",
        "coordinates": [
          [
            [
              129.92,
              -0.102
            ],
            [
              129.928,
              -0.102
            ],
            [
              129.928,
              -0.094
            ],
            [
              129.92,
              -0.094
            ],
            [
              129.92,
              -0.102
            ]
          ]
        ]
      }
    },
    {
      "type": "Feature",
      "properties": {
        "grid_id": "GAG137",
        "site": "gag_island",
        "location_label": "Gag Island - Papua Barat Daya nickel laterite",
        "lithology": "serpentinite_simulated",
        "slope_deg": 5.4,
        "distance_to_river_m": 152,
        "distance_to_road_m": 2040,
        "legal_status": "conditional",
        "distance_to_smelter_km": 46.9,
        "area_ha": 0.79,
        "region_id": "SE"
      },
      "geometry": {
        "type": "Polygon",
        "coordinates": [
          [
            [
              129.928,
              -0.102
            ],
            [
              129.936,
              -0.102
            ],
            [
              129.936,
              -0.094
            ],
            [
              129.928,
              -0.094
            ],
            [
              129.928,
              -0.102
            ]
          ]
        ]
      }
    },
    {
      "type": "Feature",
      "properties": {
        "grid_id": "GAG138",
        "site": "gag_island",
        "location_label": "Gag Island - Papua Barat Daya nickel laterite",
        "lithology": "ultramafic_simulated",
        "slope_deg": 15.0,
        "distance_to_river_m": 966,
        "distance_to_road_m": 1888,
        "legal_status": "allowed",
        "distance_to_smelter_km": 51.4,
        "area_ha": 0.79,
        "region_id": "SE"
      },
      "geometry": {
        "type": "Polygon",
        "coordinates": [
          [
            [
              129.936,
              -0.102
            ],
            [
              129.944,
              -0.102
            ],
            [
              129.944,
              -0.094
            ],
            [
              129.936,
              -0.094
            ],
            [
              129.936,
              -0.102
            ]
          ]
        ]
      }
    },
    {
      "type": "Feature",
      "properties": {
        "grid_id": "GAG139",
        "site": "gag_island",
        "location_label": "Gag Island - Papua Barat Daya nickel laterite",
        "lithology": "mafic_volcanic_simulated",
        "slope_deg": 15.2,
        "distance_to_river_m": 608,
        "distance_to_road_m": 907,
        "legal_status": "allowed",
        "distance_to_smelter_km": 56.0,
        "area_ha": 0.79,
        "region_id": "SE"
      },
      "geometry": {
        "type": "Polygon",
        "coordinates": [
          [
            [
              129.944,
              -0.102
            ],
            [
              129.952,
              -0.102
            ],
            [
              129.952,
              -0.094
            ],
            [
              129.944,
              -0.094
            ],
            [
              129.944,
              -0.102
            ]
          ]
        ]
      }
    },
    {
      "type": "Feature",
      "properties": {
        "grid_id": "GAG140",
        "site": "gag_island",
        "location_label": "Gag Island - Papua Barat Daya nickel laterite",
        "lithology": "ultramafic_simulated",
        "slope_deg": 16.9,
        "distance_to_river_m": 519,
        "distance_to_road_m": 1660,
        "legal_status": "allowed",
        "distance_to_smelter_km": 60.6,
        "area_ha": 0.79,
        "region_id": "SE"
      },
      "geometry": {
        "type": "Polygon",
        "coordinates": [
          [
            [
              129.952,
              -0.102
            ],
            [
              129.96,
              -0.102
            ],
            [
              129.96,
              -0.094
            ],
            [
              129.952,
              -0.094
            ],
            [
              129.952,
              -0.102
            ]
          ]
        ]
      }
    },
    {
      "type": "Feature",
      "properties": {
        "grid_id": "GAG141",
        "site": "gag_island",
        "location_label": "Gag Island - Papua Barat Daya nickel laterite",
        "lithology": "peridotite_simulated",
        "slope_deg": 9.9,
        "distance_to_river_m": 572,
        "distance_to_road_m": 1904,
        "legal_status": "allowed",
        "distance_to_smelter_km": 59.1,
        "area_ha": 0.79,
        "region_id": "SW"
      },
      "geometry": {
        "type": "Polygon",
        "coordinates": [
          [
            [
              129.8,
              -0.094
            ],
            [
              129.808,
              -0.094
            ],
            [
              129.808,
              -0.086
            ],
            [
              129.8,
              -0.086
            ],
            [
              129.8,
              -0.094
            ]
          ]
        ]
      }
    },
    {
      "type": "Feature",
      "properties": {
        "grid_id": "GAG142",
        "site": "gag_island",
        "location_label": "Gag Island - Papua Barat Daya nickel laterite",
        "lithology": "alluvium",
        "slope_deg": 16.1,
        "distance_to_river_m": 796,
        "distance_to_road_m": 1681,
        "legal_status": "allowed",
        "distance_to_smelter_km": 54.3,
        "area_ha": 0.79,
        "region_id": "SW"
      },
      "geometry": {
        "type": "Polygon",
        "coordinates": [
          [
            [
              129.808,
              -0.094
            ],
            [
              129.816,
              -0.094
            ],
            [
              129.816,
              -0.086
            ],
            [
              129.808,
              -0.086
            ],
            [
              129.808,
              -0.094
            ]
          ]
        ]
      }
    },
    {
      "type": "Feature",
      "properties": {
        "grid_id": "GAG143",
        "site": "gag_island",
        "location_label": "Gag Island - Papua Barat Daya nickel laterite",
        "lithology": "serpentinite_simulated",
        "slope_deg": 5.0,
        "distance_to_river_m": 476,
        "distance_to_road_m": 954,
        "legal_status": "allowed",
        "distance_to_smelter_km": 49.5,
        "area_ha": 0.79,
        "region_id": "SW"
      },
      "geometry": {
        "type": "Polygon",
        "coordinates": [
          [
            [
              129.816,
              -0.094
            ],
            [
              129.824,
              -0.094
            ],
            [
              129.824,
              -0.086
            ],
            [
              129.816,
              -0.086
            ],
            [
              129.816,
              -0.094
            ]
          ]
        ]
      }
    },
    {
      "type": "Feature",
      "properties": {
        "grid_id": "GAG144",
        "site": "gag_island",
        "location_label": "Gag Island - Papua Barat Daya nickel laterite",
        "lithology": "serpentinite_simulated",
        "slope_deg": 11.9,
        "distance_to_river_m": 495,
        "distance_to_road_m": 909,
        "legal_status": "allowed",
        "distance_to_smelter_km": 44.8,
        "area_ha": 0.79,
        "region_id": "SW"
      },
      "geometry": {
        "type": "Polygon",
        "coordinates": [
          [
            [
              129.824,
              -0.094
            ],
            [
              129.832,
              -0.094
            ],
            [
              129.832,
              -0.086
            ],
            [
              129.824,
              -0.086
            ],
            [
              129.824,
              -0.094
            ]
          ]
        ]
      }
    },
    {
      "type": "Feature",
      "properties": {
        "grid_id": "GAG145",
        "site": "gag_island",
        "location_label": "Gag Island - Papua Barat Daya nickel laterite",
        "lithology": "mafic_volcanic_simulated",
        "slope_deg": 7.4,
        "distance_to_river_m": 448,
        "distance_to_road_m": 520,
        "legal_status": "allowed",
        "distance_to_smelter_km": 40.2,
        "area_ha": 0.79,
        "region_id": "SW"
      },
      "geometry": {
        "type": "Polygon",
        "coordinates": [
          [
            [
              129.832,
              -0.094
            ],
            [
              129.84,
              -0.094
            ],
            [
              129.84,
              -0.086
            ],
            [
              129.832,
              -0.086
            ],
            [
              129.832,
              -0.094
            ]
          ]
        ]
      }
    },
    {
      "type": "Feature",
      "properties": {
        "grid_id": "GAG146",
        "site": "gag_island",
        "location_label": "Gag Island - Papua Barat Daya nickel laterite",
        "lithology": "alluvium",
        "slope_deg": 10.1,
        "distance_to_river_m": 190,
        "distance_to_road_m": 1969,
        "legal_status": "conditional",
        "distance_to_smelter_km": 35.7,
        "area_ha": 0.79,
        "region_id": "SW"
      },
      "geometry": {
        "type": "Polygon",
        "coordinates": [
          [
            [
              129.84,
              -0.094
            ],
            [
              129.848,
              -0.094
            ],
            [
              129.848,
              -0.086
            ],
            [
              129.84,
              -0.086
            ],
            [
              129.84,
              -0.094
            ]
          ]
        ]
      }
    },
    {
      "type": "Feature",
      "properties": {
        "grid_id": "GAG147",
        "site": "gag_island",
        "location_label": "Gag Island - Papua Barat Daya nickel laterite",
        "lithology": "peridotite_simulated",
        "slope_deg": 14.1,
        "distance_to_river_m": 748,
        "distance_to_road_m": 2528,
        "legal_status": "allowed",
        "distance_to_smelter_km": 31.5,
        "area_ha": 0.79,
        "region_id": "SW"
      },
      "geometry": {
        "type": "Polygon",
        "coordinates": [
          [
            [
              129.848,
              -0.094
            ],
            [
              129.856,
              -0.094
            ],
            [
              129.856,
              -0.086
            ],
            [
              129.848,
              -0.086
            ],
            [
              129.848,
              -0.094
            ]
          ]
        ]
      }
    },
    {
      "type": "Feature",
      "properties": {
        "grid_id": "GAG148",
        "site": "gag_island",
        "location_label": "Gag Island - Papua Barat Daya nickel laterite",
        "lithology": "peridotite_simulated",
        "slope_deg": 14.4,
        "distance_to_river_m": 932,
        "distance_to_road_m": 2198,
        "legal_status": "allowed",
        "distance_to_smelter_km": 27.7,
        "area_ha": 0.79,
        "region_id": "SW"
      },
      "geometry": {
        "type": "Polygon",
        "coordinates": [
          [
            [
              129.856,
              -0.094
            ],
            [
              129.864,
              -0.094
            ],
            [
              129.864,
              -0.086
            ],
            [
              129.856,
              -0.086
            ],
            [
              129.856,
              -0.094
            ]
          ]
        ]
      }
    },
    {
      "type": "Feature",
      "properties": {
        "grid_id": "GAG149",
        "site": "gag_island",
        "location_label": "Gag Island - Papua Barat Daya nickel laterite",
        "lithology": "serpentinite_simulated",
        "slope_deg": 9.3,
        "distance_to_river_m": 1125,
        "distance_to_road_m": 368,
        "legal_status": "conditional",
        "distance_to_smelter_km": 24.6,
        "area_ha": 0.79,
        "region_id": "SW"
      },
      "geometry": {
        "type": "Polygon",
        "coordinates": [
          [
            [
              129.864,
              -0.094
            ],
            [
              129.872,
              -0.094
            ],
            [
              129.872,
              -0.086
            ],
            [
              129.864,
              -0.086
            ],
            [
              129.864,
              -0.094
            ]
          ]
        ]
      }
    },
    {
      "type": "Feature",
      "properties": {
        "grid_id": "GAG150",
        "site": "gag_island",
        "location_label": "Gag Island - Papua Barat Daya nickel laterite",
        "lithology": "ultramafic_simulated",
        "slope_deg": 17.1,
        "distance_to_river_m": 1112,
        "distance_to_road_m": 2844,
        "legal_status": "allowed",
        "distance_to_smelter_km": 22.7,
        "area_ha": 0.79,
        "region_id": "SW"
      },
      "geometry": {
        "type": "Polygon",
        "coordinates": [
          [
            [
              129.872,
              -0.094
            ],
            [
              129.88,
              -0.094
            ],
            [
              129.88,
              -0.086
            ],
            [
              129.872,
              -0.086
            ],
            [
              129.872,
              -0.094
            ]
          ]
        ]
      }
    },
    {
      "type": "Feature",
      "properties": {
        "grid_id": "GAG151",
        "site": "gag_island",
        "location_label": "Gag Island - Papua Barat Daya nickel laterite",
        "lithology": "peridotite_simulated",
        "slope_deg": 11.6,
        "distance_to_river_m": 406,
        "distance_to_road_m": 2589,
        "legal_status": "conditional",
        "distance_to_smelter_km": 22.7,
        "area_ha": 0.79,
        "region_id": "SE"
      },
      "geometry": {
        "type": "Polygon",
        "coordinates": [
          [
            [
              129.88,
              -0.094
            ],
            [
              129.888,
              -0.094
            ],
            [
              129.888,
              -0.086
            ],
            [
              129.88,
              -0.086
            ],
            [
              129.88,
              -0.094
            ]
          ]
        ]
      }
    },
    {
      "type": "Feature",
      "properties": {
        "grid_id": "GAG152",
        "site": "gag_island",
        "location_label": "Gag Island - Papua Barat Daya nickel laterite",
        "lithology": "ultramafic_simulated",
        "slope_deg": 9.1,
        "distance_to_river_m": 285,
        "distance_to_road_m": 2191,
        "legal_status": "no-go",
        "distance_to_smelter_km": 24.6,
        "area_ha": 0.79,
        "region_id": "SE"
      },
      "geometry": {
        "type": "Polygon",
        "coordinates": [
          [
            [
              129.888,
              -0.094
            ],
            [
              129.896,
              -0.094
            ],
            [
              129.896,
              -0.086
            ],
            [
              129.888,
              -0.086
            ],
            [
              129.888,
              -0.094
            ]
          ]
        ]
      }
    },
    {
      "type": "Feature",
      "properties": {
        "grid_id": "GAG153",
        "site": "gag_island",
        "location_label": "Gag Island - Papua Barat Daya nickel laterite",
        "lithology": "serpentinite_simulated",
        "slope_deg": 12.6,
        "distance_to_river_m": 239,
        "distance_to_road_m": 2745,
        "legal_status": "allowed",
        "distance_to_smelter_km": 27.7,
        "area_ha": 0.79,
        "region_id": "SE"
      },
      "geometry": {
        "type": "Polygon",
        "coordinates": [
          [
            [
              129.896,
              -0.094
            ],
            [
              129.904,
              -0.094
            ],
            [
              129.904,
              -0.086
            ],
            [
              129.896,
              -0.086
            ],
            [
              129.896,
              -0.094
            ]
          ]
        ]
      }
    },
    {
      "type": "Feature",
      "properties": {
        "grid_id": "GAG154",
        "site": "gag_island",
        "location_label": "Gag Island - Papua Barat Daya nickel laterite",
        "lithology": "mafic_volcanic_simulated",
        "slope_deg": 7.1,
        "distance_to_river_m": 1171,
        "distance_to_road_m": 1693,
        "legal_status": "conditional",
        "distance_to_smelter_km": 31.5,
        "area_ha": 0.79,
        "region_id": "SE"
      },
      "geometry": {
        "type": "Polygon",
        "coordinates": [
          [
            [
              129.904,
              -0.094
            ],
            [
              129.912,
              -0.094
            ],
            [
              129.912,
              -0.086
            ],
            [
              129.904,
              -0.086
            ],
            [
              129.904,
              -0.094
            ]
          ]
        ]
      }
    },
    {
      "type": "Feature",
      "properties": {
        "grid_id": "GAG155",
        "site": "gag_island",
        "location_label": "Gag Island - Papua Barat Daya nickel laterite",
        "lithology": "serpentinite_simulated",
        "slope_deg": 5.6,
        "distance_to_river_m": 868,
        "distance_to_road_m": 1017,
        "legal_status": "allowed",
        "distance_to_smelter_km": 35.7,
        "area_ha": 0.79,
        "region_id": "SE"
      },
      "geometry": {
        "type": "Polygon",
        "coordinates": [
          [
            [
              129.912,
              -0.094
            ],
            [
              129.92,
              -0.094
            ],
            [
              129.92,
              -0.086
            ],
            [
              129.912,
              -0.086
            ],
            [
              129.912,
              -0.094
            ]
          ]
        ]
      }
    },
    {
      "type": "Feature",
      "properties": {
        "grid_id": "GAG156",
        "site": "gag_island",
        "location_label": "Gag Island - Papua Barat Daya nickel laterite",
        "lithology": "serpentinite_simulated",
        "slope_deg": 9.6,
        "distance_to_river_m": 1085,
        "distance_to_road_m": 373,
        "legal_status": "no-go",
        "distance_to_smelter_km": 40.2,
        "area_ha": 0.79,
        "region_id": "SE"
      },
      "geometry": {
        "type": "Polygon",
        "coordinates": [
          [
            [
              129.92,
              -0.094
            ],
            [
              129.928,
              -0.094
            ],
            [
              129.928,
              -0.086
            ],
            [
              129.92,
              -0.086
            ],
            [
              129.92,
              -0.094
            ]
          ]
        ]
      }
    },
    {
      "type": "Feature",
      "properties": {
        "grid_id": "GAG157",
        "site": "gag_island",
        "location_label": "Gag Island - Papua Barat Daya nickel laterite",
        "lithology": "mafic_volcanic_simulated",
        "slope_deg": 11.6,
        "distance_to_river_m": 246,
        "distance_to_road_m": 2718,
        "legal_status": "conditional",
        "distance_to_smelter_km": 44.8,
        "area_ha": 0.79,
        "region_id": "SE"
      },
      "geometry": {
        "type": "Polygon",
        "coordinates": [
          [
            [
              129.928,
              -0.094
            ],
            [
              129.936,
              -0.094
            ],
            [
              129.936,
              -0.086
            ],
            [
              129.928,
              -0.086
            ],
            [
              129.928,
              -0.094
            ]
          ]
        ]
      }
    },
    {
      "type": "Feature",
      "properties": {
        "grid_id": "GAG158",
        "site": "gag_island",
        "location_label": "Gag Island - Papua Barat Daya nickel laterite",
        "lithology": "peridotite_simulated",
        "slope_deg": 16.4,
        "distance_to_river_m": 1006,
        "distance_to_road_m": 3183,
        "legal_status": "allowed",
        "distance_to_smelter_km": 49.5,
        "area_ha": 0.79,
        "region_id": "SE"
      },
      "geometry": {
        "type": "Polygon",
        "coordinates": [
          [
            [
              129.936,
              -0.094
            ],
            [
              129.944,
              -0.094
            ],
            [
              129.944,
              -0.086
            ],
            [
              129.936,
              -0.086
            ],
            [
              129.936,
              -0.094
            ]
          ]
        ]
      }
    },
    {
      "type": "Feature",
      "properties": {
        "grid_id": "GAG159",
        "site": "gag_island",
        "location_label": "Gag Island - Papua Barat Daya nickel laterite",
        "lithology": "ultramafic_simulated",
        "slope_deg": 12.1,
        "distance_to_river_m": 478,
        "distance_to_road_m": 734,
        "legal_status": "allowed",
        "distance_to_smelter_km": 54.3,
        "area_ha": 0.79,
        "region_id": "SE"
      },
      "geometry": {
        "type": "Polygon",
        "coordinates": [
          [
            [
              129.944,
              -0.094
            ],
            [
              129.952,
              -0.094
            ],
            [
              129.952,
              -0.086
            ],
            [
              129.944,
              -0.086
            ],
            [
              129.944,
              -0.094
            ]
          ]
        ]
      }
    },
    {
      "type": "Feature",
      "properties": {
        "grid_id": "GAG160",
        "site": "gag_island",
        "location_label": "Gag Island - Papua Barat Daya nickel laterite",
        "lithology": "mafic_volcanic_simulated",
        "slope_deg": 12.6,
        "distance_to_river_m": 203,
        "distance_to_road_m": 2729,
        "legal_status": "conditional",
        "distance_to_smelter_km": 59.1,
        "area_ha": 0.79,
        "region_id": "SE"
      },
      "geometry": {
        "type": "Polygon",
        "coordinates": [
          [
            [
              129.952,
              -0.094
            ],
            [
              129.96,
              -0.094
            ],
            [
              129.96,
              -0.086
            ],
            [
              129.952,
              -0.086
            ],
            [
              129.952,
              -0.094
            ]
          ]
        ]
      }
    },
    {
      "type": "Feature",
      "properties": {
        "grid_id": "GAG161",
        "site": "gag_island",
        "location_label": "Gag Island - Papua Barat Daya nickel laterite",
        "lithology": "ultramafic_simulated",
        "slope_deg": 17.3,
        "distance_to_river_m": 979,
        "distance_to_road_m": 1603,
        "legal_status": "no-go",
        "distance_to_smelter_km": 58.1,
        "area_ha": 0.79,
        "region_id": "SW"
      },
      "geometry": {
        "type": "Polygon",
        "coordinates": [
          [
            [
              129.8,
              -0.086
            ],
            [
              129.808,
              -0.086
            ],
            [
              129.808,
              -0.078
            ],
            [
              129.8,
              -0.078
            ],
            [
              129.8,
              -0.086
            ]
          ]
        ]
      }
    },
    {
      "type": "Feature",
      "properties": {
        "grid_id": "GAG162",
        "site": "gag_island",
        "location_label": "Gag Island - Papua Barat Daya nickel laterite",
        "lithology": "serpentinite_simulated",
        "slope_deg": 5.8,
        "distance_to_river_m": 568,
        "distance_to_road_m": 1855,
        "legal_status": "allowed",
        "distance_to_smelter_km": 53.2,
        "area_ha": 0.79,
        "region_id": "SW"
      },
      "geometry": {
        "type": "Polygon",
        "coordinates": [
          [
            [
              129.808,
              -0.086
            ],
            [
              129.816,
              -0.086
            ],
            [
              129.816,
              -0.078
            ],
            [
              129.808,
              -0.078
            ],
            [
              129.808,
              -0.086
            ]
          ]
        ]
      }
    },
    {
      "type": "Feature",
      "properties": {
        "grid_id": "GAG163",
        "site": "gag_island",
        "location_label": "Gag Island - Papua Barat Daya nickel laterite",
        "lithology": "peridotite_simulated",
        "slope_deg": 7.5,
        "distance_to_river_m": 327,
        "distance_to_road_m": 2916,
        "legal_status": "allowed",
        "distance_to_smelter_km": 48.2,
        "area_ha": 0.79,
        "region_id": "SW"
      },
      "geometry": {
        "type": "Polygon",
        "coordinates": [
          [
            [
              129.816,
              -0.086
            ],
            [
              129.824,
              -0.086
            ],
            [
              129.824,
              -0.078
            ],
            [
              129.816,
              -0.078
            ],
            [
              129.816,
              -0.086
            ]
          ]
        ]
      }
    },
    {
      "type": "Feature",
      "properties": {
        "grid_id": "GAG164",
        "site": "gag_island",
        "location_label": "Gag Island - Papua Barat Daya nickel laterite",
        "lithology": "ultramafic_simulated",
        "slope_deg": 6.2,
        "distance_to_river_m": 675,
        "distance_to_road_m": 1180,
        "legal_status": "conditional",
        "distance_to_smelter_km": 43.4,
        "area_ha": 0.79,
        "region_id": "SW"
      },
      "geometry": {
        "type": "Polygon",
        "coordinates": [
          [
            [
              129.824,
              -0.086
            ],
            [
              129.832,
              -0.086
            ],
            [
              129.832,
              -0.078
            ],
            [
              129.824,
              -0.078
            ],
            [
              129.824,
              -0.086
            ]
          ]
        ]
      }
    },
    {
      "type": "Feature",
      "properties": {
        "grid_id": "GAG165",
        "site": "gag_island",
        "location_label": "Gag Island - Papua Barat Daya nickel laterite",
        "lithology": "serpentinite_simulated",
        "slope_deg": 6.3,
        "distance_to_river_m": 1031,
        "distance_to_road_m": 1226,
        "legal_status": "allowed",
        "distance_to_smelter_km": 38.5,
        "area_ha": 0.79,
        "region_id": "SW"
      },
      "geometry": {
        "type": "Polygon",
        "coordinates": [
          [
            [
              129.832,
              -0.086
            ],
            [
              129.84,
              -0.086
            ],
            [
              129.84,
              -0.078
            ],
            [
              129.832,
              -0.078
            ],
            [
              129.832,
              -0.086
            ]
          ]
        ]
      }
    },
    {
      "type": "Feature",
      "properties": {
        "grid_id": "GAG166",
        "site": "gag_island",
        "location_label": "Gag Island - Papua Barat Daya nickel laterite",
        "lithology": "alluvium",
        "slope_deg": 9.2,
        "distance_to_river_m": 658,
        "distance_to_road_m": 1934,
        "legal_status": "allowed",
        "distance_to_smelter_km": 33.7,
        "area_ha": 0.79,
        "region_id": "SW"
      },
      "geometry": {
        "type": "Polygon",
        "coordinates": [
          [
            [
              129.84,
              -0.086
            ],
            [
              129.848,
              -0.086
            ],
            [
              129.848,
              -0.078
            ],
            [
              129.84,
              -0.078
            ],
            [
              129.84,
              -0.086
            ]
          ]
        ]
      }
    },
    {
      "type": "Feature",
      "properties": {
        "grid_id": "GAG167",
        "site": "gag_island",
        "location_label": "Gag Island - Papua Barat Daya nickel laterite",
        "lithology": "alluvium",
        "slope_deg": 5.3,
        "distance_to_river_m": 255,
        "distance_to_road_m": 2892,
        "legal_status": "no-go",
        "distance_to_smelter_km": 29.0,
        "area_ha": 0.79,
        "region_id": "SW"
      },
      "geometry": {
        "type": "Polygon",
        "coordinates": [
          [
            [
              129.848,
              -0.086
            ],
            [
              129.856,
              -0.086
            ],
            [
              129.856,
              -0.078
            ],
            [
              129.848,
              -0.078
            ],
            [
              129.848,
              -0.086
            ]
          ]
        ]
      }
    },
    {
      "type": "Feature",
      "properties": {
        "grid_id": "GAG168",
        "site": "gag_island",
        "location_label": "Gag Island - Papua Barat Daya nickel laterite",
        "lithology": "mafic_volcanic_simulated",
        "slope_deg": 9.5,
        "distance_to_river_m": 127,
        "distance_to_road_m": 2801,
        "legal_status": "no-go",
        "distance_to_smelter_km": 24.6,
        "area_ha": 0.79,
        "region_id": "SW"
      },
      "geometry": {
        "type": "Polygon",
        "coordinates": [
          [
            [
              129.856,
              -0.086
            ],
            [
              129.864,
              -0.086
            ],
            [
              129.864,
              -0.078
            ],
            [
              129.856,
              -0.078
            ],
            [
              129.856,
              -0.086
            ]
          ]
        ]
      }
    },
    {
      "type": "Feature",
      "properties": {
        "grid_id": "GAG169",
        "site": "gag_island",
        "location_label": "Gag Island - Papua Barat Daya nickel laterite",
        "lithology": "ultramafic_simulated",
        "slope_deg": 5.0,
        "distance_to_river_m": 1169,
        "distance_to_road_m": 1636,
        "legal_status": "conditional",
        "distance_to_smelter_km": 20.6,
        "area_ha": 0.79,
        "region_id": "SW"
      },
      "geometry": {
        "type": "Polygon",
        "coordinates": [
          [
            [
              129.864,
              -0.086
            ],
            [
              129.872,
              -0.086
            ],
            [
              129.872,
              -0.078
            ],
            [
              129.864,
              -0.078
            ],
            [
              129.864,
              -0.086
            ]
          ]
        ]
      }
    },
    {
      "type": "Feature",
      "properties": {
        "grid_id": "GAG170",
        "site": "gag_island",
        "location_label": "Gag Island - Papua Barat Daya nickel laterite",
        "lithology": "peridotite_simulated",
        "slope_deg": 14.2,
        "distance_to_river_m": 1127,
        "distance_to_road_m": 2298,
        "legal_status": "allowed",
        "distance_to_smelter_km": 17.9,
        "area_ha": 0.79,
        "region_id": "SW"
      },
      "geometry": {
        "type": "Polygon",
        "coordinates": [
          [
            [
              129.872,
              -0.086
            ],
            [
              129.88,
              -0.086
            ],
            [
              129.88,
              -0.078
            ],
            [
              129.872,
              -0.078
            ],
            [
              129.872,
              -0.086
            ]
          ]
        ]
      }
    },
    {
      "type": "Feature",
      "properties": {
        "grid_id": "GAG171",
        "site": "gag_island",
        "location_label": "Gag Island - Papua Barat Daya nickel laterite",
        "lithology": "serpentinite_simulated",
        "slope_deg": 9.6,
        "distance_to_river_m": 1111,
        "distance_to_road_m": 527,
        "legal_status": "allowed",
        "distance_to_smelter_km": 17.9,
        "area_ha": 0.79,
        "region_id": "SE"
      },
      "geometry": {
        "type": "Polygon",
        "coordinates": [
          [
            [
              129.88,
              -0.086
            ],
            [
              129.888,
              -0.086
            ],
            [
              129.888,
              -0.078
            ],
            [
              129.88,
              -0.078
            ],
            [
              129.88,
              -0.086
            ]
          ]
        ]
      }
    },
    {
      "type": "Feature",
      "properties": {
        "grid_id": "GAG172",
        "site": "gag_island",
        "location_label": "Gag Island - Papua Barat Daya nickel laterite",
        "lithology": "serpentinite_simulated",
        "slope_deg": 6.4,
        "distance_to_river_m": 986,
        "distance_to_road_m": 2436,
        "legal_status": "allowed",
        "distance_to_smelter_km": 20.6,
        "area_ha": 0.79,
        "region_id": "SE"
      },
      "geometry": {
        "type": "Polygon",
        "coordinates": [
          [
            [
              129.888,
              -0.086
            ],
            [
              129.896,
              -0.086
            ],
            [
              129.896,
              -0.078
            ],
            [
              129.888,
              -0.078
            ],
            [
              129.888,
              -0.086
            ]
          ]
        ]
      }
    },
    {
      "type": "Feature",
      "properties": {
        "grid_id": "GAG173",
        "site": "gag_island",
        "location_label": "Gag Island - Papua Barat Daya nickel laterite",
        "lithology": "peridotite_simulated",
        "slope_deg": 11.3,
        "distance_to_river_m": 1116,
        "distance_to_road_m": 2579,
        "legal_status": "allowed",
        "distance_to_smelter_km": 24.6,
        "area_ha": 0.79,
        "region_id": "SE"
      },
      "geometry": {
        "type": "Polygon",
        "coordinates": [
          [
            [
              129.896,
              -0.086
            ],
            [
              129.904,
              -0.086
            ],
            [
              129.904,
              -0.078
            ],
            [
              129.896,
              -0.078
            ],
            [
              129.896,
              -0.086
            ]
          ]
        ]
      }
    },
    {
      "type": "Feature",
      "properties": {
        "grid_id": "GAG174",
        "site": "gag_island",
        "location_label": "Gag Island - Papua Barat Daya nickel laterite",
        "lithology": "alluvium",
        "slope_deg": 14.1,
        "distance_to_river_m": 93,
        "distance_to_road_m": 3476,
        "legal_status": "allowed",
        "distance_to_smelter_km": 29.0,
        "area_ha": 0.79,
        "region_id": "SE"
      },
      "geometry": {
        "type": "Polygon",
        "coordinates": [
          [
            [
              129.904,
              -0.086
            ],
            [
              129.912,
              -0.086
            ],
            [
              129.912,
              -0.078
            ],
            [
              129.904,
              -0.078
            ],
            [
              129.904,
              -0.086
            ]
          ]
        ]
      }
    },
    {
      "type": "Feature",
      "properties": {
        "grid_id": "GAG175",
        "site": "gag_island",
        "location_label": "Gag Island - Papua Barat Daya nickel laterite",
        "lithology": "mafic_volcanic_simulated",
        "slope_deg": 17.2,
        "distance_to_river_m": 992,
        "distance_to_road_m": 1366,
        "legal_status": "allowed",
        "distance_to_smelter_km": 33.7,
        "area_ha": 0.79,
        "region_id": "SE"
      },
      "geometry": {
        "type": "Polygon",
        "coordinates": [
          [
            [
              129.912,
              -0.086
            ],
            [
              129.92,
              -0.086
            ],
            [
              129.92,
              -0.078
            ],
            [
              129.912,
              -0.078
            ],
            [
              129.912,
              -0.086
            ]
          ]
        ]
      }
    },
    {
      "type": "Feature",
      "properties": {
        "grid_id": "GAG176",
        "site": "gag_island",
        "location_label": "Gag Island - Papua Barat Daya nickel laterite",
        "lithology": "serpentinite_simulated",
        "slope_deg": 7.3,
        "distance_to_river_m": 1029,
        "distance_to_road_m": 2814,
        "legal_status": "conditional",
        "distance_to_smelter_km": 38.5,
        "area_ha": 0.79,
        "region_id": "SE"
      },
      "geometry": {
        "type": "Polygon",
        "coordinates": [
          [
            [
              129.92,
              -0.086
            ],
            [
              129.928,
              -0.086
            ],
            [
              129.928,
              -0.078
            ],
            [
              129.92,
              -0.078
            ],
            [
              129.92,
              -0.086
            ]
          ]
        ]
      }
    },
    {
      "type": "Feature",
      "properties": {
        "grid_id": "GAG177",
        "site": "gag_island",
        "location_label": "Gag Island - Papua Barat Daya nickel laterite",
        "lithology": "peridotite_simulated",
        "slope_deg": 14.4,
        "distance_to_river_m": 786,
        "distance_to_road_m": 1642,
        "legal_status": "allowed",
        "distance_to_smelter_km": 43.4,
        "area_ha": 0.79,
        "region_id": "SE"
      },
      "geometry": {
        "type": "Polygon",
        "coordinates": [
          [
            [
              129.928,
              -0.086
            ],
            [
              129.936,
              -0.086
            ],
            [
              129.936,
              -0.078
            ],
            [
              129.928,
              -0.078
            ],
            [
              129.928,
              -0.086
            ]
          ]
        ]
      }
    },
    {
      "type": "Feature",
      "properties": {
        "grid_id": "GAG178",
        "site": "gag_island",
        "location_label": "Gag Island - Papua Barat Daya nickel laterite",
        "lithology": "ultramafic_simulated",
        "slope_deg": 6.7,
        "distance_to_river_m": 310,
        "distance_to_road_m": 3009,
        "legal_status": "no-go",
        "distance_to_smelter_km": 48.2,
        "area_ha": 0.79,
        "region_id": "SE"
      },
      "geometry": {
        "type": "Polygon",
        "coordinates": [
          [
            [
              129.936,
              -0.086
            ],
            [
              129.944,
              -0.086
            ],
            [
              129.944,
              -0.078
            ],
            [
              129.936,
              -0.078
            ],
            [
              129.936,
              -0.086
            ]
          ]
        ]
      }
    },
    {
      "type": "Feature",
      "properties": {
        "grid_id": "GAG179",
        "site": "gag_island",
        "location_label": "Gag Island - Papua Barat Daya nickel laterite",
        "lithology": "serpentinite_simulated",
        "slope_deg": 9.2,
        "distance_to_river_m": 644,
        "distance_to_road_m": 808,
        "legal_status": "conditional",
        "distance_to_smelter_km": 53.2,
        "area_ha": 0.79,
        "region_id": "SE"
      },
      "geometry": {
        "type": "Polygon",
        "coordinates": [
          [
            [
              129.944,
              -0.086
            ],
            [
              129.952,
              -0.086
            ],
            [
              129.952,
              -0.078
            ],
            [
              129.944,
              -0.078
            ],
            [
              129.944,
              -0.086
            ]
          ]
        ]
      }
    },
    {
      "type": "Feature",
      "properties": {
        "grid_id": "GAG180",
        "site": "gag_island",
        "location_label": "Gag Island - Papua Barat Daya nickel laterite",
        "lithology": "ultramafic_simulated",
        "slope_deg": 17.4,
        "distance_to_river_m": 845,
        "distance_to_road_m": 2490,
        "legal_status": "allowed",
        "distance_to_smelter_km": 58.1,
        "area_ha": 0.79,
        "region_id": "SE"
      },
      "geometry": {
        "type": "Polygon",
        "coordinates": [
          [
            [
              129.952,
              -0.086
            ],
            [
              129.96,
              -0.086
            ],
            [
              129.96,
              -0.078
            ],
            [
              129.952,
              -0.078
            ],
            [
              129.952,
              -0.086
            ]
          ]
        ]
      }
    },
    {
      "type": "Feature",
      "properties": {
        "grid_id": "GAG181",
        "site": "gag_island",
        "location_label": "Gag Island - Papua Barat Daya nickel laterite",
        "lithology": "ultramafic_simulated",
        "slope_deg": 7.8,
        "distance_to_river_m": 96,
        "distance_to_road_m": 1137,
        "legal_status": "allowed",
        "distance_to_smelter_km": 57.6,
        "area_ha": 0.79,
        "region_id": "SW"
      },
      "geometry": {
        "type": "Polygon",
        "coordinates": [
          [
            [
              129.8,
              -0.078
            ],
            [
              129.808,
              -0.078
            ],
            [
              129.808,
              -0.07
            ],
            [
              129.8,
              -0.07
            ],
            [
              129.8,
              -0.078
            ]
          ]
        ]
      }
    },
    {
      "type": "Feature",
      "properties": {
        "grid_id": "GAG182",
        "site": "gag_island",
        "location_label": "Gag Island - Papua Barat Daya nickel laterite",
        "lithology": "ultramafic_simulated",
        "slope_deg": 7.9,
        "distance_to_river_m": 436,
        "distance_to_road_m": 442,
        "legal_status": "allowed",
        "distance_to_smelter_km": 52.6,
        "area_ha": 0.79,
        "region_id": "SW"
      },
      "geometry": {
        "type": "Polygon",
        "coordinates": [
          [
            [
              129.808,
              -0.078
            ],
            [
              129.816,
              -0.078
            ],
            [
              129.816,
              -0.07
            ],
            [
              129.808,
              -0.07
            ],
            [
              129.808,
              -0.078
            ]
          ]
        ]
      }
    },
    {
      "type": "Feature",
      "properties": {
        "grid_id": "GAG183",
        "site": "gag_island",
        "location_label": "Gag Island - Papua Barat Daya nickel laterite",
        "lithology": "serpentinite_simulated",
        "slope_deg": 12.9,
        "distance_to_river_m": 1063,
        "distance_to_road_m": 3043,
        "legal_status": "allowed",
        "distance_to_smelter_km": 47.6,
        "area_ha": 0.79,
        "region_id": "SW"
      },
      "geometry": {
        "type": "Polygon",
        "coordinates": [
          [
            [
              129.816,
              -0.078
            ],
            [
              129.824,
              -0.078
            ],
            [
              129.824,
              -0.07
            ],
            [
              129.816,
              -0.07
            ],
            [
              129.816,
              -0.078
            ]
          ]
        ]
      }
    },
    {
      "type": "Feature",
      "properties": {
        "grid_id": "GAG184",
        "site": "gag_island",
        "location_label": "Gag Island - Papua Barat Daya nickel laterite",
        "lithology": "serpentinite_simulated",
        "slope_deg": 10.3,
        "distance_to_river_m": 141,
        "distance_to_road_m": 2449,
        "legal_status": "allowed",
        "distance_to_smelter_km": 42.6,
        "area_ha": 0.79,
        "region_id": "SW"
      },
      "geometry": {
        "type": "Polygon",
        "coordinates": [
          [
            [
              129.824,
              -0.078
            ],
            [
              129.832,
              -0.078
            ],
            [
              129.832,
              -0.07
            ],
            [
              129.824,
              -0.07
            ],
            [
              129.824,
              -0.078
            ]
          ]
        ]
      }
    },
    {
      "type": "Feature",
      "properties": {
        "grid_id": "GAG185",
        "site": "gag_island",
        "location_label": "Gag Island - Papua Barat Daya nickel laterite",
        "lithology": "peridotite_simulated",
        "slope_deg": 17.2,
        "distance_to_river_m": 997,
        "distance_to_road_m": 490,
        "legal_status": "allowed",
        "distance_to_smelter_km": 37.6,
        "area_ha": 0.79,
        "region_id": "SW"
      },
      "geometry": {
        "type": "Polygon",
        "coordinates": [
          [
            [
              129.832,
              -0.078
            ],
            [
              129.84,
              -0.078
            ],
            [
              129.84,
              -0.07
            ],
            [
              129.832,
              -0.07
            ],
            [
              129.832,
              -0.078
            ]
          ]
        ]
      }
    },
    {
      "type": "Feature",
      "properties": {
        "grid_id": "GAG186",
        "site": "gag_island",
        "location_label": "Gag Island - Papua Barat Daya nickel laterite",
        "lithology": "serpentinite_simulated",
        "slope_deg": 14.3,
        "distance_to_river_m": 963,
        "distance_to_road_m": 369,
        "legal_status": "no-go",
        "distance_to_smelter_km": 32.6,
        "area_ha": 0.79,
        "region_id": "SW"
      },
      "geometry": {
        "type": "Polygon",
        "coordinates": [
          [
            [
              129.84,
              -0.078
            ],
            [
              129.848,
              -0.078
            ],
            [
              129.848,
              -0.07
            ],
            [
              129.84,
              -0.07
            ],
            [
              129.84,
              -0.078
            ]
          ]
        ]
      }
    },
    {
      "type": "Feature",
      "properties": {
        "grid_id": "GAG187",
        "site": "gag_island",
        "location_label": "Gag Island - Papua Barat Daya nickel laterite",
        "lithology": "peridotite_simulated",
        "slope_deg": 5.2,
        "distance_to_river_m": 320,
        "distance_to_road_m": 2892,
        "legal_status": "conditional",
        "distance_to_smelter_km": 27.7,
        "area_ha": 0.79,
        "region_id": "SW"
      },
      "geometry": {
        "type": "Polygon",
        "coordinates": [
          [
            [
              129.848,
              -0.078
            ],
            [
              129.856,
              -0.078
            ],
            [
              129.856,
              -0.07
            ],
            [
              129.848,
              -0.07
            ],
            [
              129.848,
              -0.078
            ]
          ]
        ]
      }
    },
    {
      "type": "Feature",
      "properties": {
        "grid_id": "GAG188",
        "site": "gag_island",
        "location_label": "Gag Island - Papua Barat Daya nickel laterite",
        "lithology": "serpentinite_simulated",
        "slope_deg": 8.3,
        "distance_to_river_m": 605,
        "distance_to_road_m": 1314,
        "legal_status": "allowed",
        "distance_to_smelter_km": 22.7,
        "area_ha": 0.79,
        "region_id": "SW"
      },
      "geometry": {
        "type": "Polygon",
        "coordinates": [
          [
            [
              129.856,
              -0.078
            ],
            [
              129.864,
              -0.078
            ],
            [
              129.864,
              -0.07
            ],
            [
              129.856,
              -0.07
            ],
            [
              129.856,
              -0.078
            ]
          ]
        ]
      }
    },
    {
      "type": "Feature",
      "properties": {
        "grid_id": "GAG189",
        "site": "gag_island",
        "location_label": "Gag Island - Papua Barat Daya nickel laterite",
        "lithology": "serpentinite_simulated",
        "slope_deg": 5.1,
        "distance_to_river_m": 438,
        "distance_to_road_m": 2721,
        "legal_status": "allowed",
        "distance_to_smelter_km": 17.9,
        "area_ha": 0.79,
        "region_id": "SW"
      },
      "geometry": {
        "type": "Polygon",
        "coordinates": [
          [
            [
              129.864,
              -0.078
            ],
            [
              129.872,
              -0.078
            ],
            [
              129.872,
              -0.07
            ],
            [
              129.864,
              -0.07
            ],
            [
              129.864,
              -0.078
            ]
          ]
        ]
      }
    },
    {
      "type": "Feature",
      "properties": {
        "grid_id": "GAG190",
        "site": "gag_island",
        "location_label": "Gag Island - Papua Barat Daya nickel laterite",
        "lithology": "mafic_volcanic_simulated",
        "slope_deg": 5.6,
        "distance_to_river_m": 712,
        "distance_to_road_m": 2314,
        "legal_status": "allowed",
        "distance_to_smelter_km": 13.5,
        "area_ha": 0.79,
        "region_id": "SW"
      },
      "geometry": {
        "type": "Polygon",
        "coordinates": [
          [
            [
              129.872,
              -0.078
            ],
            [
              129.88,
              -0.078
            ],
            [
              129.88,
              -0.07
            ],
            [
              129.872,
              -0.07
            ],
            [
              129.872,
              -0.078
            ]
          ]
        ]
      }
    },
    {
      "type": "Feature",
      "properties": {
        "grid_id": "GAG191",
        "site": "gag_island",
        "location_label": "Gag Island - Papua Barat Daya nickel laterite",
        "lithology": "ultramafic_simulated",
        "slope_deg": 15.3,
        "distance_to_river_m": 1193,
        "distance_to_road_m": 1230,
        "legal_status": "allowed",
        "distance_to_smelter_km": 13.5,
        "area_ha": 0.79,
        "region_id": "SE"
      },
      "geometry": {
        "type": "Polygon",
        "coordinates": [
          [
            [
              129.88,
              -0.078
            ],
            [
              129.888,
              -0.078
            ],
            [
              129.888,
              -0.07
            ],
            [
              129.88,
              -0.07
            ],
            [
              129.88,
              -0.078
            ]
          ]
        ]
      }
    },
    {
      "type": "Feature",
      "properties": {
        "grid_id": "GAG192",
        "site": "gag_island",
        "location_label": "Gag Island - Papua Barat Daya nickel laterite",
        "lithology": "serpentinite_simulated",
        "slope_deg": 8.8,
        "distance_to_river_m": 503,
        "distance_to_road_m": 531,
        "legal_status": "allowed",
        "distance_to_smelter_km": 17.9,
        "area_ha": 0.79,
        "region_id": "SE"
      },
      "geometry": {
        "type": "Polygon",
        "coordinates": [
          [
            [
              129.888,
              -0.078
            ],
            [
              129.896,
              -0.078
            ],
            [
              129.896,
              -0.07
            ],
            [
              129.888,
              -0.07
            ],
            [
              129.888,
              -0.078
            ]
          ]
        ]
      }
    },
    {
      "type": "Feature",
      "properties": {
        "grid_id": "GAG193",
        "site": "gag_island",
        "location_label": "Gag Island - Papua Barat Daya nickel laterite",
        "lithology": "mafic_volcanic_simulated",
        "slope_deg": 16.1,
        "distance_to_river_m": 527,
        "distance_to_road_m": 3256,
        "legal_status": "allowed",
        "distance_to_smelter_km": 22.7,
        "area_ha": 0.79,
        "region_id": "SE"
      },
      "geometry": {
        "type": "Polygon",
        "coordinates": [
          [
            [
              129.896,
              -0.078
            ],
            [
              129.904,
              -0.078
            ],
            [
              129.904,
              -0.07
            ],
            [
              129.896,
              -0.07
            ],
            [
              129.896,
              -0.078
            ]
          ]
        ]
      }
    },
    {
      "type": "Feature",
      "properties": {
        "grid_id": "GAG194",
        "site": "gag_island",
        "location_label": "Gag Island - Papua Barat Daya nickel laterite",
        "lithology": "peridotite_simulated",
        "slope_deg": 15.2,
        "distance_to_river_m": 421,
        "distance_to_road_m": 2421,
        "legal_status": "no-go",
        "distance_to_smelter_km": 27.7,
        "area_ha": 0.79,
        "region_id": "SE"
      },
      "geometry": {
        "type": "Polygon",
        "coordinates": [
          [
            [
              129.904,
              -0.078
            ],
            [
              129.912,
              -0.078
            ],
            [
              129.912,
              -0.07
            ],
            [
              129.904,
              -0.07
            ],
            [
              129.904,
              -0.078
            ]
          ]
        ]
      }
    },
    {
      "type": "Feature",
      "properties": {
        "grid_id": "GAG195",
        "site": "gag_island",
        "location_label": "Gag Island - Papua Barat Daya nickel laterite",
        "lithology": "serpentinite_simulated",
        "slope_deg": 10.7,
        "distance_to_river_m": 417,
        "distance_to_road_m": 3065,
        "legal_status": "allowed",
        "distance_to_smelter_km": 32.6,
        "area_ha": 0.79,
        "region_id": "SE"
      },
      "geometry": {
        "type": "Polygon",
        "coordinates": [
          [
            [
              129.912,
              -0.078
            ],
            [
              129.92,
              -0.078
            ],
            [
              129.92,
              -0.07
            ],
            [
              129.912,
              -0.07
            ],
            [
              129.912,
              -0.078
            ]
          ]
        ]
      }
    },
    {
      "type": "Feature",
      "properties": {
        "grid_id": "GAG196",
        "site": "gag_island",
        "location_label": "Gag Island - Papua Barat Daya nickel laterite",
        "lithology": "ultramafic_simulated",
        "slope_deg": 13.5,
        "distance_to_river_m": 642,
        "distance_to_road_m": 1539,
        "legal_status": "allowed",
        "distance_to_smelter_km": 37.6,
        "area_ha": 0.79,
        "region_id": "SE"
      },
      "geometry": {
        "type": "Polygon",
        "coordinates": [
          [
            [
              129.92,
              -0.078
            ],
            [
              129.928,
              -0.078
            ],
            [
              129.928,
              -0.07
            ],
            [
              129.92,
              -0.07
            ],
            [
              129.92,
              -0.078
            ]
          ]
        ]
      }
    },
    {
      "type": "Feature",
      "properties": {
        "grid_id": "GAG197",
        "site": "gag_island",
        "location_label": "Gag Island - Papua Barat Daya nickel laterite",
        "lithology": "mafic_volcanic_simulated",
        "slope_deg": 11.9,
        "distance_to_river_m": 1035,
        "distance_to_road_m": 3093,
        "legal_status": "allowed",
        "distance_to_smelter_km": 42.6,
        "area_ha": 0.79,
        "region_id": "SE"
      },
      "geometry": {
        "type": "Polygon",
        "coordinates": [
          [
            [
              129.928,
              -0.078
            ],
            [
              129.936,
              -0.078
            ],
            [
              129.936,
              -0.07
            ],
            [
              129.928,
              -0.07
            ],
            [
              129.928,
              -0.078
            ]
          ]
        ]
      }
    },
    {
      "type": "Feature",
      "properties": {
        "grid_id": "GAG198",
        "site": "gag_island",
        "location_label": "Gag Island - Papua Barat Daya nickel laterite",
        "lithology": "ultramafic_simulated",
        "slope_deg": 12.9,
        "distance_to_river_m": 94,
        "distance_to_road_m": 1630,
        "legal_status": "conditional",
        "distance_to_smelter_km": 47.6,
        "area_ha": 0.79,
        "region_id": "SE"
      },
      "geometry": {
        "type": "Polygon",
        "coordinates": [
          [
            [
              129.936,
              -0.078
            ],
            [
              129.944,
              -0.078
            ],
            [
              129.944,
              -0.07
            ],
            [
              129.936,
              -0.07
            ],
            [
              129.936,
              -0.078
            ]
          ]
        ]
      }
    },
    {
      "type": "Feature",
      "properties": {
        "grid_id": "GAG199",
        "site": "gag_island",
        "location_label": "Gag Island - Papua Barat Daya nickel laterite",
        "lithology": "serpentinite_simulated",
        "slope_deg": 9.9,
        "distance_to_river_m": 564,
        "distance_to_road_m": 1787,
        "legal_status": "allowed",
        "distance_to_smelter_km": 52.6,
        "area_ha": 0.79,
        "region_id": "SE"
      },
      "geometry": {
        "type": "Polygon",
        "coordinates": [
          [
            [
              129.944,
              -0.078
            ],
            [
              129.952,
              -0.078
            ],
            [
              129.952,
              -0.07
            ],
            [
              129.944,
              -0.07
            ],
            [
              129.944,
              -0.078
            ]
          ]
        ]
      }
    },
    {
      "type": "Feature",
      "properties": {
        "grid_id": "GAG200",
        "site": "gag_island",
        "location_label": "Gag Island - Papua Barat Daya nickel laterite",
        "lithology": "serpentinite_simulated",
        "slope_deg": 7.5,
        "distance_to_river_m": 774,
        "distance_to_road_m": 3258,
        "legal_status": "no-go",
        "distance_to_smelter_km": 57.6,
        "area_ha": 0.79,
        "region_id": "SE"
      },
      "geometry": {
        "type": "Polygon",
        "coordinates": [
          [
            [
              129.952,
              -0.078
            ],
            [
              129.96,
              -0.078
            ],
            [
              129.96,
              -0.07
            ],
            [
              129.952,
              -0.07
            ],
            [
              129.952,
              -0.078
            ]
          ]
        ]
      }
    },
    {
      "type": "Feature",
      "properties": {
        "grid_id": "GAG201",
        "site": "gag_island",
        "location_label": "Gag Island - Papua Barat Daya nickel laterite",
        "lithology": "serpentinite_simulated",
        "slope_deg": 16.7,
        "distance_to_river_m": 112,
        "distance_to_road_m": 1690,
        "legal_status": "conditional",
        "distance_to_smelter_km": 57.6,
        "area_ha": 0.79,
        "region_id": "NW"
      },
      "geometry": {
        "type": "Polygon",
        "coordinates": [
          [
            [
              129.8,
              -0.07
            ],
            [
              129.808,
              -0.07
            ],
            [
              129.808,
              -0.062
            ],
            [
              129.8,
              -0.062
            ],
            [
              129.8,
              -0.07
            ]
          ]
        ]
      }
    },
    {
      "type": "Feature",
      "properties": {
        "grid_id": "GAG202",
        "site": "gag_island",
        "location_label": "Gag Island - Papua Barat Daya nickel laterite",
        "lithology": "alluvium",
        "slope_deg": 6.3,
        "distance_to_river_m": 435,
        "distance_to_road_m": 1489,
        "legal_status": "allowed",
        "distance_to_smelter_km": 52.6,
        "area_ha": 0.79,
        "region_id": "NW"
      },
      "geometry": {
        "type": "Polygon",
        "coordinates": [
          [
            [
              129.808,
              -0.07
            ],
            [
              129.816,
              -0.07
            ],
            [
              129.816,
              -0.062
            ],
            [
              129.808,
              -0.062
            ],
            [
              129.808,
              -0.07
            ]
          ]
        ]
      }
    },
    {
      "type": "Feature",
      "properties": {
        "grid_id": "GAG203",
        "site": "gag_island",
        "location_label": "Gag Island - Papua Barat Daya nickel laterite",
        "lithology": "peridotite_simulated",
        "slope_deg": 17.3,
        "distance_to_river_m": 842,
        "distance_to_road_m": 2434,
        "legal_status": "no-go",
        "distance_to_smelter_km": 47.6,
        "area_ha": 0.79,
        "region_id": "NW"
      },
      "geometry": {
        "type": "Polygon",
        "coordinates": [
          [
            [
              129.816,
              -0.07
            ],
            [
              129.824,
              -0.07
            ],
            [
              129.824,
              -0.062
            ],
            [
              129.816,
              -0.062
            ],
            [
              129.816,
              -0.07
            ]
          ]
        ]
      }
    },
    {
      "type": "Feature",
      "properties": {
        "grid_id": "GAG204",
        "site": "gag_island",
        "location_label": "Gag Island - Papua Barat Daya nickel laterite",
        "lithology": "alluvium",
        "slope_deg": 11.5,
        "distance_to_river_m": 411,
        "distance_to_road_m": 808,
        "legal_status": "allowed",
        "distance_to_smelter_km": 42.6,
        "area_ha": 0.79,
        "region_id": "NW"
      },
      "geometry": {
        "type": "Polygon",
        "coordinates": [
          [
            [
              129.824,
              -0.07
            ],
            [
              129.832,
              -0.07
            ],
            [
              129.832,
              -0.062
            ],
            [
              129.824,
              -0.062
            ],
            [
              129.824,
              -0.07
            ]
          ]
        ]
      }
    },
    {
      "type": "Feature",
      "properties": {
        "grid_id": "GAG205",
        "site": "gag_island",
        "location_label": "Gag Island - Papua Barat Daya nickel laterite",
        "lithology": "serpentinite_simulated",
        "slope_deg": 9.2,
        "distance_to_river_m": 1124,
        "distance_to_road_m": 866,
        "legal_status": "allowed",
        "distance_to_smelter_km": 37.6,
        "area_ha": 0.79,
        "region_id": "NW"
      },
      "geometry": {
        "type": "Polygon",
        "coordinates": [
          [
            [
              129.832,
              -0.07
            ],
            [
              129.84,
              -0.07
            ],
            [
              129.84,
              -0.062
            ],
            [
              129.832,
              -0.062
            ],
            [
              129.832,
              -0.07
            ]
          ]
        ]
      }
    },
    {
      "type": "Feature",
      "properties": {
        "grid_id": "GAG206",
        "site": "gag_island",
        "location_label": "Gag Island - Papua Barat Daya nickel laterite",
        "lithology": "ultramafic_simulated",
        "slope_deg": 16.8,
        "distance_to_river_m": 376,
        "distance_to_road_m": 622,
        "legal_status": "allowed",
        "distance_to_smelter_km": 32.6,
        "area_ha": 0.79,
        "region_id": "NW"
      },
      "geometry": {
        "type": "Polygon",
        "coordinates": [
          [
            [
              129.84,
              -0.07
            ],
            [
              129.848,
              -0.07
            ],
            [
              129.848,
              -0.062
            ],
            [
              129.84,
              -0.062
            ],
            [
              129.84,
              -0.07
            ]
          ]
        ]
      }
    },
    {
      "type": "Feature",
      "properties": {
        "grid_id": "GAG207",
        "site": "gag_island",
        "location_label": "Gag Island - Papua Barat Daya nickel laterite",
        "lithology": "serpentinite_simulated",
        "slope_deg": 7.5,
        "distance_to_river_m": 1063,
        "distance_to_road_m": 526,
        "legal_status": "allowed",
        "distance_to_smelter_km": 27.7,
        "area_ha": 0.79,
        "region_id": "NW"
      },
      "geometry": {
        "type": "Polygon",
        "coordinates": [
          [
            [
              129.848,
              -0.07
            ],
            [
              129.856,
              -0.07
            ],
            [
              129.856,
              -0.062
            ],
            [
              129.848,
              -0.062
            ],
            [
              129.848,
              -0.07
            ]
          ]
        ]
      }
    },
    {
      "type": "Feature",
      "properties": {
        "grid_id": "GAG208",
        "site": "gag_island",
        "location_label": "Gag Island - Papua Barat Daya nickel laterite",
        "lithology": "serpentinite_simulated",
        "slope_deg": 14.3,
        "distance_to_river_m": 203,
        "distance_to_road_m": 1162,
        "legal_status": "allowed",
        "distance_to_smelter_km": 22.7,
        "area_ha": 0.79,
        "region_id": "NW"
      },
      "geometry": {
        "type": "Polygon",
        "coordinates": [
          [
            [
              129.856,
              -0.07
            ],
            [
              129.864,
              -0.07
            ],
            [
              129.864,
              -0.062
            ],
            [
              129.856,
              -0.062
            ],
            [
              129.856,
              -0.07
            ]
          ]
        ]
      }
    },
    {
      "type": "Feature",
      "properties": {
        "grid_id": "GAG209",
        "site": "gag_island",
        "location_label": "Gag Island - Papua Barat Daya nickel laterite",
        "lithology": "peridotite_simulated",
        "slope_deg": 15.4,
        "distance_to_river_m": 861,
        "distance_to_road_m": 774,
        "legal_status": "allowed",
        "distance_to_smelter_km": 17.9,
        "area_ha": 0.79,
        "region_id": "NW"
      },
      "geometry": {
        "type": "Polygon",
        "coordinates": [
          [
            [
              129.864,
              -0.07
            ],
            [
              129.872,
              -0.07
            ],
            [
              129.872,
              -0.062
            ],
            [
              129.864,
              -0.062
            ],
            [
              129.864,
              -0.07
            ]
          ]
        ]
      }
    },
    {
      "type": "Feature",
      "properties": {
        "grid_id": "GAG210",
        "site": "gag_island",
        "location_label": "Gag Island - Papua Barat Daya nickel laterite",
        "lithology": "serpentinite_simulated",
        "slope_deg": 15.9,
        "distance_to_river_m": 933,
        "distance_to_road_m": 1621,
        "legal_status": "allowed",
        "distance_to_smelter_km": 13.5,
        "area_ha": 0.79,
        "region_id": "NW"
      },
      "geometry": {
        "type": "Polygon",
        "coordinates": [
          [
            [
              129.872,
              -0.07
            ],
            [
              129.88,
              -0.07
            ],
            [
              129.88,
              -0.062
            ],
            [
              129.872,
              -0.062
            ],
            [
              129.872,
              -0.07
            ]
          ]
        ]
      }
    },
    {
      "type": "Feature",
      "properties": {
        "grid_id": "GAG211",
        "site": "gag_island",
        "location_label": "Gag Island - Papua Barat Daya nickel laterite",
        "lithology": "serpentinite_simulated",
        "slope_deg": 16.0,
        "distance_to_river_m": 482,
        "distance_to_road_m": 724,
        "legal_status": "allowed",
        "distance_to_smelter_km": 13.5,
        "area_ha": 0.79,
        "region_id": "NE"
      },
      "geometry": {
        "type": "Polygon",
        "coordinates": [
          [
            [
              129.88,
              -0.07
            ],
            [
              129.888,
              -0.07
            ],
            [
              129.888,
              -0.062
            ],
            [
              129.88,
              -0.062
            ],
            [
              129.88,
              -0.07
            ]
          ]
        ]
      }
    },
    {
      "type": "Feature",
      "properties": {
        "grid_id": "GAG212",
        "site": "gag_island",
        "location_label": "Gag Island - Papua Barat Daya nickel laterite",
        "lithology": "serpentinite_simulated",
        "slope_deg": 5.4,
        "distance_to_river_m": 965,
        "distance_to_road_m": 989,
        "legal_status": "allowed",
        "distance_to_smelter_km": 17.9,
        "area_ha": 0.79,
        "region_id": "NE"
      },
      "geometry": {
        "type": "Polygon",
        "coordinates": [
          [
            [
              129.888,
              -0.07
            ],
            [
              129.896,
              -0.07
            ],
            [
              129.896,
              -0.062
            ],
            [
              129.888,
              -0.062
            ],
            [
              129.888,
              -0.07
            ]
          ]
        ]
      }
    },
    {
      "type": "Feature",
      "properties": {
        "grid_id": "GAG213",
        "site": "gag_island",
        "location_label": "Gag Island - Papua Barat Daya nickel laterite",
        "lithology": "ultramafic_simulated",
        "slope_deg": 7.7,
        "distance_to_river_m": 1116,
        "distance_to_road_m": 324,
        "legal_status": "allowed",
        "distance_to_smelter_km": 22.7,
        "area_ha": 0.79,
        "region_id": "NE"
      },
      "geometry": {
        "type": "Polygon",
        "coordinates": [
          [
            [
              129.896,
              -0.07
            ],
            [
              129.904,
              -0.07
            ],
            [
              129.904,
              -0.062
            ],
            [
              129.896,
              -0.062
            ],
            [
              129.896,
              -0.07
            ]
          ]
        ]
      }
    },
    {
      "type": "Feature",
      "properties": {
        "grid_id": "GAG214",
        "site": "gag_island",
        "location_label": "Gag Island - Papua Barat Daya nickel laterite",
        "lithology": "peridotite_simulated",
        "slope_deg": 15.9,
        "distance_to_river_m": 822,
        "distance_to_road_m": 2290,
        "legal_status": "allowed",
        "distance_to_smelter_km": 27.7,
        "area_ha": 0.79,
        "region_id": "NE"
      },
      "geometry": {
        "type": "Polygon",
        "coordinates": [
          [
            [
              129.904,
              -0.07
            ],
            [
              129.912,
              -0.07
            ],
            [
              129.912,
              -0.062
            ],
            [
              129.904,
              -0.062
            ],
            [
              129.904,
              -0.07
            ]
          ]
        ]
      }
    },
    {
      "type": "Feature",
      "properties": {
        "grid_id": "GAG215",
        "site": "gag_island",
        "location_label": "Gag Island - Papua Barat Daya nickel laterite",
        "lithology": "mafic_volcanic_simulated",
        "slope_deg": 17.6,
        "distance_to_river_m": 986,
        "distance_to_road_m": 2103,
        "legal_status": "allowed",
        "distance_to_smelter_km": 32.6,
        "area_ha": 0.79,
        "region_id": "NE"
      },
      "geometry": {
        "type": "Polygon",
        "coordinates": [
          [
            [
              129.912,
              -0.07
            ],
            [
              129.92,
              -0.07
            ],
            [
              129.92,
              -0.062
            ],
            [
              129.912,
              -0.062
            ],
            [
              129.912,
              -0.07
            ]
          ]
        ]
      }
    },
    {
      "type": "Feature",
      "properties": {
        "grid_id": "GAG216",
        "site": "gag_island",
        "location_label": "Gag Island - Papua Barat Daya nickel laterite",
        "lithology": "serpentinite_simulated",
        "slope_deg": 13.9,
        "distance_to_river_m": 289,
        "distance_to_road_m": 1860,
        "legal_status": "allowed",
        "distance_to_smelter_km": 37.6,
        "area_ha": 0.79,
        "region_id": "NE"
      },
      "geometry": {
        "type": "Polygon",
        "coordinates": [
          [
            [
              129.92,
              -0.07
            ],
            [
              129.928,
              -0.07
            ],
            [
              129.928,
              -0.062
            ],
            [
              129.92,
              -0.062
            ],
            [
              129.92,
              -0.07
            ]
          ]
        ]
      }
    },
    {
      "type": "Feature",
      "properties": {
        "grid_id": "GAG217",
        "site": "gag_island",
        "location_label": "Gag Island - Papua Barat Daya nickel laterite",
        "lithology": "peridotite_simulated",
        "slope_deg": 11.5,
        "distance_to_river_m": 449,
        "distance_to_road_m": 2328,
        "legal_status": "allowed",
        "distance_to_smelter_km": 42.6,
        "area_ha": 0.79,
        "region_id": "NE"
      },
      "geometry": {
        "type": "Polygon",
        "coordinates": [
          [
            [
              129.928,
              -0.07
            ],
            [
              129.936,
              -0.07
            ],
            [
              129.936,
              -0.062
            ],
            [
              129.928,
              -0.062
            ],
            [
              129.928,
              -0.07
            ]
          ]
        ]
      }
    },
    {
      "type": "Feature",
      "properties": {
        "grid_id": "GAG218",
        "site": "gag_island",
        "location_label": "Gag Island - Papua Barat Daya nickel laterite",
        "lithology": "serpentinite_simulated",
        "slope_deg": 10.9,
        "distance_to_river_m": 880,
        "distance_to_road_m": 2672,
        "legal_status": "allowed",
        "distance_to_smelter_km": 47.6,
        "area_ha": 0.79,
        "region_id": "NE"
      },
      "geometry": {
        "type": "Polygon",
        "coordinates": [
          [
            [
              129.936,
              -0.07
            ],
            [
              129.944,
              -0.07
            ],
            [
              129.944,
              -0.062
            ],
            [
              129.936,
              -0.062
            ],
            [
              129.936,
              -0.07
            ]
          ]
        ]
      }
    },
    {
      "type": "Feature",
      "properties": {
        "grid_id": "GAG219",
        "site": "gag_island",
        "location_label": "Gag Island - Papua Barat Daya nickel laterite",
        "lithology": "alluvium",
        "slope_deg": 16.5,
        "distance_to_river_m": 1079,
        "distance_to_road_m": 1375,
        "legal_status": "no-go",
        "distance_to_smelter_km": 52.6,
        "area_ha": 0.79,
        "region_id": "NE"
      },
      "geometry": {
        "type": "Polygon",
        "coordinates": [
          [
            [
              129.944,
              -0.07
            ],
            [
              129.952,
              -0.07
            ],
            [
              129.952,
              -0.062
            ],
            [
              129.944,
              -0.062
            ],
            [
              129.944,
              -0.07
            ]
          ]
        ]
      }
    },
    {
      "type": "Feature",
      "properties": {
        "grid_id": "GAG220",
        "site": "gag_island",
        "location_label": "Gag Island - Papua Barat Daya nickel laterite",
        "lithology": "peridotite_simulated",
        "slope_deg": 6.2,
        "distance_to_river_m": 283,
        "distance_to_road_m": 2497,
        "legal_status": "allowed",
        "distance_to_smelter_km": 57.6,
        "area_ha": 0.79,
        "region_id": "NE"
      },
      "geometry": {
        "type": "Polygon",
        "coordinates": [
          [
            [
              129.952,
              -0.07
            ],
            [
              129.96,
              -0.07
            ],
            [
              129.96,
              -0.062
            ],
            [
              129.952,
              -0.062
            ],
            [
              129.952,
              -0.07
            ]
          ]
        ]
      }
    },
    {
      "type": "Feature",
      "properties": {
        "grid_id": "GAG221",
        "site": "gag_island",
        "location_label": "Gag Island - Papua Barat Daya nickel laterite",
        "lithology": "serpentinite_simulated",
        "slope_deg": 7.5,
        "distance_to_river_m": 266,
        "distance_to_road_m": 1144,
        "legal_status": "allowed",
        "distance_to_smelter_km": 58.1,
        "area_ha": 0.79,
        "region_id": "NW"
      },
      "geometry": {
        "type": "Polygon",
        "coordinates": [
          [
            [
              129.8,
              -0.062
            ],
            [
              129.808,
              -0.062
            ],
            [
              129.808,
              -0.054
            ],
            [
              129.8,
              -0.054
            ],
            [
              129.8,
              -0.062
            ]
          ]
        ]
      }
    },
    {
      "type": "Feature",
      "properties": {
        "grid_id": "GAG222",
        "site": "gag_island",
        "location_label": "Gag Island - Papua Barat Daya nickel laterite",
        "lithology": "ultramafic_simulated",
        "slope_deg": 13.2,
        "distance_to_river_m": 719,
        "distance_to_road_m": 932,
        "legal_status": "allowed",
        "distance_to_smelter_km": 53.2,
        "area_ha": 0.79,
        "region_id": "NW"
      },
      "geometry": {
        "type": "Polygon",
        "coordinates": [
          [
            [
              129.808,
              -0.062
            ],
            [
              129.816,
              -0.062
            ],
            [
              129.816,
              -0.054
            ],
            [
              129.808,
              -0.054
            ],
            [
              129.808,
              -0.062
            ]
          ]
        ]
      }
    },
    {
      "type": "Feature",
      "properties": {
        "grid_id": "GAG223",
        "site": "gag_island",
        "location_label": "Gag Island - Papua Barat Daya nickel laterite",
        "lithology": "ultramafic_simulated",
        "slope_deg": 9.0,
        "distance_to_river_m": 1169,
        "distance_to_road_m": 1139,
        "legal_status": "allowed",
        "distance_to_smelter_km": 48.2,
        "area_ha": 0.79,
        "region_id": "NW"
      },
      "geometry": {
        "type": "Polygon",
        "coordinates": [
          [
            [
              129.816,
              -0.062
            ],
            [
              129.824,
              -0.062
            ],
            [
              129.824,
              -0.054
            ],
            [
              129.816,
              -0.054
            ],
            [
              129.816,
              -0.062
            ]
          ]
        ]
      }
    },
    {
      "type": "Feature",
      "properties": {
        "grid_id": "GAG224",
        "site": "gag_island",
        "location_label": "Gag Island - Papua Barat Daya nickel laterite",
        "lithology": "ultramafic_simulated",
        "slope_deg": 7.3,
        "distance_to_river_m": 143,
        "distance_to_road_m": 1990,
        "legal_status": "allowed",
        "distance_to_smelter_km": 43.4,
        "area_ha": 0.79,
        "region_id": "NW"
      },
      "geometry": {
        "type": "Polygon",
        "coordinates": [
          [
            [
              129.824,
              -0.062
            ],
            [
              129.832,
              -0.062
            ],
            [
              129.832,
              -0.054
            ],
            [
              129.824,
              -0.054
            ],
            [
              129.824,
              -0.062
            ]
          ]
        ]
      }
    },
    {
      "type": "Feature",
      "properties": {
        "grid_id": "GAG225",
        "site": "gag_island",
        "location_label": "Gag Island - Papua Barat Daya nickel laterite",
        "lithology": "serpentinite_simulated",
        "slope_deg": 10.9,
        "distance_to_river_m": 722,
        "distance_to_road_m": 720,
        "legal_status": "allowed",
        "distance_to_smelter_km": 38.5,
        "area_ha": 0.79,
        "region_id": "NW"
      },
      "geometry": {
        "type": "Polygon",
        "coordinates": [
          [
            [
              129.832,
              -0.062
            ],
            [
              129.84,
              -0.062
            ],
            [
              129.84,
              -0.054
            ],
            [
              129.832,
              -0.054
            ],
            [
              129.832,
              -0.062
            ]
          ]
        ]
      }
    },
    {
      "type": "Feature",
      "properties": {
        "grid_id": "GAG226",
        "site": "gag_island",
        "location_label": "Gag Island - Papua Barat Daya nickel laterite",
        "lithology": "serpentinite_simulated",
        "slope_deg": 17.1,
        "distance_to_river_m": 751,
        "distance_to_road_m": 688,
        "legal_status": "conditional",
        "distance_to_smelter_km": 33.7,
        "area_ha": 0.79,
        "region_id": "NW"
      },
      "geometry": {
        "type": "Polygon",
        "coordinates": [
          [
            [
              129.84,
              -0.062
            ],
            [
              129.848,
              -0.062
            ],
            [
              129.848,
              -0.054
            ],
            [
              129.84,
              -0.054
            ],
            [
              129.84,
              -0.062
            ]
          ]
        ]
      }
    },
    {
      "type": "Feature",
      "properties": {
        "grid_id": "GAG227",
        "site": "gag_island",
        "location_label": "Gag Island - Papua Barat Daya nickel laterite",
        "lithology": "mafic_volcanic_simulated",
        "slope_deg": 6.1,
        "distance_to_river_m": 985,
        "distance_to_road_m": 2984,
        "legal_status": "no-go",
        "distance_to_smelter_km": 29.0,
        "area_ha": 0.79,
        "region_id": "NW"
      },
      "geometry": {
        "type": "Polygon",
        "coordinates": [
          [
            [
              129.848,
              -0.062
            ],
            [
              129.856,
              -0.062
            ],
            [
              129.856,
              -0.054
            ],
            [
              129.848,
              -0.054
            ],
            [
              129.848,
              -0.062
            ]
          ]
        ]
      }
    },
    {
      "type": "Feature",
      "properties": {
        "grid_id": "GAG228",
        "site": "gag_island",
        "location_label": "Gag Island - Papua Barat Daya nickel laterite",
        "lithology": "alluvium",
        "slope_deg": 12.2,
        "distance_to_river_m": 952,
        "distance_to_road_m": 1411,
        "legal_status": "allowed",
        "distance_to_smelter_km": 24.6,
        "area_ha": 0.79,
        "region_id": "NW"
      },
      "geometry": {
        "type": "Polygon",
        "coordinates": [
          [
            [
              129.856,
              -0.062
            ],
            [
              129.864,
              -0.062
            ],
            [
              129.864,
              -0.054
            ],
            [
              129.856,
              -0.054
            ],
            [
              129.856,
              -0.062
            ]
          ]
        ]
      }
    },
    {
      "type": "Feature",
      "properties": {
        "grid_id": "GAG229",
        "site": "gag_island",
        "location_label": "Gag Island - Papua Barat Daya nickel laterite",
        "lithology": "ultramafic_simulated",
        "slope_deg": 7.0,
        "distance_to_river_m": 215,
        "distance_to_road_m": 1351,
        "legal_status": "no-go",
        "distance_to_smelter_km": 20.6,
        "area_ha": 0.79,
        "region_id": "NW"
      },
      "geometry": {
        "type": "Polygon",
        "coordinates": [
          [
            [
              129.864,
              -0.062
            ],
            [
              129.872,
              -0.062
            ],
            [
              129.872,
              -0.054
            ],
            [
              129.864,
              -0.054
            ],
            [
              129.864,
              -0.062
            ]
          ]
        ]
      }
    },
    {
      "type": "Feature",
      "properties": {
        "grid_id": "GAG230",
        "site": "gag_island",
        "location_label": "Gag Island - Papua Barat Daya nickel laterite",
        "lithology": "ultramafic_simulated",
        "slope_deg": 13.1,
        "distance_to_river_m": 473,
        "distance_to_road_m": 384,
        "legal_status": "allowed",
        "distance_to_smelter_km": 17.9,
        "area_ha": 0.79,
        "region_id": "NW"
      },
      "geometry": {
        "type": "Polygon",
        "coordinates": [
          [
            [
              129.872,
              -0.062
            ],
            [
              129.88,
              -0.062
            ],
            [
              129.88,
              -0.054
            ],
            [
              129.872,
              -0.054
            ],
            [
              129.872,
              -0.062
            ]
          ]
        ]
      }
    },
    {
      "type": "Feature",
      "properties": {
        "grid_id": "GAG231",
        "site": "gag_island",
        "location_label": "Gag Island - Papua Barat Daya nickel laterite",
        "lithology": "ultramafic_simulated",
        "slope_deg": 6.2,
        "distance_to_river_m": 1006,
        "distance_to_road_m": 1482,
        "legal_status": "no-go",
        "distance_to_smelter_km": 17.9,
        "area_ha": 0.79,
        "region_id": "NE"
      },
      "geometry": {
        "type": "Polygon",
        "coordinates": [
          [
            [
              129.88,
              -0.062
            ],
            [
              129.888,
              -0.062
            ],
            [
              129.888,
              -0.054
            ],
            [
              129.88,
              -0.054
            ],
            [
              129.88,
              -0.062
            ]
          ]
        ]
      }
    },
    {
      "type": "Feature",
      "properties": {
        "grid_id": "GAG232",
        "site": "gag_island",
        "location_label": "Gag Island - Papua Barat Daya nickel laterite",
        "lithology": "ultramafic_simulated",
        "slope_deg": 13.5,
        "distance_to_river_m": 663,
        "distance_to_road_m": 3359,
        "legal_status": "allowed",
        "distance_to_smelter_km": 20.6,
        "area_ha": 0.79,
        "region_id": "NE"
      },
      "geometry": {
        "type": "Polygon",
        "coordinates": [
          [
            [
              129.888,
              -0.062
            ],
            [
              129.896,
              -0.062
            ],
            [
              129.896,
              -0.054
            ],
            [
              129.888,
              -0.054
            ],
            [
              129.888,
              -0.062
            ]
          ]
        ]
      }
    },
    {
      "type": "Feature",
      "properties": {
        "grid_id": "GAG233",
        "site": "gag_island",
        "location_label": "Gag Island - Papua Barat Daya nickel laterite",
        "lithology": "serpentinite_simulated",
        "slope_deg": 16.4,
        "distance_to_river_m": 432,
        "distance_to_road_m": 2196,
        "legal_status": "conditional",
        "distance_to_smelter_km": 24.6,
        "area_ha": 0.79,
        "region_id": "NE"
      },
      "geometry": {
        "type": "Polygon",
        "coordinates": [
          [
            [
              129.896,
              -0.062
            ],
            [
              129.904,
              -0.062
            ],
            [
              129.904,
              -0.054
            ],
            [
              129.896,
              -0.054
            ],
            [
              129.896,
              -0.062
            ]
          ]
        ]
      }
    },
    {
      "type": "Feature",
      "properties": {
        "grid_id": "GAG234",
        "site": "gag_island",
        "location_label": "Gag Island - Papua Barat Daya nickel laterite",
        "lithology": "alluvium",
        "slope_deg": 16.2,
        "distance_to_river_m": 517,
        "distance_to_road_m": 1315,
        "legal_status": "allowed",
        "distance_to_smelter_km": 29.0,
        "area_ha": 0.79,
        "region_id": "NE"
      },
      "geometry": {
        "type": "Polygon",
        "coordinates": [
          [
            [
              129.904,
              -0.062
            ],
            [
              129.912,
              -0.062
            ],
            [
              129.912,
              -0.054
            ],
            [
              129.904,
              -0.054
            ],
            [
              129.904,
              -0.062
            ]
          ]
        ]
      }
    },
    {
      "type": "Feature",
      "properties": {
        "grid_id": "GAG235",
        "site": "gag_island",
        "location_label": "Gag Island - Papua Barat Daya nickel laterite",
        "lithology": "peridotite_simulated",
        "slope_deg": 15.0,
        "distance_to_river_m": 849,
        "distance_to_road_m": 2903,
        "legal_status": "no-go",
        "distance_to_smelter_km": 33.7,
        "area_ha": 0.79,
        "region_id": "NE"
      },
      "geometry": {
        "type": "Polygon",
        "coordinates": [
          [
            [
              129.912,
              -0.062
            ],
            [
              129.92,
              -0.062
            ],
            [
              129.92,
              -0.054
            ],
            [
              129.912,
              -0.054
            ],
            [
              129.912,
              -0.062
            ]
          ]
        ]
      }
    },
    {
      "type": "Feature",
      "properties": {
        "grid_id": "GAG236",
        "site": "gag_island",
        "location_label": "Gag Island - Papua Barat Daya nickel laterite",
        "lithology": "peridotite_simulated",
        "slope_deg": 7.1,
        "distance_to_river_m": 765,
        "distance_to_road_m": 2954,
        "legal_status": "conditional",
        "distance_to_smelter_km": 38.5,
        "area_ha": 0.79,
        "region_id": "NE"
      },
      "geometry": {
        "type": "Polygon",
        "coordinates": [
          [
            [
              129.92,
              -0.062
            ],
            [
              129.928,
              -0.062
            ],
            [
              129.928,
              -0.054
            ],
            [
              129.92,
              -0.054
            ],
            [
              129.92,
              -0.062
            ]
          ]
        ]
      }
    },
    {
      "type": "Feature",
      "properties": {
        "grid_id": "GAG237",
        "site": "gag_island",
        "location_label": "Gag Island - Papua Barat Daya nickel laterite",
        "lithology": "serpentinite_simulated",
        "slope_deg": 12.1,
        "distance_to_river_m": 817,
        "distance_to_road_m": 2864,
        "legal_status": "no-go",
        "distance_to_smelter_km": 43.4,
        "area_ha": 0.79,
        "region_id": "NE"
      },
      "geometry": {
        "type": "Polygon",
        "coordinates": [
          [
            [
              129.928,
              -0.062
            ],
            [
              129.936,
              -0.062
            ],
            [
              129.936,
              -0.054
            ],
            [
              129.928,
              -0.054
            ],
            [
              129.928,
              -0.062
            ]
          ]
        ]
      }
    },
    {
      "type": "Feature",
      "properties": {
        "grid_id": "GAG238",
        "site": "gag_island",
        "location_label": "Gag Island - Papua Barat Daya nickel laterite",
        "lithology": "serpentinite_simulated",
        "slope_deg": 14.4,
        "distance_to_river_m": 598,
        "distance_to_road_m": 312,
        "legal_status": "allowed",
        "distance_to_smelter_km": 48.2,
        "area_ha": 0.79,
        "region_id": "NE"
      },
      "geometry": {
        "type": "Polygon",
        "coordinates": [
          [
            [
              129.936,
              -0.062
            ],
            [
              129.944,
              -0.062
            ],
            [
              129.944,
              -0.054
            ],
            [
              129.936,
              -0.054
            ],
            [
              129.936,
              -0.062
            ]
          ]
        ]
      }
    },
    {
      "type": "Feature",
      "properties": {
        "grid_id": "GAG239",
        "site": "gag_island",
        "location_label": "Gag Island - Papua Barat Daya nickel laterite",
        "lithology": "alluvium",
        "slope_deg": 10.4,
        "distance_to_river_m": 335,
        "distance_to_road_m": 699,
        "legal_status": "conditional",
        "distance_to_smelter_km": 53.2,
        "area_ha": 0.79,
        "region_id": "NE"
      },
      "geometry": {
        "type": "Polygon",
        "coordinates": [
          [
            [
              129.944,
              -0.062
            ],
            [
              129.952,
              -0.062
            ],
            [
              129.952,
              -0.054
            ],
            [
              129.944,
              -0.054
            ],
            [
              129.944,
              -0.062
            ]
          ]
        ]
      }
    },
    {
      "type": "Feature",
      "properties": {
        "grid_id": "GAG240",
        "site": "gag_island",
        "location_label": "Gag Island - Papua Barat Daya nickel laterite",
        "lithology": "alluvium",
        "slope_deg": 15.8,
        "distance_to_river_m": 586,
        "distance_to_road_m": 658,
        "legal_status": "no-go",
        "distance_to_smelter_km": 58.1,
        "area_ha": 0.79,
        "region_id": "NE"
      },
      "geometry": {
        "type": "Polygon",
        "coordinates": [
          [
            [
              129.952,
              -0.062
            ],
            [
              129.96,
              -0.062
            ],
            [
              129.96,
              -0.054
            ],
            [
              129.952,
              -0.054
            ],
            [
              129.952,
              -0.062
            ]
          ]
        ]
      }
    },
    {
      "type": "Feature",
      "properties": {
        "grid_id": "GAG241",
        "site": "gag_island",
        "location_label": "Gag Island - Papua Barat Daya nickel laterite",
        "lithology": "peridotite_simulated",
        "slope_deg": 17.3,
        "distance_to_river_m": 154,
        "distance_to_road_m": 1588,
        "legal_status": "no-go",
        "distance_to_smelter_km": 59.1,
        "area_ha": 0.79,
        "region_id": "NW"
      },
      "geometry": {
        "type": "Polygon",
        "coordinates": [
          [
            [
              129.8,
              -0.054
            ],
            [
              129.808,
              -0.054
            ],
            [
              129.808,
              -0.046
            ],
            [
              129.8,
              -0.046
            ],
            [
              129.8,
              -0.054
            ]
          ]
        ]
      }
    },
    {
      "type": "Feature",
      "properties": {
        "grid_id": "GAG242",
        "site": "gag_island",
        "location_label": "Gag Island - Papua Barat Daya nickel laterite",
        "lithology": "peridotite_simulated",
        "slope_deg": 14.7,
        "distance_to_river_m": 666,
        "distance_to_road_m": 2391,
        "legal_status": "conditional",
        "distance_to_smelter_km": 54.3,
        "area_ha": 0.79,
        "region_id": "NW"
      },
      "geometry": {
        "type": "Polygon",
        "coordinates": [
          [
            [
              129.808,
              -0.054
            ],
            [
              129.816,
              -0.054
            ],
            [
              129.816,
              -0.046
            ],
            [
              129.808,
              -0.046
            ],
            [
              129.808,
              -0.054
            ]
          ]
        ]
      }
    },
    {
      "type": "Feature",
      "properties": {
        "grid_id": "GAG243",
        "site": "gag_island",
        "location_label": "Gag Island - Papua Barat Daya nickel laterite",
        "lithology": "serpentinite_simulated",
        "slope_deg": 9.4,
        "distance_to_river_m": 1090,
        "distance_to_road_m": 2646,
        "legal_status": "allowed",
        "distance_to_smelter_km": 49.5,
        "area_ha": 0.79,
        "region_id": "NW"
      },
      "geometry": {
        "type": "Polygon",
        "coordinates": [
          [
            [
              129.816,
              -0.054
            ],
            [
              129.824,
              -0.054
            ],
            [
              129.824,
              -0.046
            ],
            [
              129.816,
              -0.046
            ],
            [
              129.816,
              -0.054
            ]
          ]
        ]
      }
    },
    {
      "type": "Feature",
      "properties": {
        "grid_id": "GAG244",
        "site": "gag_island",
        "location_label": "Gag Island - Papua Barat Daya nickel laterite",
        "lithology": "serpentinite_simulated",
        "slope_deg": 11.5,
        "distance_to_river_m": 706,
        "distance_to_road_m": 3466,
        "legal_status": "allowed",
        "distance_to_smelter_km": 44.8,
        "area_ha": 0.79,
        "region_id": "NW"
      },
      "geometry": {
        "type": "Polygon",
        "coordinates": [
          [
            [
              129.824,
              -0.054
            ],
            [
              129.832,
              -0.054
            ],
            [
              129.832,
              -0.046
            ],
            [
              129.824,
              -0.046
            ],
            [
              129.824,
              -0.054
            ]
          ]
        ]
      }
    },
    {
      "type": "Feature",
      "properties": {
        "grid_id": "GAG245",
        "site": "gag_island",
        "location_label": "Gag Island - Papua Barat Daya nickel laterite",
        "lithology": "peridotite_simulated",
        "slope_deg": 11.4,
        "distance_to_river_m": 545,
        "distance_to_road_m": 3333,
        "legal_status": "no-go",
        "distance_to_smelter_km": 40.2,
        "area_ha": 0.79,
        "region_id": "NW"
      },
      "geometry": {
        "type": "Polygon",
        "coordinates": [
          [
            [
              129.832,
              -0.054
            ],
            [
              129.84,
              -0.054
            ],
            [
              129.84,
              -0.046
            ],
            [
              129.832,
              -0.046
            ],
            [
              129.832,
              -0.054
            ]
          ]
        ]
      }
    },
    {
      "type": "Feature",
      "properties": {
        "grid_id": "GAG246",
        "site": "gag_island",
        "location_label": "Gag Island - Papua Barat Daya nickel laterite",
        "lithology": "alluvium",
        "slope_deg": 7.2,
        "distance_to_river_m": 1019,
        "distance_to_road_m": 594,
        "legal_status": "allowed",
        "distance_to_smelter_km": 35.7,
        "area_ha": 0.79,
        "region_id": "NW"
      },
      "geometry": {
        "type": "Polygon",
        "coordinates": [
          [
            [
              129.84,
              -0.054
            ],
            [
              129.848,
              -0.054
            ],
            [
              129.848,
              -0.046
            ],
            [
              129.84,
              -0.046
            ],
            [
              129.84,
              -0.054
            ]
          ]
        ]
      }
    },
    {
      "type": "Feature",
      "properties": {
        "grid_id": "GAG247",
        "site": "gag_island",
        "location_label": "Gag Island - Papua Barat Daya nickel laterite",
        "lithology": "serpentinite_simulated",
        "slope_deg": 6.0,
        "distance_to_river_m": 505,
        "distance_to_road_m": 2024,
        "legal_status": "allowed",
        "distance_to_smelter_km": 31.5,
        "area_ha": 0.79,
        "region_id": "NW"
      },
      "geometry": {
        "type": "Polygon",
        "coordinates": [
          [
            [
              129.848,
              -0.054
            ],
            [
              129.856,
              -0.054
            ],
            [
              129.856,
              -0.046
            ],
            [
              129.848,
              -0.046
            ],
            [
              129.848,
              -0.054
            ]
          ]
        ]
      }
    },
    {
      "type": "Feature",
      "properties": {
        "grid_id": "GAG248",
        "site": "gag_island",
        "location_label": "Gag Island - Papua Barat Daya nickel laterite",
        "lithology": "peridotite_simulated",
        "slope_deg": 10.1,
        "distance_to_river_m": 414,
        "distance_to_road_m": 3385,
        "legal_status": "no-go",
        "distance_to_smelter_km": 27.7,
        "area_ha": 0.79,
        "region_id": "NW"
      },
      "geometry": {
        "type": "Polygon",
        "coordinates": [
          [
            [
              129.856,
              -0.054
            ],
            [
              129.864,
              -0.054
            ],
            [
              129.864,
              -0.046
            ],
            [
              129.856,
              -0.046
            ],
            [
              129.856,
              -0.054
            ]
          ]
        ]
      }
    },
    {
      "type": "Feature",
      "properties": {
        "grid_id": "GAG249",
        "site": "gag_island",
        "location_label": "Gag Island - Papua Barat Daya nickel laterite",
        "lithology": "ultramafic_simulated",
        "slope_deg": 16.9,
        "distance_to_river_m": 151,
        "distance_to_road_m": 1225,
        "legal_status": "allowed",
        "distance_to_smelter_km": 24.6,
        "area_ha": 0.79,
        "region_id": "NW"
      },
      "geometry": {
        "type": "Polygon",
        "coordinates": [
          [
            [
              129.864,
              -0.054
            ],
            [
              129.872,
              -0.054
            ],
            [
              129.872,
              -0.046
            ],
            [
              129.864,
              -0.046
            ],
            [
              129.864,
              -0.054
            ]
          ]
        ]
      }
    },
    {
      "type": "Feature",
      "properties": {
        "grid_id": "GAG250",
        "site": "gag_island",
        "location_label": "Gag Island - Papua Barat Daya nickel laterite",
        "lithology": "alluvium",
        "slope_deg": 12.2,
        "distance_to_river_m": 566,
        "distance_to_road_m": 2536,
        "legal_status": "conditional",
        "distance_to_smelter_km": 22.7,
        "area_ha": 0.79,
        "region_id": "NW"
      },
      "geometry": {
        "type": "Polygon",
        "coordinates": [
          [
            [
              129.872,
              -0.054
            ],
            [
              129.88,
              -0.054
            ],
            [
              129.88,
              -0.046
            ],
            [
              129.872,
              -0.046
            ],
            [
              129.872,
              -0.054
            ]
          ]
        ]
      }
    },
    {
      "type": "Feature",
      "properties": {
        "grid_id": "GAG251",
        "site": "gag_island",
        "location_label": "Gag Island - Papua Barat Daya nickel laterite",
        "lithology": "serpentinite_simulated",
        "slope_deg": 7.4,
        "distance_to_river_m": 1060,
        "distance_to_road_m": 2344,
        "legal_status": "allowed",
        "distance_to_smelter_km": 22.7,
        "area_ha": 0.79,
        "region_id": "NE"
      },
      "geometry": {
        "type": "Polygon",
        "coordinates": [
          [
            [
              129.88,
              -0.054
            ],
            [
              129.888,
              -0.054
            ],
            [
              129.888,
              -0.046
            ],
            [
              129.88,
              -0.046
            ],
            [
              129.88,
              -0.054
            ]
          ]
        ]
      }
    },
    {
      "type": "Feature",
      "properties": {
        "grid_id": "GAG252",
        "site": "gag_island",
        "location_label": "Gag Island - Papua Barat Daya nickel laterite",
        "lithology": "alluvium",
        "slope_deg": 9.3,
        "distance_to_river_m": 1138,
        "distance_to_road_m": 1590,
        "legal_status": "no-go",
        "distance_to_smelter_km": 24.6,
        "area_ha": 0.79,
        "region_id": "NE"
      },
      "geometry": {
        "type": "Polygon",
        "coordinates": [
          [
            [
              129.888,
              -0.054
            ],
            [
              129.896,
              -0.054
            ],
            [
              129.896,
              -0.046
            ],
            [
              129.888,
              -0.046
            ],
            [
              129.888,
              -0.054
            ]
          ]
        ]
      }
    },
    {
      "type": "Feature",
      "properties": {
        "grid_id": "GAG253",
        "site": "gag_island",
        "location_label": "Gag Island - Papua Barat Daya nickel laterite",
        "lithology": "ultramafic_simulated",
        "slope_deg": 12.1,
        "distance_to_river_m": 1161,
        "distance_to_road_m": 2627,
        "legal_status": "allowed",
        "distance_to_smelter_km": 27.7,
        "area_ha": 0.79,
        "region_id": "NE"
      },
      "geometry": {
        "type": "Polygon",
        "coordinates": [
          [
            [
              129.896,
              -0.054
            ],
            [
              129.904,
              -0.054
            ],
            [
              129.904,
              -0.046
            ],
            [
              129.896,
              -0.046
            ],
            [
              129.896,
              -0.054
            ]
          ]
        ]
      }
    },
    {
      "type": "Feature",
      "properties": {
        "grid_id": "GAG254",
        "site": "gag_island",
        "location_label": "Gag Island - Papua Barat Daya nickel laterite",
        "lithology": "serpentinite_simulated",
        "slope_deg": 9.1,
        "distance_to_river_m": 211,
        "distance_to_road_m": 845,
        "legal_status": "conditional",
        "distance_to_smelter_km": 31.5,
        "area_ha": 0.79,
        "region_id": "NE"
      },
      "geometry": {
        "type": "Polygon",
        "coordinates": [
          [
            [
              129.904,
              -0.054
            ],
            [
              129.912,
              -0.054
            ],
            [
              129.912,
              -0.046
            ],
            [
              129.904,
              -0.046
            ],
            [
              129.904,
              -0.054
            ]
          ]
        ]
      }
    },
    {
      "type": "Feature",
      "properties": {
        "grid_id": "GAG255",
        "site": "gag_island",
        "location_label": "Gag Island - Papua Barat Daya nickel laterite",
        "lithology": "serpentinite_simulated",
        "slope_deg": 13.2,
        "distance_to_river_m": 350,
        "distance_to_road_m": 2569,
        "legal_status": "allowed",
        "distance_to_smelter_km": 35.7,
        "area_ha": 0.79,
        "region_id": "NE"
      },
      "geometry": {
        "type": "Polygon",
        "coordinates": [
          [
            [
              129.912,
              -0.054
            ],
            [
              129.92,
              -0.054
            ],
            [
              129.92,
              -0.046
            ],
            [
              129.912,
              -0.046
            ],
            [
              129.912,
              -0.054
            ]
          ]
        ]
      }
    },
    {
      "type": "Feature",
      "properties": {
        "grid_id": "GAG256",
        "site": "gag_island",
        "location_label": "Gag Island - Papua Barat Daya nickel laterite",
        "lithology": "peridotite_simulated",
        "slope_deg": 17.1,
        "distance_to_river_m": 767,
        "distance_to_road_m": 2437,
        "legal_status": "conditional",
        "distance_to_smelter_km": 40.2,
        "area_ha": 0.79,
        "region_id": "NE"
      },
      "geometry": {
        "type": "Polygon",
        "coordinates": [
          [
            [
              129.92,
              -0.054
            ],
            [
              129.928,
              -0.054
            ],
            [
              129.928,
              -0.046
            ],
            [
              129.92,
              -0.046
            ],
            [
              129.92,
              -0.054
            ]
          ]
        ]
      }
    },
    {
      "type": "Feature",
      "properties": {
        "grid_id": "GAG257",
        "site": "gag_island",
        "location_label": "Gag Island - Papua Barat Daya nickel laterite",
        "lithology": "mafic_volcanic_simulated",
        "slope_deg": 7.2,
        "distance_to_river_m": 885,
        "distance_to_road_m": 1039,
        "legal_status": "allowed",
        "distance_to_smelter_km": 44.8,
        "area_ha": 0.79,
        "region_id": "NE"
      },
      "geometry": {
        "type": "Polygon",
        "coordinates": [
          [
            [
              129.928,
              -0.054
            ],
            [
              129.936,
              -0.054
            ],
            [
              129.936,
              -0.046
            ],
            [
              129.928,
              -0.046
            ],
            [
              129.928,
              -0.054
            ]
          ]
        ]
      }
    },
    {
      "type": "Feature",
      "properties": {
        "grid_id": "GAG258",
        "site": "gag_island",
        "location_label": "Gag Island - Papua Barat Daya nickel laterite",
        "lithology": "serpentinite_simulated",
        "slope_deg": 8.3,
        "distance_to_river_m": 499,
        "distance_to_road_m": 1686,
        "legal_status": "allowed",
        "distance_to_smelter_km": 49.5,
        "area_ha": 0.79,
        "region_id": "NE"
      },
      "geometry": {
        "type": "Polygon",
        "coordinates": [
          [
            [
              129.936,
              -0.054
            ],
            [
              129.944,
              -0.054
            ],
            [
              129.944,
              -0.046
            ],
            [
              129.936,
              -0.046
            ],
            [
              129.936,
              -0.054
            ]
          ]
        ]
      }
    },
    {
      "type": "Feature",
      "properties": {
        "grid_id": "GAG259",
        "site": "gag_island",
        "location_label": "Gag Island - Papua Barat Daya nickel laterite",
        "lithology": "ultramafic_simulated",
        "slope_deg": 10.1,
        "distance_to_river_m": 584,
        "distance_to_road_m": 2166,
        "legal_status": "allowed",
        "distance_to_smelter_km": 54.3,
        "area_ha": 0.79,
        "region_id": "NE"
      },
      "geometry": {
        "type": "Polygon",
        "coordinates": [
          [
            [
              129.944,
              -0.054
            ],
            [
              129.952,
              -0.054
            ],
            [
              129.952,
              -0.046
            ],
            [
              129.944,
              -0.046
            ],
            [
              129.944,
              -0.054
            ]
          ]
        ]
      }
    },
    {
      "type": "Feature",
      "properties": {
        "grid_id": "GAG260",
        "site": "gag_island",
        "location_label": "Gag Island - Papua Barat Daya nickel laterite",
        "lithology": "serpentinite_simulated",
        "slope_deg": 6.3,
        "distance_to_river_m": 967,
        "distance_to_road_m": 1671,
        "legal_status": "allowed",
        "distance_to_smelter_km": 59.1,
        "area_ha": 0.79,
        "region_id": "NE"
      },
      "geometry": {
        "type": "Polygon",
        "coordinates": [
          [
            [
              129.952,
              -0.054
            ],
            [
              129.96,
              -0.054
            ],
            [
              129.96,
              -0.046
            ],
            [
              129.952,
              -0.046
            ],
            [
              129.952,
              -0.054
            ]
          ]
        ]
      }
    },
    {
      "type": "Feature",
      "properties": {
        "grid_id": "GAG261",
        "site": "gag_island",
        "location_label": "Gag Island - Papua Barat Daya nickel laterite",
        "lithology": "serpentinite_simulated",
        "slope_deg": 16.8,
        "distance_to_river_m": 210,
        "distance_to_road_m": 2328,
        "legal_status": "conditional",
        "distance_to_smelter_km": 60.6,
        "area_ha": 0.79,
        "region_id": "NW"
      },
      "geometry": {
        "type": "Polygon",
        "coordinates": [
          [
            [
              129.8,
              -0.046
            ],
            [
              129.808,
              -0.046
            ],
            [
              129.808,
              -0.038
            ],
            [
              129.8,
              -0.038
            ],
            [
              129.8,
              -0.046
            ]
          ]
        ]
      }
    },
    {
      "type": "Feature",
      "properties": {
        "grid_id": "GAG262",
        "site": "gag_island",
        "location_label": "Gag Island - Papua Barat Daya nickel laterite",
        "lithology": "serpentinite_simulated",
        "slope_deg": 8.4,
        "distance_to_river_m": 499,
        "distance_to_road_m": 3331,
        "legal_status": "no-go",
        "distance_to_smelter_km": 56.0,
        "area_ha": 0.79,
        "region_id": "NW"
      },
      "geometry": {
        "type": "Polygon",
        "coordinates": [
          [
            [
              129.808,
              -0.046
            ],
            [
              129.816,
              -0.046
            ],
            [
              129.816,
              -0.038
            ],
            [
              129.808,
              -0.038
            ],
            [
              129.808,
              -0.046
            ]
          ]
        ]
      }
    },
    {
      "type": "Feature",
      "properties": {
        "grid_id": "GAG263",
        "site": "gag_island",
        "location_label": "Gag Island - Papua Barat Daya nickel laterite",
        "lithology": "ultramafic_simulated",
        "slope_deg": 6.2,
        "distance_to_river_m": 1117,
        "distance_to_road_m": 2050,
        "legal_status": "allowed",
        "distance_to_smelter_km": 51.4,
        "area_ha": 0.79,
        "region_id": "NW"
      },
      "geometry": {
        "type": "Polygon",
        "coordinates": [
          [
            [
              129.816,
              -0.046
            ],
            [
              129.824,
              -0.046
            ],
            [
              129.824,
              -0.038
            ],
            [
              129.816,
              -0.038
            ],
            [
              129.816,
              -0.046
            ]
          ]
        ]
      }
    },
    {
      "type": "Feature",
      "properties": {
        "grid_id": "GAG264",
        "site": "gag_island",
        "location_label": "Gag Island - Papua Barat Daya nickel laterite",
        "lithology": "mafic_volcanic_simulated",
        "slope_deg": 12.7,
        "distance_to_river_m": 970,
        "distance_to_road_m": 370,
        "legal_status": "no-go",
        "distance_to_smelter_km": 46.9,
        "area_ha": 0.79,
        "region_id": "NW"
      },
      "geometry": {
        "type": "Polygon",
        "coordinates": [
          [
            [
              129.824,
              -0.046
            ],
            [
              129.832,
              -0.046
            ],
            [
              129.832,
              -0.038
            ],
            [
              129.824,
              -0.038
            ],
            [
              129.824,
              -0.046
            ]
          ]
        ]
      }
    },
    {
      "type": "Feature",
      "properties": {
        "grid_id": "GAG265",
        "site": "gag_island",
        "location_label": "Gag Island - Papua Barat Daya nickel laterite",
        "lithology": "peridotite_simulated",
        "slope_deg": 11.1,
        "distance_to_river_m": 1131,
        "distance_to_road_m": 793,
        "legal_status": "no-go",
        "distance_to_smelter_km": 42.6,
        "area_ha": 0.79,
        "region_id": "NW"
      },
      "geometry": {
        "type": "Polygon",
        "coordinates": [
          [
            [
              129.832,
              -0.046
            ],
            [
              129.84,
              -0.046
            ],
            [
              129.84,
              -0.038
            ],
            [
              129.832,
              -0.038
            ],
            [
              129.832,
              -0.046
            ]
          ]
        ]
      }
    },
    {
      "type": "Feature",
      "properties": {
        "grid_id": "GAG266",
        "site": "gag_island",
        "location_label": "Gag Island - Papua Barat Daya nickel laterite",
        "lithology": "alluvium",
        "slope_deg": 17.9,
        "distance_to_river_m": 1142,
        "distance_to_road_m": 2488,
        "legal_status": "allowed",
        "distance_to_smelter_km": 38.5,
        "area_ha": 0.79,
        "region_id": "NW"
      },
      "geometry": {
        "type": "Polygon",
        "coordinates": [
          [
            [
              129.84,
              -0.046
            ],
            [
              129.848,
              -0.046
            ],
            [
              129.848,
              -0.038
            ],
            [
              129.84,
              -0.038
            ],
            [
              129.84,
              -0.046
            ]
          ]
        ]
      }
    },
    {
      "type": "Feature",
      "properties": {
        "grid_id": "GAG267",
        "site": "gag_island",
        "location_label": "Gag Island - Papua Barat Daya nickel laterite",
        "lithology": "peridotite_simulated",
        "slope_deg": 8.1,
        "distance_to_river_m": 203,
        "distance_to_road_m": 3427,
        "legal_status": "no-go",
        "distance_to_smelter_km": 34.7,
        "area_ha": 0.79,
        "region_id": "NW"
      },
      "geometry": {
        "type": "Polygon",
        "coordinates": [
          [
            [
              129.848,
              -0.046
            ],
            [
              129.856,
              -0.046
            ],
            [
              129.856,
              -0.038
            ],
            [
              129.848,
              -0.038
            ],
            [
              129.848,
              -0.046
            ]
          ]
        ]
      }
    },
    {
      "type": "Feature",
      "properties": {
        "grid_id": "GAG268",
        "site": "gag_island",
        "location_label": "Gag Island - Papua Barat Daya nickel laterite",
        "lithology": "serpentinite_simulated",
        "slope_deg": 9.7,
        "distance_to_river_m": 1101,
        "distance_to_road_m": 1550,
        "legal_status": "allowed",
        "distance_to_smelter_km": 31.5,
        "area_ha": 0.79,
        "region_id": "NW"
      },
      "geometry": {
        "type": "Polygon",
        "coordinates": [
          [
            [
              129.856,
              -0.046
            ],
            [
              129.864,
              -0.046
            ],
            [
              129.864,
              -0.038
            ],
            [
              129.856,
              -0.038
            ],
            [
              129.856,
              -0.046
            ]
          ]
        ]
      }
    },
    {
      "type": "Feature",
      "properties": {
        "grid_id": "GAG269",
        "site": "gag_island",
        "location_label": "Gag Island - Papua Barat Daya nickel laterite",
        "lithology": "ultramafic_simulated",
        "slope_deg": 6.4,
        "distance_to_river_m": 659,
        "distance_to_road_m": 1981,
        "legal_status": "no-go",
        "distance_to_smelter_km": 29.0,
        "area_ha": 0.79,
        "region_id": "NW"
      },
      "geometry": {
        "type": "Polygon",
        "coordinates": [
          [
            [
              129.864,
              -0.046
            ],
            [
              129.872,
              -0.046
            ],
            [
              129.872,
              -0.038
            ],
            [
              129.864,
              -0.038
            ],
            [
              129.864,
              -0.046
            ]
          ]
        ]
      }
    },
    {
      "type": "Feature",
      "properties": {
        "grid_id": "GAG270",
        "site": "gag_island",
        "location_label": "Gag Island - Papua Barat Daya nickel laterite",
        "lithology": "peridotite_simulated",
        "slope_deg": 6.7,
        "distance_to_river_m": 900,
        "distance_to_road_m": 3229,
        "legal_status": "conditional",
        "distance_to_smelter_km": 27.7,
        "area_ha": 0.79,
        "region_id": "NW"
      },
      "geometry": {
        "type": "Polygon",
        "coordinates": [
          [
            [
              129.872,
              -0.046
            ],
            [
              129.88,
              -0.046
            ],
            [
              129.88,
              -0.038
            ],
            [
              129.872,
              -0.038
            ],
            [
              129.872,
              -0.046
            ]
          ]
        ]
      }
    },
    {
      "type": "Feature",
      "properties": {
        "grid_id": "GAG271",
        "site": "gag_island",
        "location_label": "Gag Island - Papua Barat Daya nickel laterite",
        "lithology": "mafic_volcanic_simulated",
        "slope_deg": 16.5,
        "distance_to_river_m": 961,
        "distance_to_road_m": 1087,
        "legal_status": "allowed",
        "distance_to_smelter_km": 27.7,
        "area_ha": 0.79,
        "region_id": "NE"
      },
      "geometry": {
        "type": "Polygon",
        "coordinates": [
          [
            [
              129.88,
              -0.046
            ],
            [
              129.888,
              -0.046
            ],
            [
              129.888,
              -0.038
            ],
            [
              129.88,
              -0.038
            ],
            [
              129.88,
              -0.046
            ]
          ]
        ]
      }
    },
    {
      "type": "Feature",
      "properties": {
        "grid_id": "GAG272",
        "site": "gag_island",
        "location_label": "Gag Island - Papua Barat Daya nickel laterite",
        "lithology": "mafic_volcanic_simulated",
        "slope_deg": 12.4,
        "distance_to_river_m": 679,
        "distance_to_road_m": 772,
        "legal_status": "allowed",
        "distance_to_smelter_km": 29.0,
        "area_ha": 0.79,
        "region_id": "NE"
      },
      "geometry": {
        "type": "Polygon",
        "coordinates": [
          [
            [
              129.888,
              -0.046
            ],
            [
              129.896,
              -0.046
            ],
            [
              129.896,
              -0.038
            ],
            [
              129.888,
              -0.038
            ],
            [
              129.888,
              -0.046
            ]
          ]
        ]
      }
    },
    {
      "type": "Feature",
      "properties": {
        "grid_id": "GAG273",
        "site": "gag_island",
        "location_label": "Gag Island - Papua Barat Daya nickel laterite",
        "lithology": "ultramafic_simulated",
        "slope_deg": 15.4,
        "distance_to_river_m": 1130,
        "distance_to_road_m": 3205,
        "legal_status": "allowed",
        "distance_to_smelter_km": 31.5,
        "area_ha": 0.79,
        "region_id": "NE"
      },
      "geometry": {
        "type": "Polygon",
        "coordinates": [
          [
            [
              129.896,
              -0.046
            ],
            [
              129.904,
              -0.046
            ],
            [
              129.904,
              -0.038
            ],
            [
              129.896,
              -0.038
            ],
            [
              129.896,
              -0.046
            ]
          ]
        ]
      }
    },
    {
      "type": "Feature",
      "properties": {
        "grid_id": "GAG274",
        "site": "gag_island",
        "location_label": "Gag Island - Papua Barat Daya nickel laterite",
        "lithology": "peridotite_simulated",
        "slope_deg": 8.0,
        "distance_to_river_m": 939,
        "distance_to_road_m": 2253,
        "legal_status": "allowed",
        "distance_to_smelter_km": 34.7,
        "area_ha": 0.79,
        "region_id": "NE"
      },
      "geometry": {
        "type": "Polygon",
        "coordinates": [
          [
            [
              129.904,
              -0.046
            ],
            [
              129.912,
              -0.046
            ],
            [
              129.912,
              -0.038
            ],
            [
              129.904,
              -0.038
            ],
            [
              129.904,
              -0.046
            ]
          ]
        ]
      }
    },
    {
      "type": "Feature",
      "properties": {
        "grid_id": "GAG275",
        "site": "gag_island",
        "location_label": "Gag Island - Papua Barat Daya nickel laterite",
        "lithology": "ultramafic_simulated",
        "slope_deg": 16.6,
        "distance_to_river_m": 797,
        "distance_to_road_m": 3188,
        "legal_status": "no-go",
        "distance_to_smelter_km": 38.5,
        "area_ha": 0.79,
        "region_id": "NE"
      },
      "geometry": {
        "type": "Polygon",
        "coordinates": [
          [
            [
              129.912,
              -0.046
            ],
            [
              129.92,
              -0.046
            ],
            [
              129.92,
              -0.038
            ],
            [
              129.912,
              -0.038
            ],
            [
              129.912,
              -0.046
            ]
          ]
        ]
      }
    },
    {
      "type": "Feature",
      "properties": {
        "grid_id": "GAG276",
        "site": "gag_island",
        "location_label": "Gag Island - Papua Barat Daya nickel laterite",
        "lithology": "serpentinite_simulated",
        "slope_deg": 14.1,
        "distance_to_river_m": 142,
        "distance_to_road_m": 1299,
        "legal_status": "allowed",
        "distance_to_smelter_km": 42.6,
        "area_ha": 0.79,
        "region_id": "NE"
      },
      "geometry": {
        "type": "Polygon",
        "coordinates": [
          [
            [
              129.92,
              -0.046
            ],
            [
              129.928,
              -0.046
            ],
            [
              129.928,
              -0.038
            ],
            [
              129.92,
              -0.038
            ],
            [
              129.92,
              -0.046
            ]
          ]
        ]
      }
    },
    {
      "type": "Feature",
      "properties": {
        "grid_id": "GAG277",
        "site": "gag_island",
        "location_label": "Gag Island - Papua Barat Daya nickel laterite",
        "lithology": "serpentinite_simulated",
        "slope_deg": 10.1,
        "distance_to_river_m": 219,
        "distance_to_road_m": 3385,
        "legal_status": "allowed",
        "distance_to_smelter_km": 46.9,
        "area_ha": 0.79,
        "region_id": "NE"
      },
      "geometry": {
        "type": "Polygon",
        "coordinates": [
          [
            [
              129.928,
              -0.046
            ],
            [
              129.936,
              -0.046
            ],
            [
              129.936,
              -0.038
            ],
            [
              129.928,
              -0.038
            ],
            [
              129.928,
              -0.046
            ]
          ]
        ]
      }
    },
    {
      "type": "Feature",
      "properties": {
        "grid_id": "GAG278",
        "site": "gag_island",
        "location_label": "Gag Island - Papua Barat Daya nickel laterite",
        "lithology": "serpentinite_simulated",
        "slope_deg": 11.4,
        "distance_to_river_m": 988,
        "distance_to_road_m": 1923,
        "legal_status": "allowed",
        "distance_to_smelter_km": 51.4,
        "area_ha": 0.79,
        "region_id": "NE"
      },
      "geometry": {
        "type": "Polygon",
        "coordinates": [
          [
            [
              129.936,
              -0.046
            ],
            [
              129.944,
              -0.046
            ],
            [
              129.944,
              -0.038
            ],
            [
              129.936,
              -0.038
            ],
            [
              129.936,
              -0.046
            ]
          ]
        ]
      }
    },
    {
      "type": "Feature",
      "properties": {
        "grid_id": "GAG279",
        "site": "gag_island",
        "location_label": "Gag Island - Papua Barat Daya nickel laterite",
        "lithology": "serpentinite_simulated",
        "slope_deg": 16.7,
        "distance_to_river_m": 551,
        "distance_to_road_m": 349,
        "legal_status": "allowed",
        "distance_to_smelter_km": 56.0,
        "area_ha": 0.79,
        "region_id": "NE"
      },
      "geometry": {
        "type": "Polygon",
        "coordinates": [
          [
            [
              129.944,
              -0.046
            ],
            [
              129.952,
              -0.046
            ],
            [
              129.952,
              -0.038
            ],
            [
              129.944,
              -0.038
            ],
            [
              129.944,
              -0.046
            ]
          ]
        ]
      }
    },
    {
      "type": "Feature",
      "properties": {
        "grid_id": "GAG280",
        "site": "gag_island",
        "location_label": "Gag Island - Papua Barat Daya nickel laterite",
        "lithology": "serpentinite_simulated",
        "slope_deg": 16.9,
        "distance_to_river_m": 964,
        "distance_to_road_m": 1699,
        "legal_status": "conditional",
        "distance_to_smelter_km": 60.6,
        "area_ha": 0.79,
        "region_id": "NE"
      },
      "geometry": {
        "type": "Polygon",
        "coordinates": [
          [
            [
              129.952,
              -0.046
            ],
            [
              129.96,
              -0.046
            ],
            [
              129.96,
              -0.038
            ],
            [
              129.952,
              -0.038
            ],
            [
              129.952,
              -0.046
            ]
          ]
        ]
      }
    },
    {
      "type": "Feature",
      "properties": {
        "grid_id": "GAG281",
        "site": "gag_island",
        "location_label": "Gag Island - Papua Barat Daya nickel laterite",
        "lithology": "serpentinite_simulated",
        "slope_deg": 14.0,
        "distance_to_river_m": 431,
        "distance_to_road_m": 1387,
        "legal_status": "conditional",
        "distance_to_smelter_km": 62.6,
        "area_ha": 0.79,
        "region_id": "NW"
      },
      "geometry": {
        "type": "Polygon",
        "coordinates": [
          [
            [
              129.8,
              -0.038
            ],
            [
              129.808,
              -0.038
            ],
            [
              129.808,
              -0.03
            ],
            [
              129.8,
              -0.03
            ],
            [
              129.8,
              -0.038
            ]
          ]
        ]
      }
    },
    {
      "type": "Feature",
      "properties": {
        "grid_id": "GAG282",
        "site": "gag_island",
        "location_label": "Gag Island - Papua Barat Daya nickel laterite",
        "lithology": "peridotite_simulated",
        "slope_deg": 12.4,
        "distance_to_river_m": 425,
        "distance_to_road_m": 2049,
        "legal_status": "allowed",
        "distance_to_smelter_km": 58.1,
        "area_ha": 0.79,
        "region_id": "NW"
      },
      "geometry": {
        "type": "Polygon",
        "coordinates": [
          [
            [
              129.808,
              -0.038
            ],
            [
              129.816,
              -0.038
            ],
            [
              129.816,
              -0.03
            ],
            [
              129.808,
              -0.03
            ],
            [
              129.808,
              -0.038
            ]
          ]
        ]
      }
    },
    {
      "type": "Feature",
      "properties": {
        "grid_id": "GAG283",
        "site": "gag_island",
        "location_label": "Gag Island - Papua Barat Daya nickel laterite",
        "lithology": "serpentinite_simulated",
        "slope_deg": 11.5,
        "distance_to_river_m": 825,
        "distance_to_road_m": 2501,
        "legal_status": "conditional",
        "distance_to_smelter_km": 53.7,
        "area_ha": 0.79,
        "region_id": "NW"
      },
      "geometry": {
        "type": "Polygon",
        "coordinates": [
          [
            [
              129.816,
              -0.038
            ],
            [
              129.824,
              -0.038
            ],
            [
              129.824,
              -0.03
            ],
            [
              129.816,
              -0.03
            ],
            [
              129.816,
              -0.038
            ]
          ]
        ]
      }
    },
    {
      "type": "Feature",
      "properties": {
        "grid_id": "GAG284",
        "site": "gag_island",
        "location_label": "Gag Island - Papua Barat Daya nickel laterite",
        "lithology": "serpentinite_simulated",
        "slope_deg": 11.2,
        "distance_to_river_m": 223,
        "distance_to_road_m": 992,
        "legal_status": "conditional",
        "distance_to_smelter_km": 49.5,
        "area_ha": 0.79,
        "region_id": "NW"
      },
      "geometry": {
        "type": "Polygon",
        "coordinates": [
          [
            [
              129.824,
              -0.038
            ],
            [
              129.832,
              -0.038
            ],
            [
              129.832,
              -0.03
            ],
            [
              129.824,
              -0.03
            ],
            [
              129.824,
              -0.038
            ]
          ]
        ]
      }
    },
    {
      "type": "Feature",
      "properties": {
        "grid_id": "GAG285",
        "site": "gag_island",
        "location_label": "Gag Island - Papua Barat Daya nickel laterite",
        "lithology": "mafic_volcanic_simulated",
        "slope_deg": 14.0,
        "distance_to_river_m": 402,
        "distance_to_road_m": 3247,
        "legal_status": "allowed",
        "distance_to_smelter_km": 45.5,
        "area_ha": 0.79,
        "region_id": "NW"
      },
      "geometry": {
        "type": "Polygon",
        "coordinates": [
          [
            [
              129.832,
              -0.038
            ],
            [
              129.84,
              -0.038
            ],
            [
              129.84,
              -0.03
            ],
            [
              129.832,
              -0.03
            ],
            [
              129.832,
              -0.038
            ]
          ]
        ]
      }
    },
    {
      "type": "Feature",
      "properties": {
        "grid_id": "GAG286",
        "site": "gag_island",
        "location_label": "Gag Island - Papua Barat Daya nickel laterite",
        "lithology": "serpentinite_simulated",
        "slope_deg": 10.1,
        "distance_to_river_m": 767,
        "distance_to_road_m": 1634,
        "legal_status": "allowed",
        "distance_to_smelter_km": 41.8,
        "area_ha": 0.79,
        "region_id": "NW"
      },
      "geometry": {
        "type": "Polygon",
        "coordinates": [
          [
            [
              129.84,
              -0.038
            ],
            [
              129.848,
              -0.038
            ],
            [
              129.848,
              -0.03
            ],
            [
              129.84,
              -0.03
            ],
            [
              129.84,
              -0.038
            ]
          ]
        ]
      }
    },
    {
      "type": "Feature",
      "properties": {
        "grid_id": "GAG287",
        "site": "gag_island",
        "location_label": "Gag Island - Papua Barat Daya nickel laterite",
        "lithology": "alluvium",
        "slope_deg": 13.4,
        "distance_to_river_m": 196,
        "distance_to_road_m": 2289,
        "legal_status": "allowed",
        "distance_to_smelter_km": 38.5,
        "area_ha": 0.79,
        "region_id": "NW"
      },
      "geometry": {
        "type": "Polygon",
        "coordinates": [
          [
            [
              129.848,
              -0.038
            ],
            [
              129.856,
              -0.038
            ],
            [
              129.856,
              -0.03
            ],
            [
              129.848,
              -0.03
            ],
            [
              129.848,
              -0.038
            ]
          ]
        ]
      }
    },
    {
      "type": "Feature",
      "properties": {
        "grid_id": "GAG288",
        "site": "gag_island",
        "location_label": "Gag Island - Papua Barat Daya nickel laterite",
        "lithology": "serpentinite_simulated",
        "slope_deg": 10.1,
        "distance_to_river_m": 1127,
        "distance_to_road_m": 582,
        "legal_status": "allowed",
        "distance_to_smelter_km": 35.7,
        "area_ha": 0.79,
        "region_id": "NW"
      },
      "geometry": {
        "type": "Polygon",
        "coordinates": [
          [
            [
              129.856,
              -0.038
            ],
            [
              129.864,
              -0.038
            ],
            [
              129.864,
              -0.03
            ],
            [
              129.856,
              -0.03
            ],
            [
              129.856,
              -0.038
            ]
          ]
        ]
      }
    },
    {
      "type": "Feature",
      "properties": {
        "grid_id": "GAG289",
        "site": "gag_island",
        "location_label": "Gag Island - Papua Barat Daya nickel laterite",
        "lithology": "serpentinite_simulated",
        "slope_deg": 15.1,
        "distance_to_river_m": 459,
        "distance_to_road_m": 858,
        "legal_status": "allowed",
        "distance_to_smelter_km": 33.7,
        "area_ha": 0.79,
        "region_id": "NW"
      },
      "geometry": {
        "type": "Polygon",
        "coordinates": [
          [
            [
              129.864,
              -0.038
            ],
            [
              129.872,
              -0.038
            ],
            [
              129.872,
              -0.03
            ],
            [
              129.864,
              -0.03
            ],
            [
              129.864,
              -0.038
            ]
          ]
        ]
      }
    },
    {
      "type": "Feature",
      "properties": {
        "grid_id": "GAG290",
        "site": "gag_island",
        "location_label": "Gag Island - Papua Barat Daya nickel laterite",
        "lithology": "serpentinite_simulated",
        "slope_deg": 7.7,
        "distance_to_river_m": 425,
        "distance_to_road_m": 2329,
        "legal_status": "allowed",
        "distance_to_smelter_km": 32.6,
        "area_ha": 0.79,
        "region_id": "NW"
      },
      "geometry": {
        "type": "Polygon",
        "coordinates": [
          [
            [
              129.872,
              -0.038
            ],
            [
              129.88,
              -0.038
            ],
            [
              129.88,
              -0.03
            ],
            [
              129.872,
              -0.03
            ],
            [
              129.872,
              -0.038
            ]
          ]
        ]
      }
    },
    {
      "type": "Feature",
      "properties": {
        "grid_id": "GAG291",
        "site": "gag_island",
        "location_label": "Gag Island - Papua Barat Daya nickel laterite",
        "lithology": "ultramafic_simulated",
        "slope_deg": 11.8,
        "distance_to_river_m": 670,
        "distance_to_road_m": 1423,
        "legal_status": "allowed",
        "distance_to_smelter_km": 32.6,
        "area_ha": 0.79,
        "region_id": "NE"
      },
      "geometry": {
        "type": "Polygon",
        "coordinates": [
          [
            [
              129.88,
              -0.038
            ],
            [
              129.888,
              -0.038
            ],
            [
              129.888,
              -0.03
            ],
            [
              129.88,
              -0.03
            ],
            [
              129.88,
              -0.038
            ]
          ]
        ]
      }
    },
    {
      "type": "Feature",
      "properties": {
        "grid_id": "GAG292",
        "site": "gag_island",
        "location_label": "Gag Island - Papua Barat Daya nickel laterite",
        "lithology": "ultramafic_simulated",
        "slope_deg": 5.7,
        "distance_to_river_m": 624,
        "distance_to_road_m": 2133,
        "legal_status": "allowed",
        "distance_to_smelter_km": 33.7,
        "area_ha": 0.79,
        "region_id": "NE"
      },
      "geometry": {
        "type": "Polygon",
        "coordinates": [
          [
            [
              129.888,
              -0.038
            ],
            [
              129.896,
              -0.038
            ],
            [
              129.896,
              -0.03
            ],
            [
              129.888,
              -0.03
            ],
            [
              129.888,
              -0.038
            ]
          ]
        ]
      }
    },
    {
      "type": "Feature",
      "properties": {
        "grid_id": "GAG293",
        "site": "gag_island",
        "location_label": "Gag Island - Papua Barat Daya nickel laterite",
        "lithology": "serpentinite_simulated",
        "slope_deg": 5.1,
        "distance_to_river_m": 190,
        "distance_to_road_m": 1859,
        "legal_status": "conditional",
        "distance_to_smelter_km": 35.7,
        "area_ha": 0.79,
        "region_id": "NE"
      },
      "geometry": {
        "type": "Polygon",
        "coordinates": [
          [
            [
              129.896,
              -0.038
            ],
            [
              129.904,
              -0.038
            ],
            [
              129.904,
              -0.03
            ],
            [
              129.896,
              -0.03
            ],
            [
              129.896,
              -0.038
            ]
          ]
        ]
      }
    },
    {
      "type": "Feature",
      "properties": {
        "grid_id": "GAG294",
        "site": "gag_island",
        "location_label": "Gag Island - Papua Barat Daya nickel laterite",
        "lithology": "peridotite_simulated",
        "slope_deg": 9.6,
        "distance_to_river_m": 207,
        "distance_to_road_m": 1260,
        "legal_status": "allowed",
        "distance_to_smelter_km": 38.5,
        "area_ha": 0.79,
        "region_id": "NE"
      },
      "geometry": {
        "type": "Polygon",
        "coordinates": [
          [
            [
              129.904,
              -0.038
            ],
            [
              129.912,
              -0.038
            ],
            [
              129.912,
              -0.03
            ],
            [
              129.904,
              -0.03
            ],
            [
              129.904,
              -0.038
            ]
          ]
        ]
      }
    },
    {
      "type": "Feature",
      "properties": {
        "grid_id": "GAG295",
        "site": "gag_island",
        "location_label": "Gag Island - Papua Barat Daya nickel laterite",
        "lithology": "peridotite_simulated",
        "slope_deg": 17.6,
        "distance_to_river_m": 206,
        "distance_to_road_m": 1080,
        "legal_status": "allowed",
        "distance_to_smelter_km": 41.8,
        "area_ha": 0.79,
        "region_id": "NE"
      },
      "geometry": {
        "type": "Polygon",
        "coordinates": [
          [
            [
              129.912,
              -0.038
            ],
            [
              129.92,
              -0.038
            ],
            [
              129.92,
              -0.03
            ],
            [
              129.912,
              -0.03
            ],
            [
              129.912,
              -0.038
            ]
          ]
        ]
      }
    },
    {
      "type": "Feature",
      "properties": {
        "grid_id": "GAG296",
        "site": "gag_island",
        "location_label": "Gag Island - Papua Barat Daya nickel laterite",
        "lithology": "serpentinite_simulated",
        "slope_deg": 13.2,
        "distance_to_river_m": 441,
        "distance_to_road_m": 2528,
        "legal_status": "conditional",
        "distance_to_smelter_km": 45.5,
        "area_ha": 0.79,
        "region_id": "NE"
      },
      "geometry": {
        "type": "Polygon",
        "coordinates": [
          [
            [
              129.92,
              -0.038
            ],
            [
              129.928,
              -0.038
            ],
            [
              129.928,
              -0.03
            ],
            [
              129.92,
              -0.03
            ],
            [
              129.92,
              -0.038
            ]
          ]
        ]
      }
    },
    {
      "type": "Feature",
      "properties": {
        "grid_id": "GAG297",
        "site": "gag_island",
        "location_label": "Gag Island - Papua Barat Daya nickel laterite",
        "lithology": "serpentinite_simulated",
        "slope_deg": 16.2,
        "distance_to_river_m": 403,
        "distance_to_road_m": 3450,
        "legal_status": "conditional",
        "distance_to_smelter_km": 49.5,
        "area_ha": 0.79,
        "region_id": "NE"
      },
      "geometry": {
        "type": "Polygon",
        "coordinates": [
          [
            [
              129.928,
              -0.038
            ],
            [
              129.936,
              -0.038
            ],
            [
              129.936,
              -0.03
            ],
            [
              129.928,
              -0.03
            ],
            [
              129.928,
              -0.038
            ]
          ]
        ]
      }
    },
    {
      "type": "Feature",
      "properties": {
        "grid_id": "GAG298",
        "site": "gag_island",
        "location_label": "Gag Island - Papua Barat Daya nickel laterite",
        "lithology": "mafic_volcanic_simulated",
        "slope_deg": 12.6,
        "distance_to_river_m": 672,
        "distance_to_road_m": 2597,
        "legal_status": "allowed",
        "distance_to_smelter_km": 53.7,
        "area_ha": 0.79,
        "region_id": "NE"
      },
      "geometry": {
        "type": "Polygon",
        "coordinates": [
          [
            [
              129.936,
              -0.038
            ],
            [
              129.944,
              -0.038
            ],
            [
              129.944,
              -0.03
            ],
            [
              129.936,
              -0.03
            ],
            [
              129.936,
              -0.038
            ]
          ]
        ]
      }
    },
    {
      "type": "Feature",
      "properties": {
        "grid_id": "GAG299",
        "site": "gag_island",
        "location_label": "Gag Island - Papua Barat Daya nickel laterite",
        "lithology": "serpentinite_simulated",
        "slope_deg": 14.1,
        "distance_to_river_m": 1180,
        "distance_to_road_m": 1146,
        "legal_status": "no-go",
        "distance_to_smelter_km": 58.1,
        "area_ha": 0.79,
        "region_id": "NE"
      },
      "geometry": {
        "type": "Polygon",
        "coordinates": [
          [
            [
              129.944,
              -0.038
            ],
            [
              129.952,
              -0.038
            ],
            [
              129.952,
              -0.03
            ],
            [
              129.944,
              -0.03
            ],
            [
              129.944,
              -0.038
            ]
          ]
        ]
      }
    },
    {
      "type": "Feature",
      "properties": {
        "grid_id": "GAG300",
        "site": "gag_island",
        "location_label": "Gag Island - Papua Barat Daya nickel laterite",
        "lithology": "alluvium",
        "slope_deg": 5.5,
        "distance_to_river_m": 471,
        "distance_to_road_m": 896,
        "legal_status": "no-go",
        "distance_to_smelter_km": 62.6,
        "area_ha": 0.79,
        "region_id": "NE"
      },
      "geometry": {
        "type": "Polygon",
        "coordinates": [
          [
            [
              129.952,
              -0.038
            ],
            [
              129.96,
              -0.038
            ],
            [
              129.96,
              -0.03
            ],
            [
              129.952,
              -0.03
            ],
            [
              129.952,
              -0.038
            ]
          ]
        ]
      }
    },
    {
      "type": "Feature",
      "properties": {
        "grid_id": "GAG301",
        "site": "gag_island",
        "location_label": "Gag Island - Papua Barat Daya nickel laterite",
        "lithology": "peridotite_simulated",
        "slope_deg": 11.6,
        "distance_to_river_m": 334,
        "distance_to_road_m": 2921,
        "legal_status": "allowed",
        "distance_to_smelter_km": 64.9,
        "area_ha": 0.79,
        "region_id": "NW"
      },
      "geometry": {
        "type": "Polygon",
        "coordinates": [
          [
            [
              129.8,
              -0.03
            ],
            [
              129.808,
              -0.03
            ],
            [
              129.808,
              -0.022
            ],
            [
              129.8,
              -0.022
            ],
            [
              129.8,
              -0.03
            ]
          ]
        ]
      }
    },
    {
      "type": "Feature",
      "properties": {
        "grid_id": "GAG302",
        "site": "gag_island",
        "location_label": "Gag Island - Papua Barat Daya nickel laterite",
        "lithology": "alluvium",
        "slope_deg": 12.5,
        "distance_to_river_m": 1173,
        "distance_to_road_m": 2651,
        "legal_status": "allowed",
        "distance_to_smelter_km": 60.6,
        "area_ha": 0.79,
        "region_id": "NW"
      },
      "geometry": {
        "type": "Polygon",
        "coordinates": [
          [
            [
              129.808,
              -0.03
            ],
            [
              129.816,
              -0.03
            ],
            [
              129.816,
              -0.022
            ],
            [
              129.808,
              -0.022
            ],
            [
              129.808,
              -0.03
            ]
          ]
        ]
      }
    },
    {
      "type": "Feature",
      "properties": {
        "grid_id": "GAG303",
        "site": "gag_island",
        "location_label": "Gag Island - Papua Barat Daya nickel laterite",
        "lithology": "peridotite_simulated",
        "slope_deg": 12.2,
        "distance_to_river_m": 185,
        "distance_to_road_m": 1243,
        "legal_status": "allowed",
        "distance_to_smelter_km": 56.5,
        "area_ha": 0.79,
        "region_id": "NW"
      },
      "geometry": {
        "type": "Polygon",
        "coordinates": [
          [
            [
              129.816,
              -0.03
            ],
            [
              129.824,
              -0.03
            ],
            [
              129.824,
              -0.022
            ],
            [
              129.816,
              -0.022
            ],
            [
              129.816,
              -0.03
            ]
          ]
        ]
      }
    },
    {
      "type": "Feature",
      "properties": {
        "grid_id": "GAG304",
        "site": "gag_island",
        "location_label": "Gag Island - Papua Barat Daya nickel laterite",
        "lithology": "serpentinite_simulated",
        "slope_deg": 16.8,
        "distance_to_river_m": 826,
        "distance_to_road_m": 1309,
        "legal_status": "no-go",
        "distance_to_smelter_km": 52.6,
        "area_ha": 0.79,
        "region_id": "NW"
      },
      "geometry": {
        "type": "Polygon",
        "coordinates": [
          [
            [
              129.824,
              -0.03
            ],
            [
              129.832,
              -0.03
            ],
            [
              129.832,
              -0.022
            ],
            [
              129.824,
              -0.022
            ],
            [
              129.824,
              -0.03
            ]
          ]
        ]
      }
    },
    {
      "type": "Feature",
      "properties": {
        "grid_id": "GAG305",
        "site": "gag_island",
        "location_label": "Gag Island - Papua Barat Daya nickel laterite",
        "lithology": "ultramafic_simulated",
        "slope_deg": 16.5,
        "distance_to_river_m": 1119,
        "distance_to_road_m": 2971,
        "legal_status": "allowed",
        "distance_to_smelter_km": 48.9,
        "area_ha": 0.79,
        "region_id": "NW"
      },
      "geometry": {
        "type": "Polygon",
        "coordinates": [
          [
            [
              129.832,
              -0.03
            ],
            [
              129.84,
              -0.03
            ],
            [
              129.84,
              -0.022
            ],
            [
              129.832,
              -0.022
            ],
            [
              129.832,
              -0.03
            ]
          ]
        ]
      }
    },
    {
      "type": "Feature",
      "properties": {
        "grid_id": "GAG306",
        "site": "gag_island",
        "location_label": "Gag Island - Papua Barat Daya nickel laterite",
        "lithology": "peridotite_simulated",
        "slope_deg": 17.3,
        "distance_to_river_m": 618,
        "distance_to_road_m": 2117,
        "legal_status": "no-go",
        "distance_to_smelter_km": 45.5,
        "area_ha": 0.79,
        "region_id": "NW"
      },
      "geometry": {
        "type": "Polygon",
        "coordinates": [
          [
            [
              129.84,
              -0.03
            ],
            [
              129.848,
              -0.03
            ],
            [
              129.848,
              -0.022
            ],
            [
              129.84,
              -0.022
            ],
            [
              129.84,
              -0.03
            ]
          ]
        ]
      }
    },
    {
      "type": "Feature",
      "properties": {
        "grid_id": "GAG307",
        "site": "gag_island",
        "location_label": "Gag Island - Papua Barat Daya nickel laterite",
        "lithology": "serpentinite_simulated",
        "slope_deg": 14.1,
        "distance_to_river_m": 876,
        "distance_to_road_m": 2657,
        "legal_status": "allowed",
        "distance_to_smelter_km": 42.6,
        "area_ha": 0.79,
        "region_id": "NW"
      },
      "geometry": {
        "type": "Polygon",
        "coordinates": [
          [
            [
              129.848,
              -0.03
            ],
            [
              129.856,
              -0.03
            ],
            [
              129.856,
              -0.022
            ],
            [
              129.848,
              -0.022
            ],
            [
              129.848,
              -0.03
            ]
          ]
        ]
      }
    },
    {
      "type": "Feature",
      "properties": {
        "grid_id": "GAG308",
        "site": "gag_island",
        "location_label": "Gag Island - Papua Barat Daya nickel laterite",
        "lithology": "peridotite_simulated",
        "slope_deg": 17.8,
        "distance_to_river_m": 1098,
        "distance_to_road_m": 2088,
        "legal_status": "no-go",
        "distance_to_smelter_km": 40.2,
        "area_ha": 0.79,
        "region_id": "NW"
      },
      "geometry": {
        "type": "Polygon",
        "coordinates": [
          [
            [
              129.856,
              -0.03
            ],
            [
              129.864,
              -0.03
            ],
            [
              129.864,
              -0.022
            ],
            [
              129.856,
              -0.022
            ],
            [
              129.856,
              -0.03
            ]
          ]
        ]
      }
    },
    {
      "type": "Feature",
      "properties": {
        "grid_id": "GAG309",
        "site": "gag_island",
        "location_label": "Gag Island - Papua Barat Daya nickel laterite",
        "lithology": "serpentinite_simulated",
        "slope_deg": 10.4,
        "distance_to_river_m": 1081,
        "distance_to_road_m": 2275,
        "legal_status": "allowed",
        "distance_to_smelter_km": 38.5,
        "area_ha": 0.79,
        "region_id": "NW"
      },
      "geometry": {
        "type": "Polygon",
        "coordinates": [
          [
            [
              129.864,
              -0.03
            ],
            [
              129.872,
              -0.03
            ],
            [
              129.872,
              -0.022
            ],
            [
              129.864,
              -0.022
            ],
            [
              129.864,
              -0.03
            ]
          ]
        ]
      }
    },
    {
      "type": "Feature",
      "properties": {
        "grid_id": "GAG310",
        "site": "gag_island",
        "location_label": "Gag Island - Papua Barat Daya nickel laterite",
        "lithology": "mafic_volcanic_simulated",
        "slope_deg": 7.9,
        "distance_to_river_m": 417,
        "distance_to_road_m": 2697,
        "legal_status": "allowed",
        "distance_to_smelter_km": 37.6,
        "area_ha": 0.79,
        "region_id": "NW"
      },
      "geometry": {
        "type": "Polygon",
        "coordinates": [
          [
            [
              129.872,
              -0.03
            ],
            [
              129.88,
              -0.03
            ],
            [
              129.88,
              -0.022
            ],
            [
              129.872,
              -0.022
            ],
            [
              129.872,
              -0.03
            ]
          ]
        ]
      }
    },
    {
      "type": "Feature",
      "properties": {
        "grid_id": "GAG311",
        "site": "gag_island",
        "location_label": "Gag Island - Papua Barat Daya nickel laterite",
        "lithology": "mafic_volcanic_simulated",
        "slope_deg": 6.7,
        "distance_to_river_m": 311,
        "distance_to_road_m": 1313,
        "legal_status": "allowed",
        "distance_to_smelter_km": 37.6,
        "area_ha": 0.79,
        "region_id": "NE"
      },
      "geometry": {
        "type": "Polygon",
        "coordinates": [
          [
            [
              129.88,
              -0.03
            ],
            [
              129.888,
              -0.03
            ],
            [
              129.888,
              -0.022
            ],
            [
              129.88,
              -0.022
            ],
            [
              129.88,
              -0.03
            ]
          ]
        ]
      }
    },
    {
      "type": "Feature",
      "properties": {
        "grid_id": "GAG312",
        "site": "gag_island",
        "location_label": "Gag Island - Papua Barat Daya nickel laterite",
        "lithology": "alluvium",
        "slope_deg": 15.8,
        "distance_to_river_m": 370,
        "distance_to_road_m": 1636,
        "legal_status": "allowed",
        "distance_to_smelter_km": 38.5,
        "area_ha": 0.79,
        "region_id": "NE"
      },
      "geometry": {
        "type": "Polygon",
        "coordinates": [
          [
            [
              129.888,
              -0.03
            ],
            [
              129.896,
              -0.03
            ],
            [
              129.896,
              -0.022
            ],
            [
              129.888,
              -0.022
            ],
            [
              129.888,
              -0.03
            ]
          ]
        ]
      }
    },
    {
      "type": "Feature",
      "properties": {
        "grid_id": "GAG313",
        "site": "gag_island",
        "location_label": "Gag Island - Papua Barat Daya nickel laterite",
        "lithology": "peridotite_simulated",
        "slope_deg": 17.5,
        "distance_to_river_m": 894,
        "distance_to_road_m": 1027,
        "legal_status": "no-go",
        "distance_to_smelter_km": 40.2,
        "area_ha": 0.79,
        "region_id": "NE"
      },
      "geometry": {
        "type": "Polygon",
        "coordinates": [
          [
            [
              129.896,
              -0.03
            ],
            [
              129.904,
              -0.03
            ],
            [
              129.904,
              -0.022
            ],
            [
              129.896,
              -0.022
            ],
            [
              129.896,
              -0.03
            ]
          ]
        ]
      }
    },
    {
      "type": "Feature",
      "properties": {
        "grid_id": "GAG314",
        "site": "gag_island",
        "location_label": "Gag Island - Papua Barat Daya nickel laterite",
        "lithology": "serpentinite_simulated",
        "slope_deg": 17.8,
        "distance_to_river_m": 724,
        "distance_to_road_m": 989,
        "legal_status": "no-go",
        "distance_to_smelter_km": 42.6,
        "area_ha": 0.79,
        "region_id": "NE"
      },
      "geometry": {
        "type": "Polygon",
        "coordinates": [
          [
            [
              129.904,
              -0.03
            ],
            [
              129.912,
              -0.03
            ],
            [
              129.912,
              -0.022
            ],
            [
              129.904,
              -0.022
            ],
            [
              129.904,
              -0.03
            ]
          ]
        ]
      }
    },
    {
      "type": "Feature",
      "properties": {
        "grid_id": "GAG315",
        "site": "gag_island",
        "location_label": "Gag Island - Papua Barat Daya nickel laterite",
        "lithology": "ultramafic_simulated",
        "slope_deg": 12.9,
        "distance_to_river_m": 626,
        "distance_to_road_m": 2872,
        "legal_status": "conditional",
        "distance_to_smelter_km": 45.5,
        "area_ha": 0.79,
        "region_id": "NE"
      },
      "geometry": {
        "type": "Polygon",
        "coordinates": [
          [
            [
              129.912,
              -0.03
            ],
            [
              129.92,
              -0.03
            ],
            [
              129.92,
              -0.022
            ],
            [
              129.912,
              -0.022
            ],
            [
              129.912,
              -0.03
            ]
          ]
        ]
      }
    },
    {
      "type": "Feature",
      "properties": {
        "grid_id": "GAG316",
        "site": "gag_island",
        "location_label": "Gag Island - Papua Barat Daya nickel laterite",
        "lithology": "peridotite_simulated",
        "slope_deg": 16.9,
        "distance_to_river_m": 1108,
        "distance_to_road_m": 2981,
        "legal_status": "allowed",
        "distance_to_smelter_km": 48.9,
        "area_ha": 0.79,
        "region_id": "NE"
      },
      "geometry": {
        "type": "Polygon",
        "coordinates": [
          [
            [
              129.92,
              -0.03
            ],
            [
              129.928,
              -0.03
            ],
            [
              129.928,
              -0.022
            ],
            [
              129.92,
              -0.022
            ],
            [
              129.92,
              -0.03
            ]
          ]
        ]
      }
    },
    {
      "type": "Feature",
      "properties": {
        "grid_id": "GAG317",
        "site": "gag_island",
        "location_label": "Gag Island - Papua Barat Daya nickel laterite",
        "lithology": "serpentinite_simulated",
        "slope_deg": 15.6,
        "distance_to_river_m": 541,
        "distance_to_road_m": 2985,
        "legal_status": "conditional",
        "distance_to_smelter_km": 52.6,
        "area_ha": 0.79,
        "region_id": "NE"
      },
      "geometry": {
        "type": "Polygon",
        "coordinates": [
          [
            [
              129.928,
              -0.03
            ],
            [
              129.936,
              -0.03
            ],
            [
              129.936,
              -0.022
            ],
            [
              129.928,
              -0.022
            ],
            [
              129.928,
              -0.03
            ]
          ]
        ]
      }
    },
    {
      "type": "Feature",
      "properties": {
        "grid_id": "GAG318",
        "site": "gag_island",
        "location_label": "Gag Island - Papua Barat Daya nickel laterite",
        "lithology": "serpentinite_simulated",
        "slope_deg": 16.8,
        "distance_to_river_m": 103,
        "distance_to_road_m": 2262,
        "legal_status": "allowed",
        "distance_to_smelter_km": 56.5,
        "area_ha": 0.79,
        "region_id": "NE"
      },
      "geometry": {
        "type": "Polygon",
        "coordinates": [
          [
            [
              129.936,
              -0.03
            ],
            [
              129.944,
              -0.03
            ],
            [
              129.944,
              -0.022
            ],
            [
              129.936,
              -0.022
            ],
            [
              129.936,
              -0.03
            ]
          ]
        ]
      }
    },
    {
      "type": "Feature",
      "properties": {
        "grid_id": "GAG319",
        "site": "gag_island",
        "location_label": "Gag Island - Papua Barat Daya nickel laterite",
        "lithology": "peridotite_simulated",
        "slope_deg": 9.0,
        "distance_to_river_m": 654,
        "distance_to_road_m": 524,
        "legal_status": "allowed",
        "distance_to_smelter_km": 60.6,
        "area_ha": 0.79,
        "region_id": "NE"
      },
      "geometry": {
        "type": "Polygon",
        "coordinates": [
          [
            [
              129.944,
              -0.03
            ],
            [
              129.952,
              -0.03
            ],
            [
              129.952,
              -0.022
            ],
            [
              129.944,
              -0.022
            ],
            [
              129.944,
              -0.03
            ]
          ]
        ]
      }
    },
    {
      "type": "Feature",
      "properties": {
        "grid_id": "GAG320",
        "site": "gag_island",
        "location_label": "Gag Island - Papua Barat Daya nickel laterite",
        "lithology": "mafic_volcanic_simulated",
        "slope_deg": 8.7,
        "distance_to_river_m": 672,
        "distance_to_road_m": 2702,
        "legal_status": "allowed",
        "distance_to_smelter_km": 64.9,
        "area_ha": 0.79,
        "region_id": "NE"
      },
      "geometry": {
        "type": "Polygon",
        "coordinates": [
          [
            [
              129.952,
              -0.03
            ],
            [
              129.96,
              -0.03
            ],
            [
              129.96,
              -0.022
            ],
            [
              129.952,
              -0.022
            ],
            [
              129.952,
              -0.03
            ]
          ]
        ]
      }
    },
    {
      "type": "Feature",
      "properties": {
        "grid_id": "GAG321",
        "site": "gag_island",
        "location_label": "Gag Island - Papua Barat Daya nickel laterite",
        "lithology": "alluvium",
        "slope_deg": 15.7,
        "distance_to_river_m": 101,
        "distance_to_road_m": 2260,
        "legal_status": "allowed",
        "distance_to_smelter_km": 67.6,
        "area_ha": 0.79,
        "region_id": "NW"
      },
      "geometry": {
        "type": "Polygon",
        "coordinates": [
          [
            [
              129.8,
              -0.022
            ],
            [
              129.808,
              -0.022
            ],
            [
              129.808,
              -0.014
            ],
            [
              129.8,
              -0.014
            ],
            [
              129.8,
              -0.022
            ]
          ]
        ]
      }
    },
    {
      "type": "Feature",
      "properties": {
        "grid_id": "GAG322",
        "site": "gag_island",
        "location_label": "Gag Island - Papua Barat Daya nickel laterite",
        "lithology": "mafic_volcanic_simulated",
        "slope_deg": 8.0,
        "distance_to_river_m": 329,
        "distance_to_road_m": 1382,
        "legal_status": "allowed",
        "distance_to_smelter_km": 63.5,
        "area_ha": 0.79,
        "region_id": "NW"
      },
      "geometry": {
        "type": "Polygon",
        "coordinates": [
          [
            [
              129.808,
              -0.022
            ],
            [
              129.816,
              -0.022
            ],
            [
              129.816,
              -0.014
            ],
            [
              129.808,
              -0.014
            ],
            [
              129.808,
              -0.022
            ]
          ]
        ]
      }
    },
    {
      "type": "Feature",
      "properties": {
        "grid_id": "GAG323",
        "site": "gag_island",
        "location_label": "Gag Island - Papua Barat Daya nickel laterite",
        "lithology": "mafic_volcanic_simulated",
        "slope_deg": 8.0,
        "distance_to_river_m": 230,
        "distance_to_road_m": 2653,
        "legal_status": "allowed",
        "distance_to_smelter_km": 59.6,
        "area_ha": 0.79,
        "region_id": "NW"
      },
      "geometry": {
        "type": "Polygon",
        "coordinates": [
          [
            [
              129.816,
              -0.022
            ],
            [
              129.824,
              -0.022
            ],
            [
              129.824,
              -0.014
            ],
            [
              129.816,
              -0.014
            ],
            [
              129.816,
              -0.022
            ]
          ]
        ]
      }
    },
    {
      "type": "Feature",
      "properties": {
        "grid_id": "GAG324",
        "site": "gag_island",
        "location_label": "Gag Island - Papua Barat Daya nickel laterite",
        "lithology": "serpentinite_simulated",
        "slope_deg": 16.0,
        "distance_to_river_m": 351,
        "distance_to_road_m": 3152,
        "legal_status": "conditional",
        "distance_to_smelter_km": 56.0,
        "area_ha": 0.79,
        "region_id": "NW"
      },
      "geometry": {
        "type": "Polygon",
        "coordinates": [
          [
            [
              129.824,
              -0.022
            ],
            [
              129.832,
              -0.022
            ],
            [
              129.832,
              -0.014
            ],
            [
              129.824,
              -0.014
            ],
            [
              129.824,
              -0.022
            ]
          ]
        ]
      }
    },
    {
      "type": "Feature",
      "properties": {
        "grid_id": "GAG325",
        "site": "gag_island",
        "location_label": "Gag Island - Papua Barat Daya nickel laterite",
        "lithology": "ultramafic_simulated",
        "slope_deg": 14.5,
        "distance_to_river_m": 1018,
        "distance_to_road_m": 633,
        "legal_status": "allowed",
        "distance_to_smelter_km": 52.6,
        "area_ha": 0.79,
        "region_id": "NW"
      },
      "geometry": {
        "type": "Polygon",
        "coordinates": [
          [
            [
              129.832,
              -0.022
            ],
            [
              129.84,
              -0.022
            ],
            [
              129.84,
              -0.014
            ],
            [
              129.832,
              -0.014
            ],
            [
              129.832,
              -0.022
            ]
          ]
        ]
      }
    },
    {
      "type": "Feature",
      "properties": {
        "grid_id": "GAG326",
        "site": "gag_island",
        "location_label": "Gag Island - Papua Barat Daya nickel laterite",
        "lithology": "peridotite_simulated",
        "slope_deg": 16.6,
        "distance_to_river_m": 266,
        "distance_to_road_m": 2457,
        "legal_status": "allowed",
        "distance_to_smelter_km": 49.5,
        "area_ha": 0.79,
        "region_id": "NW"
      },
      "geometry": {
        "type": "Polygon",
        "coordinates": [
          [
            [
              129.84,
              -0.022
            ],
            [
              129.848,
              -0.022
            ],
            [
              129.848,
              -0.014
            ],
            [
              129.84,
              -0.014
            ],
            [
              129.84,
              -0.022
            ]
          ]
        ]
      }
    },
    {
      "type": "Feature",
      "properties": {
        "grid_id": "GAG327",
        "site": "gag_island",
        "location_label": "Gag Island - Papua Barat Daya nickel laterite",
        "lithology": "ultramafic_simulated",
        "slope_deg": 12.1,
        "distance_to_river_m": 866,
        "distance_to_road_m": 2461,
        "legal_status": "allowed",
        "distance_to_smelter_km": 46.9,
        "area_ha": 0.79,
        "region_id": "NW"
      },
      "geometry": {
        "type": "Polygon",
        "coordinates": [
          [
            [
              129.848,
              -0.022
            ],
            [
              129.856,
              -0.022
            ],
            [
              129.856,
              -0.014
            ],
            [
              129.848,
              -0.014
            ],
            [
              129.848,
              -0.022
            ]
          ]
        ]
      }
    },
    {
      "type": "Feature",
      "properties": {
        "grid_id": "GAG328",
        "site": "gag_island",
        "location_label": "Gag Island - Papua Barat Daya nickel laterite",
        "lithology": "serpentinite_simulated",
        "slope_deg": 5.5,
        "distance_to_river_m": 1071,
        "distance_to_road_m": 828,
        "legal_status": "conditional",
        "distance_to_smelter_km": 44.8,
        "area_ha": 0.79,
        "region_id": "NW"
      },
      "geometry": {
        "type": "Polygon",
        "coordinates": [
          [
            [
              129.856,
              -0.022
            ],
            [
              129.864,
              -0.022
            ],
            [
              129.864,
              -0.014
            ],
            [
              129.856,
              -0.014
            ],
            [
              129.856,
              -0.022
            ]
          ]
        ]
      }
    },
    {
      "type": "Feature",
      "properties": {
        "grid_id": "GAG329",
        "site": "gag_island",
        "location_label": "Gag Island - Papua Barat Daya nickel laterite",
        "lithology": "ultramafic_simulated",
        "slope_deg": 10.9,
        "distance_to_river_m": 490,
        "distance_to_road_m": 507,
        "legal_status": "conditional",
        "distance_to_smelter_km": 43.4,
        "area_ha": 0.79,
        "region_id": "NW"
      },
      "geometry": {
        "type": "Polygon",
        "coordinates": [
          [
            [
              129.864,
              -0.022
            ],
            [
              129.872,
              -0.022
            ],
            [
              129.872,
              -0.014
            ],
            [
              129.864,
              -0.014
            ],
            [
              129.864,
              -0.022
            ]
          ]
        ]
      }
    },
    {
      "type": "Feature",
      "properties": {
        "grid_id": "GAG330",
        "site": "gag_island",
        "location_label": "Gag Island - Papua Barat Daya nickel laterite",
        "lithology": "serpentinite_simulated",
        "slope_deg": 17.8,
        "distance_to_river_m": 308,
        "distance_to_road_m": 1527,
        "legal_status": "allowed",
        "distance_to_smelter_km": 42.6,
        "area_ha": 0.79,
        "region_id": "NW"
      },
      "geometry": {
        "type": "Polygon",
        "coordinates": [
          [
            [
              129.872,
              -0.022
            ],
            [
              129.88,
              -0.022
            ],
            [
              129.88,
              -0.014
            ],
            [
              129.872,
              -0.014
            ],
            [
              129.872,
              -0.022
            ]
          ]
        ]
      }
    },
    {
      "type": "Feature",
      "properties": {
        "grid_id": "GAG331",
        "site": "gag_island",
        "location_label": "Gag Island - Papua Barat Daya nickel laterite",
        "lithology": "serpentinite_simulated",
        "slope_deg": 7.6,
        "distance_to_river_m": 115,
        "distance_to_road_m": 2657,
        "legal_status": "allowed",
        "distance_to_smelter_km": 42.6,
        "area_ha": 0.79,
        "region_id": "NE"
      },
      "geometry": {
        "type": "Polygon",
        "coordinates": [
          [
            [
              129.88,
              -0.022
            ],
            [
              129.888,
              -0.022
            ],
            [
              129.888,
              -0.014
            ],
            [
              129.88,
              -0.014
            ],
            [
              129.88,
              -0.022
            ]
          ]
        ]
      }
    },
    {
      "type": "Feature",
      "properties": {
        "grid_id": "GAG332",
        "site": "gag_island",
        "location_label": "Gag Island - Papua Barat Daya nickel laterite",
        "lithology": "peridotite_simulated",
        "slope_deg": 13.8,
        "distance_to_river_m": 331,
        "distance_to_road_m": 1290,
        "legal_status": "allowed",
        "distance_to_smelter_km": 43.4,
        "area_ha": 0.79,
        "region_id": "NE"
      },
      "geometry": {
        "type": "Polygon",
        "coordinates": [
          [
            [
              129.888,
              -0.022
            ],
            [
              129.896,
              -0.022
            ],
            [
              129.896,
              -0.014
            ],
            [
              129.888,
              -0.014
            ],
            [
              129.888,
              -0.022
            ]
          ]
        ]
      }
    },
    {
      "type": "Feature",
      "properties": {
        "grid_id": "GAG333",
        "site": "gag_island",
        "location_label": "Gag Island - Papua Barat Daya nickel laterite",
        "lithology": "serpentinite_simulated",
        "slope_deg": 16.2,
        "distance_to_river_m": 130,
        "distance_to_road_m": 1664,
        "legal_status": "conditional",
        "distance_to_smelter_km": 44.8,
        "area_ha": 0.79,
        "region_id": "NE"
      },
      "geometry": {
        "type": "Polygon",
        "coordinates": [
          [
            [
              129.896,
              -0.022
            ],
            [
              129.904,
              -0.022
            ],
            [
              129.904,
              -0.014
            ],
            [
              129.896,
              -0.014
            ],
            [
              129.896,
              -0.022
            ]
          ]
        ]
      }
    },
    {
      "type": "Feature",
      "properties": {
        "grid_id": "GAG334",
        "site": "gag_island",
        "location_label": "Gag Island - Papua Barat Daya nickel laterite",
        "lithology": "ultramafic_simulated",
        "slope_deg": 8.5,
        "distance_to_river_m": 1114,
        "distance_to_road_m": 3381,
        "legal_status": "conditional",
        "distance_to_smelter_km": 46.9,
        "area_ha": 0.79,
        "region_id": "NE"
      },
      "geometry": {
        "type": "Polygon",
        "coordinates": [
          [
            [
              129.904,
              -0.022
            ],
            [
              129.912,
              -0.022
            ],
            [
              129.912,
              -0.014
            ],
            [
              129.904,
              -0.014
            ],
            [
              129.904,
              -0.022
            ]
          ]
        ]
      }
    },
    {
      "type": "Feature",
      "properties": {
        "grid_id": "GAG335",
        "site": "gag_island",
        "location_label": "Gag Island - Papua Barat Daya nickel laterite",
        "lithology": "peridotite_simulated",
        "slope_deg": 9.3,
        "distance_to_river_m": 185,
        "distance_to_road_m": 2422,
        "legal_status": "allowed",
        "distance_to_smelter_km": 49.5,
        "area_ha": 0.79,
        "region_id": "NE"
      },
      "geometry": {
        "type": "Polygon",
        "coordinates": [
          [
            [
              129.912,
              -0.022
            ],
            [
              129.92,
              -0.022
            ],
            [
              129.92,
              -0.014
            ],
            [
              129.912,
              -0.014
            ],
            [
              129.912,
              -0.022
            ]
          ]
        ]
      }
    },
    {
      "type": "Feature",
      "properties": {
        "grid_id": "GAG336",
        "site": "gag_island",
        "location_label": "Gag Island - Papua Barat Daya nickel laterite",
        "lithology": "serpentinite_simulated",
        "slope_deg": 11.8,
        "distance_to_river_m": 307,
        "distance_to_road_m": 2830,
        "legal_status": "no-go",
        "distance_to_smelter_km": 52.6,
        "area_ha": 0.79,
        "region_id": "NE"
      },
      "geometry": {
        "type": "Polygon",
        "coordinates": [
          [
            [
              129.92,
              -0.022
            ],
            [
              129.928,
              -0.022
            ],
            [
              129.928,
              -0.014
            ],
            [
              129.92,
              -0.014
            ],
            [
              129.92,
              -0.022
            ]
          ]
        ]
      }
    },
    {
      "type": "Feature",
      "properties": {
        "grid_id": "GAG337",
        "site": "gag_island",
        "location_label": "Gag Island - Papua Barat Daya nickel laterite",
        "lithology": "mafic_volcanic_simulated",
        "slope_deg": 8.9,
        "distance_to_river_m": 447,
        "distance_to_road_m": 3485,
        "legal_status": "allowed",
        "distance_to_smelter_km": 56.0,
        "area_ha": 0.79,
        "region_id": "NE"
      },
      "geometry": {
        "type": "Polygon",
        "coordinates": [
          [
            [
              129.928,
              -0.022
            ],
            [
              129.936,
              -0.022
            ],
            [
              129.936,
              -0.014
            ],
            [
              129.928,
              -0.014
            ],
            [
              129.928,
              -0.022
            ]
          ]
        ]
      }
    },
    {
      "type": "Feature",
      "properties": {
        "grid_id": "GAG338",
        "site": "gag_island",
        "location_label": "Gag Island - Papua Barat Daya nickel laterite",
        "lithology": "ultramafic_simulated",
        "slope_deg": 13.0,
        "distance_to_river_m": 657,
        "distance_to_road_m": 3090,
        "legal_status": "allowed",
        "distance_to_smelter_km": 59.6,
        "area_ha": 0.79,
        "region_id": "NE"
      },
      "geometry": {
        "type": "Polygon",
        "coordinates": [
          [
            [
              129.936,
              -0.022
            ],
            [
              129.944,
              -0.022
            ],
            [
              129.944,
              -0.014
            ],
            [
              129.936,
              -0.014
            ],
            [
              129.936,
              -0.022
            ]
          ]
        ]
      }
    },
    {
      "type": "Feature",
      "properties": {
        "grid_id": "GAG339",
        "site": "gag_island",
        "location_label": "Gag Island - Papua Barat Daya nickel laterite",
        "lithology": "alluvium",
        "slope_deg": 11.3,
        "distance_to_river_m": 749,
        "distance_to_road_m": 1017,
        "legal_status": "allowed",
        "distance_to_smelter_km": 63.5,
        "area_ha": 0.79,
        "region_id": "NE"
      },
      "geometry": {
        "type": "Polygon",
        "coordinates": [
          [
            [
              129.944,
              -0.022
            ],
            [
              129.952,
              -0.022
            ],
            [
              129.952,
              -0.014
            ],
            [
              129.944,
              -0.014
            ],
            [
              129.944,
              -0.022
            ]
          ]
        ]
      }
    },
    {
      "type": "Feature",
      "properties": {
        "grid_id": "GAG340",
        "site": "gag_island",
        "location_label": "Gag Island - Papua Barat Daya nickel laterite",
        "lithology": "serpentinite_simulated",
        "slope_deg": 9.9,
        "distance_to_river_m": 418,
        "distance_to_road_m": 3417,
        "legal_status": "no-go",
        "distance_to_smelter_km": 67.6,
        "area_ha": 0.79,
        "region_id": "NE"
      },
      "geometry": {
        "type": "Polygon",
        "coordinates": [
          [
            [
              129.952,
              -0.022
            ],
            [
              129.96,
              -0.022
            ],
            [
              129.96,
              -0.014
            ],
            [
              129.952,
              -0.014
            ],
            [
              129.952,
              -0.022
            ]
          ]
        ]
      }
    },
    {
      "type": "Feature",
      "properties": {
        "grid_id": "GAG341",
        "site": "gag_island",
        "location_label": "Gag Island - Papua Barat Daya nickel laterite",
        "lithology": "mafic_volcanic_simulated",
        "slope_deg": 15.3,
        "distance_to_river_m": 858,
        "distance_to_road_m": 1684,
        "legal_status": "allowed",
        "distance_to_smelter_km": 70.5,
        "area_ha": 0.79,
        "region_id": "NW"
      },
      "geometry": {
        "type": "Polygon",
        "coordinates": [
          [
            [
              129.8,
              -0.014
            ],
            [
              129.808,
              -0.014
            ],
            [
              129.808,
              -0.006
            ],
            [
              129.8,
              -0.006
            ],
            [
              129.8,
              -0.014
            ]
          ]
        ]
      }
    },
    {
      "type": "Feature",
      "properties": {
        "grid_id": "GAG342",
        "site": "gag_island",
        "location_label": "Gag Island - Papua Barat Daya nickel laterite",
        "lithology": "alluvium",
        "slope_deg": 15.9,
        "distance_to_river_m": 640,
        "distance_to_road_m": 3298,
        "legal_status": "allowed",
        "distance_to_smelter_km": 66.7,
        "area_ha": 0.79,
        "region_id": "NW"
      },
      "geometry": {
        "type": "Polygon",
        "coordinates": [
          [
            [
              129.808,
              -0.014
            ],
            [
              129.816,
              -0.014
            ],
            [
              129.816,
              -0.006
            ],
            [
              129.808,
              -0.006
            ],
            [
              129.808,
              -0.014
            ]
          ]
        ]
      }
    },
    {
      "type": "Feature",
      "properties": {
        "grid_id": "GAG343",
        "site": "gag_island",
        "location_label": "Gag Island - Papua Barat Daya nickel laterite",
        "lithology": "serpentinite_simulated",
        "slope_deg": 13.7,
        "distance_to_river_m": 892,
        "distance_to_road_m": 1311,
        "legal_status": "no-go",
        "distance_to_smelter_km": 63.0,
        "area_ha": 0.79,
        "region_id": "NW"
      },
      "geometry": {
        "type": "Polygon",
        "coordinates": [
          [
            [
              129.816,
              -0.014
            ],
            [
              129.824,
              -0.014
            ],
            [
              129.824,
              -0.006
            ],
            [
              129.816,
              -0.006
            ],
            [
              129.816,
              -0.014
            ]
          ]
        ]
      }
    },
    {
      "type": "Feature",
      "properties": {
        "grid_id": "GAG344",
        "site": "gag_island",
        "location_label": "Gag Island - Papua Barat Daya nickel laterite",
        "lithology": "serpentinite_simulated",
        "slope_deg": 10.9,
        "distance_to_river_m": 400,
        "distance_to_road_m": 520,
        "legal_status": "conditional",
        "distance_to_smelter_km": 59.6,
        "area_ha": 0.79,
        "region_id": "NW"
      },
      "geometry": {
        "type": "Polygon",
        "coordinates": [
          [
            [
              129.824,
              -0.014
            ],
            [
              129.832,
              -0.014
            ],
            [
              129.832,
              -0.006
            ],
            [
              129.824,
              -0.006
            ],
            [
              129.824,
              -0.014
            ]
          ]
        ]
      }
    },
    {
      "type": "Feature",
      "properties": {
        "grid_id": "GAG345",
        "site": "gag_island",
        "location_label": "Gag Island - Papua Barat Daya nickel laterite",
        "lithology": "alluvium",
        "slope_deg": 14.7,
        "distance_to_river_m": 424,
        "distance_to_road_m": 1770,
        "legal_status": "allowed",
        "distance_to_smelter_km": 56.5,
        "area_ha": 0.79,
        "region_id": "NW"
      },
      "geometry": {
        "type": "Polygon",
        "coordinates": [
          [
            [
              129.832,
              -0.014
            ],
            [
              129.84,
              -0.014
            ],
            [
              129.84,
              -0.006
            ],
            [
              129.832,
              -0.006
            ],
            [
              129.832,
              -0.014
            ]
          ]
        ]
      }
    },
    {
      "type": "Feature",
      "properties": {
        "grid_id": "GAG346",
        "site": "gag_island",
        "location_label": "Gag Island - Papua Barat Daya nickel laterite",
        "lithology": "peridotite_simulated",
        "slope_deg": 13.8,
        "distance_to_river_m": 861,
        "distance_to_road_m": 1158,
        "legal_status": "allowed",
        "distance_to_smelter_km": 53.7,
        "area_ha": 0.79,
        "region_id": "NW"
      },
      "geometry": {
        "type": "Polygon",
        "coordinates": [
          [
            [
              129.84,
              -0.014
            ],
            [
              129.848,
              -0.014
            ],
            [
              129.848,
              -0.006
            ],
            [
              129.84,
              -0.006
            ],
            [
              129.84,
              -0.014
            ]
          ]
        ]
      }
    },
    {
      "type": "Feature",
      "properties": {
        "grid_id": "GAG347",
        "site": "gag_island",
        "location_label": "Gag Island - Papua Barat Daya nickel laterite",
        "lithology": "serpentinite_simulated",
        "slope_deg": 13.9,
        "distance_to_river_m": 268,
        "distance_to_road_m": 3422,
        "legal_status": "allowed",
        "distance_to_smelter_km": 51.4,
        "area_ha": 0.79,
        "region_id": "NW"
      },
      "geometry": {
        "type": "Polygon",
        "coordinates": [
          [
            [
              129.848,
              -0.014
            ],
            [
              129.856,
              -0.014
            ],
            [
              129.856,
              -0.006
            ],
            [
              129.848,
              -0.006
            ],
            [
              129.848,
              -0.014
            ]
          ]
        ]
      }
    },
    {
      "type": "Feature",
      "properties": {
        "grid_id": "GAG348",
        "site": "gag_island",
        "location_label": "Gag Island - Papua Barat Daya nickel laterite",
        "lithology": "serpentinite_simulated",
        "slope_deg": 15.1,
        "distance_to_river_m": 1040,
        "distance_to_road_m": 2586,
        "legal_status": "no-go",
        "distance_to_smelter_km": 49.5,
        "area_ha": 0.79,
        "region_id": "NW"
      },
      "geometry": {
        "type": "Polygon",
        "coordinates": [
          [
            [
              129.856,
              -0.014
            ],
            [
              129.864,
              -0.014
            ],
            [
              129.864,
              -0.006
            ],
            [
              129.856,
              -0.006
            ],
            [
              129.856,
              -0.014
            ]
          ]
        ]
      }
    },
    {
      "type": "Feature",
      "properties": {
        "grid_id": "GAG349",
        "site": "gag_island",
        "location_label": "Gag Island - Papua Barat Daya nickel laterite",
        "lithology": "ultramafic_simulated",
        "slope_deg": 13.6,
        "distance_to_river_m": 1000,
        "distance_to_road_m": 1494,
        "legal_status": "conditional",
        "distance_to_smelter_km": 48.2,
        "area_ha": 0.79,
        "region_id": "NW"
      },
      "geometry": {
        "type": "Polygon",
        "coordinates": [
          [
            [
              129.864,
              -0.014
            ],
            [
              129.872,
              -0.014
            ],
            [
              129.872,
              -0.006
            ],
            [
              129.864,
              -0.006
            ],
            [
              129.864,
              -0.014
            ]
          ]
        ]
      }
    },
    {
      "type": "Feature",
      "properties": {
        "grid_id": "GAG350",
        "site": "gag_island",
        "location_label": "Gag Island - Papua Barat Daya nickel laterite",
        "lithology": "peridotite_simulated",
        "slope_deg": 7.3,
        "distance_to_river_m": 243,
        "distance_to_road_m": 1076,
        "legal_status": "allowed",
        "distance_to_smelter_km": 47.6,
        "area_ha": 0.79,
        "region_id": "NW"
      },
      "geometry": {
        "type": "Polygon",
        "coordinates": [
          [
            [
              129.872,
              -0.014
            ],
            [
              129.88,
              -0.014
            ],
            [
              129.88,
              -0.006
            ],
            [
              129.872,
              -0.006
            ],
            [
              129.872,
              -0.014
            ]
          ]
        ]
      }
    },
    {
      "type": "Feature",
      "properties": {
        "grid_id": "GAG351",
        "site": "gag_island",
        "location_label": "Gag Island - Papua Barat Daya nickel laterite",
        "lithology": "alluvium",
        "slope_deg": 11.8,
        "distance_to_river_m": 1150,
        "distance_to_road_m": 835,
        "legal_status": "conditional",
        "distance_to_smelter_km": 47.6,
        "area_ha": 0.79,
        "region_id": "NE"
      },
      "geometry": {
        "type": "Polygon",
        "coordinates": [
          [
            [
              129.88,
              -0.014
            ],
            [
              129.888,
              -0.014
            ],
            [
              129.888,
              -0.006
            ],
            [
              129.88,
              -0.006
            ],
            [
              129.88,
              -0.014
            ]
          ]
        ]
      }
    },
    {
      "type": "Feature",
      "properties": {
        "grid_id": "GAG352",
        "site": "gag_island",
        "location_label": "Gag Island - Papua Barat Daya nickel laterite",
        "lithology": "mafic_volcanic_simulated",
        "slope_deg": 8.5,
        "distance_to_river_m": 313,
        "distance_to_road_m": 2067,
        "legal_status": "allowed",
        "distance_to_smelter_km": 48.2,
        "area_ha": 0.79,
        "region_id": "NE"
      },
      "geometry": {
        "type": "Polygon",
        "coordinates": [
          [
            [
              129.888,
              -0.014
            ],
            [
              129.896,
              -0.014
            ],
            [
              129.896,
              -0.006
            ],
            [
              129.888,
              -0.006
            ],
            [
              129.888,
              -0.014
            ]
          ]
        ]
      }
    },
    {
      "type": "Feature",
      "properties": {
        "grid_id": "GAG353",
        "site": "gag_island",
        "location_label": "Gag Island - Papua Barat Daya nickel laterite",
        "lithology": "mafic_volcanic_simulated",
        "slope_deg": 6.0,
        "distance_to_river_m": 659,
        "distance_to_road_m": 2764,
        "legal_status": "conditional",
        "distance_to_smelter_km": 49.5,
        "area_ha": 0.79,
        "region_id": "NE"
      },
      "geometry": {
        "type": "Polygon",
        "coordinates": [
          [
            [
              129.896,
              -0.014
            ],
            [
              129.904,
              -0.014
            ],
            [
              129.904,
              -0.006
            ],
            [
              129.896,
              -0.006
            ],
            [
              129.896,
              -0.014
            ]
          ]
        ]
      }
    },
    {
      "type": "Feature",
      "properties": {
        "grid_id": "GAG354",
        "site": "gag_island",
        "location_label": "Gag Island - Papua Barat Daya nickel laterite",
        "lithology": "serpentinite_simulated",
        "slope_deg": 11.2,
        "distance_to_river_m": 106,
        "distance_to_road_m": 2563,
        "legal_status": "allowed",
        "distance_to_smelter_km": 51.4,
        "area_ha": 0.79,
        "region_id": "NE"
      },
      "geometry": {
        "type": "Polygon",
        "coordinates": [
          [
            [
              129.904,
              -0.014
            ],
            [
              129.912,
              -0.014
            ],
            [
              129.912,
              -0.006
            ],
            [
              129.904,
              -0.006
            ],
            [
              129.904,
              -0.014
            ]
          ]
        ]
      }
    },
    {
      "type": "Feature",
      "properties": {
        "grid_id": "GAG355",
        "site": "gag_island",
        "location_label": "Gag Island - Papua Barat Daya nickel laterite",
        "lithology": "peridotite_simulated",
        "slope_deg": 8.8,
        "distance_to_river_m": 861,
        "distance_to_road_m": 554,
        "legal_status": "allowed",
        "distance_to_smelter_km": 53.7,
        "area_ha": 0.79,
        "region_id": "NE"
      },
      "geometry": {
        "type": "Polygon",
        "coordinates": [
          [
            [
              129.912,
              -0.014
            ],
            [
              129.92,
              -0.014
            ],
            [
              129.92,
              -0.006
            ],
            [
              129.912,
              -0.006
            ],
            [
              129.912,
              -0.014
            ]
          ]
        ]
      }
    },
    {
      "type": "Feature",
      "properties": {
        "grid_id": "GAG356",
        "site": "gag_island",
        "location_label": "Gag Island - Papua Barat Daya nickel laterite",
        "lithology": "ultramafic_simulated",
        "slope_deg": 5.6,
        "distance_to_river_m": 252,
        "distance_to_road_m": 1077,
        "legal_status": "conditional",
        "distance_to_smelter_km": 56.5,
        "area_ha": 0.79,
        "region_id": "NE"
      },
      "geometry": {
        "type": "Polygon",
        "coordinates": [
          [
            [
              129.92,
              -0.014
            ],
            [
              129.928,
              -0.014
            ],
            [
              129.928,
              -0.006
            ],
            [
              129.92,
              -0.006
            ],
            [
              129.92,
              -0.014
            ]
          ]
        ]
      }
    },
    {
      "type": "Feature",
      "properties": {
        "grid_id": "GAG357",
        "site": "gag_island",
        "location_label": "Gag Island - Papua Barat Daya nickel laterite",
        "lithology": "serpentinite_simulated",
        "slope_deg": 8.4,
        "distance_to_river_m": 1099,
        "distance_to_road_m": 2867,
        "legal_status": "allowed",
        "distance_to_smelter_km": 59.6,
        "area_ha": 0.79,
        "region_id": "NE"
      },
      "geometry": {
        "type": "Polygon",
        "coordinates": [
          [
            [
              129.928,
              -0.014
            ],
            [
              129.936,
              -0.014
            ],
            [
              129.936,
              -0.006
            ],
            [
              129.928,
              -0.006
            ],
            [
              129.928,
              -0.014
            ]
          ]
        ]
      }
    },
    {
      "type": "Feature",
      "properties": {
        "grid_id": "GAG358",
        "site": "gag_island",
        "location_label": "Gag Island - Papua Barat Daya nickel laterite",
        "lithology": "serpentinite_simulated",
        "slope_deg": 11.2,
        "distance_to_river_m": 380,
        "distance_to_road_m": 1133,
        "legal_status": "no-go",
        "distance_to_smelter_km": 63.0,
        "area_ha": 0.79,
        "region_id": "NE"
      },
      "geometry": {
        "type": "Polygon",
        "coordinates": [
          [
            [
              129.936,
              -0.014
            ],
            [
              129.944,
              -0.014
            ],
            [
              129.944,
              -0.006
            ],
            [
              129.936,
              -0.006
            ],
            [
              129.936,
              -0.014
            ]
          ]
        ]
      }
    },
    {
      "type": "Feature",
      "properties": {
        "grid_id": "GAG359",
        "site": "gag_island",
        "location_label": "Gag Island - Papua Barat Daya nickel laterite",
        "lithology": "ultramafic_simulated",
        "slope_deg": 13.2,
        "distance_to_river_m": 810,
        "distance_to_road_m": 2966,
        "legal_status": "allowed",
        "distance_to_smelter_km": 66.7,
        "area_ha": 0.79,
        "region_id": "NE"
      },
      "geometry": {
        "type": "Polygon",
        "coordinates": [
          [
            [
              129.944,
              -0.014
            ],
            [
              129.952,
              -0.014
            ],
            [
              129.952,
              -0.006
            ],
            [
              129.944,
              -0.006
            ],
            [
              129.944,
              -0.014
            ]
          ]
        ]
      }
    },
    {
      "type": "Feature",
      "properties": {
        "grid_id": "GAG360",
        "site": "gag_island",
        "location_label": "Gag Island - Papua Barat Daya nickel laterite",
        "lithology": "mafic_volcanic_simulated",
        "slope_deg": 11.7,
        "distance_to_river_m": 1139,
        "distance_to_road_m": 3258,
        "legal_status": "allowed",
        "distance_to_smelter_km": 70.5,
        "area_ha": 0.79,
        "region_id": "NE"
      },
      "geometry": {
        "type": "Polygon",
        "coordinates": [
          [
            [
              129.952,
              -0.014
            ],
            [
              129.96,
              -0.014
            ],
            [
              129.96,
              -0.006
            ],
            [
              129.952,
              -0.006
            ],
            [
              129.952,
              -0.014
            ]
          ]
        ]
      }
    },
    {
      "type": "Feature",
      "properties": {
        "grid_id": "GAG361",
        "site": "gag_island",
        "location_label": "Gag Island - Papua Barat Daya nickel laterite",
        "lithology": "peridotite_simulated",
        "slope_deg": 6.1,
        "distance_to_river_m": 537,
        "distance_to_road_m": 3394,
        "legal_status": "allowed",
        "distance_to_smelter_km": 73.7,
        "area_ha": 0.79,
        "region_id": "NW"
      },
      "geometry": {
        "type": "Polygon",
        "coordinates": [
          [
            [
              129.8,
              -0.006
            ],
            [
              129.808,
              -0.006
            ],
            [
              129.808,
              0.002
            ],
            [
              129.8,
              0.002
            ],
            [
              129.8,
              -0.006
            ]
          ]
        ]
      }
    },
    {
      "type": "Feature",
      "properties": {
        "grid_id": "GAG362",
        "site": "gag_island",
        "location_label": "Gag Island - Papua Barat Daya nickel laterite",
        "lithology": "ultramafic_simulated",
        "slope_deg": 9.6,
        "distance_to_river_m": 1110,
        "distance_to_road_m": 2318,
        "legal_status": "allowed",
        "distance_to_smelter_km": 70.1,
        "area_ha": 0.79,
        "region_id": "NW"
      },
      "geometry": {
        "type": "Polygon",
        "coordinates": [
          [
            [
              129.808,
              -0.006
            ],
            [
              129.816,
              -0.006
            ],
            [
              129.816,
              0.002
            ],
            [
              129.808,
              0.002
            ],
            [
              129.808,
              -0.006
            ]
          ]
        ]
      }
    },
    {
      "type": "Feature",
      "properties": {
        "grid_id": "GAG363",
        "site": "gag_island",
        "location_label": "Gag Island - Papua Barat Daya nickel laterite",
        "lithology": "peridotite_simulated",
        "slope_deg": 12.8,
        "distance_to_river_m": 484,
        "distance_to_road_m": 2212,
        "legal_status": "allowed",
        "distance_to_smelter_km": 66.7,
        "area_ha": 0.79,
        "region_id": "NW"
      },
      "geometry": {
        "type": "Polygon",
        "coordinates": [
          [
            [
              129.816,
              -0.006
            ],
            [
              129.824,
              -0.006
            ],
            [
              129.824,
              0.002
            ],
            [
              129.816,
              0.002
            ],
            [
              129.816,
              -0.006
            ]
          ]
        ]
      }
    },
    {
      "type": "Feature",
      "properties": {
        "grid_id": "GAG364",
        "site": "gag_island",
        "location_label": "Gag Island - Papua Barat Daya nickel laterite",
        "lithology": "alluvium",
        "slope_deg": 9.2,
        "distance_to_river_m": 544,
        "distance_to_road_m": 310,
        "legal_status": "conditional",
        "distance_to_smelter_km": 63.5,
        "area_ha": 0.79,
        "region_id": "NW"
      },
      "geometry": {
        "type": "Polygon",
        "coordinates": [
          [
            [
              129.824,
              -0.006
            ],
            [
              129.832,
              -0.006
            ],
            [
              129.832,
              0.002
            ],
            [
              129.824,
              0.002
            ],
            [
              129.824,
              -0.006
            ]
          ]
        ]
      }
    },
    {
      "type": "Feature",
      "properties": {
        "grid_id": "GAG365",
        "site": "gag_island",
        "location_label": "Gag Island - Papua Barat Daya nickel laterite",
        "lithology": "serpentinite_simulated",
        "slope_deg": 12.9,
        "distance_to_river_m": 1035,
        "distance_to_road_m": 3013,
        "legal_status": "allowed",
        "distance_to_smelter_km": 60.6,
        "area_ha": 0.79,
        "region_id": "NW"
      },
      "geometry": {
        "type": "Polygon",
        "coordinates": [
          [
            [
              129.832,
              -0.006
            ],
            [
              129.84,
              -0.006
            ],
            [
              129.84,
              0.002
            ],
            [
              129.832,
              0.002
            ],
            [
              129.832,
              -0.006
            ]
          ]
        ]
      }
    },
    {
      "type": "Feature",
      "properties": {
        "grid_id": "GAG366",
        "site": "gag_island",
        "location_label": "Gag Island - Papua Barat Daya nickel laterite",
        "lithology": "ultramafic_simulated",
        "slope_deg": 15.4,
        "distance_to_river_m": 579,
        "distance_to_road_m": 3161,
        "legal_status": "allowed",
        "distance_to_smelter_km": 58.1,
        "area_ha": 0.79,
        "region_id": "NW"
      },
      "geometry": {
        "type": "Polygon",
        "coordinates": [
          [
            [
              129.84,
              -0.006
            ],
            [
              129.848,
              -0.006
            ],
            [
              129.848,
              0.002
            ],
            [
              129.84,
              0.002
            ],
            [
              129.84,
              -0.006
            ]
          ]
        ]
      }
    },
    {
      "type": "Feature",
      "properties": {
        "grid_id": "GAG367",
        "site": "gag_island",
        "location_label": "Gag Island - Papua Barat Daya nickel laterite",
        "lithology": "serpentinite_simulated",
        "slope_deg": 7.7,
        "distance_to_river_m": 826,
        "distance_to_road_m": 1099,
        "legal_status": "allowed",
        "distance_to_smelter_km": 56.0,
        "area_ha": 0.79,
        "region_id": "NW"
      },
      "geometry": {
        "type": "Polygon",
        "coordinates": [
          [
            [
              129.848,
              -0.006
            ],
            [
              129.856,
              -0.006
            ],
            [
              129.856,
              0.002
            ],
            [
              129.848,
              0.002
            ],
            [
              129.848,
              -0.006
            ]
          ]
        ]
      }
    },
    {
      "type": "Feature",
      "properties": {
        "grid_id": "GAG368",
        "site": "gag_island",
        "location_label": "Gag Island - Papua Barat Daya nickel laterite",
        "lithology": "ultramafic_simulated",
        "slope_deg": 8.4,
        "distance_to_river_m": 313,
        "distance_to_road_m": 1675,
        "legal_status": "conditional",
        "distance_to_smelter_km": 54.3,
        "area_ha": 0.79,
        "region_id": "NW"
      },
      "geometry": {
        "type": "Polygon",
        "coordinates": [
          [
            [
              129.856,
              -0.006
            ],
            [
              129.864,
              -0.006
            ],
            [
              129.864,
              0.002
            ],
            [
              129.856,
              0.002
            ],
            [
              129.856,
              -0.006
            ]
          ]
        ]
      }
    },
    {
      "type": "Feature",
      "properties": {
        "grid_id": "GAG369",
        "site": "gag_island",
        "location_label": "Gag Island - Papua Barat Daya nickel laterite",
        "lithology": "ultramafic_simulated",
        "slope_deg": 14.2,
        "distance_to_river_m": 1068,
        "distance_to_road_m": 3033,
        "legal_status": "allowed",
        "distance_to_smelter_km": 53.2,
        "area_ha": 0.79,
        "region_id": "NW"
      },
      "geometry": {
        "type": "Polygon",
        "coordinates": [
          [
            [
              129.864,
              -0.006
            ],
            [
              129.872,
              -0.006
            ],
            [
              129.872,
              0.002
            ],
            [
              129.864,
              0.002
            ],
            [
              129.864,
              -0.006
            ]
          ]
        ]
      }
    },
    {
      "type": "Feature",
      "properties": {
        "grid_id": "GAG370",
        "site": "gag_island",
        "location_label": "Gag Island - Papua Barat Daya nickel laterite",
        "lithology": "alluvium",
        "slope_deg": 9.1,
        "distance_to_river_m": 1097,
        "distance_to_road_m": 3243,
        "legal_status": "allowed",
        "distance_to_smelter_km": 52.6,
        "area_ha": 0.79,
        "region_id": "NW"
      },
      "geometry": {
        "type": "Polygon",
        "coordinates": [
          [
            [
              129.872,
              -0.006
            ],
            [
              129.88,
              -0.006
            ],
            [
              129.88,
              0.002
            ],
            [
              129.872,
              0.002
            ],
            [
              129.872,
              -0.006
            ]
          ]
        ]
      }
    },
    {
      "type": "Feature",
      "properties": {
        "grid_id": "GAG371",
        "site": "gag_island",
        "location_label": "Gag Island - Papua Barat Daya nickel laterite",
        "lithology": "serpentinite_simulated",
        "slope_deg": 12.0,
        "distance_to_river_m": 374,
        "distance_to_road_m": 2131,
        "legal_status": "conditional",
        "distance_to_smelter_km": 52.6,
        "area_ha": 0.79,
        "region_id": "NE"
      },
      "geometry": {
        "type": "Polygon",
        "coordinates": [
          [
            [
              129.88,
              -0.006
            ],
            [
              129.888,
              -0.006
            ],
            [
              129.888,
              0.002
            ],
            [
              129.88,
              0.002
            ],
            [
              129.88,
              -0.006
            ]
          ]
        ]
      }
    },
    {
      "type": "Feature",
      "properties": {
        "grid_id": "GAG372",
        "site": "gag_island",
        "location_label": "Gag Island - Papua Barat Daya nickel laterite",
        "lithology": "serpentinite_simulated",
        "slope_deg": 9.9,
        "distance_to_river_m": 141,
        "distance_to_road_m": 1768,
        "legal_status": "no-go",
        "distance_to_smelter_km": 53.2,
        "area_ha": 0.79,
        "region_id": "NE"
      },
      "geometry": {
        "type": "Polygon",
        "coordinates": [
          [
            [
              129.888,
              -0.006
            ],
            [
              129.896,
              -0.006
            ],
            [
              129.896,
              0.002
            ],
            [
              129.888,
              0.002
            ],
            [
              129.888,
              -0.006
            ]
          ]
        ]
      }
    },
    {
      "type": "Feature",
      "properties": {
        "grid_id": "GAG373",
        "site": "gag_island",
        "location_label": "Gag Island - Papua Barat Daya nickel laterite",
        "lithology": "peridotite_simulated",
        "slope_deg": 5.8,
        "distance_to_river_m": 1161,
        "distance_to_road_m": 2949,
        "legal_status": "conditional",
        "distance_to_smelter_km": 54.3,
        "area_ha": 0.79,
        "region_id": "NE"
      },
      "geometry": {
        "type": "Polygon",
        "coordinates": [
          [
            [
              129.896,
              -0.006
            ],
            [
              129.904,
              -0.006
            ],
            [
              129.904,
              0.002
            ],
            [
              129.896,
              0.002
            ],
            [
              129.896,
              -0.006
            ]
          ]
        ]
      }
    },
    {
      "type": "Feature",
      "properties": {
        "grid_id": "GAG374",
        "site": "gag_island",
        "location_label": "Gag Island - Papua Barat Daya nickel laterite",
        "lithology": "peridotite_simulated",
        "slope_deg": 9.4,
        "distance_to_river_m": 870,
        "distance_to_road_m": 2005,
        "legal_status": "conditional",
        "distance_to_smelter_km": 56.0,
        "area_ha": 0.79,
        "region_id": "NE"
      },
      "geometry": {
        "type": "Polygon",
        "coordinates": [
          [
            [
              129.904,
              -0.006
            ],
            [
              129.912,
              -0.006
            ],
            [
              129.912,
              0.002
            ],
            [
              129.904,
              0.002
            ],
            [
              129.904,
              -0.006
            ]
          ]
        ]
      }
    },
    {
      "type": "Feature",
      "properties": {
        "grid_id": "GAG375",
        "site": "gag_island",
        "location_label": "Gag Island - Papua Barat Daya nickel laterite",
        "lithology": "peridotite_simulated",
        "slope_deg": 13.1,
        "distance_to_river_m": 253,
        "distance_to_road_m": 2587,
        "legal_status": "no-go",
        "distance_to_smelter_km": 58.1,
        "area_ha": 0.79,
        "region_id": "NE"
      },
      "geometry": {
        "type": "Polygon",
        "coordinates": [
          [
            [
              129.912,
              -0.006
            ],
            [
              129.92,
              -0.006
            ],
            [
              129.92,
              0.002
            ],
            [
              129.912,
              0.002
            ],
            [
              129.912,
              -0.006
            ]
          ]
        ]
      }
    },
    {
      "type": "Feature",
      "properties": {
        "grid_id": "GAG376",
        "site": "gag_island",
        "location_label": "Gag Island - Papua Barat Daya nickel laterite",
        "lithology": "peridotite_simulated",
        "slope_deg": 13.5,
        "distance_to_river_m": 796,
        "distance_to_road_m": 1361,
        "legal_status": "allowed",
        "distance_to_smelter_km": 60.6,
        "area_ha": 0.79,
        "region_id": "NE"
      },
      "geometry": {
        "type": "Polygon",
        "coordinates": [
          [
            [
              129.92,
              -0.006
            ],
            [
              129.928,
              -0.006
            ],
            [
              129.928,
              0.002
            ],
            [
              129.92,
              0.002
            ],
            [
              129.92,
              -0.006
            ]
          ]
        ]
      }
    },
    {
      "type": "Feature",
      "properties": {
        "grid_id": "GAG377",
        "site": "gag_island",
        "location_label": "Gag Island - Papua Barat Daya nickel laterite",
        "lithology": "alluvium",
        "slope_deg": 13.9,
        "distance_to_river_m": 1157,
        "distance_to_road_m": 469,
        "legal_status": "conditional",
        "distance_to_smelter_km": 63.5,
        "area_ha": 0.79,
        "region_id": "NE"
      },
      "geometry": {
        "type": "Polygon",
        "coordinates": [
          [
            [
              129.928,
              -0.006
            ],
            [
              129.936,
              -0.006
            ],
            [
              129.936,
              0.002
            ],
            [
              129.928,
              0.002
            ],
            [
              129.928,
              -0.006
            ]
          ]
        ]
      }
    },
    {
      "type": "Feature",
      "properties": {
        "grid_id": "GAG378",
        "site": "gag_island",
        "location_label": "Gag Island - Papua Barat Daya nickel laterite",
        "lithology": "peridotite_simulated",
        "slope_deg": 17.4,
        "distance_to_river_m": 431,
        "distance_to_road_m": 2406,
        "legal_status": "allowed",
        "distance_to_smelter_km": 66.7,
        "area_ha": 0.79,
        "region_id": "NE"
      },
      "geometry": {
        "type": "Polygon",
        "coordinates": [
          [
            [
              129.936,
              -0.006
            ],
            [
              129.944,
              -0.006
            ],
            [
              129.944,
              0.002
            ],
            [
              129.936,
              0.002
            ],
            [
              129.936,
              -0.006
            ]
          ]
        ]
      }
    },
    {
      "type": "Feature",
      "properties": {
        "grid_id": "GAG379",
        "site": "gag_island",
        "location_label": "Gag Island - Papua Barat Daya nickel laterite",
        "lithology": "mafic_volcanic_simulated",
        "slope_deg": 8.5,
        "distance_to_river_m": 874,
        "distance_to_road_m": 2387,
        "legal_status": "conditional",
        "distance_to_smelter_km": 70.1,
        "area_ha": 0.79,
        "region_id": "NE"
      },
      "geometry": {
        "type": "Polygon",
        "coordinates": [
          [
            [
              129.944,
              -0.006
            ],
            [
              129.952,
              -0.006
            ],
            [
              129.952,
              0.002
            ],
            [
              129.944,
              0.002
            ],
            [
              129.944,
              -0.006
            ]
          ]
        ]
      }
    },
    {
      "type": "Feature",
      "properties": {
        "grid_id": "GAG380",
        "site": "gag_island",
        "location_label": "Gag Island - Papua Barat Daya nickel laterite",
        "lithology": "serpentinite_simulated",
        "slope_deg": 12.7,
        "distance_to_river_m": 305,
        "distance_to_road_m": 1990,
        "legal_status": "allowed",
        "distance_to_smelter_km": 73.7,
        "area_ha": 0.79,
        "region_id": "NE"
      },
      "geometry": {
        "type": "Polygon",
        "coordinates": [
          [
            [
              129.952,
              -0.006
            ],
            [
              129.96,
              -0.006
            ],
            [
              129.96,
              0.002
            ],
            [
              129.952,
              0.002
            ],
            [
              129.952,
              -0.006
            ]
          ]
        ]
      }
    },
    {
      "type": "Feature",
      "properties": {
        "grid_id": "GAG381",
        "site": "gag_island",
        "location_label": "Gag Island - Papua Barat Daya nickel laterite",
        "lithology": "peridotite_simulated",
        "slope_deg": 14.2,
        "distance_to_river_m": 502,
        "distance_to_road_m": 2610,
        "legal_status": "allowed",
        "distance_to_smelter_km": 77.2,
        "area_ha": 0.79,
        "region_id": "NW"
      },
      "geometry": {
        "type": "Polygon",
        "coordinates": [
          [
            [
              129.8,
              0.002
            ],
            [
              129.808,
              0.002
            ],
            [
              129.808,
              0.01
            ],
            [
              129.8,
              0.01
            ],
            [
              129.8,
              0.002
            ]
          ]
        ]
      }
    },
    {
      "type": "Feature",
      "properties": {
        "grid_id": "GAG382",
        "site": "gag_island",
        "location_label": "Gag Island - Papua Barat Daya nickel laterite",
        "lithology": "serpentinite_simulated",
        "slope_deg": 7.2,
        "distance_to_river_m": 402,
        "distance_to_road_m": 1170,
        "legal_status": "no-go",
        "distance_to_smelter_km": 73.7,
        "area_ha": 0.79,
        "region_id": "NW"
      },
      "geometry": {
        "type": "Polygon",
        "coordinates": [
          [
            [
              129.808,
              0.002
            ],
            [
              129.816,
              0.002
            ],
            [
              129.816,
              0.01
            ],
            [
              129.808,
              0.01
            ],
            [
              129.808,
              0.002
            ]
          ]
        ]
      }
    },
    {
      "type": "Feature",
      "properties": {
        "grid_id": "GAG383",
        "site": "gag_island",
        "location_label": "Gag Island - Papua Barat Daya nickel laterite",
        "lithology": "mafic_volcanic_simulated",
        "slope_deg": 11.7,
        "distance_to_river_m": 295,
        "distance_to_road_m": 1379,
        "legal_status": "allowed",
        "distance_to_smelter_km": 70.5,
        "area_ha": 0.79,
        "region_id": "NW"
      },
      "geometry": {
        "type": "Polygon",
        "coordinates": [
          [
            [
              129.816,
              0.002
            ],
            [
              129.824,
              0.002
            ],
            [
              129.824,
              0.01
            ],
            [
              129.816,
              0.01
            ],
            [
              129.816,
              0.002
            ]
          ]
        ]
      }
    },
    {
      "type": "Feature",
      "properties": {
        "grid_id": "GAG384",
        "site": "gag_island",
        "location_label": "Gag Island - Papua Barat Daya nickel laterite",
        "lithology": "peridotite_simulated",
        "slope_deg": 16.2,
        "distance_to_river_m": 206,
        "distance_to_road_m": 1688,
        "legal_status": "conditional",
        "distance_to_smelter_km": 67.6,
        "area_ha": 0.79,
        "region_id": "NW"
      },
      "geometry": {
        "type": "Polygon",
        "coordinates": [
          [
            [
              129.824,
              0.002
            ],
            [
              129.832,
              0.002
            ],
            [
              129.832,
              0.01
            ],
            [
              129.824,
              0.01
            ],
            [
              129.824,
              0.002
            ]
          ]
        ]
      }
    },
    {
      "type": "Feature",
      "properties": {
        "grid_id": "GAG385",
        "site": "gag_island",
        "location_label": "Gag Island - Papua Barat Daya nickel laterite",
        "lithology": "peridotite_simulated",
        "slope_deg": 6.7,
        "distance_to_river_m": 531,
        "distance_to_road_m": 537,
        "legal_status": "allowed",
        "distance_to_smelter_km": 64.9,
        "area_ha": 0.79,
        "region_id": "NW"
      },
      "geometry": {
        "type": "Polygon",
        "coordinates": [
          [
            [
              129.832,
              0.002
            ],
            [
              129.84,
              0.002
            ],
            [
              129.84,
              0.01
            ],
            [
              129.832,
              0.01
            ],
            [
              129.832,
              0.002
            ]
          ]
        ]
      }
    },
    {
      "type": "Feature",
      "properties": {
        "grid_id": "GAG386",
        "site": "gag_island",
        "location_label": "Gag Island - Papua Barat Daya nickel laterite",
        "lithology": "ultramafic_simulated",
        "slope_deg": 5.8,
        "distance_to_river_m": 1177,
        "distance_to_road_m": 332,
        "legal_status": "allowed",
        "distance_to_smelter_km": 62.6,
        "area_ha": 0.79,
        "region_id": "NW"
      },
      "geometry": {
        "type": "Polygon",
        "coordinates": [
          [
            [
              129.84,
              0.002
            ],
            [
              129.848,
              0.002
            ],
            [
              129.848,
              0.01
            ],
            [
              129.84,
              0.01
            ],
            [
              129.84,
              0.002
            ]
          ]
        ]
      }
    },
    {
      "type": "Feature",
      "properties": {
        "grid_id": "GAG387",
        "site": "gag_island",
        "location_label": "Gag Island - Papua Barat Daya nickel laterite",
        "lithology": "mafic_volcanic_simulated",
        "slope_deg": 10.4,
        "distance_to_river_m": 825,
        "distance_to_road_m": 2274,
        "legal_status": "no-go",
        "distance_to_smelter_km": 60.6,
        "area_ha": 0.79,
        "region_id": "NW"
      },
      "geometry": {
        "type": "Polygon",
        "coordinates": [
          [
            [
              129.848,
              0.002
            ],
            [
              129.856,
              0.002
            ],
            [
              129.856,
              0.01
            ],
            [
              129.848,
              0.01
            ],
            [
              129.848,
              0.002
            ]
          ]
        ]
      }
    },
    {
      "type": "Feature",
      "properties": {
        "grid_id": "GAG388",
        "site": "gag_island",
        "location_label": "Gag Island - Papua Barat Daya nickel laterite",
        "lithology": "serpentinite_simulated",
        "slope_deg": 5.3,
        "distance_to_river_m": 602,
        "distance_to_road_m": 398,
        "legal_status": "allowed",
        "distance_to_smelter_km": 59.1,
        "area_ha": 0.79,
        "region_id": "NW"
      },
      "geometry": {
        "type": "Polygon",
        "coordinates": [
          [
            [
              129.856,
              0.002
            ],
            [
              129.864,
              0.002
            ],
            [
              129.864,
              0.01
            ],
            [
              129.856,
              0.01
            ],
            [
              129.856,
              0.002
            ]
          ]
        ]
      }
    },
    {
      "type": "Feature",
      "properties": {
        "grid_id": "GAG389",
        "site": "gag_island",
        "location_label": "Gag Island - Papua Barat Daya nickel laterite",
        "lithology": "ultramafic_simulated",
        "slope_deg": 10.5,
        "distance_to_river_m": 533,
        "distance_to_road_m": 1251,
        "legal_status": "no-go",
        "distance_to_smelter_km": 58.1,
        "area_ha": 0.79,
        "region_id": "NW"
      },
      "geometry": {
        "type": "Polygon",
        "coordinates": [
          [
            [
              129.864,
              0.002
            ],
            [
              129.872,
              0.002
            ],
            [
              129.872,
              0.01
            ],
            [
              129.864,
              0.01
            ],
            [
              129.864,
              0.002
            ]
          ]
        ]
      }
    },
    {
      "type": "Feature",
      "properties": {
        "grid_id": "GAG390",
        "site": "gag_island",
        "location_label": "Gag Island - Papua Barat Daya nickel laterite",
        "lithology": "peridotite_simulated",
        "slope_deg": 8.5,
        "distance_to_river_m": 95,
        "distance_to_road_m": 2529,
        "legal_status": "allowed",
        "distance_to_smelter_km": 57.6,
        "area_ha": 0.79,
        "region_id": "NW"
      },
      "geometry": {
        "type": "Polygon",
        "coordinates": [
          [
            [
              129.872,
              0.002
            ],
            [
              129.88,
              0.002
            ],
            [
              129.88,
              0.01
            ],
            [
              129.872,
              0.01
            ],
            [
              129.872,
              0.002
            ]
          ]
        ]
      }
    },
    {
      "type": "Feature",
      "properties": {
        "grid_id": "GAG391",
        "site": "gag_island",
        "location_label": "Gag Island - Papua Barat Daya nickel laterite",
        "lithology": "ultramafic_simulated",
        "slope_deg": 8.2,
        "distance_to_river_m": 442,
        "distance_to_road_m": 2900,
        "legal_status": "allowed",
        "distance_to_smelter_km": 57.6,
        "area_ha": 0.79,
        "region_id": "NE"
      },
      "geometry": {
        "type": "Polygon",
        "coordinates": [
          [
            [
              129.88,
              0.002
            ],
            [
              129.888,
              0.002
            ],
            [
              129.888,
              0.01
            ],
            [
              129.88,
              0.01
            ],
            [
              129.88,
              0.002
            ]
          ]
        ]
      }
    },
    {
      "type": "Feature",
      "properties": {
        "grid_id": "GAG392",
        "site": "gag_island",
        "location_label": "Gag Island - Papua Barat Daya nickel laterite",
        "lithology": "alluvium",
        "slope_deg": 13.4,
        "distance_to_river_m": 923,
        "distance_to_road_m": 2287,
        "legal_status": "conditional",
        "distance_to_smelter_km": 58.1,
        "area_ha": 0.79,
        "region_id": "NE"
      },
      "geometry": {
        "type": "Polygon",
        "coordinates": [
          [
            [
              129.888,
              0.002
            ],
            [
              129.896,
              0.002
            ],
            [
              129.896,
              0.01
            ],
            [
              129.888,
              0.01
            ],
            [
              129.888,
              0.002
            ]
          ]
        ]
      }
    },
    {
      "type": "Feature",
      "properties": {
        "grid_id": "GAG393",
        "site": "gag_island",
        "location_label": "Gag Island - Papua Barat Daya nickel laterite",
        "lithology": "serpentinite_simulated",
        "slope_deg": 13.1,
        "distance_to_river_m": 329,
        "distance_to_road_m": 3060,
        "legal_status": "allowed",
        "distance_to_smelter_km": 59.1,
        "area_ha": 0.79,
        "region_id": "NE"
      },
      "geometry": {
        "type": "Polygon",
        "coordinates": [
          [
            [
              129.896,
              0.002
            ],
            [
              129.904,
              0.002
            ],
            [
              129.904,
              0.01
            ],
            [
              129.896,
              0.01
            ],
            [
              129.896,
              0.002
            ]
          ]
        ]
      }
    },
    {
      "type": "Feature",
      "properties": {
        "grid_id": "GAG394",
        "site": "gag_island",
        "location_label": "Gag Island - Papua Barat Daya nickel laterite",
        "lithology": "mafic_volcanic_simulated",
        "slope_deg": 15.9,
        "distance_to_river_m": 410,
        "distance_to_road_m": 353,
        "legal_status": "no-go",
        "distance_to_smelter_km": 60.6,
        "area_ha": 0.79,
        "region_id": "NE"
      },
      "geometry": {
        "type": "Polygon",
        "coordinates": [
          [
            [
              129.904,
              0.002
            ],
            [
              129.912,
              0.002
            ],
            [
              129.912,
              0.01
            ],
            [
              129.904,
              0.01
            ],
            [
              129.904,
              0.002
            ]
          ]
        ]
      }
    },
    {
      "type": "Feature",
      "properties": {
        "grid_id": "GAG395",
        "site": "gag_island",
        "location_label": "Gag Island - Papua Barat Daya nickel laterite",
        "lithology": "serpentinite_simulated",
        "slope_deg": 16.5,
        "distance_to_river_m": 536,
        "distance_to_road_m": 3117,
        "legal_status": "allowed",
        "distance_to_smelter_km": 62.6,
        "area_ha": 0.79,
        "region_id": "NE"
      },
      "geometry": {
        "type": "Polygon",
        "coordinates": [
          [
            [
              129.912,
              0.002
            ],
            [
              129.92,
              0.002
            ],
            [
              129.92,
              0.01
            ],
            [
              129.912,
              0.01
            ],
            [
              129.912,
              0.002
            ]
          ]
        ]
      }
    },
    {
      "type": "Feature",
      "properties": {
        "grid_id": "GAG396",
        "site": "gag_island",
        "location_label": "Gag Island - Papua Barat Daya nickel laterite",
        "lithology": "ultramafic_simulated",
        "slope_deg": 11.5,
        "distance_to_river_m": 425,
        "distance_to_road_m": 3146,
        "legal_status": "allowed",
        "distance_to_smelter_km": 64.9,
        "area_ha": 0.79,
        "region_id": "NE"
      },
      "geometry": {
        "type": "Polygon",
        "coordinates": [
          [
            [
              129.92,
              0.002
            ],
            [
              129.928,
              0.002
            ],
            [
              129.928,
              0.01
            ],
            [
              129.92,
              0.01
            ],
            [
              129.92,
              0.002
            ]
          ]
        ]
      }
    },
    {
      "type": "Feature",
      "properties": {
        "grid_id": "GAG397",
        "site": "gag_island",
        "location_label": "Gag Island - Papua Barat Daya nickel laterite",
        "lithology": "peridotite_simulated",
        "slope_deg": 16.2,
        "distance_to_river_m": 737,
        "distance_to_road_m": 877,
        "legal_status": "no-go",
        "distance_to_smelter_km": 67.6,
        "area_ha": 0.79,
        "region_id": "NE"
      },
      "geometry": {
        "type": "Polygon",
        "coordinates": [
          [
            [
              129.928,
              0.002
            ],
            [
              129.936,
              0.002
            ],
            [
              129.936,
              0.01
            ],
            [
              129.928,
              0.01
            ],
            [
              129.928,
              0.002
            ]
          ]
        ]
      }
    },
    {
      "type": "Feature",
      "properties": {
        "grid_id": "GAG398",
        "site": "gag_island",
        "location_label": "Gag Island - Papua Barat Daya nickel laterite",
        "lithology": "serpentinite_simulated",
        "slope_deg": 10.1,
        "distance_to_river_m": 1132,
        "distance_to_road_m": 3199,
        "legal_status": "conditional",
        "distance_to_smelter_km": 70.5,
        "area_ha": 0.79,
        "region_id": "NE"
      },
      "geometry": {
        "type": "Polygon",
        "coordinates": [
          [
            [
              129.936,
              0.002
            ],
            [
              129.944,
              0.002
            ],
            [
              129.944,
              0.01
            ],
            [
              129.936,
              0.01
            ],
            [
              129.936,
              0.002
            ]
          ]
        ]
      }
    },
    {
      "type": "Feature",
      "properties": {
        "grid_id": "GAG399",
        "site": "gag_island",
        "location_label": "Gag Island - Papua Barat Daya nickel laterite",
        "lithology": "ultramafic_simulated",
        "slope_deg": 12.6,
        "distance_to_river_m": 555,
        "distance_to_road_m": 2548,
        "legal_status": "allowed",
        "distance_to_smelter_km": 73.7,
        "area_ha": 0.79,
        "region_id": "NE"
      },
      "geometry": {
        "type": "Polygon",
        "coordinates": [
          [
            [
              129.944,
              0.002
            ],
            [
              129.952,
              0.002
            ],
            [
              129.952,
              0.01
            ],
            [
              129.944,
              0.01
            ],
            [
              129.944,
              0.002
            ]
          ]
        ]
      }
    },
    {
      "type": "Feature",
      "properties": {
        "grid_id": "GAG400",
        "site": "gag_island",
        "location_label": "Gag Island - Papua Barat Daya nickel laterite",
        "lithology": "serpentinite_simulated",
        "slope_deg": 8.2,
        "distance_to_river_m": 1031,
        "distance_to_road_m": 2264,
        "legal_status": "allowed",
        "distance_to_smelter_km": 77.2,
        "area_ha": 0.79,
        "region_id": "NE"
      },
      "geometry": {
        "type": "Polygon",
        "coordinates": [
          [
            [
              129.952,
              0.002
            ],
            [
              129.96,
              0.002
            ],
            [
              129.96,
              0.01
            ],
            [
              129.952,
              0.01
            ],
            [
              129.952,
              0.002
            ]
          ]
        ]
      }
    }
  ]
}