grid_id,region_id,true_ni_pct,lithology
SOR001,SW,1.47,ultramafic_simulated
SOR002,SW,0.2475,mafic_volcanic_simulated
SOR003,SW,0.6884,serpentinite_simulated
SOR004,SW,0.2899,mafic_volcanic_simulated
SOR005,SW,0.1457,alluvium
SOR006,SW,0.289,mafic_volcanic_simulated
SOR007,SW,0.345,mafic_volcanic_simulated
SOR008,SW,0.7964,serpentinite_simulated
SOR009,SW,1.2649,ultramafic_simulated
SOR010,SW,1.3289,serpentinite_simulated
SOR011,SE,0.2991,mafic_volcanic_simulated
SOR012,SE,1.3964,serpentinite_simulated
SOR013,SE,0.3326,mafic_volcanic_simulated
SOR014,SE,0.4998,peridotite_simulated
SOR015,SE,1.2456,ultramafic_simulated
SOR016,SE,0.5673,serpentinite_simulated
SOR017,SE,0.2554,mafic_volcanic_simulated
SOR018,SE,1.375,ultramafic_simulated
SOR019,SE,0.9412,serpentinite_simulated
SOR020,SE,0.3293,mafic_volcanic_simulated
SOR021,SW,0.9003,peridotite_simulated
SOR022,SW,0.8956,peridotite_simulated
SOR023,SW,0.8818,serpentinite_simulated
SOR024,SW,0.6601,serpentinite_simulated
SOR025,SW,1.0577,serpentinite_simulated
SOR026,SW,0.3095,mafic_volcanic_simulated
SOR027,SW,0.8927,ultramafic_simulated
SOR028,SW,0.3205,mafic_volcanic_simulated
SOR029,SW,1.2506,serpentinite_simulated
SOR030,SW,0.1445,alluvium
SOR031,SE,0.5102,peridotite_simulated
SOR032,SE,1.228,peridotite_simulated
SOR033,SE,1.3431,serpentinite_simulated
SOR034,SE,0.832,serpentinite_simulated
SOR035,SE,1.4843,peridotite_simulated
SOR036,SE,1.3032,peridotite_simulated
SOR037,SE,1.3445,serpentinite_simulated
SOR038,SE,0.7707,serpentinite_simulated
SOR039,SE,0.9893,serpentinite_simulated
SOR040,SE,0.3513,mafic_volcanic_simulated
SOR041,SW,0.5005,ultramafic_simulated
SOR042,SW,1.2673,serpentinite_simulated
SOR043,SW,0.9417,peridotite_simulated
SOR044,SW,1.6785,serpentinite_simulated
SOR045,SW,1.9327,peridotite_simulated
SOR046,SW,0.3969,mafic_volcanic_simulated
SOR047,SW,1.0298,serpentinite_simulated
SOR048,SW,1.6519,serpentinite_simulated
SOR049,SW,0.3676,ultramafic_simulated
SOR050,SW,0.4667,peridotite_simulated
SOR051,SE,0.1549,alluvium
SOR052,SE,1.4464,serpentinite_simulated
SOR053,SE,1.206,peridotite_simulated
SOR054,SE,1.2028,ultramafic_simulated
SOR055,SE,0.9631,serpentinite_simulated
SOR056,SE,2.1551,peridotite_simulated
SOR057,SE,1.0347,serpentinite_simulated
SOR058,SE,0.7879,ultramafic_simulated
SOR059,SE,1.0689,ultramafic_simulated
SOR060,SE,0.2582,mafic_volcanic_simulated
SOR061,SW,0.219,mafic_volcanic_simulated
SOR062,SW,2.1358,peridotite_simulated
SOR063,SW,1.1754,serpentinite_simulated
SOR064,SW,4.3973,serpentinite_simulated
SOR065,SW,0.4321,mafic_volcanic_simulated
SOR066,SW,0.27,mafic_volcanic_simulated
SOR067,SW,0.6984,ultramafic_simulated
SOR068,SW,0.699,serpentinite_simulated
SOR069,SW,1.0002,ultramafic_simulated
SOR070,SW,0.7639,peridotite_simulated
SOR071,SE,0.3754,mafic_volcanic_simulated
SOR072,SE,0.9093,serpentinite_simulated
SOR073,SE,1.2372,peridotite_simulated
SOR074,SE,0.7026,peridotite_simulated
SOR075,SE,1.6484,serpentinite_simulated
SOR076,SE,1.6155,ultramafic_simulated
SOR077,SE,0.4546,ultramafic_simulated
SOR078,SE,0.5772,peridotite_simulated
SOR079,SE,0.6347,ultramafic_simulated
SOR080,SE,0.1351,alluvium
SOR081,SW,1.5185,serpentinite_simulated
SOR082,SW,1.7656,peridotite_simulated
SOR083,SW,0.4325,ultramafic_simulated
SOR084,SW,0.3684,peridotite_simulated
SOR085,SW,0.334,mafic_volcanic_simulated
SOR086,SW,0.425,peridotite_simulated
SOR087,SW,1.257,serpentinite_simulated
SOR088,SW,0.7701,ultramafic_simulated
SOR089,SW,1.1598,ultramafic_simulated
SOR090,SW,0.9275,ultramafic_simulated
SOR091,SE,1.0257,serpentinite_simulated
SOR092,SE,1.0104,peridotite_simulated
SOR093,SE,1.3663,serpentinite_simulated
SOR094,SE,0.1633,alluvium
SOR095,SE,0.4714,mafic_volcanic_simulated
SOR096,SE,0.3554,mafic_volcanic_simulated
SOR097,SE,0.1434,alluvium
SOR098,SE,1.2991,peridotite_simulated
SOR099,SE,1.0957,ultramafic_simulated
SOR100,SE,1.2355,serpentinite_simulated
SOR101,SW,1.9337,serpentinite_simulated
SOR102,SW,2.9483,ultramafic_simulated
SOR103,SW,0.407,mafic_volcanic_simulated
SOR104,SW,2.2687,serpentinite_simulated
SOR105,SW,0.9596,peridotite_simulated
SOR106,SW,1.5357,serpentinite_simulated
SOR107,SW,1.9012,serpentinite_simulated
SOR108,SW,1.0436,peridotite_simulated
SOR109,SW,1.8787,ultramafic_simulated
SOR110,SW,1.0953,peridotite_simulated
SOR111,SE,0.1442,alluvium
SOR112,SE,1.8576,ultramafic_simulated
SOR113,SE,1.3463,peridotite_simulated
SOR114,SE,1.3017,serpentinite_simulated
SOR115,SE,0.2267,mafic_volcanic_simulated
SOR116,SE,0.1635,alluvium
SOR117,SE,0.2201,mafic_volcanic_simulated
SOR118,SE,1.0592,peridotite_simulated
SOR119,SE,0.9945,peridotite_simulated
SOR120,SE,2.0184,serpentinite_simulated
SOR121,SW,0.4445,mafic_volcanic_simulated
SOR122,SW,1.8752,serpentinite_simulated
SOR123,SW,1.2294,peridotite_simulated
SOR124,SW,2.2369,peridotite_simulated
SOR125,SW,0.4927,mafic_volcanic_simulated
SOR126,SW,0.4327,mafic_volcanic_simulated
SOR127,SW,1.1038,serpentinite_simulated
SOR128,SW,2.7838,serpentinite_simulated
SOR129,SW,1.1632,serpentinite_simulated
SOR130,SW,0.9711,serpentinite_simulated
SOR131,SE,1.0572,serpentinite_simulated
SOR132,SE,0.9081,peridotite_simulated
SOR133,SE,1.1606,ultramafic_simulated
SOR134,SE,1.7733,serpentinite_simulated
SOR135,SE,2.7799,ultramafic_simulated
SOR136,SE,1.2893,ultramafic_simulated
SOR137,SE,3.2471,serpentinite_simulated
SOR138,SE,1.6669,peridotite_simulated
SOR139,SE,0.2642,mafic_volcanic_simulated
SOR140,SE,1.5339,serpentinite_simulated
SOR141,SW,0.4145,mafic_volcanic_simulated
SOR142,SW,0.9519,serpentinite_simulated
SOR143,SW,0.7815,serpentinite_simulated
SOR144,SW,1.2953,ultramafic_simulated
SOR145,SW,1.0025,peridotite_simulated
SOR146,SW,0.2152,alluvium
SOR147,SW,1.9638,peridotite_simulated
SOR148,SW,1.5982,ultramafic_simulated
SOR149,SW,1.1803,serpentinite_simulated
SOR150,SW,0.3753,mafic_volcanic_simulated
SOR151,SE,1.1914,serpentinite_simulated
SOR152,SE,2.1042,serpentinite_simulated
SOR153,SE,1.266,ultramafic_simulated
SOR154,SE,0.1687,alluvium
SOR155,SE,0.3105,mafic_volcanic_simulated
SOR156,SE,1.1456,ultramafic_simulated
SOR157,SE,1.6658,ultramafic_simulated
SOR158,SE,0.8407,ultramafic_simulated
SOR159,SE,0.9613,peridotite_simulated
SOR160,SE,0.1459,alluvium
SOR161,SW,0.7706,peridotite_simulated
SOR162,SW,1.1177,ultramafic_simulated
SOR163,SW,0.7553,peridotite_simulated
SOR164,SW,2.0199,peridotite_simulated
SOR165,SW,0.92,ultramafic_simulated
SOR166,SW,2.0908,ultramafic_simulated
SOR167,SW,1.6084,peridotite_simulated
SOR168,SW,2.1035,peridotite_simulated
SOR169,SW,1.8738,serpentinite_simulated
SOR170,SW,1.6635,ultramafic_simulated
SOR171,SE,1.6425,peridotite_simulated
SOR172,SE,1.1236,peridotite_simulated
SOR173,SE,1.065,serpentinite_simulated
SOR174,SE,1.3735,ultramafic_simulated
SOR175,SE,0.6358,ultramafic_simulated
SOR176,SE,1.5277,ultramafic_simulated
SOR177,SE,0.9728,peridotite_simulated
SOR178,SE,1.9118,serpentinite_simulated
SOR179,SE,0.7428,ultramafic_simulated
SOR180,SE,1.4123,ultramafic_simulated
SOR181,SW,1.1046,ultramafic_simulated
SOR182,SW,0.5931,ultramafic_simulated
SOR183,SW,0.9872,serpentinite_simulated
SOR184,SW,2.4459,serpentinite_simulated
SOR185,SW,1.9678,peridotite_simulated
SOR186,SW,0.3248,mafic_volcanic_simulated
SOR187,SW,1.2046,peridotite_simulated
SOR188,SW,1.1797,serpentinite_simulated
SOR189,SW,1.6201,ultramafic_simulated
SOR190,SW,1.0922,ultramafic_simulated
SOR191,SE,1.4355,serpentinite_simulated
SOR192,SE,0.2143,alluvium
SOR193,SE,0.471,mafic_volcanic_simulated
SOR194,SE,2.3898,peridotite_simulated
SOR195,SE,0.8746,serpentinite_simulated
SOR196,SE,1.4519,ultramafic_simulated
SOR197,SE,1.094,peridotite_simulated
SOR198,SE,1.5543,ultramafic_simulated
SOR199,SE,0.3301,mafic_volcanic_simulated
SOR200,SE,1.3266,peridotite_simulated
SOR201,NW,1.6446,serpentinite_simulated
SOR202,NW,0.4529,ultramafic_simulated
SOR203,NW,0.6763,serpentinite_simulated
SOR204,NW,2.1264,serpentinite_simulated
SOR205,NW,0.5823,serpentinite_simulated
SOR206,NW,2.0875,peridotite_simulated
SOR207,NW,1.0676,ultramafic_simulated
SOR208,NW,2.7531,peridotite_simulated
SOR209,NW,1.4445,serpentinite_simulated
SOR210,NW,1.7876,serpentinite_simulated
SOR211,NE,0.2066,alluvium
SOR212,NE,1.2108,ultramafic_simulated
SOR213,NE,1.2758,peridotite_simulated
SOR214,NE,1.1825,ultramafic_simulated
SOR215,NE,3.7241,serpentinite_simulated
SOR216,NE,0.7675,peridotite_simulated
SOR217,NE,0.4498,mafic_volcanic_simulated
SOR218,NE,0.1414,alluvium
SOR219,NE,1.0562,ultramafic_simulated
SOR220,NE,0.997,serpentinite_simulated
SOR221,NW,0.4654,peridotite_simulated
SOR222,NW,0.574,peridotite_simulated
SOR223,NW,0.8949,ultramafic_simulated
SOR224,NW,0.7921,peridotite_simulated
SOR225,NW,0.9822,peridotite_simulated
SOR226,NW,0.9336,ultramafic_simulated
SOR227,NW,1.2881,peridotite_simulated
SOR228,NW,0.5043,mafic_volcanic_simulated
SOR229,NW,3.6715,serpentinite_simulated
SOR230,NW,0.1679,alluvium
SOR231,NE,1.0363,serpentinite_simulated
SOR232,NE,1.5259,peridotite_simulated
SOR233,NE,0.4015,mafic_volcanic_simulated
SOR234,NE,0.8694,serpentinite_simulated
SOR235,NE,0.9194,serpentinite_simulated
SOR236,NE,0.8392,serpentinite_simulated
SOR237,NE,1.1499,peridotite_simulated
SOR238,NE,0.1552,alluvium
SOR239,NE,1.3483,peridotite_simulated
SOR240,NE,0.9719,ultramafic_simulated
SOR241,NW,1.394,serpentinite_simulated
SOR242,NW,0.7144,serpentinite_simulated
SOR243,NW,1.0085,serpentinite_simulated
SOR244,NW,0.8647,serpentinite_simulated
SOR245,NW,0.831,peridotite_simulated
SOR246,NW,1.2452,peridotite_simulated
SOR247,NW,1.2819,serpentinite_simulated
SOR248,NW,1.5496,peridotite_simulated
SOR249,NW,1.1628,peridotite_simulated
SOR250,NW,1.3989,peridotite_simulated
SOR251,NE,2.6617,serpentinite_simulated
SOR252,NE,0.8345,ultramafic_simulated
SOR253,NE,1.2713,peridotite_simulated
SOR254,NE,1.5018,ultramafic_simulated
SOR255,NE,0.6514,serpentinite_simulated
SOR256,NE,2.4681,peridotite_simulated
SOR257,NE,2.5329,ultramafic_simulated
SOR258,NE,1.3856,peridotite_simulated
SOR259,NE,0.2615,mafic_volcanic_simulated
SOR260,NE,1.3828,serpentinite_simulated
SOR261,NW,1.1837,serpentinite_simulated
SOR262,NW,2.3134,serpentinite_simulated
SOR263,NW,0.6858,ultramafic_simulated
SOR264,NW,0.6366,serpentinite_simulated
SOR265,NW,1.0878,serpentinite_simulated
SOR266,NW,0.9135,ultramafic_simulated
SOR267,NW,1.1334,ultramafic_simulated
SOR268,NW,1.5357,peridotite_simulated
SOR269,NW,0.8645,serpentinite_simulated
SOR270,NW,2.0058,ultramafic_simulated
SOR271,NE,0.9293,peridotite_simulated
SOR272,NE,0.4813,mafic_volcanic_simulated
SOR273,NE,0.3692,mafic_volcanic_simulated
SOR274,NE,0.1561,alluvium
SOR275,NE,0.1377,alluvium
SOR276,NE,1.8312,peridotite_simulated
SOR277,NE,1.665,ultramafic_simulated
SOR278,NE,1.0385,serpentinite_simulated
SOR279,NE,0.7258,serpentinite_simulated
SOR280,NE,0.7907,serpentinite_simulated
SOR281,NW,0.8763,peridotite_simulated
SOR282,NW,0.2803,mafic_volcanic_simulated
SOR283,NW,0.9589,ultramafic_simulated
SOR284,NW,0.9097,ultramafic_simulated
SOR285,NW,1.2815,serpentinite_simulated
SOR286,NW,0.8043,serpentinite_simulated
SOR287,NW,1.364,serpentinite_simulated
SOR288,NW,0.9305,serpentinite_simulated
SOR289,NW,0.8884,ultramafic_simulated
SOR290,NW,2.0333,ultramafic_simulated
SOR291,NE,0.4421,mafic_volcanic_simulated
SOR292,NE,1.2524,ultramafic_simulated
SOR293,NE,1.783,serpentinite_simulated
SOR294,NE,1.419,peridotite_simulated
SOR295,NE,0.4063,mafic_volcanic_simulated
SOR296,NE,0.6877,serpentinite_simulated
SOR297,NE,1.5163,serpentinite_simulated
SOR298,NE,0.9139,serpentinite_simulated
SOR299,NE,1.3612,serpentinite_simulated
SOR300,NE,1.3536,peridotite_simulated
SOR301,NW,0.8889,peridotite_simulated
SOR302,NW,4.3582,serpentinite_simulated
SOR303,NW,1.2704,peridotite_simulated
SOR304,NW,0.4931,serpentinite_simulated
SOR305,NW,0.6614,ultramafic_simulated
SOR306,NW,1.0657,serpentinite_simulated
SOR307,NW,1.0128,peridotite_simulated
SOR308,NW,0.3286,mafic_volcanic_simulated
SOR309,NW,0.9396,serpentinite_simulated
SOR310,NW,1.4248,peridotite_simulated
SOR311,NE,0.2502,mafic_volcanic_simulated
SOR312,NE,1.9458,peridotite_simulated
SOR313,NE,0.9365,peridotite_simulated
SOR314,NE,2.0036,ultramafic_simulated
SOR315,NE,0.2823,mafic_volcanic_simulated
SOR316,NE,0.3199,mafic_volcanic_simulated
SOR317,NE,0.162,alluvium
SOR318,NE,0.6272,ultramafic_simulated
SOR319,NE,0.5694,peridotite_simulated
SOR320,NE,1.1085,serpentinite_simulated
SOR321,NW,1.417,serpentinite_simulated
SOR322,NW,0.454,ultramafic_simulated
SOR323,NW,1.579,serpentinite_simulated
SOR324,NW,0.117,alluvium
SOR325,NW,0.1342,alluvium
SOR326,NW,0.1139,alluvium
SOR327,NW,1.5585,ultramafic_simulated
SOR328,NW,0.8663,ultramafic_simulated
SOR329,NW,1.3755,serpentinite_simulated
SOR330,NW,1.0673,serpentinite_simulated
SOR331,NE,1.378,serpentinite_simulated
SOR332,NE,0.6753,peridotite_simulated
SOR333,NE,0.7138,peridotite_simulated
SOR334,NE,1.773,peridotite_simulated
SOR335,NE,0.763,ultramafic_simulated
SOR336,NE,0.134,alluvium
SOR337,NE,0.6456,serpentinite_simulated
SOR338,NE,1.8373,peridotite_simulated
SOR339,NE,0.836,ultramafic_simulated
SOR340,NE,1.1496,ultramafic_simulated
SOR341,NW,0.1265,alluvium
SOR342,NW,1.1754,peridotite_simulated
SOR343,NW,0.7184,ultramafic_simulated
SOR344,NW,0.1294,alluvium
SOR345,NW,1.654,peridotite_simulated
SOR346,NW,0.7472,peridotite_simulated
SOR347,NW,0.9427,peridotite_simulated
SOR348,NW,2.4394,serpentinite_simulated
SOR349,NW,0.7958,ultramafic_simulated
SOR350,NW,0.6092,peridotite_simulated
SOR351,NE,1.234,peridotite_simulated
SOR352,NE,1.4213,ultramafic_simulated
SOR353,NE,1.3018,serpentinite_simulated
SOR354,NE,2.0149,peridotite_simulated
SOR355,NE,0.2764,mafic_volcanic_simulated
SOR356,NE,0.7894,serpentinite_simulated
SOR357,NE,1.1507,serpentinite_simulated
SOR358,NE,1.1475,serpentinite_simulated
SOR359,NE,1.2002,ultramafic_simulated
SOR360,NE,2.2359,serpentinite_simulated
SOR361,NW,1.3665,peridotite_simulated
SOR362,NW,0.482,mafic_volcanic_simulated
SOR363,NW,1.6474,serpentinite_simulated
SOR364,NW,0.1292,alluvium
SOR365,NW,0.746,ultramafic_simulated
SOR366,NW,0.7776,serpentinite_simulated
SOR367,NW,1.3579,serpentinite_simulated
SOR368,NW,0.143,alluvium
SOR369,NW,0.4419,mafic_volcanic_simulated
SOR370,NW,0.9834,peridotite_simulated
SOR371,NE,0.4263,mafic_volcanic_simulated
SOR372,NE,0.1554,alluvium
SOR373,NE,1.0969,peridotite_simulated
SOR374,NE,0.8093,peridotite_simulated
SOR375,NE,1.492,peridotite_simulated
SOR376,NE,1.3394,serpentinite_simulated
SOR377,NE,1.0908,ultramafic_simulated
SOR378,NE,0.6376,peridotite_simulated
SOR379,NE,1.0803,serpentinite_simulated
SOR380,NE,1.0184,serpentinite_simulated
SOR381,NW,0.364,serpentinite_simulated
SOR382,NW,1.106,serpentinite_simulated
SOR383,NW,0.6094,ultramafic_simulated
SOR384,NW,1.4152,ultramafic_simulated
SOR385,NW,0.8485,peridotite_simulated
SOR386,NW,2.3969,peridotite_simulated
SOR387,NW,1.2241,ultramafic_simulated
SOR388,NW,0.6842,serpentinite_simulated
SOR389,NW,1.8465,peridotite_simulated
SOR390,NW,0.698,peridotite_simulated
SOR391,NE,1.4011,serpentinite_simulated
SOR392,NE,1.1616,peridotite_simulated
SOR393,NE,1.2123,serpentinite_simulated
SOR394,NE,1.5931,ultramafic_simulated
SOR395,NE,0.3045,mafic_volcanic_simulated
SOR396,NE,1.8195,serpentinite_simulated
SOR397,NE,1.3356,serpentinite_simulated
SOR398,NE,1.4669,serpentinite_simulated
SOR399,NE,1.0321,serpentinite_simulated
SOR400,NE,0.5007,peridotite_simulated
MOR001,SW,1.2374,ultramafic_simulated
MOR002,SW,1.6661,peridotite_simulated
MOR003,SW,0.2753,mafic_volcanic_simulated
MOR004,SW,1.5583,serpentinite_simulated
MOR005,SW,0.3082,mafic_volcanic_simulated
MOR006,SW,0.2506,mafic_volcanic_simulated
MOR007,SW,1.131,serpentinite_simulated
MOR008,SW,0.6553,serpentinite_simulated
MOR009,SW,2.3924,serpentinite_simulated
MOR010,SW,0.9727,ultramafic_simulated
MOR011,SE,0.1503,alluvium
MOR012,SE,1.0591,ultramafic_simulated
MOR013,SE,0.1536,alluvium
MOR014,SE,0.3805,ultramafic_simulated
MOR015,SE,0.884,peridotite_simulated
MOR016,SE,0.116,alluvium
MOR017,SE,1.3075,ultramafic_simulated
MOR018,SE,1.2944,serpentinite_simulated
MOR019,SE,0.1273,alluvium
MOR020,SE,0.7488,peridotite_simulated
MOR021,SW,1.4823,ultramafic_simulated
MOR022,SW,0.6147,serpentinite_simulated
MOR023,SW,0.8401,serpentinite_simulated
MOR024,SW,1.2664,serpentinite_simulated
MOR025,SW,0.9685,serpentinite_simulated
MOR026,SW,0.9466,serpentinite_simulated
MOR027,SW,0.7631,peridotite_simulated
MOR028,SW,1.3866,serpentinite_simulated
MOR029,SW,0.3924,mafic_volcanic_simulated
MOR030,SW,0.4759,mafic_volcanic_simulated
MOR031,SE,0.3535,mafic_volcanic_simulated
MOR032,SE,0.9325,serpentinite_simulated
MOR033,SE,0.946,serpentinite_simulated
MOR034,SE,1.6358,ultramafic_simulated
MOR035,SE,0.1208,alluvium
MOR036,SE,0.1366,alluvium
MOR037,SE,2.459,peridotite_simulated
MOR038,SE,0.1534,alluvium
MOR039,SE,0.8111,peridotite_simulated
MOR040,SE,1.8225,serpentinite_simulated
MOR041,SW,1.997,peridotite_simulated
MOR042,SW,0.7579,ultramafic_simulated
MOR043,SW,0.1382,alluvium
MOR044,SW,0.3203,mafic_volcanic_simulated
MOR045,SW,0.1204,alluvium
MOR046,SW,0.9603,serpentinite_simulated
MOR047,SW,0.841,serpentinite_simulated
MOR048,SW,0.798,peridotite_simulated
MOR049,SW,1.2188,serpentinite_simulated
MOR050,SW,1.0648,serpentinite_simulated
MOR051,SE,1.4194,serpentinite_simulated
MOR052,SE,1.5698,serpentinite_simulated
MOR053,SE,0.3189,mafic_volcanic_simulated
MOR054,SE,1.1001,peridotite_simulated
MOR055,SE,0.3714,mafic_volcanic_simulated
MOR056,SE,0.1497,alluvium
MOR057,SE,1.0215,serpentinite_simulated
MOR058,SE,1.919,serpentinite_simulated
MOR059,SE,1.2759,peridotite_simulated
MOR060,SE,0.1128,alluvium
MOR061,SW,1.2034,serpentinite_simulated
MOR062,SW,0.9763,serpentinite_simulated
MOR063,SW,1.3216,ultramafic_simulated
MOR064,SW,1.5879,serpentinite_simulated
MOR065,SW,0.1292,alluvium
MOR066,SW,1.9455,serpentinite_simulated
MOR067,SW,0.9167,serpentinite_simulated
MOR068,SW,0.3564,mafic_volcanic_simulated
MOR069,SW,1.4149,serpentinite_simulated
MOR070,SW,1.0209,serpentinite_simulated
MOR071,SE,1.777,serpentinite_simulated
MOR072,SE,2.8753,serpentinite_simulated
MOR073,SE,1.2612,ultramafic_simulated
MOR074,SE,2.2335,peridotite_simulated
MOR075,SE,1.5996,peridotite_simulated
MOR076,SE,2.0243,ultramafic_simulated
MOR077,SE,1.9911,serpentinite_simulated
MOR078,SE,0.8825,ultramafic_simulated
MOR079,SE,1.3877,serpentinite_simulated
MOR080,SE,1.0224,peridotite_simulated
MOR081,SW,0.2638,mafic_volcanic_simulated
MOR082,SW,0.3013,mafic_volcanic_simulated
MOR083,SW,0.898,peridotite_simulated
MOR084,SW,3.3894,serpentinite_simulated
MOR085,SW,1.1048,serpentinite_simulated
MOR086,SW,1.0991,serpentinite_simulated
MOR087,SW,0.4347,mafic_volcanic_simulated
MOR088,SW,0.5751,ultramafic_simulated
MOR089,SW,0.6443,serpentinite_simulated
MOR090,SW,1.0309,ultramafic_simulated
MOR091,SE,1.5171,serpentinite_simulated
MOR092,SE,1.2025,ultramafic_simulated
MOR093,SE,0.3863,mafic_volcanic_simulated
MOR094,SE,0.3398,mafic_volcanic_simulated
MOR095,SE,0.1476,alluvium
MOR096,SE,1.1508,ultramafic_simulated
MOR097,SE,0.3548,mafic_volcanic_simulated
MOR098,SE,0.9643,ultramafic_simulated
MOR099,SE,1.1202,ultramafic_simulated
MOR100,SE,1.1146,ultramafic_simulated
MOR101,SW,0.8119,serpentinite_simulated
MOR102,SW,1.1668,serpentinite_simulated
MOR103,SW,0.1381,alluvium
MOR104,SW,0.9932,serpentinite_simulated
MOR105,SW,0.1178,alluvium
MOR106,SW,1.4952,serpentinite_simulated
MOR107,SW,0.8292,peridotite_simulated
MOR108,SW,0.1766,alluvium
MOR109,SW,1.0116,ultramafic_simulated
MOR110,SW,0.3729,mafic_volcanic_simulated
MOR111,SE,1.1032,ultramafic_simulated
MOR112,SE,2.156,serpentinite_simulated
MOR113,SE,1.2867,peridotite_simulated
MOR114,SE,1.6329,serpentinite_simulated
MOR115,SE,0.3846,mafic_volcanic_simulated
MOR116,SE,0.3515,mafic_volcanic_simulated
MOR117,SE,0.1343,alluvium
MOR118,SE,1.025,peridotite_simulated
MOR119,SE,0.5119,peridotite_simulated
MOR120,SE,0.8617,ultramafic_simulated
MOR121,SW,1.0935,serpentinite_simulated
MOR122,SW,0.5208,ultramafic_simulated
MOR123,SW,0.109,alluvium
MOR124,SW,1.7044,ultramafic_simulated
MOR125,SW,0.5186,peridotite_simulated
MOR126,SW,0.2901,mafic_volcanic_simulated
MOR127,SW,1.2019,peridotite_simulated
MOR128,SW,0.1428,alluvium
MOR129,SW,1.558,ultramafic_simulated
MOR130,SW,0.1563,alluvium
MOR131,SE,1.3807,ultramafic_simulated
MOR132,SE,2.2921,ultramafic_simulated
MOR133,SE,1.1514,ultramafic_simulated
MOR134,SE,0.441,ultramafic_simulated
MOR135,SE,0.4008,mafic_volcanic_simulated
MOR136,SE,2.2968,ultramafic_simulated
MOR137,SE,1.8375,serpentinite_simulated
MOR138,SE,1.9616,serpentinite_simulated
MOR139,SE,1.5694,peridotite_simulated
MOR140,SE,1.5101,ultramafic_simulated
MOR141,SW,1.1815,serpentinite_simulated
MOR142,SW,0.828,peridotite_simulated
MOR143,SW,1.3013,ultramafic_simulated
MOR144,SW,0.9669,peridotite_simulated
MOR145,SW,1.3605,serpentinite_simulated
MOR146,SW,0.6286,serpentinite_simulated
MOR147,SW,0.8577,peridotite_simulated
MOR148,SW,2.0257,ultramafic_simulated
MOR149,SW,0.8773,peridotite_simulated
MOR150,SW,1.661,peridotite_simulated
MOR151,SE,1.4667,serpentinite_simulated
MOR152,SE,1.6562,peridotite_simulated
MOR153,SE,2.0753,peridotite_simulated
MOR154,SE,1.4836,peridotite_simulated
MOR155,SE,1.915,serpentinite_simulated
MOR156,SE,1.0129,peridotite_simulated
MOR157,SE,1.0241,ultramafic_simulated
MOR158,SE,2.6091,serpentinite_simulated
MOR159,SE,1.2283,peridotite_simulated
MOR160,SE,0.1235,alluvium
MOR161,SW,1.2972,ultramafic_simulated
MOR162,SW,1.1368,serpentinite_simulated
MOR163,SW,1.2297,serpentinite_simulated
MOR164,SW,1.9306,serpentinite_simulated
MOR165,SW,1.2797,peridotite_simulated
MOR166,SW,0.6704,serpentinite_simulated
MOR167,SW,2.1018,peridotite_simulated
MOR168,SW,2.1528,peridotite_simulated
MOR169,SW,0.4429,mafic_volcanic_simulated
MOR170,SW,1.574,peridotite_simulated
MOR171,SE,0.1478,alluvium
MOR172,SE,1.1496,ultramafic_simulated
MOR173,SE,0.7928,ultramafic_simulated
MOR174,SE,1.2743,peridotite_simulated
MOR175,SE,2.1655,serpentinite_simulated
MOR176,SE,0.7933,peridotite_simulated
MOR177,SE,1.1906,peridotite_simulated
MOR178,SE,1.0575,ultramafic_simulated
MOR179,SE,0.3321,mafic_volcanic_simulated
MOR180,SE,0.7646,ultramafic_simulated
MOR181,SW,2.2389,peridotite_simulated
MOR182,SW,0.5159,peridotite_simulated
MOR183,SW,0.83,serpentinite_simulated
MOR184,SW,1.5159,serpentinite_simulated
MOR185,SW,1.8926,serpentinite_simulated
MOR186,SW,0.4406,mafic_volcanic_simulated
MOR187,SW,0.9385,peridotite_simulated
MOR188,SW,0.3315,mafic_volcanic_simulated
MOR189,SW,0.8225,ultramafic_simulated
MOR190,SW,2.9515,serpentinite_simulated
MOR191,SE,0.5992,peridotite_simulated
MOR192,SE,2.4676,ultramafic_simulated
MOR193,SE,2.1921,serpentinite_simulated
MOR194,SE,0.5197,mafic_volcanic_simulated
MOR195,SE,1.1575,serpentinite_simulated
MOR196,SE,1.244,serpentinite_simulated
MOR197,SE,1.8916,serpentinite_simulated
MOR198,SE,0.7742,peridotite_simulated
MOR199,SE,0.893,ultramafic_simulated
MOR200,SE,1.3165,serpentinite_simulated
MOR201,NW,1.6416,ultramafic_simulated
MOR202,NW,1.4251,serpentinite_simulated
MOR203,NW,1.2384,ultramafic_simulated
MOR204,NW,1.3169,serpentinite_simulated
MOR205,NW,1.818,serpentinite_simulated
MOR206,NW,0.5262,peridotite_simulated
MOR207,NW,0.4297,mafic_volcanic_simulated
MOR208,NW,0.1801,alluvium
MOR209,NW,0.2107,alluvium
MOR210,NW,1.1688,peridotite_simulated
MOR211,NE,0.1826,alluvium
MOR212,NE,1.3319,ultramafic_simulated
MOR213,NE,0.5717,mafic_volcanic_simulated
MOR214,NE,1.1266,serpentinite_simulated
MOR215,NE,1.6828,ultramafic_simulated
MOR216,NE,1.0906,ultramafic_simulated
MOR217,NE,0.7703,peridotite_simulated
MOR218,NE,0.3421,mafic_volcanic_simulated
MOR219,NE,0.9852,peridotite_simulated
MOR220,NE,1.3034,serpentinite_simulated
MOR221,NW,0.8659,peridotite_simulated
MOR222,NW,1.0029,serpentinite_simulated
MOR223,NW,1.0134,serpentinite_simulated
MOR224,NW,0.7365,peridotite_simulated
MOR225,NW,0.1598,alluvium
MOR226,NW,1.1893,peridotite_simulated
MOR227,NW,1.9334,peridotite_simulated
MOR228,NW,0.9371,serpentinite_simulated
MOR229,NW,1.6712,ultramafic_simulated
MOR230,NW,1.5177,ultramafic_simulated
MOR231,NE,2.2686,serpentinite_simulated
MOR232,NE,1.308,serpentinite_simulated
MOR233,NE,1.0125,ultramafic_simulated
MOR234,NE,0.182,alluvium
MOR235,NE,0.1793,alluvium
MOR236,NE,1.1059,serpentinite_simulated
MOR237,NE,0.7236,ultramafic_simulated
MOR238,NE,1.7975,serpentinite_simulated
MOR239,NE,0.3094,peridotite_simulated
MOR240,NE,1.2079,ultramafic_simulated
MOR241,NW,1.189,peridotite_simulated
MOR242,NW,1.5315,peridotite_simulated
MOR243,NW,1.0805,peridotite_simulated
MOR244,NW,0.9794,peridotite_simulated
MOR245,NW,1.0412,peridotite_simulated
MOR246,NW,1.639,serpentinite_simulated
MOR247,NW,0.8742,ultramafic_simulated
MOR248,NW,0.6339,ultramafic_simulated
MOR249,NW,1.8686,serpentinite_simulated
MOR250,NW,1.3793,serpentinite_simulated
MOR251,NE,1.9056,serpentinite_simulated
MOR252,NE,1.7521,peridotite_simulated
MOR253,NE,1.0957,ultramafic_simulated
MOR254,NE,1.0475,peridotite_simulated
MOR255,NE,0.7163,ultramafic_simulated
MOR256,NE,0.6416,serpentinite_simulated
MOR257,NE,1.2243,serpentinite_simulated
MOR258,NE,3.5632,peridotite_simulated
MOR259,NE,0.157,alluvium
MOR260,NE,2.8786,serpentinite_simulated
MOR261,NW,1.0074,peridotite_simulated
MOR262,NW,0.802,serpentinite_simulated
MOR263,NW,1.0084,serpentinite_simulated
MOR264,NW,0.588,peridotite_simulated
MOR265,NW,1.078,ultramafic_simulated
MOR266,NW,1.137,ultramafic_simulated
MOR267,NW,0.3825,mafic_volcanic_simulated
MOR268,NW,1.5258,peridotite_simulated
MOR269,NW,0.8755,peridotite_simulated
MOR270,NW,0.5669,mafic_volcanic_simulated
MOR271,NE,0.8605,peridotite_simulated
MOR272,NE,0.1632,alluvium
MOR273,NE,1.6977,peridotite_simulated
MOR274,NE,3.6446,serpentinite_simulated
MOR275,NE,1.2627,serpentinite_simulated
MOR276,NE,1.7852,serpentinite_simulated
MOR277,NE,0.9873,ultramafic_simulated
MOR278,NE,0.8524,ultramafic_simulated
MOR279,NE,0.2771,mafic_volcanic_simulated
MOR280,NE,0.9143,peridotite_simulated
MOR281,NW,0.6366,peridotite_simulated
MOR282,NW,0.3791,mafic_volcanic_simulated
MOR283,NW,0.3434,mafic_volcanic_simulated
MOR284,NW,0.8007,serpentinite_simulated
MOR285,NW,0.333,mafic_volcanic_simulated
MOR286,NW,1.697,serpentinite_simulated
MOR287,NW,0.9396,peridotite_simulated
MOR288,NW,1.2729,serpentinite_simulated
MOR289,NW,1.3449,peridotite_simulated
MOR290,NW,0.9748,ultramafic_simulated
MOR291,NE,1.4426,ultramafic_simulated
MOR292,NE,1.334,serpentinite_simulated
MOR293,NE,0.8453,serpentinite_simulated
MOR294,NE,1.3705,serpentinite_simulated
MOR295,NE,1.3056,peridotite_simulated
MOR296,NE,0.7315,serpentinite_simulated
MOR297,NE,1.4112,serpentinite_simulated
MOR298,NE,1.8279,peridotite_simulated
MOR299,NE,1.2065,serpentinite_simulated
MOR300,NE,1.1359,peridotite_simulated
MOR301,NW,0.127,alluvium
MOR302,NW,1.4179,serpentinite_simulated
MOR303,NW,1.7966,serpentinite_simulated
MOR304,NW,0.6898,peridotite_simulated
MOR305,NW,1.677,peridotite_simulated
MOR306,NW,1.0214,peridotite_simulated
MOR307,NW,0.5716,peridotite_simulated
MOR308,NW,0.9142,serpentinite_simulated
MOR309,NW,1.7166,serpentinite_simulated
MOR310,NW,1.9317,peridotite_simulated
MOR311,NE,1.0719,serpentinite_simulated
MOR312,NE,0.1487,alluvium
MOR313,NE,1.5261,peridotite_simulated
MOR314,NE,1.4926,serpentinite_simulated
MOR315,NE,1.0812,ultramafic_simulated
MOR316,NE,0.6682,ultramafic_simulated
MOR317,NE,0.9377,peridotite_simulated
MOR318,NE,1.0483,serpentinite_simulated
MOR319,NE,0.7531,serpentinite_simulated
MOR320,NE,0.6892,peridotite_simulated
MOR321,NW,1.3211,serpentinite_simulated
MOR322,NW,0.7765,serpentinite_simulated
MOR323,NW,1.1769,peridotite_simulated
MOR324,NW,1.0942,serpentinite_simulated
MOR325,NW,0.7346,ultramafic_simulated
MOR326,NW,1.0605,ultramafic_simulated
MOR327,NW,0.3378,mafic_volcanic_simulated
MOR328,NW,1.3338,ultramafic_simulated
MOR329,NW,2.6765,serpentinite_simulated
MOR330,NW,0.3484,mafic_volcanic_simulated
MOR331,NE,1.3751,ultramafic_simulated
MOR332,NE,0.9226,peridotite_simulated
MOR333,NE,0.9631,peridotite_simulated
MOR334,NE,1.4819,ultramafic_simulated
MOR335,NE,1.1913,serpentinite_simulated
MOR336,NE,0.1259,alluvium
MOR337,NE,0.1329,alluvium
MOR338,NE,0.944,peridotite_simulated
MOR339,NE,0.4945,peridotite_simulated
MOR340,NE,1.3514,serpentinite_simulated
MOR341,NW,0.7678,ultramafic_simulated
MOR342,NW,0.9006,ultramafic_simulated
MOR343,NW,0.2821,mafic_volcanic_simulated
MOR344,NW,0.3274,mafic_volcanic_simulated
MOR345,NW,1.5407,ultramafic_simulated
MOR346,NW,1.3014,serpentinite_simulated
MOR347,NW,0.9507,peridotite_simulated
MOR348,NW,1.6289,peridotite_simulated
MOR349,NW,2.0748,serpentinite_simulated
MOR350,NW,1.3455,serpentinite_simulated
MOR351,NE,1.4396,serpentinite_simulated
MOR352,NE,1.4247,ultramafic_simulated
MOR353,NE,1.4474,serpentinite_simulated
MOR354,NE,0.81,peridotite_simulated
MOR355,NE,1.4294,serpentinite_simulated
MOR356,NE,1.4367,serpentinite_simulated
MOR357,NE,1.1098,serpentinite_simulated
MOR358,NE,0.9521,peridotite_simulated
MOR359,NE,1.1163,peridotite_simulated
MOR360,NE,0.301,mafic_volcanic_simulated
MOR361,NW,0.3742,mafic_volcanic_simulated
MOR362,NW,2.4564,peridotite_simulated
MOR363,NW,1.6063,peridotite_simulated
MOR364,NW,1.2335,serpentinite_simulated
MOR365,NW,1.8912,serpentinite_simulated
MOR366,NW,3.6689,peridotite_simulated
MOR367,NW,1.4884,peridotite_simulated
MOR368,NW,1.1018,ultramafic_simulated
MOR369,NW,2.7512,peridotite_simulated
MOR370,NW,2.3018,peridotite_simulated
MOR371,NE,1.0122,serpentinite_simulated
MOR372,NE,1.813,serpentinite_simulated
MOR373,NE,0.153,alluvium
MOR374,NE,1.6711,serpentinite_simulated
MOR375,NE,0.3083,mafic_volcanic_simulated
MOR376,NE,1.0041,peridotite_simulated
MOR377,NE,0.9938,peridotite_simulated
MOR378,NE,0.1199,alluvium
MOR379,NE,0.9784,ultramafic_simulated
MOR380,NE,1.3148,peridotite_simulated
MOR381,NW,1.1123,peridotite_simulated
MOR382,NW,1.3765,peridotite_simulated
MOR383,NW,0.4982,serpentinite_simulated
MOR384,NW,1.3298,ultramafic_simulated
MOR385,NW,0.8632,peridotite_simulated
MOR386,NW,0.11,alluvium
MOR387,NW,1.3005,serpentinite_simulated
MOR388,NW,0.8194,serpentinite_simulated
MOR389,NW,0.3374,mafic_volcanic_simulated
MOR390,NW,0.9911,peridotite_simulated
MOR391,NE,0.2626,mafic_volcanic_simulated
MOR392,NE,0.4622,ultramafic_simulated
MOR393,NE,0.7963,serpentinite_simulated
MOR394,NE,0.8719,serpentinite_simulated
MOR395,NE,1.7277,peridotite_simulated
MOR396,NE,2.0727,ultramafic_simulated
MOR397,NE,0.119,alluvium
MOR398,NE,2.0898,serpentinite_simulated
MOR399,NE,0.5923,peridotite_simulated
MOR400,NE,0.5448,ultramafic_simulated
WED001,SW,2.0519,serpentinite_simulated
WED002,SW,0.1291,alluvium
WED003,SW,0.6662,ultramafic_simulated
WED004,SW,0.1087,alluvium
WED005,SW,1.2794,ultramafic_simulated
WED006,SW,1.0538,serpentinite_simulated
WED007,SW,0.112,alluvium
WED008,SW,0.334,mafic_volcanic_simulated
WED009,SW,0.6097,peridotite_simulated
WED010,SW,0.3243,mafic_volcanic_simulated
WED011,SE,0.4026,mafic_volcanic_simulated
WED012,SE,0.8643,peridotite_simulated
WED013,SE,0.1132,alluvium
WED014,SE,0.8716,ultramafic_simulated
WED015,SE,0.438,ultramafic_simulated
WED016,SE,1.0652,ultramafic_simulated
WED017,SE,1.6888,serpentinite_simulated
WED018,SE,0.143,alluvium
WED019,SE,1.9859,peridotite_simulated
WED020,SE,1.2517,serpentinite_simulated
WED021,SW,1.0443,serpentinite_simulated
WED022,SW,1.2728,peridotite_simulated
WED023,SW,0.3401,mafic_volcanic_simulated
WED024,SW,0.1563,alluvium
WED025,SW,0.8467,peridotite_simulated
WED026,SW,1.4721,peridotite_simulated
WED027,SW,0.5275,serpentinite_simulated
WED028,SW,0.3614,mafic_volcanic_simulated
WED029,SW,1.0874,ultramafic_simulated
WED030,SW,1.6296,serpentinite_simulated
WED031,SE,0.7836,serpentinite_simulated
WED032,SE,1.1689,ultramafic_simulated
WED033,SE,1.1721,serpentinite_simulated
WED034,SE,0.9234,ultramafic_simulated
WED035,SE,0.3933,mafic_volcanic_simulated
WED036,SE,0.9941,serpentinite_simulated
WED037,SE,1.4217,ultramafic_simulated
WED038,SE,1.0632,serpentinite_simulated
WED039,SE,0.8706,serpentinite_simulated
WED040,SE,0.872,ultramafic_simulated
WED041,SW,1.4014,serpentinite_simulated
WED042,SW,1.8063,serpentinite_simulated
WED043,SW,0.147,alluvium
WED044,SW,1.2494,serpentinite_simulated
WED045,SW,0.9626,peridotite_simulated
WED046,SW,1.7973,serpentinite_simulated
WED047,SW,0.8196,serpentinite_simulated
WED048,SW,0.6787,serpentinite_simulated
WED049,SW,0.8795,ultramafic_simulated
WED050,SW,0.9265,ultramafic_simulated
WED051,SE,2.8821,peridotite_simulated
WED052,SE,0.978,serpentinite_simulated
WED053,SE,1.3151,peridotite_simulated
WED054,SE,0.1622,alluvium
WED055,SE,0.129,alluvium
WED056,SE,0.965,ultramafic_simulated
WED057,SE,0.7966,serpentinite_simulated
WED058,SE,0.9198,ultramafic_simulated
WED059,SE,0.241,mafic_volcanic_simulated
WED060,SE,1.0087,peridotite_simulated
WED061,SW,1.3182,serpentinite_simulated
WED062,SW,2.6704,serpentinite_simulated
WED063,SW,0.7607,peridotite_simulated
WED064,SW,0.8754,peridotite_simulated
WED065,SW,1.7998,serpentinite_simulated
WED066,SW,0.8733,serpentinite_simulated
WED067,SW,1.0601,serpentinite_simulated
WED068,SW,0.9958,peridotite_simulated
WED069,SW,0.8714,serpentinite_simulated
WED070,SW,1.2247,peridotite_simulated
WED071,SE,0.6652,peridotite_simulated
WED072,SE,1.6293,serpentinite_simulated
WED073,SE,1.339,serpentinite_simulated
WED074,SE,0.7636,ultramafic_simulated
WED075,SE,0.1511,alluvium
WED076,SE,1.4255,peridotite_simulated
WED077,SE,0.1515,alluvium
WED078,SE,0.2663,mafic_volcanic_simulated
WED079,SE,0.3476,mafic_volcanic_simulated
WED080,SE,1.7845,peridotite_simulated
WED081,SW,1.569,serpentinite_simulated
WED082,SW,1.5844,peridotite_simulated
WED083,SW,1.1677,ultramafic_simulated
WED084,SW,1.8098,serpentinite_simulated
WED085,SW,1.2828,peridotite_simulated
WED086,SW,0.7233,peridotite_simulated
WED087,SW,0.2634,mafic_volcanic_simulated
WED088,SW,1.2248,peridotite_simulated
WED089,SW,1.6084,serpentinite_simulated
WED090,SW,1.1487,ultramafic_simulated
WED091,SE,0.886,peridotite_simulated
WED092,SE,1.3928,serpentinite_simulated
WED093,SE,2.055,peridotite_simulated
WED094,SE,1.7239,serpentinite_simulated
WED095,SE,0.9249,serpentinite_simulated
WED096,SE,1.5323,serpentinite_simulated
WED097,SE,1.525,ultramafic_simulated
WED098,SE,1.8875,serpentinite_simulated
WED099,SE,0.6888,ultramafic_simulated
WED100,SE,0.9962,serpentinite_simulated
WED101,SW,0.5288,peridotite_simulated
WED102,SW,2.1231,serpentinite_simulated
WED103,SW,0.1412,alluvium
WED104,SW,0.9349,peridotite_simulated
WED105,SW,1.7444,serpentinite_simulated
WED106,SW,1.4438,serpentinite_simulated
WED107,SW,0.1607,alluvium
WED108,SW,1.3642,serpentinite_simulated
WED109,SW,1.0516,peridotite_simulated
WED110,SW,2.3103,serpentinite_simulated
WED111,SE,1.5538,peridotite_simulated
WED112,SE,1.3728,ultramafic_simulated
WED113,SE,0.6345,peridotite_simulated
WED114,SE,1.0435,serpentinite_simulated
WED115,SE,2.7456,serpentinite_simulated
WED116,SE,0.8251,ultramafic_simulated
WED117,SE,0.2591,mafic_volcanic_simulated
WED118,SE,1.523,peridotite_simulated
WED119,SE,0.966,ultramafic_simulated
WED120,SE,0.8495,ultramafic_simulated
WED121,SW,1.1611,peridotite_simulated
WED122,SW,0.1439,alluvium
WED123,SW,0.6666,ultramafic_simulated
WED124,SW,1.4346,peridotite_simulated
WED125,SW,0.2824,mafic_volcanic_simulated
WED126,SW,0.7041,peridotite_simulated
WED127,SW,1.5959,peridotite_simulated
WED128,SW,1.8774,serpentinite_simulated
WED129,SW,2.0112,ultramafic_simulated
WED130,SW,0.7114,serpentinite_simulated
WED131,SE,1.4471,serpentinite_simulated
WED132,SE,1.1002,ultramafic_simulated
WED133,SE,1.7776,serpentinite_simulated
WED134,SE,1.8918,serpentinite_simulated
WED135,SE,0.1452,alluvium
WED136,SE,0.5049,ultramafic_simulated
WED137,SE,0.8641,serpentinite_simulated
WED138,SE,1.2188,peridotite_simulated
WED139,SE,1.1208,serpentinite_simulated
WED140,SE,0.7327,peridotite_simulated
WED141,SW,0.4405,mafic_volcanic_simulated
WED142,SW,1.0831,serpentinite_simulated
WED143,SW,1.124,ultramafic_simulated
WED144,SW,0.1348,alluvium
WED145,SW,0.4108,mafic_volcanic_simulated
WED146,SW,1.1543,peridotite_simulated
WED147,SW,1.0185,peridotite_simulated
WED148,SW,0.8852,ultramafic_simulated
WED149,SW,0.5993,mafic_volcanic_simulated
WED150,SW,0.175,alluvium
WED151,SE,0.1397,alluvium
WED152,SE,1.8111,peridotite_simulated
WED153,SE,1.3833,serpentinite_simulated
WED154,SE,0.3282,mafic_volcanic_simulated
WED155,SE,1.5076,ultramafic_simulated
WED156,SE,1.1378,peridotite_simulated
WED157,SE,0.8418,serpentinite_simulated
WED158,SE,1.4903,ultramafic_simulated
WED159,SE,0.3855,mafic_volcanic_simulated
WED160,SE,0.7266,peridotite_simulated
WED161,SW,2.9748,serpentinite_simulated
WED162,SW,0.1301,alluvium
WED163,SW,0.7145,serpentinite_simulated
WED164,SW,1.506,peridotite_simulated
WED165,SW,1.4695,peridotite_simulated
WED166,SW,2.9691,peridotite_simulated
WED167,SW,0.8942,peridotite_simulated
WED168,SW,1.5803,ultramafic_simulated
WED169,SW,2.0786,serpentinite_simulated
WED170,SW,1.4608,serpentinite_simulated
WED171,SE,0.1838,alluvium
WED172,SE,0.3844,mafic_volcanic_simulated
WED173,SE,2.1109,serpentinite_simulated
WED174,SE,2.4923,serpentinite_simulated
WED175,SE,0.7986,serpentinite_simulated
WED176,SE,0.85,peridotite_simulated
WED177,SE,1.5619,peridotite_simulated
WED178,SE,1.4349,serpentinite_simulated
WED179,SE,0.1754,alluvium
WED180,SE,4.1714,serpentinite_simulated
WED181,SW,0.3605,mafic_volcanic_simulated
WED182,SW,0.1203,alluvium
WED183,SW,0.9173,ultramafic_simulated
WED184,SW,1.7332,serpentinite_simulated
WED185,SW,0.6753,ultramafic_simulated
WED186,SW,0.5887,peridotite_simulated
WED187,SW,0.4032,mafic_volcanic_simulated
WED188,SW,1.277,peridotite_simulated
WED189,SW,1.9062,serpentinite_simulated
WED190,SW,0.9642,peridotite_simulated
WED191,SE,2.5048,peridotite_simulated
WED192,SE,1.026,serpentinite_simulated
WED193,SE,1.2942,serpentinite_simulated
WED194,SE,0.9176,peridotite_simulated
WED195,SE,1.2849,serpentinite_simulated
WED196,SE,0.8653,ultramafic_simulated
WED197,SE,1.108,ultramafic_simulated
WED198,SE,1.4344,serpentinite_simulated
WED199,SE,1.2517,ultramafic_simulated
WED200,SE,1.6032,serpentinite_simulated
WED201,NW,1.2512,ultramafic_simulated
WED202,NW,0.9237,serpentinite_simulated
WED203,NW,1.1223,ultramafic_simulated
WED204,NW,1.5766,peridotite_simulated
WED205,NW,0.1521,alluvium
WED206,NW,2.4482,peridotite_simulated
WED207,NW,1.1483,peridotite_simulated
WED208,NW,0.5437,mafic_volcanic_simulated
WED209,NW,1.1877,ultramafic_simulated
WED210,NW,3.42,serpentinite_simulated
WED211,NE,3.4687,serpentinite_simulated
WED212,NE,1.5342,ultramafic_simulated
WED213,NE,1.4042,ultramafic_simulated
WED214,NE,1.9734,peridotite_simulated
WED215,NE,0.834,serpentinite_simulated
WED216,NE,0.9501,ultramafic_simulated
WED217,NE,1.6996,serpentinite_simulated
WED218,NE,0.8663,ultramafic_simulated
WED219,NE,2.4144,serpentinite_simulated
WED220,NE,0.3286,mafic_volcanic_simulated
WED221,NW,1.793,serpentinite_simulated
WED222,NW,0.8603,peridotite_simulated
WED223,NW,1.4238,serpentinite_simulated
WED224,NW,0.9728,ultramafic_simulated
WED225,NW,2.0123,peridotite_simulated
WED226,NW,1.7921,ultramafic_simulated
WED227,NW,1.3675,peridotite_simulated
WED228,NW,1.6153,ultramafic_simulated
WED229,NW,2.3403,ultramafic_simulated
WED230,NW,1.0142,ultramafic_simulated
WED231,NE,1.3915,serpentinite_simulated
WED232,NE,1.537,peridotite_simulated
WED233,NE,0.7852,ultramafic_simulated
WED234,NE,0.8426,ultramafic_simulated
WED235,NE,2.4091,ultramafic_simulated
WED236,NE,2.3661,peridotite_simulated
WED237,NE,0.8107,ultramafic_simulated
WED238,NE,0.341,mafic_volcanic_simulated
WED239,NE,0.9718,peridotite_simulated
WED240,NE,0.7954,peridotite_simulated
WED241,NW,0.2102,mafic_volcanic_simulated
WED242,NW,0.3528,mafic_volcanic_simulated
WED243,NW,0.9498,serpentinite_simulated
WED244,NW,1.0548,ultramafic_simulated
WED245,NW,2.0801,serpentinite_simulated
WED246,NW,1.6447,ultramafic_simulated
WED247,NW,0.6961,peridotite_simulated
WED248,NW,2.4103,ultramafic_simulated
WED249,NW,0.5002,mafic_volcanic_simulated
WED250,NW,1.3623,ultramafic_simulated
WED251,NE,0.8625,ultramafic_simulated
WED252,NE,0.3148,mafic_volcanic_simulated
WED253,NE,0.3965,mafic_volcanic_simulated
WED254,NE,0.4745,mafic_volcanic_simulated
WED255,NE,0.9889,serpentinite_simulated
WED256,NE,1.4863,serpentinite_simulated
WED257,NE,1.1687,serpentinite_simulated
WED258,NE,1.6674,peridotite_simulated
WED259,NE,0.6059,peridotite_simulated
WED260,NE,1.4863,peridotite_simulated
WED261,NW,0.1376,alluvium
WED262,NW,1.7586,peridotite_simulated
WED263,NW,0.1542,alluvium
WED264,NW,2.2339,serpentinite_simulated
WED265,NW,1.4363,peridotite_simulated
WED266,NW,0.9509,peridotite_simulated
WED267,NW,1.2284,serpentinite_simulated
WED268,NW,0.1342,alluvium
WED269,NW,1.2107,peridotite_simulated
WED270,NW,1.2556,serpentinite_simulated
WED271,NE,1.8197,ultramafic_simulated
WED272,NE,2.4338,ultramafic_simulated
WED273,NE,1.0554,ultramafic_simulated
WED274,NE,1.9782,ultramafic_simulated
WED275,NE,1.205,serpentinite_simulated
WED276,NE,1.0748,ultramafic_simulated
WED277,NE,0.7269,serpentinite_simulated
WED278,NE,1.2497,peridotite_simulated
WED279,NE,0.718,peridotite_simulated
WED280,NE,1.5321,serpentinite_simulated
WED281,NW,0.7032,serpentinite_simulated
WED282,NW,0.8008,peridotite_simulated
WED283,NW,0.5464,peridotite_simulated
WED284,NW,0.8367,serpentinite_simulated
WED285,NW,1.1824,serpentinite_simulated
WED286,NW,0.8155,peridotite_simulated
WED287,NW,1.8993,serpentinite_simulated
WED288,NW,0.7177,ultramafic_simulated
WED289,NW,0.3773,mafic_volcanic_simulated
WED290,NW,0.9366,ultramafic_simulated
WED291,NE,0.9564,serpentinite_simulated
WED292,NE,0.4637,mafic_volcanic_simulated
WED293,NE,0.8389,serpentinite_simulated
WED294,NE,1.063,ultramafic_simulated
WED295,NE,0.352,ultramafic_simulated
WED296,NE,1.2728,ultramafic_simulated
WED297,NE,1.1556,serpentinite_simulated
WED298,NE,1.7525,serpentinite_simulated
WED299,NE,0.1279,alluvium
WED300,NE,0.6205,peridotite_simulated
WED301,NW,1.3881,serpentinite_simulated
WED302,NW,0.9654,serpentinite_simulated
WED303,NW,0.817,peridotite_simulated
WED304,NW,0.2766,mafic_volcanic_simulated
WED305,NW,2.3204,serpentinite_simulated
WED306,NW,0.1503,alluvium
WED307,NW,1.2732,peridotite_simulated
WED308,NW,1.6436,peridotite_simulated
WED309,NW,1.3736,serpentinite_simulated
WED310,NW,0.9263,ultramafic_simulated
WED311,NE,0.4753,ultramafic_simulated
WED312,NE,1.8011,peridotite_simulated
WED313,NE,1.0916,serpentinite_simulated
WED314,NE,1.4461,serpentinite_simulated
WED315,NE,1.4374,ultramafic_simulated
WED316,NE,0.9923,peridotite_simulated
WED317,NE,0.2958,mafic_volcanic_simulated
WED318,NE,0.6983,serpentinite_simulated
WED319,NE,0.1056,alluvium
WED320,NE,1.1504,ultramafic_simulated
WED321,NW,0.4689,peridotite_simulated
WED322,NW,1.341,peridotite_simulated
WED323,NW,1.1482,ultramafic_simulated
WED324,NW,1.4913,peridotite_simulated
WED325,NW,1.118,peridotite_simulated
WED326,NW,1.9637,serpentinite_simulated
WED327,NW,0.892,ultramafic_simulated
WED328,NW,0.6957,serpentinite_simulated
WED329,NW,1.0639,serpentinite_simulated
WED330,NW,1.0063,ultramafic_simulated
WED331,NE,0.9431,serpentinite_simulated
WED332,NE,2.3824,peridotite_simulated
WED333,NE,0.7924,peridotite_simulated
WED334,NE,1.3639,peridotite_simulated
WED335,NE,1.5186,serpentinite_simulated
WED336,NE,0.7292,ultramafic_simulated
WED337,NE,0.7808,serpentinite_simulated
WED338,NE,0.7911,serpentinite_simulated
WED339,NE,0.1196,alluvium
WED340,NE,1.8979,serpentinite_simulated
WED341,NW,1.4938,peridotite_simulated
WED342,NW,1.2361,ultramafic_simulated
WED343,NW,1.0502,serpentinite_simulated
WED344,NW,1.127,ultramafic_simulated
WED345,NW,0.8833,ultramafic_simulated
WED346,NW,1.9236,serpentinite_simulated
WED347,NW,1.0622,serpentinite_simulated
WED348,NW,1.3516,ultramafic_simulated
WED349,NW,1.3132,serpentinite_simulated
WED350,NW,0.9224,serpentinite_simulated
WED351,NE,1.2144,serpentinite_simulated
WED352,NE,0.3014,mafic_volcanic_simulated
WED353,NE,1.6679,peridotite_simulated
WED354,NE,0.1493,alluvium
WED355,NE,0.3499,mafic_volcanic_simulated
WED356,NE,0.6103,ultramafic_simulated
WED357,NE,0.3367,mafic_volcanic_simulated
WED358,NE,3.5108,peridotite_simulated
WED359,NE,1.3532,ultramafic_simulated
WED360,NE,0.1334,alluvium
WED361,NW,0.6233,serpentinite_simulated
WED362,NW,0.8811,ultramafic_simulated
WED363,NW,0.2661,mafic_volcanic_simulated
WED364,NW,0.9337,serpentinite_simulated
WED365,NW,0.7155,ultramafic_simulated
WED366,NW,1.4437,serpentinite_simulated
WED367,NW,0.1321,alluvium
WED368,NW,0.5714,ultramafic_simulated
WED369,NW,1.2391,ultramafic_simulated
WED370,NW,1.0494,peridotite_simulated
WED371,NE,1.1186,serpentinite_simulated
WED372,NE,0.1421,alluvium
WED373,NE,1.1255,peridotite_simulated
WED374,NE,1.0672,peridotite_simulated
WED375,NE,1.2075,ultramafic_simulated
WED376,NE,1.6908,serpentinite_simulated
WED377,NE,1.9167,serpentinite_simulated
WED378,NE,0.3131,mafic_volcanic_simulated
WED379,NE,0.8707,peridotite_simulated
WED380,NE,1.4628,peridotite_simulated
WED381,NW,0.9651,serpentinite_simulated
WED382,NW,0.1292,alluvium
WED383,NW,1.0898,ultramafic_simulated
WED384,NW,0.4509,serpentinite_simulated
WED385,NW,2.1581,serpentinite_simulated
WED386,NW,0.8792,serpentinite_simulated
WED387,NW,0.5747,peridotite_simulated
WED388,NW,2.0431,serpentinite_simulated
WED389,NW,1.0714,serpentinite_simulated
WED390,NW,1.7124,peridotite_simulated
WED391,NE,0.2536,mafic_volcanic_simulated
WED392,NE,0.3205,mafic_volcanic_simulated
WED393,NE,0.6929,serpentinite_simulated
WED394,NE,1.3038,serpentinite_simulated
WED395,NE,1.1948,ultramafic_simulated
WED396,NE,1.8495,serpentinite_simulated
WED397,NE,1.4545,serpentinite_simulated
WED398,NE,0.8765,serpentinite_simulated
WED399,NE,1.0764,ultramafic_simulated
WED400,NE,0.1096,alluvium
POM001,SW,0.1238,alluvium
POM002,SW,0.3315,mafic_volcanic_simulated
POM003,SW,1.2196,peridotite_simulated
POM004,SW,0.1297,alluvium
POM005,SW,1.1766,peridotite_simulated
POM006,SW,0.1411,alluvium
POM007,SW,0.3155,mafic_volcanic_simulated
POM008,SW,0.132,alluvium
POM009,SW,0.3724,mafic_volcanic_simulated
POM010,SW,0.1476,alluvium
POM011,SE,0.1353,alluvium
POM012,SE,0.1317,alluvium
POM013,SE,0.3276,mafic_volcanic_simulated
POM014,SE,0.3692,mafic_volcanic_simulated
POM015,SE,0.1034,alluvium
POM016,SE,1.4452,peridotite_simulated
POM017,SE,0.2641,mafic_volcanic_simulated
POM018,SE,0.13,alluvium
POM019,SE,0.1103,alluvium
POM020,SE,0.4091,mafic_volcanic_simulated
POM021,SW,0.2408,mafic_volcanic_simulated
POM022,SW,1.2387,peridotite_simulated
POM023,SW,2.5355,serpentinite_simulated
POM024,SW,1.1998,serpentinite_simulated
POM025,SW,1.2537,serpentinite_simulated
POM026,SW,0.1549,alluvium
POM027,SW,0.6862,serpentinite_simulated
POM028,SW,0.8687,serpentinite_simulated
POM029,SW,2.3494,serpentinite_simulated
POM030,SW,2.0348,peridotite_simulated
POM031,SE,0.3869,mafic_volcanic_simulated
POM032,SE,0.1268,alluvium
POM033,SE,0.7853,peridotite_simulated
POM034,SE,0.5106,serpentinite_simulated
POM035,SE,1.3004,ultramafic_simulated
POM036,SE,0.8246,serpentinite_simulated
POM037,SE,0.3083,mafic_volcanic_simulated
POM038,SE,0.3162,mafic_volcanic_simulated
POM039,SE,0.3599,mafic_volcanic_simulated
POM040,SE,0.4774,serpentinite_simulated
POM041,SW,2.7125,peridotite_simulated
POM042,SW,0.3992,mafic_volcanic_simulated
POM043,SW,1.5592,peridotite_simulated
POM044,SW,0.7377,ultramafic_simulated
POM045,SW,0.6763,peridotite_simulated
POM046,SW,0.3341,mafic_volcanic_simulated
POM047,SW,0.3967,ultramafic_simulated
POM048,SW,0.1398,alluvium
POM049,SW,0.1494,alluvium
POM050,SW,0.8809,ultramafic_simulated
POM051,SE,0.1472,alluvium
POM052,SE,0.3547,mafic_volcanic_simulated
POM053,SE,0.3467,mafic_volcanic_simulated
POM054,SE,1.12,serpentinite_simulated
POM055,SE,1.1982,peridotite_simulated
POM056,SE,1.7255,serpentinite_simulated
POM057,SE,0.9652,peridotite_simulated
POM058,SE,1.319,ultramafic_simulated
POM059,SE,1.0056,peridotite_simulated
POM060,SE,0.8048,serpentinite_simulated
POM061,SW,0.6135,peridotite_simulated
POM062,SW,0.1048,alluvium
POM063,SW,0.8673,serpentinite_simulated
POM064,SW,1.1729,ultramafic_simulated
POM065,SW,0.3391,mafic_volcanic_simulated
POM066,SW,0.1372,alluvium
POM067,SW,1.4911,peridotite_simulated
POM068,SW,0.6968,peridotite_simulated
POM069,SW,0.4366,peridotite_simulated
POM070,SW,1.301,serpentinite_simulated
POM071,SE,0.1396,alluvium
POM072,SE,1.4541,serpentinite_simulated
POM073,SE,0.9444,peridotite_simulated
POM074,SE,0.7688,peridotite_simulated
POM075,SE,0.1327,alluvium
POM076,SE,0.7736,serpentinite_simulated
POM077,SE,1.2004,peridotite_simulated
POM078,SE,0.5492,peridotite_simulated
POM079,SE,0.1278,alluvium
POM080,SE,0.3166,mafic_volcanic_simulated
POM081,SW,0.1417,alluvium
POM082,SW,0.4319,mafic_volcanic_simulated
POM083,SW,0.5756,serpentinite_simulated
POM084,SW,0.548,mafic_volcanic_simulated
POM085,SW,0.1493,alluvium
POM086,SW,3.4504,peridotite_simulated
POM087,SW,0.3308,mafic_volcanic_simulated
POM088,SW,0.4493,mafic_volcanic_simulated
POM089,SW,0.377,mafic_volcanic_simulated
POM090,SW,1.6422,peridotite_simulated
POM091,SE,0.4328,mafic_volcanic_simulated
POM092,SE,0.1573,alluvium
POM093,SE,0.4072,mafic_volcanic_simulated
POM094,SE,0.1786,alluvium
POM095,SE,0.9714,serpentinite_simulated
POM096,SE,0.1414,alluvium
POM097,SE,1.2947,serpentinite_simulated
POM098,SE,0.1663,alluvium
POM099,SE,0.2306,mafic_volcanic_simulated
POM100,SE,1.4413,serpentinite_simulated
POM101,SW,0.31,mafic_volcanic_simulated
POM102,SW,1.1496,peridotite_simulated
POM103,SW,0.1428,alluvium
POM104,SW,0.142,alluvium
POM105,SW,0.1303,alluvium
POM106,SW,1.4293,serpentinite_simulated
POM107,SW,0.1325,alluvium
POM108,SW,0.2626,mafic_volcanic_simulated
POM109,SW,1.4533,peridotite_simulated
POM110,SW,1.1525,serpentinite_simulated
POM111,SE,0.759,mafic_volcanic_simulated
POM112,SE,1.1062,peridotite_simulated
POM113,SE,0.6421,ultramafic_simulated
POM114,SE,0.3819,mafic_volcanic_simulated
POM115,SE,0.1516,alluvium
POM116,SE,0.566,mafic_volcanic_simulated
POM117,SE,0.1317,alluvium
POM118,SE,0.1412,alluvium
POM119,SE,1.3205,serpentinite_simulated
POM120,SE,0.1352,alluvium
POM121,SW,1.4016,serpentinite_simulated
POM122,SW,0.8305,ultramafic_simulated
POM123,SW,0.1738,alluvium
POM124,SW,0.3957,mafic_volcanic_simulated
POM125,SW,0.9368,serpentinite_simulated
POM126,SW,0.4237,mafic_volcanic_simulated
POM127,SW,0.1646,alluvium
POM128,SW,0.132,alluvium
POM129,SW,0.1347,alluvium
POM130,SW,0.3297,mafic_volcanic_simulated
POM131,SE,0.1466,alluvium
POM132,SE,0.1586,alluvium
POM133,SE,0.3137,mafic_volcanic_simulated
POM134,SE,0.4037,mafic_volcanic_simulated
POM135,SE,0.3337,mafic_volcanic_simulated
POM136,SE,2.0522,serpentinite_simulated
POM137,SE,0.7575,serpentinite_simulated
POM138,SE,0.9836,peridotite_simulated
POM139,SE,0.3278,mafic_volcanic_simulated
POM140,SE,1.4258,serpentinite_simulated
POM141,SW,0.9181,serpentinite_simulated
POM142,SW,1.1682,serpentinite_simulated
POM143,SW,0.1389,alluvium
POM144,SW,0.1283,alluvium
POM145,SW,0.1472,alluvium
POM146,SW,0.1611,alluvium
POM147,SW,0.1437,alluvium
POM148,SW,1.3848,serpentinite_simulated
POM149,SW,0.1795,alluvium
POM150,SW,1.801,peridotite_simulated
POM151,SE,1.5918,peridotite_simulated
POM152,SE,1.2909,serpentinite_simulated
POM153,SE,1.4642,ultramafic_simulated
POM154,SE,0.3114,mafic_volcanic_simulated
POM155,SE,0.1694,alluvium
POM156,SE,0.3577,mafic_volcanic_simulated
POM157,SE,1.1824,serpentinite_simulated
POM158,SE,0.364,mafic_volcanic_simulated
POM159,SE,0.1282,alluvium
POM160,SE,1.6694,ultramafic_simulated
POM161,SW,0.6118,ultramafic_simulated
POM162,SW,0.13,alluvium
POM163,SW,1.2595,serpentinite_simulated
POM164,SW,0.321,mafic_volcanic_simulated
POM165,SW,1.053,ultramafic_simulated
POM166,SW,0.4355,mafic_volcanic_simulated
POM167,SW,0.597,peridotite_simulated
POM168,SW,0.4047,mafic_volcanic_simulated
POM169,SW,1.5123,serpentinite_simulated
POM170,SW,2.6586,serpentinite_simulated
POM171,SE,0.1771,alluvium
POM172,SE,1.9981,peridotite_simulated
POM173,SE,0.9269,peridotite_simulated
POM174,SE,0.1398,alluvium
POM175,SE,0.1561,alluvium
POM176,SE,1.5095,serpentinite_simulated
POM177,SE,0.3384,mafic_volcanic_simulated
POM178,SE,0.2739,mafic_volcanic_simulated
POM179,SE,0.3142,mafic_volcanic_simulated
POM180,SE,0.1628,alluvium
POM181,SW,0.368,mafic_volcanic_simulated
POM182,SW,0.2786,mafic_volcanic_simulated
POM183,SW,0.153,alluvium
POM184,SW,0.9552,ultramafic_simulated
POM185,SW,0.1322,alluvium
POM186,SW,0.3864,mafic_volcanic_simulated
POM187,SW,0.6303,ultramafic_simulated
POM188,SW,1.3356,serpentinite_simulated
POM189,SW,0.5779,mafic_volcanic_simulated
POM190,SW,0.4823,mafic_volcanic_simulated
POM191,SE,1.346,serpentinite_simulated
POM192,SE,0.6169,mafic_volcanic_simulated
POM193,SE,0.1822,alluvium
POM194,SE,0.6402,ultramafic_simulated
POM195,SE,0.5015,mafic_volcanic_simulated
POM196,SE,1.2163,serpentinite_simulated
POM197,SE,0.3232,mafic_volcanic_simulated
POM198,SE,0.3744,mafic_volcanic_simulated
POM199,SE,1.929,serpentinite_simulated
POM200,SE,0.4012,mafic_volcanic_simulated
POM201,NW,0.1243,alluvium
POM202,NW,0.2107,mafic_volcanic_simulated
POM203,NW,1.1606,ultramafic_simulated
POM204,NW,1.7358,serpentinite_simulated
POM205,NW,0.4247,mafic_volcanic_simulated
POM206,NW,0.1601,alluvium
POM207,NW,1.8574,serpentinite_simulated
POM208,NW,0.722,serpentinite_simulated
POM209,NW,2.4755,serpentinite_simulated
POM210,NW,2.6422,peridotite_simulated
POM211,NE,0.9123,ultramafic_simulated
POM212,NE,1.9975,peridotite_simulated
POM213,NE,0.494,mafic_volcanic_simulated
POM214,NE,1.1671,serpentinite_simulated
POM215,NE,2.3706,serpentinite_simulated
POM216,NE,0.2258,mafic_volcanic_simulated
POM217,NE,0.3992,mafic_volcanic_simulated
POM218,NE,0.6874,peridotite_simulated
POM219,NE,1.4758,ultramafic_simulated
POM220,NE,1.0184,ultramafic_simulated
POM221,NW,0.6319,ultramafic_simulated
POM222,NW,1.5385,serpentinite_simulated
POM223,NW,0.4855,serpentinite_simulated
POM224,NW,0.6551,peridotite_simulated
POM225,NW,0.3269,mafic_volcanic_simulated
POM226,NW,0.7395,serpentinite_simulated
POM227,NW,2.9955,peridotite_simulated
POM228,NW,0.3844,mafic_volcanic_simulated
POM229,NW,0.1776,alluvium
POM230,NW,1.4495,serpentinite_simulated
POM231,NE,0.16,alluvium
POM232,NE,0.6215,mafic_volcanic_simulated
POM233,NE,1.7324,serpentinite_simulated
POM234,NE,0.8337,ultramafic_simulated
POM235,NE,3.1279,serpentinite_simulated
POM236,NE,0.1315,alluvium
POM237,NE,0.1386,alluvium
POM238,NE,0.394,ultramafic_simulated
POM239,NE,0.3774,mafic_volcanic_simulated
POM240,NE,0.9686,serpentinite_simulated
POM241,NW,0.3343,mafic_volcanic_simulated
POM242,NW,0.8186,peridotite_simulated
POM243,NW,0.6647,peridotite_simulated
POM244,NW,2.3019,serpentinite_simulated
POM245,NW,0.9052,ultramafic_simulated
POM246,NW,0.4125,mafic_volcanic_simulated
POM247,NW,1.6124,serpentinite_simulated
POM248,NW,0.7901,ultramafic_simulated
POM249,NW,1.2444,peridotite_simulated
POM250,NW,1.0372,ultramafic_simulated
POM251,NE,0.3263,mafic_volcanic_simulated
POM252,NE,0.4176,mafic_volcanic_simulated
POM253,NE,1.0016,serpentinite_simulated
POM254,NE,1.8805,ultramafic_simulated
POM255,NE,1.3672,serpentinite_simulated
POM256,NE,0.3615,mafic_volcanic_simulated
POM257,NE,0.9019,serpentinite_simulated
POM258,NE,0.6656,ultramafic_simulated
POM259,NE,0.1582,alluvium
POM260,NE,0.1336,alluvium
POM261,NW,0.3182,mafic_volcanic_simulated
POM262,NW,0.9991,peridotite_simulated
POM263,NW,2.583,ultramafic_simulated
POM264,NW,0.3357,mafic_volcanic_simulated
POM265,NW,1.1581,peridotite_simulated
POM266,NW,0.3109,mafic_volcanic_simulated
POM267,NW,1.594,peridotite_simulated
POM268,NW,1.1973,peridotite_simulated
POM269,NW,0.3358,mafic_volcanic_simulated
POM270,NW,0.1615,alluvium
POM271,NE,0.1785,alluvium
POM272,NE,0.1657,alluvium
POM273,NE,0.1431,alluvium
POM274,NE,0.9101,peridotite_simulated
POM275,NE,1.5498,peridotite_simulated
POM276,NE,0.3325,mafic_volcanic_simulated
POM277,NE,2.3053,ultramafic_simulated
POM278,NE,0.7791,ultramafic_simulated
POM279,NE,0.3145,mafic_volcanic_simulated
POM280,NE,0.7256,serpentinite_simulated
POM281,NW,0.5712,peridotite_simulated
POM282,NW,1.6647,serpentinite_simulated
POM283,NW,0.1387,alluvium
POM284,NW,0.8855,ultramafic_simulated
POM285,NW,2.8353,peridotite_simulated
POM286,NW,2.104,peridotite_simulated
POM287,NW,1.4587,serpentinite_simulated
POM288,NW,0.2759,mafic_volcanic_simulated
POM289,NW,0.4882,mafic_volcanic_simulated
POM290,NW,0.1663,alluvium
POM291,NE,1.9851,ultramafic_simulated
POM292,NE,1.5118,serpentinite_simulated
POM293,NE,0.5704,mafic_volcanic_simulated
POM294,NE,0.9945,serpentinite_simulated
POM295,NE,0.7975,peridotite_simulated
POM296,NE,0.5421,ultramafic_simulated
POM297,NE,0.1381,alluvium
POM298,NE,0.4022,mafic_volcanic_simulated
POM299,NE,0.5082,peridotite_simulated
POM300,NE,1.2253,peridotite_simulated
POM301,NW,0.7123,serpentinite_simulated
POM302,NW,1.7293,serpentinite_simulated
POM303,NW,0.7592,serpentinite_simulated
POM304,NW,1.3045,ultramafic_simulated
POM305,NW,1.998,peridotite_simulated
POM306,NW,3.0112,serpentinite_simulated
POM307,NW,0.1448,alluvium
POM308,NW,0.8079,peridotite_simulated
POM309,NW,1.9701,peridotite_simulated
POM310,NW,0.144,alluvium
POM311,NE,2.4995,serpentinite_simulated
POM312,NE,0.1351,alluvium
POM313,NE,0.5886,peridotite_simulated
POM314,NE,2.3399,serpentinite_simulated
POM315,NE,1.0167,serpentinite_simulated
POM316,NE,0.3633,mafic_volcanic_simulated
POM317,NE,1.0008,serpentinite_simulated
POM318,NE,0.1199,alluvium
POM319,NE,0.2193,mafic_volcanic_simulated
POM320,NE,0.3808,mafic_volcanic_simulated
POM321,NW,0.8097,ultramafic_simulated
POM322,NW,0.1148,alluvium
POM323,NW,0.4149,mafic_volcanic_simulated
POM324,NW,0.4512,serpentinite_simulated
POM325,NW,0.9041,peridotite_simulated
POM326,NW,0.4209,mafic_volcanic_simulated
POM327,NW,1.2744,peridotite_simulated
POM328,NW,1.1943,ultramafic_simulated
POM329,NW,0.8693,ultramafic_simulated
POM330,NW,1.9376,serpentinite_simulated
POM331,NE,0.1317,alluvium
POM332,NE,0.1381,alluvium
POM333,NE,0.158,alluvium
POM334,NE,1.2345,ultramafic_simulated
POM335,NE,0.1352,alluvium
POM336,NE,0.742,ultramafic_simulated
POM337,NE,0.4598,mafic_volcanic_simulated
POM338,NE,1.0464,peridotite_simulated
POM339,NE,0.1405,alluvium
POM340,NE,0.2867,mafic_volcanic_simulated
POM341,NW,0.7268,serpentinite_simulated
POM342,NW,0.2594,mafic_volcanic_simulated
POM343,NW,0.6958,ultramafic_simulated
POM344,NW,0.153,alluvium
POM345,NW,0.3595,mafic_volcanic_simulated
POM346,NW,2.4924,ultramafic_simulated
POM347,NW,0.6765,ultramafic_simulated
POM348,NW,1.2433,serpentinite_simulated
POM349,NW,0.2468,mafic_volcanic_simulated
POM350,NW,0.2847,mafic_volcanic_simulated
POM351,NE,0.1702,alluvium
POM352,NE,1.1644,peridotite_simulated
POM353,NE,1.4477,serpentinite_simulated
POM354,NE,0.7839,ultramafic_simulated
POM355,NE,0.987,ultramafic_simulated
POM356,NE,1.9044,serpentinite_simulated
POM357,NE,0.4397,mafic_volcanic_simulated
POM358,NE,0.7344,ultramafic_simulated
POM359,NE,1.1996,ultramafic_simulated
POM360,NE,1.4371,peridotite_simulated
POM361,NW,0.2798,mafic_volcanic_simulated
POM362,NW,1.2356,serpentinite_simulated
POM363,NW,0.3274,mafic_volcanic_simulated
POM364,NW,1.1275,ultramafic_simulated
POM365,NW,0.4934,peridotite_simulated
POM366,NW,0.1161,alluvium
POM367,NW,1.2661,ultramafic_simulated
POM368,NW,0.8957,peridotite_simulated
POM369,NW,1.3128,serpentinite_simulated
POM370,NW,0.3057,mafic_volcanic_simulated
POM371,NE,0.6303,ultramafic_simulated
POM372,NE,1.0898,ultramafic_simulated
POM373,NE,0.1329,alluvium
POM374,NE,1.8098,peridotite_simulated
POM375,NE,0.5686,peridotite_simulated
POM376,NE,0.1279,alluvium
POM377,NE,1.206,serpentinite_simulated
POM378,NE,0.2603,mafic_volcanic_simulated
POM379,NE,0.4681,mafic_volcanic_simulated
POM380,NE,1.2123,ultramafic_simulated
POM381,NW,0.1253,alluvium
POM382,NW,0.2286,mafic_volcanic_simulated
POM383,NW,1.1589,serpentinite_simulated
POM384,NW,1.2758,peridotite_simulated
POM385,NW,0.3165,mafic_volcanic_simulated
POM386,NW,0.2598,mafic_volcanic_simulated
POM387,NW,0.1314,alluvium
POM388,NW,1.8723,serpentinite_simulated
POM389,NW,0.664,serpentinite_simulated
POM390,NW,3.9994,serpentinite_simulated
POM391,NE,0.7317,peridotite_simulated
POM392,NE,1.2152,ultramafic_simulated
POM393,NE,1.3584,peridotite_simulated
POM394,NE,0.4707,mafic_volcanic_simulated
POM395,NE,0.7117,ultramafic_simulated
POM396,NE,0.1258,alluvium
POM397,NE,0.3197,mafic_volcanic_simulated
POM398,NE,1.1692,peridotite_simulated
POM399,NE,0.1509,alluvium
POM400,NE,0.3072,mafic_volcanic_simulated
GAG001,SW,1.6411,serpentinite_simulated
GAG002,SW,0.9816,serpentinite_simulated
GAG003,SW,0.5886,ultramafic_simulated
GAG004,SW,0.828,serpentinite_simulated
GAG005,SW,1.114,serpentinite_simulated
GAG006,SW,0.202,mafic_volcanic_simulated
GAG007,SW,0.2442,mafic_volcanic_simulated
GAG008,SW,3.3922,serpentinite_simulated
GAG009,SW,1.1784,peridotite_simulated
GAG010,SW,0.3175,mafic_volcanic_simulated
GAG011,SE,0.9244,serpentinite_simulated
GAG012,SE,1.1373,serpentinite_simulated
GAG013,SE,1.4989,serpentinite_simulated
GAG014,SE,1.9591,peridotite_simulated
GAG015,SE,0.2789,mafic_volcanic_simulated
GAG016,SE,0.824,serpentinite_simulated
GAG017,SE,0.6946,ultramafic_simulated
GAG018,SE,1.4188,peridotite_simulated
GAG019,SE,0.4933,peridotite_simulated
GAG020,SE,1.2224,peridotite_simulated
GAG021,SW,0.7495,peridotite_simulated
GAG022,SW,1.9304,peridotite_simulated
GAG023,SW,0.8714,serpentinite_simulated
GAG024,SW,1.2461,serpentinite_simulated
GAG025,SW,0.7256,peridotite_simulated
GAG026,SW,2.0449,serpentinite_simulated
GAG027,SW,0.5428,peridotite_simulated
GAG028,SW,0.1398,alluvium
GAG029,SW,3.0228,serpentinite_simulated
GAG030,SW,1.5672,peridotite_simulated
GAG031,SE,0.6945,serpentinite_simulated
GAG032,SE,0.3244,mafic_volcanic_simulated
GAG033,SE,1.8131,ultramafic_simulated
GAG034,SE,2.6747,serpentinite_simulated
GAG035,SE,1.5505,peridotite_simulated
GAG036,SE,0.6197,serpentinite_simulated
GAG037,SE,0.6974,ultramafic_simulated
GAG038,SE,1.0413,serpentinite_simulated
GAG039,SE,0.9172,peridotite_simulated
GAG040,SE,1.0402,ultramafic_simulated
GAG041,SW,0.318,mafic_volcanic_simulated
GAG042,SW,1.2983,peridotite_simulated
GAG043,SW,1.0787,serpentinite_simulated
GAG044,SW,1.0684,peridotite_simulated
GAG045,SW,1.0634,ultramafic_simulated
GAG046,SW,0.3065,mafic_volcanic_simulated
GAG047,SW,0.839,peridotite_simulated
GAG048,SW,1.1175,serpentinite_simulated
GAG049,SW,1.0321,serpentinite_simulated
GAG050,SW,1.486,serpentinite_simulated
GAG051,SE,0.3424,mafic_volcanic_simulated
GAG052,SE,1.6926,peridotite_simulated
GAG053,SE,0.1354,alluvium
GAG054,SE,0.1501,alluvium
GAG055,SE,1.2837,serpentinite_simulated
GAG056,SE,1.6233,serpentinite_simulated
GAG057,SE,2.1422,ultramafic_simulated
GAG058,SE,0.8872,ultramafic_simulated
GAG059,SE,0.9833,serpentinite_simulated
GAG060,SE,1.2605,serpentinite_simulated
GAG061,SW,0.8187,peridotite_simulated
GAG062,SW,1.1846,peridotite_simulated
GAG063,SW,1.2373,serpentinite_simulated
GAG064,SW,0.803,serpentinite_simulated
GAG065,SW,1.3061,serpentinite_simulated
GAG066,SW,1.3102,serpentinite_simulated
GAG067,SW,0.9771,serpentinite_simulated
GAG068,SW,0.8671,peridotite_simulated
GAG069,SW,1.723,peridotite_simulated
GAG070,SW,0.1368,alluvium
GAG071,SE,2.2547,serpentinite_simulated
GAG072,SE,0.9166,ultramafic_simulated
GAG073,SE,1.4372,peridotite_simulated
GAG074,SE,0.4083,mafic_volcanic_simulated
GAG075,SE,0.1494,alluvium
GAG076,SE,1.0761,peridotite_simulated
GAG077,SE,0.4949,ultramafic_simulated
GAG078,SE,0.6997,serpentinite_simulated
GAG079,SE,1.4111,serpentinite_simulated
GAG080,SE,0.7521,serpentinite_simulated
GAG081,SW,1.1252,ultramafic_simulated
GAG082,SW,1.4036,serpentinite_simulated
GAG083,SW,1.5272,serpentinite_simulated
GAG084,SW,1.2012,serpentinite_simulated
GAG085,SW,1.7034,serpentinite_simulated
GAG086,SW,0.8329,peridotite_simulated
GAG087,SW,1.375,peridotite_simulated
GAG088,SW,0.8347,peridotite_simulated
GAG089,SW,0.8613,peridotite_simulated
GAG090,SW,1.1408,serpentinite_simulated
GAG091,SE,1.1023,serpentinite_simulated
GAG092,SE,0.3445,mafic_volcanic_simulated
GAG093,SE,1.5524,serpentinite_simulated
GAG094,SE,1.1792,peridotite_simulated
GAG095,SE,1.1205,serpentinite_simulated
GAG096,SE,1.1718,peridotite_simulated
GAG097,SE,0.6889,serpentinite_simulated
GAG098,SE,0.7428,peridotite_simulated
GAG099,SE,0.2637,mafic_volcanic_simulated
GAG100,SE,1.3316,peridotite_simulated
GAG101,SW,0.6045,ultramafic_simulated
GAG102,SW,1.3523,serpentinite_simulated
GAG103,SW,0.7658,serpentinite_simulated
GAG104,SW,0.8656,peridotite_simulated
GAG105,SW,2.0509,peridotite_simulated
GAG106,SW,0.7728,serpentinite_simulated
GAG107,SW,1.3855,serpentinite_simulated
GAG108,SW,0.8795,ultramafic_simulated
GAG109,SW,1.0551,serpentinite_simulated
GAG110,SW,2.8911,ultramafic_simulated
GAG111,SE,1.2053,serpentinite_simulated
GAG112,SE,1.2842,serpentinite_simulated
GAG113,SE,0.7284,peridotite_simulated
GAG114,SE,0.1249,alluvium
GAG115,SE,0.9953,serpentinite_simulated
GAG116,SE,0.8893,serpentinite_simulated
GAG117,SE,1.7533,serpentinite_simulated
GAG118,SE,0.3182,mafic_volcanic_simulated
GAG119,SE,1.2572,ultramafic_simulated
GAG120,SE,0.8008,ultramafic_simulated
GAG121,SW,0.813,serpentinite_simulated
GAG122,SW,2.3391,serpentinite_simulated
GAG123,SW,1.6857,serpentinite_simulated
GAG124,SW,1.3492,peridotite_simulated
GAG125,SW,0.942,ultramafic_simulated
GAG126,SW,0.7436,serpentinite_simulated
GAG127,SW,1.367,serpentinite_simulated
GAG128,SW,1.7924,ultramafic_simulated
GAG129,SW,2.5543,ultramafic_simulated
GAG130,SW,2.1008,peridotite_simulated
GAG131,SE,3.0835,serpentinite_simulated
GAG132,SE,0.9333,peridotite_simulated
GAG133,SE,1.3074,serpentinite_simulated
GAG134,SE,1.5536,ultramafic_simulated
GAG135,SE,1.7536,ultramafic_simulated
GAG136,SE,0.9178,ultramafic_simulated
GAG137,SE,1.8436,serpentinite_simulated
GAG138,SE,1.565,peridotite_simulated
GAG139,SE,0.9915,peridotite_simulated
GAG140,SE,1.3751,serpentinite_simulated
GAG141,SW,1.2461,ultramafic_simulated
GAG142,SW,0.991,serpentinite_simulated
GAG143,SW,1.6055,peridotite_simulated
GAG144,SW,0.1162,alluvium
GAG145,SW,1.3655,peridotite_simulated
GAG146,SW,0.6327,serpentinite_simulated
GAG147,SW,1.4164,ultramafic_simulated
GAG148,SW,1.7048,peridotite_simulated
GAG149,SW,0.3547,mafic_volcanic_simulated
GAG150,SW,0.2568,mafic_volcanic_simulated
GAG151,SE,1.2598,serpentinite_simulated
GAG152,SE,0.8163,peridotite_simulated
GAG153,SE,0.1725,alluvium
GAG154,SE,1.6884,serpentinite_simulated
GAG155,SE,1.5452,ultramafic_simulated
GAG156,SE,0.7381,serpentinite_simulated
GAG157,SE,1.6242,serpentinite_simulated
GAG158,SE,0.9374,peridotite_simulated
GAG159,SE,0.9797,peridotite_simulated
GAG160,SE,1.4812,serpentinite_simulated
GAG161,SW,1.8965,serpentinite_simulated
GAG162,SW,1.1109,peridotite_simulated
GAG163,SW,1.7889,serpentinite_simulated
GAG164,SW,0.3914,mafic_volcanic_simulated
GAG165,SW,0.8443,peridotite_simulated
GAG166,SW,1.1049,serpentinite_simulated
GAG167,SW,0.1202,alluvium
GAG168,SW,0.1591,alluvium
GAG169,SW,1.4071,serpentinite_simulated
GAG170,SW,0.1556,alluvium
GAG171,SE,1.9199,ultramafic_simulated
GAG172,SE,0.1756,alluvium
GAG173,SE,0.1491,alluvium
GAG174,SE,2.1953,serpentinite_simulated
GAG175,SE,1.8069,ultramafic_simulated
GAG176,SE,0.3006,mafic_volcanic_simulated
GAG177,SE,0.9311,ultramafic_simulated
GAG178,SE,1.0039,ultramafic_simulated
GAG179,SE,0.1534,alluvium
GAG180,SE,0.494,mafic_volcanic_simulated
GAG181,SW,1.0884,ultramafic_simulated
GAG182,SW,0.3122,mafic_volcanic_simulated
GAG183,SW,0.2924,mafic_volcanic_simulated
GAG184,SW,0.8137,peridotite_simulated
GAG185,SW,1.6636,peridotite_simulated
GAG186,SW,0.3543,mafic_volcanic_simulated
GAG187,SW,0.9815,peridotite_simulated
GAG188,SW,0.3372,mafic_volcanic_simulated
GAG189,SW,0.6076,mafic_volcanic_simulated
GAG190,SW,3.0859,ultramafic_simulated
GAG191,SE,0.4696,mafic_volcanic_simulated
GAG192,SE,0.6101,peridotite_simulated
GAG193,SE,1.995,peridotite_simulated
GAG194,SE,1.5836,ultramafic_simulated
GAG195,SE,0.8296,ultramafic_simulated
GAG196,SE,2.1521,serpentinite_simulated
GAG197,SE,1.54,serpentinite_simulated
GAG198,SE,0.5531,peridotite_simulated
GAG199,SE,0.3426,mafic_volcanic_simulated
GAG200,SE,0.1433,alluvium
GAG201,NW,0.5197,peridotite_simulated
GAG202,NW,0.5912,ultramafic_simulated
GAG203,NW,2.0131,serpentinite_simulated
GAG204,NW,2.0401,peridotite_simulated
GAG205,NW,1.494,ultramafic_simulated
GAG206,NW,1.2926,peridotite_simulated
GAG207,NW,0.1392,alluvium
GAG208,NW,1.2248,ultramafic_simulated
GAG209,NW,1.7988,serpentinite_simulated
GAG210,NW,1.9703,serpentinite_simulated
GAG211,NE,1.9158,ultramafic_simulated
GAG212,NE,1.2717,ultramafic_simulated
GAG213,NE,1.4107,ultramafic_simulated
GAG214,NE,1.3239,serpentinite_simulated
GAG215,NE,0.1653,alluvium
GAG216,NE,1.3795,ultramafic_simulated
GAG217,NE,2.1472,serpentinite_simulated
GAG218,NE,0.7237,peridotite_simulated
GAG219,NE,0.9242,ultramafic_simulated
GAG220,NE,0.131,alluvium
GAG221,NW,0.9952,ultramafic_simulated
GAG222,NW,0.61,peridotite_simulated
GAG223,NW,2.5276,serpentinite_simulated
GAG224,NW,0.8848,peridotite_simulated
GAG225,NW,0.4342,mafic_volcanic_simulated
GAG226,NW,2.4142,serpentinite_simulated
GAG227,NW,2.3308,ultramafic_simulated
GAG228,NW,1.1382,peridotite_simulated
GAG229,NW,0.4956,serpentinite_simulated
GAG230,NW,0.1839,alluvium
GAG231,NE,1.3962,serpentinite_simulated
GAG232,NE,2.7057,serpentinite_simulated
GAG233,NE,1.5098,peridotite_simulated
GAG234,NE,1.9479,serpentinite_simulated
GAG235,NE,2.5482,serpentinite_simulated
GAG236,NE,0.9463,ultramafic_simulated
GAG237,NE,0.1563,alluvium
GAG238,NE,0.8624,serpentinite_simulated
GAG239,NE,0.6299,serpentinite_simulated
GAG240,NE,0.1136,alluvium
GAG241,NW,1.8324,serpentinite_simulated
GAG242,NW,0.6431,peridotite_simulated
GAG243,NW,1.6786,peridotite_simulated
GAG244,NW,0.9594,ultramafic_simulated
GAG245,NW,1.3102,serpentinite_simulated
GAG246,NW,2.2433,serpentinite_simulated
GAG247,NW,1.3658,peridotite_simulated
GAG248,NW,0.5941,serpentinite_simulated
GAG249,NW,0.3125,mafic_volcanic_simulated
GAG250,NW,1.1616,serpentinite_simulated
GAG251,NE,2.157,peridotite_simulated
GAG252,NE,1.3093,serpentinite_simulated
GAG253,NE,1.0212,serpentinite_simulated
GAG254,NE,1.5711,peridotite_simulated
GAG255,NE,1.1,peridotite_simulated
GAG256,NE,3.3552,serpentinite_simulated
GAG257,NE,1.4665,serpentinite_simulated
GAG258,NE,1.1581,ultramafic_simulated
GAG259,NE,0.1343,alluvium
GAG260,NE,1.0608,serpentinite_simulated
GAG261,NW,0.3265,mafic_volcanic_simulated
GAG262,NW,0.9601,peridotite_simulated
GAG263,NW,0.8334,ultramafic_simulated
GAG264,NW,1.3963,ultramafic_simulated
GAG265,NW,0.3841,mafic_volcanic_simulated
GAG266,NW,1.4667,serpentinite_simulated
GAG267,NW,1.4052,serpentinite_simulated
GAG268,NW,0.687,peridotite_simulated
GAG269,NW,0.9119,peridotite_simulated
GAG270,NW,1.7585,peridotite_simulated
GAG271,NE,0.3643,mafic_volcanic_simulated
GAG272,NE,2.0366,serpentinite_simulated
GAG273,NE,1.9446,peridotite_simulated
GAG274,NE,0.8202,serpentinite_simulated
GAG275,NE,0.7703,peridotite_simulated
GAG276,NE,2.1988,ultramafic_simulated
GAG277,NE,0.1545,alluvium
GAG278,NE,0.1281,alluvium
GAG279,NE,1.8893,serpentinite_simulated
GAG280,NE,1.5245,ultramafic_simulated
GAG281,NW,1.3491,serpentinite_simulated
GAG282,NW,0.8178,peridotite_simulated
GAG283,NW,1.0352,peridotite_simulated
GAG284,NW,0.4656,peridotite_simulated
GAG285,NW,0.6366,peridotite_simulated
GAG286,NW,0.3758,mafic_volcanic_simulated
GAG287,NW,1.5858,serpentinite_simulated
GAG288,NW,1.1013,peridotite_simulated
GAG289,NW,0.541,mafic_volcanic_simulated
GAG290,NW,1.6809,serpentinite_simulated
GAG291,NE,0.769,ultramafic_simulated
GAG292,NE,1.3577,peridotite_simulated
GAG293,NE,1.0405,serpentinite_simulated
GAG294,NE,1.5594,serpentinite_simulated
GAG295,NE,1.6403,serpentinite_simulated
GAG296,NE,2.4559,ultramafic_simulated
GAG297,NE,1.323,peridotite_simulated
GAG298,NE,2.2769,serpentinite_simulated
GAG299,NE,1.831,serpentinite_simulated
GAG300,NE,1.4547,ultramafic_simulated
GAG301,NW,0.5618,ultramafic_simulated
GAG302,NW,2.1114,serpentinite_simulated
GAG303,NW,0.319,mafic_volcanic_simulated
GAG304,NW,1.1286,serpentinite_simulated
GAG305,NW,0.8134,ultramafic_simulated
GAG306,NW,1.0153,peridotite_simulated
GAG307,NW,0.1544,alluvium
GAG308,NW,0.1387,alluvium
GAG309,NW,1.2655,serpentinite_simulated
GAG310,NW,1.2783,serpentinite_simulated
GAG311,NE,2.0084,serpentinite_simulated
GAG312,NE,0.1384,alluvium
GAG313,NE,1.4464,serpentinite_simulated
GAG314,NE,0.8223,serpentinite_simulated
GAG315,NE,0.6471,serpentinite_simulated
GAG316,NE,1.2211,serpentinite_simulated
GAG317,NE,0.5305,mafic_volcanic_simulated
GAG318,NE,0.7355,serpentinite_simulated
GAG319,NE,0.9174,serpentinite_simulated
GAG320,NE,0.1278,alluvium
GAG321,NW,0.4547,ultramafic_simulated
GAG322,NW,1.5649,peridotite_simulated
GAG323,NW,1.409,serpentinite_simulated
GAG324,NW,0.6242,peridotite_simulated
GAG325,NW,1.1393,peridotite_simulated
GAG326,NW,1.4582,serpentinite_simulated
GAG327,NW,1.396,serpentinite_simulated
GAG328,NW,0.2761,mafic_volcanic_simulated
GAG329,NW,0.1368,alluvium
GAG330,NW,1.2712,ultramafic_simulated
GAG331,NE,1.0464,serpentinite_simulated
GAG332,NE,0.8367,ultramafic_simulated
GAG333,NE,2.1751,serpentinite_simulated
GAG334,NE,1.6987,serpentinite_simulated
GAG335,NE,1.3494,serpentinite_simulated
GAG336,NE,0.284,mafic_volcanic_simulated
GAG337,NE,0.8899,peridotite_simulated
GAG338,NE,1.4221,serpentinite_simulated
GAG339,NE,2.2768,peridotite_simulated
GAG340,NE,0.4392,mafic_volcanic_simulated
GAG341,NW,0.3371,mafic_volcanic_simulated
GAG342,NW,0.2758,mafic_volcanic_simulated
GAG343,NW,1.0863,serpentinite_simulated
GAG344,NW,1.7759,ultramafic_simulated
GAG345,NW,0.1177,alluvium
GAG346,NW,0.6475,ultramafic_simulated
GAG347,NW,0.7886,serpentinite_simulated
GAG348,NW,0.1289,alluvium
GAG349,NW,1.0875,ultramafic_simulated
GAG350,NW,0.596,ultramafic_simulated
GAG351,NE,1.3433,peridotite_simulated
GAG352,NE,2.475,serpentinite_simulated
GAG353,NE,0.142,alluvium
GAG354,NE,0.6505,ultramafic_simulated
GAG355,NE,0.3952,mafic_volcanic_simulated
GAG356,NE,1.4651,serpentinite_simulated
GAG357,NE,0.7945,ultramafic_simulated
GAG358,NE,0.1676,alluvium
GAG359,NE,0.8318,serpentinite_simulated
GAG360,NE,0.6117,ultramafic_simulated
GAG361,NW,0.3114,mafic_volcanic_simulated
GAG362,NW,1.4395,peridotite_simulated
GAG363,NW,1.2209,serpentinite_simulated
GAG364,NW,0.5361,serpentinite_simulated
GAG365,NW,1.0292,peridotite_simulated
GAG366,NW,0.8096,serpentinite_simulated
GAG367,NW,0.4022,peridotite_simulated
GAG368,NW,1.0165,serpentinite_simulated
GAG369,NW,0.8917,ultramafic_simulated
GAG370,NW,0.6708,peridotite_simulated
GAG371,NE,1.2469,serpentinite_simulated
GAG372,NE,0.9981,ultramafic_simulated
GAG373,NE,1.2372,serpentinite_simulated
GAG374,NE,1.2373,ultramafic_simulated
GAG375,NE,0.1406,alluvium
GAG376,NE,0.9501,peridotite_simulated
GAG377,NE,1.1284,peridotite_simulated
GAG378,NE,0.8391,peridotite_simulated
GAG379,NE,1.4691,serpentinite_simulated
GAG380,NE,0.6809,peridotite_simulated
GAG381,NW,0.4211,mafic_volcanic_simulated
GAG382,NW,1.0185,peridotite_simulated
GAG383,NW,0.9796,ultramafic_simulated
GAG384,NW,0.4813,serpentinite_simulated
GAG385,NW,0.3368,mafic_volcanic_simulated
GAG386,NW,0.7026,peridotite_simulated
GAG387,NW,0.463,peridotite_simulated
GAG388,NW,1.3344,peridotite_simulated
GAG389,NW,1.2703,peridotite_simulated
GAG390,NW,0.469,mafic_volcanic_simulated
GAG391,NE,0.9233,peridotite_simulated
GAG392,NE,0.9675,serpentinite_simulated
GAG393,NE,0.3967,mafic_volcanic_simulated
GAG394,NE,1.1002,serpentinite_simulated
GAG395,NE,1.3318,serpentinite_simulated
GAG396,NE,0.7503,peridotite_simulated
GAG397,NE,0.607,serpentinite_simulated
GAG398,NE,1.1862,ultramafic_simulated
GAG399,NE,0.9935,peridotite_simulated
GAG400,NE,1.0824,serpentinite_simulated
OBI001,SW,0.2026,mafic_volcanic_simulated
OBI002,SW,1.5421,peridotite_simulated
OBI003,SW,0.3373,mafic_volcanic_simulated
OBI004,SW,0.4387,peridotite_simulated
OBI005,SW,0.36,mafic_volcanic_simulated
OBI006,SW,0.661,ultramafic_simulated
OBI007,SW,1.7573,peridotite_simulated
OBI008,SW,0.1334,alluvium
OBI009,SW,1.4467,peridotite_simulated
OBI010,SW,1.2261,peridotite_simulated
OBI011,SE,0.346,mafic_volcanic_simulated
OBI012,SE,0.7275,peridotite_simulated
OBI013,SE,0.1971,mafic_volcanic_simulated
OBI014,SE,0.3189,mafic_volcanic_simulated
OBI015,SE,0.2747,mafic_volcanic_simulated
OBI016,SE,1.2614,serpentinite_simulated
OBI017,SE,0.9572,serpentinite_simulated
OBI018,SE,0.9496,peridotite_simulated
OBI019,SE,1.7363,peridotite_simulated
OBI020,SE,0.6387,peridotite_simulated
OBI021,SW,0.8984,serpentinite_simulated
OBI022,SW,0.513,ultramafic_simulated
OBI023,SW,0.8466,peridotite_simulated
OBI024,SW,0.7056,ultramafic_simulated
OBI025,SW,0.1364,alluvium
OBI026,SW,0.3587,mafic_volcanic_simulated
OBI027,SW,0.3218,mafic_volcanic_simulated
OBI028,SW,0.2906,mafic_volcanic_simulated
OBI029,SW,2.1268,serpentinite_simulated
OBI030,SW,0.3636,mafic_volcanic_simulated
OBI031,SE,1.0871,serpentinite_simulated
OBI032,SE,1.4629,ultramafic_simulated
OBI033,SE,2.0512,serpentinite_simulated
OBI034,SE,0.7333,serpentinite_simulated
OBI035,SE,0.8532,ultramafic_simulated
OBI036,SE,1.5135,ultramafic_simulated
OBI037,SE,0.15,alluvium
OBI038,SE,1.2939,peridotite_simulated
OBI039,SE,0.8882,peridotite_simulated
OBI040,SE,0.8517,peridotite_simulated
OBI041,SW,1.2716,serpentinite_simulated
OBI042,SW,1.0993,serpentinite_simulated
OBI043,SW,0.873,peridotite_simulated
OBI044,SW,1.145,peridotite_simulated
OBI045,SW,1.0275,peridotite_simulated
OBI046,SW,0.5182,serpentinite_simulated
OBI047,SW,0.7057,serpentinite_simulated
OBI048,SW,0.5438,ultramafic_simulated
OBI049,SW,1.7892,serpentinite_simulated
OBI050,SW,1.5239,serpentinite_simulated
OBI051,SE,0.663,ultramafic_simulated
OBI052,SE,0.6807,peridotite_simulated
OBI053,SE,1.535,peridotite_simulated
OBI054,SE,1.928,peridotite_simulated
OBI055,SE,1.8314,serpentinite_simulated
OBI056,SE,1.3339,peridotite_simulated
OBI057,SE,2.4944,ultramafic_simulated
OBI058,SE,1.7538,serpentinite_simulated
OBI059,SE,0.1332,alluvium
OBI060,SE,0.4086,mafic_volcanic_simulated
OBI061,SW,1.483,serpentinite_simulated
OBI062,SW,0.3586,serpentinite_simulated
OBI063,SW,0.7321,peridotite_simulated
OBI064,SW,0.2653,mafic_volcanic_simulated
OBI065,SW,1.0007,serpentinite_simulated
OBI066,SW,1.3043,serpentinite_simulated
OBI067,SW,0.9743,serpentinite_simulated
OBI068,SW,0.134,alluvium
OBI069,SW,2.0034,serpentinite_simulated
OBI070,SW,0.6695,serpentinite_simulated
OBI071,SE,0.507,ultramafic_simulated
OBI072,SE,1.6329,serpentinite_simulated
OBI073,SE,1.7797,serpentinite_simulated
OBI074,SE,1.4724,peridotite_simulated
OBI075,SE,0.1278,alluvium
OBI076,SE,1.1616,serpentinite_simulated
OBI077,SE,1.546,serpentinite_simulated
OBI078,SE,3.0352,serpentinite_simulated
OBI079,SE,0.9219,serpentinite_simulated
OBI080,SE,0.8608,peridotite_simulated
OBI081,SW,2.1781,serpentinite_simulated
OBI082,SW,0.8592,ultramafic_simulated
OBI083,SW,0.1234,alluvium
OBI084,SW,1.5758,ultramafic_simulated
OBI085,SW,1.2495,serpentinite_simulated
OBI086,SW,0.2261,mafic_volcanic_simulated
OBI087,SW,0.3809,mafic_volcanic_simulated
OBI088,SW,1.9366,serpentinite_simulated
OBI089,SW,0.3256,mafic_volcanic_simulated
OBI090,SW,1.7425,peridotite_simulated
OBI091,SE,1.2754,serpentinite_simulated
OBI092,SE,1.9188,peridotite_simulated
OBI093,SE,1.3506,peridotite_simulated
OBI094,SE,1.2639,ultramafic_simulated
OBI095,SE,0.9808,serpentinite_simulated
OBI096,SE,0.7642,serpentinite_simulated
OBI097,SE,0.7812,ultramafic_simulated
OBI098,SE,0.1656,alluvium
OBI099,SE,0.1402,alluvium
OBI100,SE,1.533,serpentinite_simulated
OBI101,SW,2.1332,peridotite_simulated
OBI102,SW,0.1229,alluvium
OBI103,SW,0.8579,ultramafic_simulated
OBI104,SW,1.4405,peridotite_simulated
OBI105,SW,0.7353,serpentinite_simulated
OBI106,SW,0.3857,mafic_volcanic_simulated
OBI107,SW,1.5972,serpentinite_simulated
OBI108,SW,0.5098,mafic_volcanic_simulated
OBI109,SW,0.9281,peridotite_simulated
OBI110,SW,1.9294,serpentinite_simulated
OBI111,SE,0.3314,mafic_volcanic_simulated
OBI112,SE,0.6664,peridotite_simulated
OBI113,SE,2.2438,serpentinite_simulated
OBI114,SE,1.632,ultramafic_simulated
OBI115,SE,0.9907,serpentinite_simulated
OBI116,SE,0.3663,mafic_volcanic_simulated
OBI117,SE,0.3765,mafic_volcanic_simulated
OBI118,SE,0.91,peridotite_simulated
OBI119,SE,1.2526,serpentinite_simulated
OBI120,SE,0.6836,peridotite_simulated
OBI121,SW,1.2992,peridotite_simulated
OBI122,SW,0.3588,mafic_volcanic_simulated
OBI123,SW,0.1122,alluvium
OBI124,SW,0.5779,ultramafic_simulated
OBI125,SW,2.6091,serpentinite_simulated
OBI126,SW,1.148,serpentinite_simulated
OBI127,SW,1.0134,peridotite_simulated
OBI128,SW,2.356,serpentinite_simulated
OBI129,SW,2.1093,serpentinite_simulated
OBI130,SW,0.2638,mafic_volcanic_simulated
OBI131,SE,1.7352,ultramafic_simulated
OBI132,SE,0.5977,peridotite_simulated
OBI133,SE,0.3848,mafic_volcanic_simulated
OBI134,SE,1.7611,peridotite_simulated
OBI135,SE,0.5138,serpentinite_simulated
OBI136,SE,0.9697,peridotite_simulated
OBI137,SE,0.9278,serpentinite_simulated
OBI138,SE,1.1973,peridotite_simulated
OBI139,SE,1.2048,serpentinite_simulated
OBI140,SE,1.4788,peridotite_simulated
OBI141,SW,2.287,serpentinite_simulated
OBI142,SW,0.1495,alluvium
OBI143,SW,0.8128,ultramafic_simulated
OBI144,SW,1.4974,serpentinite_simulated
OBI145,SW,0.8852,ultramafic_simulated
OBI146,SW,0.4612,mafic_volcanic_simulated
OBI147,SW,0.8979,peridotite_simulated
OBI148,SW,0.1624,alluvium
OBI149,SW,2.0657,ultramafic_simulated
OBI150,SW,0.1764,alluvium
OBI151,SE,1.1076,serpentinite_simulated
OBI152,SE,2.7049,serpentinite_simulated
OBI153,SE,0.1644,alluvium
OBI154,SE,1.8751,peridotite_simulated
OBI155,SE,1.5827,serpentinite_simulated
OBI156,SE,0.4227,mafic_volcanic_simulated
OBI157,SE,1.6277,serpentinite_simulated
OBI158,SE,2.234,ultramafic_simulated
OBI159,SE,1.1279,serpentinite_simulated
OBI160,SE,1.3714,serpentinite_simulated
OBI161,SW,1.9134,ultramafic_simulated
OBI162,SW,0.154,alluvium
OBI163,SW,1.5745,ultramafic_simulated
OBI164,SW,1.7193,serpentinite_simulated
OBI165,SW,1.7652,serpentinite_simulated
OBI166,SW,2.4394,serpentinite_simulated
OBI167,SW,2.223,peridotite_simulated
OBI168,SW,1.0456,serpentinite_simulated
OBI169,SW,1.851,peridotite_simulated
OBI170,SW,1.2751,ultramafic_simulated
OBI171,SE,1.2169,ultramafic_simulated
OBI172,SE,0.9623,serpentinite_simulated
OBI173,SE,0.5232,mafic_volcanic_simulated
OBI174,SE,0.8766,peridotite_simulated
OBI175,SE,0.696,ultramafic_simulated
OBI176,SE,1.4324,serpentinite_simulated
OBI177,SE,0.7783,serpentinite_simulated
OBI178,SE,0.9543,serpentinite_simulated
OBI179,SE,1.0391,serpentinite_simulated
OBI180,SE,0.8155,serpentinite_simulated
OBI181,SW,1.1425,peridotite_simulated
OBI182,SW,1.7693,serpentinite_simulated
OBI183,SW,1.7895,serpentinite_simulated
OBI184,SW,0.8277,serpentinite_simulated
OBI185,SW,1.5178,serpentinite_simulated
OBI186,SW,0.5319,mafic_volcanic_simulated
OBI187,SW,1.0884,peridotite_simulated
OBI188,SW,0.9177,serpentinite_simulated
OBI189,SW,1.0073,ultramafic_simulated
OBI190,SW,1.081,ultramafic_simulated
OBI191,SE,1.2778,ultramafic_simulated
OBI192,SE,1.2529,ultramafic_simulated
OBI193,SE,1.1227,ultramafic_simulated
OBI194,SE,1.5445,serpentinite_simulated
OBI195,SE,1.1768,ultramafic_simulated
OBI196,SE,0.1553,alluvium
OBI197,SE,1.5529,ultramafic_simulated
OBI198,SE,0.6746,ultramafic_simulated
OBI199,SE,0.5368,peridotite_simulated
OBI200,SE,1.1432,peridotite_simulated
OBI201,NW,0.9478,peridotite_simulated
OBI202,NW,1.4135,serpentinite_simulated
OBI203,NW,1.0439,ultramafic_simulated
OBI204,NW,2.7864,peridotite_simulated
OBI205,NW,1.0777,serpentinite_simulated
OBI206,NW,0.1451,alluvium
OBI207,NW,1.3322,ultramafic_simulated
OBI208,NW,1.4121,serpentinite_simulated
OBI209,NW,1.6888,peridotite_simulated
OBI210,NW,4.4111,serpentinite_simulated
OBI211,NE,3.1791,serpentinite_simulated
OBI212,NE,1.1047,ultramafic_simulated
OBI213,NE,1.1128,serpentinite_simulated
OBI214,NE,0.3302,mafic_volcanic_simulated
OBI215,NE,0.8207,serpentinite_simulated
OBI216,NE,1.8176,peridotite_simulated
OBI217,NE,1.5902,peridotite_simulated
OBI218,NE,0.1496,alluvium
OBI219,NE,1.2512,serpentinite_simulated
OBI220,NE,0.7611,serpentinite_simulated
OBI221,NW,0.6408,ultramafic_simulated
OBI222,NW,0.4483,peridotite_simulated
OBI223,NW,0.9582,peridotite_simulated
OBI224,NW,0.439,mafic_volcanic_simulated
OBI225,NW,0.62,ultramafic_simulated
OBI226,NW,1.4769,serpentinite_simulated
OBI227,NW,1.6317,peridotite_simulated
OBI228,NW,0.2748,mafic_volcanic_simulated
OBI229,NW,0.6863,ultramafic_simulated
OBI230,NW,1.0949,peridotite_simulated
OBI231,NE,1.022,peridotite_simulated
OBI232,NE,0.4996,mafic_volcanic_simulated
OBI233,NE,1.2741,serpentinite_simulated
OBI234,NE,1.1606,ultramafic_simulated
OBI235,NE,0.3952,mafic_volcanic_simulated
OBI236,NE,0.8378,ultramafic_simulated
OBI237,NE,0.1549,alluvium
OBI238,NE,1.7096,serpentinite_simulated
OBI239,NE,0.4757,serpentinite_simulated
OBI240,NE,1.8499,serpentinite_simulated
OBI241,NW,0.1223,alluvium
OBI242,NW,1.0935,serpentinite_simulated
OBI243,NW,1.223,ultramafic_simulated
OBI244,NW,1.2564,peridotite_simulated
OBI245,NW,1.1691,peridotite_simulated
OBI246,NW,0.9073,serpentinite_simulated
OBI247,NW,0.4044,mafic_volcanic_simulated
OBI248,NW,0.5727,mafic_volcanic_simulated
OBI249,NW,1.7943,serpentinite_simulated
OBI250,NW,0.1673,alluvium
OBI251,NE,0.1682,alluvium
OBI252,NE,1.2911,peridotite_simulated
OBI253,NE,0.1904,alluvium
OBI254,NE,1.509,serpentinite_simulated
OBI255,NE,0.369,mafic_volcanic_simulated
OBI256,NE,1.139,serpentinite_simulated
OBI257,NE,0.1458,alluvium
OBI258,NE,2.3854,serpentinite_simulated
OBI259,NE,0.353,mafic_volcanic_simulated
OBI260,NE,0.7722,peridotite_simulated
OBI261,NW,0.2264,mafic_volcanic_simulated
OBI262,NW,1.9086,serpentinite_simulated
OBI263,NW,0.9141,ultramafic_simulated
OBI264,NW,1.4001,peridotite_simulated
OBI265,NW,0.599,ultramafic_simulated
OBI266,NW,1.2422,serpentinite_simulated
OBI267,NW,1.4882,serpentinite_simulated
OBI268,NW,1.6659,peridotite_simulated
OBI269,NW,1.5075,serpentinite_simulated
OBI270,NW,2.3577,serpentinite_simulated
OBI271,NE,1.3236,peridotite_simulated
OBI272,NE,1.4925,serpentinite_simulated
OBI273,NE,1.0202,ultramafic_simulated
OBI274,NE,0.3639,mafic_volcanic_simulated
OBI275,NE,1.4964,serpentinite_simulated
OBI276,NE,2.0584,ultramafic_simulated
OBI277,NE,1.9901,peridotite_simulated
OBI278,NE,1.1281,ultramafic_simulated
OBI279,NE,1.8046,ultramafic_simulated
OBI280,NE,0.7777,peridotite_simulated
OBI281,NW,0.475,serpentinite_simulated
OBI282,NW,0.318,mafic_volcanic_simulated
OBI283,NW,1.9481,serpentinite_simulated
OBI284,NW,0.4787,mafic_volcanic_simulated
OBI285,NW,0.272,mafic_volcanic_simulated
OBI286,NW,0.4659,mafic_volcanic_simulated
OBI287,NW,0.1568,alluvium
OBI288,NW,1.4387,ultramafic_simulated
OBI289,NW,2.8114,serpentinite_simulated
OBI290,NW,1.8808,serpentinite_simulated
OBI291,NE,1.4395,serpentinite_simulated
OBI292,NE,0.132,alluvium
OBI293,NE,1.5354,ultramafic_simulated
OBI294,NE,1.175,serpentinite_simulated
OBI295,NE,0.9776,ultramafic_simulated
OBI296,NE,0.3959,peridotite_simulated
OBI297,NE,0.8557,ultramafic_simulated
OBI298,NE,0.9817,ultramafic_simulated
OBI299,NE,1.1086,ultramafic_simulated
OBI300,NE,1.0836,serpentinite_simulated
OBI301,NW,1.0606,serpentinite_simulated
OBI302,NW,0.75,serpentinite_simulated
OBI303,NW,0.6364,ultramafic_simulated
OBI304,NW,1.4675,ultramafic_simulated
OBI305,NW,1.1072,serpentinite_simulated
OBI306,NW,0.6331,ultramafic_simulated
OBI307,NW,1.0189,serpentinite_simulated
OBI308,NW,1.306,serpentinite_simulated
OBI309,NW,0.4054,mafic_volcanic_simulated
OBI310,NW,0.1432,alluvium
OBI311,NE,2.187,ultramafic_simulated
OBI312,NE,0.412,mafic_volcanic_simulated
OBI313,NE,0.8445,serpentinite_simulated
OBI314,NE,0.5686,serpentinite_simulated
OBI315,NE,1.1451,peridotite_simulated
OBI316,NE,0.6785,peridotite_simulated
OBI317,NE,0.7859,peridotite_simulated
OBI318,NE,1.9417,peridotite_simulated
OBI319,NE,0.9172,ultramafic_simulated
OBI320,NE,2.0714,peridotite_simulated
OBI321,NW,0.1379,alluvium
OBI322,NW,2.0692,serpentinite_simulated
OBI323,NW,0.8302,peridotite_simulated
OBI324,NW,1.3873,ultramafic_simulated
OBI325,NW,1.5694,peridotite_simulated
OBI326,NW,0.4885,mafic_volcanic_simulated
OBI327,NW,1.66,serpentinite_simulated
OBI328,NW,1.2126,serpentinite_simulated
OBI329,NW,2.1667,serpentinite_simulated
OBI330,NW,1.7271,peridotite_simulated
OBI331,NE,1.399,peridotite_simulated
OBI332,NE,1.1195,ultramafic_simulated
OBI333,NE,0.3593,mafic_volcanic_simulated
OBI334,NE,1.3986,peridotite_simulated
OBI335,NE,1.383,peridotite_simulated
OBI336,NE,1.2813,serpentinite_simulated
OBI337,NE,0.6707,serpentinite_simulated
OBI338,NE,0.6053,ultramafic_simulated
OBI339,NE,1.1114,peridotite_simulated
OBI340,NE,1.1951,serpentinite_simulated
OBI341,NW,0.1132,alluvium
OBI342,NW,1.0452,serpentinite_simulated
OBI343,NW,0.73,serpentinite_simulated
OBI344,NW,1.0162,serpentinite_simulated
OBI345,NW,0.5682,ultramafic_simulated
OBI346,NW,0.7871,ultramafic_simulated
OBI347,NW,1.2563,ultramafic_simulated
OBI348,NW,1.9276,ultramafic_simulated
OBI349,NW,0.7416,ultramafic_simulated
OBI350,NW,3.2307,serpentinite_simulated
OBI351,NE,0.6952,serpentinite_simulated
OBI352,NE,0.8476,peridotite_simulated
OBI353,NE,1.5881,peridotite_simulated
OBI354,NE,2.0337,serpentinite_simulated
OBI355,NE,0.5032,peridotite_simulated
OBI356,NE,0.9543,serpentinite_simulated
OBI357,NE,2.3666,serpentinite_simulated
OBI358,NE,0.7801,ultramafic_simulated
OBI359,NE,2.0515,ultramafic_simulated
OBI360,NE,0.8645,peridotite_simulated
OBI361,NW,0.1107,alluvium
OBI362,NW,0.6036,serpentinite_simulated
OBI363,NW,1.4613,ultramafic_simulated
OBI364,NW,0.7033,serpentinite_simulated
OBI365,NW,0.9834,peridotite_simulated
OBI366,NW,1.1346,serpentinite_simulated
OBI367,NW,0.9685,serpentinite_simulated
OBI368,NW,0.9608,serpentinite_simulated
OBI369,NW,0.3443,mafic_volcanic_simulated
OBI370,NW,1.0084,peridotite_simulated
OBI371,NE,3.032,serpentinite_simulated
OBI372,NE,1.1406,serpentinite_simulated
OBI373,NE,1.2035,peridotite_simulated
OBI374,NE,0.4338,mafic_volcanic_simulated
OBI375,NE,2.4448,peridotite_simulated
OBI376,NE,1.4917,serpentinite_simulated
OBI377,NE,1.1423,peridotite_simulated
OBI378,NE,1.3021,serpentinite_simulated
OBI379,NE,0.3899,mafic_volcanic_simulated
OBI380,NE,0.5448,ultramafic_simulated
OBI381,NW,0.6989,ultramafic_simulated
OBI382,NW,0.531,peridotite_simulated
OBI383,NW,0.4803,serpentinite_simulated
OBI384,NW,0.1226,alluvium
OBI385,NW,0.5108,ultramafic_simulated
OBI386,NW,0.5037,peridotite_simulated
OBI387,NW,0.6489,serpentinite_simulated
OBI388,NW,1.374,ultramafic_simulated
OBI389,NW,1.6489,serpentinite_simulated
OBI390,NW,1.4431,ultramafic_simulated
OBI391,NE,0.9584,serpentinite_simulated
OBI392,NE,0.1287,alluvium
OBI393,NE,1.1253,serpentinite_simulated
OBI394,NE,0.5706,serpentinite_simulated
OBI395,NE,2.6027,serpentinite_simulated
OBI396,NE,1.2946,peridotite_simulated
OBI397,NE,0.1134,alluvium
OBI398,NE,0.9894,serpentinite_simulated
OBI399,NE,0.31,mafic_volcanic_simulated
OBI400,NE,1.9533,peridotite_simulated
KON001,SW,0.6076,ultramafic_simulated
KON002,SW,0.5308,peridotite_simulated
KON003,SW,1.8333,serpentinite_simulated
KON004,SW,0.5532,ultramafic_simulated
KON005,SW,1.0491,peridotite_simulated
KON006,SW,0.2136,ultramafic_simulated
KON007,SW,1.0524,ultramafic_simulated
KON008,SW,2.2067,serpentinite_simulated
KON009,SW,1.2273,peridotite_simulated
KON010,SW,0.8032,serpentinite_simulated
KON011,SE,0.9442,serpentinite_simulated
KON012,SE,1.2643,serpentinite_simulated
KON013,SE,2.4542,serpentinite_simulated
KON014,SE,1.4059,serpentinite_simulated
KON015,SE,0.1281,alluvium
KON016,SE,3.1909,serpentinite_simulated
KON017,SE,1.062,ultramafic_simulated
KON018,SE,0.6104,serpentinite_simulated
KON019,SE,0.8299,peridotite_simulated
KON020,SE,1.7191,serpentinite_simulated
KON021,SW,1.3474,serpentinite_simulated
KON022,SW,1.0481,ultramafic_simulated
KON023,SW,0.2683,mafic_volcanic_simulated
KON024,SW,0.7768,peridotite_simulated
KON025,SW,1.3387,serpentinite_simulated
KON026,SW,0.9324,serpentinite_simulated
KON027,SW,1.1287,peridotite_simulated
KON028,SW,0.8496,peridotite_simulated
KON029,SW,1.342,peridotite_simulated
KON030,SW,0.7755,serpentinite_simulated
KON031,SE,0.3063,mafic_volcanic_simulated
KON032,SE,1.8201,serpentinite_simulated
KON033,SE,0.7904,serpentinite_simulated
KON034,SE,1.122,ultramafic_simulated
KON035,SE,1.2343,serpentinite_simulated
KON036,SE,0.5444,peridotite_simulated
KON037,SE,0.5798,peridotite_simulated
KON038,SE,0.1364,alluvium
KON039,SE,0.1039,alluvium
KON040,SE,0.8371,serpentinite_simulated
KON041,SW,0.8635,peridotite_simulated
KON042,SW,1.4064,peridotite_simulated
KON043,SW,0.3055,mafic_volcanic_simulated
KON044,SW,0.4512,peridotite_simulated
KON045,SW,1.6461,peridotite_simulated
KON046,SW,0.9361,serpentinite_simulated
KON047,SW,1.7921,ultramafic_simulated
KON048,SW,1.6811,peridotite_simulated
KON049,SW,0.9031,serpentinite_simulated
KON050,SW,1.6941,serpentinite_simulated
KON051,SE,2.6781,serpentinite_simulated
KON052,SE,1.586,peridotite_simulated
KON053,SE,0.9281,serpentinite_simulated
KON054,SE,0.2329,mafic_volcanic_simulated
KON055,SE,2.0272,serpentinite_simulated
KON056,SE,0.2626,mafic_volcanic_simulated
KON057,SE,1.6712,peridotite_simulated
KON058,SE,2.3871,peridotite_simulated
KON059,SE,0.6892,serpentinite_simulated
KON060,SE,1.6236,serpentinite_simulated
KON061,SW,1.1918,ultramafic_simulated
KON062,SW,1.4143,serpentinite_simulated
KON063,SW,1.0424,peridotite_simulated
KON064,SW,0.9175,peridotite_simulated
KON065,SW,1.5798,serpentinite_simulated
KON066,SW,0.2801,mafic_volcanic_simulated
KON067,SW,0.7445,peridotite_simulated
KON068,SW,0.1421,alluvium
KON069,SW,1.2946,peridotite_simulated
KON070,SW,0.5218,serpentinite_simulated
KON071,SE,0.8006,serpentinite_simulated
KON072,SE,0.1519,alluvium
KON073,SE,0.1571,alluvium
KON074,SE,0.9667,serpentinite_simulated
KON075,SE,0.4891,mafic_volcanic_simulated
KON076,SE,2.2033,ultramafic_simulated
KON077,SE,1.1125,peridotite_simulated
KON078,SE,1.0081,ultramafic_simulated
KON079,SE,1.0756,peridotite_simulated
KON080,SE,1.335,ultramafic_simulated
KON081,SW,1.3301,peridotite_simulated
KON082,SW,0.3978,mafic_volcanic_simulated
KON083,SW,1.124,serpentinite_simulated
KON084,SW,1.3954,ultramafic_simulated
KON085,SW,0.844,serpentinite_simulated
KON086,SW,0.8569,peridotite_simulated
KON087,SW,0.6321,peridotite_simulated
KON088,SW,1.0043,serpentinite_simulated
KON089,SW,0.4277,mafic_volcanic_simulated
KON090,SW,0.2925,mafic_volcanic_simulated
KON091,SE,0.1488,alluvium
KON092,SE,0.793,serpentinite_simulated
KON093,SE,0.7349,serpentinite_simulated
KON094,SE,0.1515,alluvium
KON095,SE,1.0739,serpentinite_simulated
KON096,SE,2.0151,serpentinite_simulated
KON097,SE,0.2017,mafic_volcanic_simulated
KON098,SE,0.9181,ultramafic_simulated
KON099,SE,1.1694,serpentinite_simulated
KON100,SE,0.5672,peridotite_simulated
KON101,SW,0.9469,peridotite_simulated
KON102,SW,1.7713,serpentinite_simulated
KON103,SW,1.4192,serpentinite_simulated
KON104,SW,1.3617,serpentinite_simulated
KON105,SW,2.6008,serpentinite_simulated
KON106,SW,1.5678,peridotite_simulated
KON107,SW,0.6849,peridotite_simulated
KON108,SW,1.38,serpentinite_simulated
KON109,SW,0.1783,alluvium
KON110,SW,0.3537,mafic_volcanic_simulated
KON111,SE,1.4241,peridotite_simulated
KON112,SE,2.1504,peridotite_simulated
KON113,SE,1.2021,peridotite_simulated
KON114,SE,0.946,ultramafic_simulated
KON115,SE,0.154,alluvium
KON116,SE,0.8972,serpentinite_simulated
KON117,SE,0.6643,serpentinite_simulated
KON118,SE,0.7903,peridotite_simulated
KON119,SE,0.3565,mafic_volcanic_simulated
KON120,SE,0.2532,mafic_volcanic_simulated
KON121,SW,0.9402,ultramafic_simulated
KON122,SW,1.0887,ultramafic_simulated
KON123,SW,0.701,serpentinite_simulated
KON124,SW,0.1565,alluvium
KON125,SW,1.2486,peridotite_simulated
KON126,SW,0.5374,mafic_volcanic_simulated
KON127,SW,0.1464,alluvium
KON128,SW,1.6559,serpentinite_simulated
KON129,SW,0.665,peridotite_simulated
KON130,SW,0.8767,ultramafic_simulated
KON131,SE,1.9157,serpentinite_simulated
KON132,SE,1.4444,serpentinite_simulated
KON133,SE,0.5166,mafic_volcanic_simulated
KON134,SE,1.9363,serpentinite_simulated
KON135,SE,1.5793,serpentinite_simulated
KON136,SE,0.9164,ultramafic_simulated
KON137,SE,1.9959,peridotite_simulated
KON138,SE,1.1099,serpentinite_simulated
KON139,SE,1.0498,serpentinite_simulated
KON140,SE,0.1077,alluvium
KON141,SW,1.5576,peridotite_simulated
KON142,SW,0.6752,ultramafic_simulated
KON143,SW,0.7154,peridotite_simulated
KON144,SW,0.4228,serpentinite_simulated
KON145,SW,0.4278,serpentinite_simulated
KON146,SW,1.5358,ultramafic_simulated
KON147,SW,1.0416,peridotite_simulated
KON148,SW,1.8919,serpentinite_simulated
KON149,SW,1.1004,ultramafic_simulated
KON150,SW,1.4557,peridotite_simulated
KON151,SE,0.1856,alluvium
KON152,SE,0.1699,alluvium
KON153,SE,1.461,ultramafic_simulated
KON154,SE,0.8662,ultramafic_simulated
KON155,SE,1.3995,serpentinite_simulated
KON156,SE,0.5912,peridotite_simulated
KON157,SE,1.0227,serpentinite_simulated
KON158,SE,1.4474,ultramafic_simulated
KON159,SE,0.6558,ultramafic_simulated
KON160,SE,1.6349,serpentinite_simulated
KON161,SW,0.3515,ultramafic_simulated
KON162,SW,1.3534,serpentinite_simulated
KON163,SW,0.3111,mafic_volcanic_simulated
KON164,SW,0.2145,mafic_volcanic_simulated
KON165,SW,0.654,ultramafic_simulated
KON166,SW,0.3884,mafic_volcanic_simulated
KON167,SW,2.1777,peridotite_simulated
KON168,SW,1.2885,ultramafic_simulated
KON169,SW,0.8667,peridotite_simulated
KON170,SW,1.5913,peridotite_simulated
KON171,SE,1.4039,serpentinite_simulated
KON172,SE,1.0957,serpentinite_simulated
KON173,SE,2.1505,serpentinite_simulated
KON174,SE,2.7622,ultramafic_simulated
KON175,SE,1.5886,ultramafic_simulated
KON176,SE,0.1574,alluvium
KON177,SE,1.1706,serpentinite_simulated
KON178,SE,0.9131,peridotite_simulated
KON179,SE,0.2872,mafic_volcanic_simulated
KON180,SE,1.1045,peridotite_simulated
KON181,SW,1.5518,serpentinite_simulated
KON182,SW,0.8893,ultramafic_simulated
KON183,SW,2.3087,peridotite_simulated
KON184,SW,0.9799,peridotite_simulated
KON185,SW,2.6345,serpentinite_simulated
KON186,SW,0.14,alluvium
KON187,SW,0.8351,peridotite_simulated
KON188,SW,1.128,serpentinite_simulated
KON189,SW,0.1856,alluvium
KON190,SW,0.4372,mafic_volcanic_simulated
KON191,SE,1.8256,ultramafic_simulated
KON192,SE,0.1888,alluvium
KON193,SE,0.1558,alluvium
KON194,SE,0.9078,peridotite_simulated
KON195,SE,0.1204,alluvium
KON196,SE,1.266,ultramafic_simulated
KON197,SE,1.4356,ultramafic_simulated
KON198,SE,0.9587,peridotite_simulated
KON199,SE,2.2642,peridotite_simulated
KON200,SE,0.2865,mafic_volcanic_simulated
KON201,NW,1.3174,ultramafic_simulated
KON202,NW,0.7604,serpentinite_simulated
KON203,NW,0.1531,alluvium
KON204,NW,0.8359,ultramafic_simulated
KON205,NW,0.5078,ultramafic_simulated
KON206,NW,1.5827,ultramafic_simulated
KON207,NW,1.4157,ultramafic_simulated
KON208,NW,1.3638,serpentinite_simulated
KON209,NW,1.3716,serpentinite_simulated
KON210,NW,1.126,ultramafic_simulated
KON211,NE,0.8877,peridotite_simulated
KON212,NE,2.0209,ultramafic_simulated
KON213,NE,1.7368,serpentinite_simulated
KON214,NE,1.2687,serpentinite_simulated
KON215,NE,0.8648,serpentinite_simulated
KON216,NE,1.5772,serpentinite_simulated
KON217,NE,0.1534,alluvium
KON218,NE,0.1448,alluvium
KON219,NE,1.7114,ultramafic_simulated
KON220,NE,0.5863,peridotite_simulated
KON221,NW,0.3136,mafic_volcanic_simulated
KON222,NW,1.5454,serpentinite_simulated
KON223,NW,2.135,serpentinite_simulated
KON224,NW,1.132,serpentinite_simulated
KON225,NW,2.0573,serpentinite_simulated
KON226,NW,0.7857,peridotite_simulated
KON227,NW,1.1074,peridotite_simulated
KON228,NW,1.0517,ultramafic_simulated
KON229,NW,1.7236,serpentinite_simulated
KON230,NW,1.6131,serpentinite_simulated
KON231,NE,1.8391,serpentinite_simulated
KON232,NE,1.6154,ultramafic_simulated
KON233,NE,1.6071,peridotite_simulated
KON234,NE,1.2808,peridotite_simulated
KON235,NE,1.9263,serpentinite_simulated
KON236,NE,1.4037,serpentinite_simulated
KON237,NE,0.9893,peridotite_simulated
KON238,NE,2.1378,serpentinite_simulated
KON239,NE,1.7403,serpentinite_simulated
KON240,NE,1.8148,peridotite_simulated
KON241,NW,0.8742,ultramafic_simulated
KON242,NW,2.2961,ultramafic_simulated
KON243,NW,0.2897,mafic_volcanic_simulated
KON244,NW,0.9132,serpentinite_simulated
KON245,NW,1.3211,peridotite_simulated
KON246,NW,0.1572,alluvium
KON247,NW,1.4931,ultramafic_simulated
KON248,NW,1.372,serpentinite_simulated
KON249,NW,3.2385,serpentinite_simulated
KON250,NW,2.2663,peridotite_simulated
KON251,NE,1.7618,peridotite_simulated
KON252,NE,0.5634,serpentinite_simulated
KON253,NE,1.8445,peridotite_simulated
KON254,NE,0.9004,peridotite_simulated
KON255,NE,0.7208,ultramafic_simulated
KON256,NE,1.2986,peridotite_simulated
KON257,NE,2.1323,peridotite_simulated
KON258,NE,0.7754,serpentinite_simulated
KON259,NE,0.3884,mafic_volcanic_simulated
KON260,NE,0.7908,peridotite_simulated
KON261,NW,1.4936,serpentinite_simulated
KON262,NW,0.9833,serpentinite_simulated
KON263,NW,0.3656,mafic_volcanic_simulated
KON264,NW,0.6864,mafic_volcanic_simulated
KON265,NW,1.0698,serpentinite_simulated
KON266,NW,1.9528,serpentinite_simulated
KON267,NW,0.9414,serpentinite_simulated
KON268,NW,1.02,serpentinite_simulated
KON269,NW,0.8703,peridotite_simulated
KON270,NW,0.4913,mafic_volcanic_simulated
KON271,NE,0.4607,mafic_volcanic_simulated
KON272,NE,0.5163,ultramafic_simulated
KON273,NE,2.4802,serpentinite_simulated
KON274,NE,2.6284,serpentinite_simulated
KON275,NE,1.2486,ultramafic_simulated
KON276,NE,1.0238,serpentinite_simulated
KON277,NE,1.5427,serpentinite_simulated
KON278,NE,0.677,peridotite_simulated
KON279,NE,0.6481,ultramafic_simulated
KON280,NE,0.6595,peridotite_simulated
KON281,NW,1.0013,ultramafic_simulated
KON282,NW,0.1288,alluvium
KON283,NW,1.0713,serpentinite_simulated
KON284,NW,1.0461,serpentinite_simulated
KON285,NW,1.0297,serpentinite_simulated
KON286,NW,1.3275,peridotite_simulated
KON287,NW,0.4785,mafic_volcanic_simulated
KON288,NW,0.8131,ultramafic_simulated
KON289,NW,1.0076,ultramafic_simulated
KON290,NW,0.7275,serpentinite_simulated
KON291,NE,0.1643,alluvium
KON292,NE,1.8883,ultramafic_simulated
KON293,NE,0.8951,ultramafic_simulated
KON294,NE,0.7582,ultramafic_simulated
KON295,NE,0.9463,serpentinite_simulated
KON296,NE,0.8218,ultramafic_simulated
KON297,NE,0.3455,mafic_volcanic_simulated
KON298,NE,2.2789,serpentinite_simulated
KON299,NE,1.4291,peridotite_simulated
KON300,NE,0.7846,ultramafic_simulated
KON301,NW,0.9012,serpentinite_simulated
KON302,NW,0.1246,alluvium
KON303,NW,1.342,peridotite_simulated
KON304,NW,0.8611,ultramafic_simulated
KON305,NW,0.1263,alluvium
KON306,NW,0.9673,ultramafic_simulated
KON307,NW,0.7847,serpentinite_simulated
KON308,NW,1.3754,serpentinite_simulated
KON309,NW,0.8695,serpentinite_simulated
KON310,NW,1.0603,peridotite_simulated
KON311,NE,1.9629,ultramafic_simulated
KON312,NE,1.4609,peridotite_simulated
KON313,NE,1.1341,serpentinite_simulated
KON314,NE,0.3599,mafic_volcanic_simulated
KON315,NE,2.413,peridotite_simulated
KON316,NE,0.7062,serpentinite_simulated
KON317,NE,0.7374,ultramafic_simulated
KON318,NE,1.4852,serpentinite_simulated
KON319,NE,0.7793,ultramafic_simulated
KON320,NE,1.1591,peridotite_simulated
KON321,NW,1.0544,serpentinite_simulated
KON322,NW,0.979,ultramafic_simulated
KON323,NW,0.8922,peridotite_simulated
KON324,NW,2.3128,serpentinite_simulated
KON325,NW,2.7507,serpentinite_simulated
KON326,NW,3.0634,serpentinite_simulated
KON327,NW,0.1401,alluvium
KON328,NW,0.828,ultramafic_simulated
KON329,NW,1.4348,peridotite_simulated
KON330,NW,0.6128,peridotite_simulated
KON331,NE,0.5946,ultramafic_simulated
KON332,NE,2.0889,peridotite_simulated
KON333,NE,2.3266,serpentinite_simulated
KON334,NE,0.9034,peridotite_simulated
KON335,NE,1.4266,serpentinite_simulated
KON336,NE,0.8993,ultramafic_simulated
KON337,NE,2.0784,peridotite_simulated
KON338,NE,1.3377,peridotite_simulated
KON339,NE,0.9179,peridotite_simulated
KON340,NE,0.2373,mafic_volcanic_simulated
KON341,NW,1.2086,peridotite_simulated
KON342,NW,0.8667,ultramafic_simulated
KON343,NW,0.9054,peridotite_simulated
KON344,NW,0.6821,peridotite_simulated
KON345,NW,1.1015,serpentinite_simulated
KON346,NW,0.6516,peridotite_simulated
KON347,NW,1.0331,serpentinite_simulated
KON348,NW,0.3485,mafic_volcanic_simulated
KON349,NW,1.0794,serpentinite_simulated
KON350,NW,0.3396,mafic_volcanic_simulated
KON351,NE,0.7799,serpentinite_simulated
KON352,NE,2.285,serpentinite_simulated
KON353,NE,1.5846,serpentinite_simulated
KON354,NE,1.4705,serpentinite_simulated
KON355,NE,0.6496,serpentinite_simulated
KON356,NE,1.8452,ultramafic_simulated
KON357,NE,0.7009,ultramafic_simulated
KON358,NE,0.8517,ultramafic_simulated
KON359,NE,0.6052,peridotite_simulated
KON360,NE,1.3176,peridotite_simulated
KON361,NW,0.2201,mafic_volcanic_simulated
KON362,NW,1.941,serpentinite_simulated
KON363,NW,0.3324,mafic_volcanic_simulated
KON364,NW,1.1296,peridotite_simulated
KON365,NW,0.6057,serpentinite_simulated
KON366,NW,0.7731,peridotite_simulated
KON367,NW,0.7788,ultramafic_simulated
KON368,NW,1.4634,serpentinite_simulated
KON369,NW,1.5847,serpentinite_simulated
KON370,NW,1.3378,ultramafic_simulated
KON371,NE,0.1363,alluvium
KON372,NE,1.2612,serpentinite_simulated
KON373,NE,1.3162,peridotite_simulated
KON374,NE,0.9356,peridotite_simulated
KON375,NE,0.3169,mafic_volcanic_simulated
KON376,NE,0.6616,peridotite_simulated
KON377,NE,1.4603,peridotite_simulated
KON378,NE,0.7436,peridotite_simulated
KON379,NE,0.3103,mafic_volcanic_simulated
KON380,NE,1.2836,serpentinite_simulated
KON381,NW,0.4864,ultramafic_simulated
KON382,NW,1.4195,peridotite_simulated
KON383,NW,0.8532,peridotite_simulated
KON384,NW,1.5085,serpentinite_simulated
KON385,NW,0.248,mafic_volcanic_simulated
KON386,NW,1.356,peridotite_simulated
KON387,NW,0.6655,peridotite_simulated
KON388,NW,2.3883,serpentinite_simulated
KON389,NW,1.3303,peridotite_simulated
KON390,NW,0.9466,ultramafic_simulated
KON391,NE,0.4782,peridotite_simulated
KON392,NE,0.7548,peridotite_simulated
KON393,NE,1.7762,serpentinite_simulated
KON394,NE,0.6837,peridotite_simulated
KON395,NE,0.7371,serpentinite_simulated
KON396,NE,1.3719,peridotite_simulated
KON397,NE,0.7472,peridotite_simulated
KON398,NE,2.8956,serpentinite_simulated
KON399,NE,0.9259,serpentinite_simulated
KON400,NE,1.0761,serpentinite_simulated
TAP001,SW,0.1398,alluvium
TAP002,SW,0.4039,mafic_volcanic_simulated
TAP003,SW,0.1353,alluvium
TAP004,SW,0.4395,mafic_volcanic_simulated
TAP005,SW,0.7257,ultramafic_simulated
TAP006,SW,0.1458,alluvium
TAP007,SW,0.7286,peridotite_simulated
TAP008,SW,0.2681,mafic_volcanic_simulated
TAP009,SW,0.2355,mafic_volcanic_simulated
TAP010,SW,0.1161,alluvium
TAP011,SE,0.1166,alluvium
TAP012,SE,0.1067,alluvium
TAP013,SE,1.2347,serpentinite_simulated
TAP014,SE,3.3368,ultramafic_simulated
TAP015,SE,0.1463,alluvium
TAP016,SE,0.6633,ultramafic_simulated
TAP017,SE,0.7808,peridotite_simulated
TAP018,SE,0.1119,alluvium
TAP019,SE,0.3483,mafic_volcanic_simulated
TAP020,SE,0.9541,serpentinite_simulated
TAP021,SW,0.6493,serpentinite_simulated
TAP022,SW,0.1381,alluvium
TAP023,SW,1.2041,ultramafic_simulated
TAP024,SW,0.9181,peridotite_simulated
TAP025,SW,0.1355,alluvium
TAP026,SW,0.4589,mafic_volcanic_simulated
TAP027,SW,0.4585,mafic_volcanic_simulated
TAP028,SW,0.1416,alluvium
TAP029,SW,0.1653,alluvium
TAP030,SW,0.1341,alluvium
TAP031,SE,0.165,alluvium
TAP032,SE,0.1195,alluvium
TAP033,SE,0.9879,ultramafic_simulated
TAP034,SE,0.2824,mafic_volcanic_simulated
TAP035,SE,0.1429,alluvium
TAP036,SE,0.1191,alluvium
TAP037,SE,1.0766,ultramafic_simulated
TAP038,SE,0.1187,alluvium
TAP039,SE,1.6749,serpentinite_simulated
TAP040,SE,0.1088,alluvium
TAP041,SW,0.1248,alluvium
TAP042,SW,0.1225,alluvium
TAP043,SW,0.1466,alluvium
TAP044,SW,0.8227,ultramafic_simulated
TAP045,SW,0.7022,ultramafic_simulated
TAP046,SW,0.9269,peridotite_simulated
TAP047,SW,0.1281,alluvium
TAP048,SW,1.4733,peridotite_simulated
TAP049,SW,1.1034,ultramafic_simulated
TAP050,SW,0.1417,alluvium
TAP051,SE,1.1684,serpentinite_simulated
TAP052,SE,0.9591,serpentinite_simulated
TAP053,SE,0.5029,mafic_volcanic_simulated
TAP054,SE,0.4885,mafic_volcanic_simulated
TAP055,SE,0.1329,alluvium
TAP056,SE,2.4897,ultramafic_simulated
TAP057,SE,0.4833,ultramafic_simulated
TAP058,SE,1.397,serpentinite_simulated
TAP059,SE,0.1028,alluvium
TAP060,SE,0.1148,alluvium
TAP061,SW,0.123,alluvium
TAP062,SW,0.2841,mafic_volcanic_simulated
TAP063,SW,1.4296,peridotite_simulated
TAP064,SW,1.5177,serpentinite_simulated
TAP065,SW,0.1215,alluvium
TAP066,SW,0.1372,alluvium
TAP067,SW,0.2786,mafic_volcanic_simulated
TAP068,SW,0.1332,alluvium
TAP069,SW,0.1259,alluvium
TAP070,SW,0.1305,alluvium
TAP071,SE,0.31,mafic_volcanic_simulated
TAP072,SE,0.1557,alluvium
TAP073,SE,0.1335,alluvium
TAP074,SE,0.1477,alluvium
TAP075,SE,0.1513,alluvium
TAP076,SE,0.1326,alluvium
TAP077,SE,0.1529,alluvium
TAP078,SE,0.1481,alluvium
TAP079,SE,0.4409,mafic_volcanic_simulated
TAP080,SE,0.1362,alluvium
TAP081,SW,0.1255,alluvium
TAP082,SW,0.0978,alluvium
TAP083,SW,1.1108,serpentinite_simulated
TAP084,SW,0.3698,mafic_volcanic_simulated
TAP085,SW,0.1652,alluvium
TAP086,SW,0.3929,mafic_volcanic_simulated
TAP087,SW,0.3684,mafic_volcanic_simulated
TAP088,SW,1.4865,serpentinite_simulated
TAP089,SW,0.2946,mafic_volcanic_simulated
TAP090,SW,1.2666,peridotite_simulated
TAP091,SE,0.6359,mafic_volcanic_simulated
TAP092,SE,0.7004,peridotite_simulated
TAP093,SE,1.2845,serpentinite_simulated
TAP094,SE,0.1639,alluvium
TAP095,SE,0.3592,mafic_volcanic_simulated
TAP096,SE,0.2724,mafic_volcanic_simulated
TAP097,SE,0.1466,alluvium
TAP098,SE,0.1468,alluvium
TAP099,SE,0.6369,ultramafic_simulated
TAP100,SE,0.3456,mafic_volcanic_simulated
TAP101,SW,0.3239,mafic_volcanic_simulated
TAP102,SW,0.1275,alluvium
TAP103,SW,1.6473,peridotite_simulated
TAP104,SW,0.1623,alluvium
TAP105,SW,0.3553,mafic_volcanic_simulated
TAP106,SW,0.3299,mafic_volcanic_simulated
TAP107,SW,0.4442,mafic_volcanic_simulated
TAP108,SW,1.2173,ultramafic_simulated
TAP109,SW,0.1962,alluvium
TAP110,SW,1.3503,peridotite_simulated
TAP111,SE,0.2927,mafic_volcanic_simulated
TAP112,SE,0.1684,alluvium
TAP113,SE,0.7035,ultramafic_simulated
TAP114,SE,1.0339,serpentinite_simulated
TAP115,SE,0.1547,alluvium
TAP116,SE,0.1542,alluvium
TAP117,SE,1.4384,serpentinite_simulated
TAP118,SE,0.3305,mafic_volcanic_simulated
TAP119,SE,0.9741,peridotite_simulated
TAP120,SE,0.1869,mafic_volcanic_simulated
TAP121,SW,0.1342,alluvium
TAP122,SW,0.4277,mafic_volcanic_simulated
TAP123,SW,0.2832,mafic_volcanic_simulated
TAP124,SW,2.0203,ultramafic_simulated
TAP125,SW,0.1284,alluvium
TAP126,SW,0.1546,alluvium
TAP127,SW,0.1978,alluvium
TAP128,SW,0.3367,mafic_volcanic_simulated
TAP129,SW,0.4259,mafic_volcanic_simulated
TAP130,SW,0.1643,alluvium
TAP131,SE,0.18,alluvium
TAP132,SE,1.8379,serpentinite_simulated
TAP133,SE,1.4429,ultramafic_simulated
TAP134,SE,0.4811,mafic_volcanic_simulated
TAP135,SE,0.1915,alluvium
TAP136,SE,0.1585,alluvium
TAP137,SE,0.4388,mafic_volcanic_simulated
TAP138,SE,0.1532,alluvium
TAP139,SE,1.4195,ultramafic_simulated
TAP140,SE,0.1251,alluvium
TAP141,SW,0.3062,mafic_volcanic_simulated
TAP142,SW,0.1443,alluvium
TAP143,SW,0.4109,mafic_volcanic_simulated
TAP144,SW,0.4623,mafic_volcanic_simulated
TAP145,SW,0.2952,mafic_volcanic_simulated
TAP146,SW,0.1499,alluvium
TAP147,SW,0.1583,alluvium
TAP148,SW,0.6632,mafic_volcanic_simulated
TAP149,SW,0.5043,mafic_volcanic_simulated
TAP150,SW,0.1714,alluvium
TAP151,SE,0.5322,mafic_volcanic_simulated
TAP152,SE,0.4139,mafic_volcanic_simulated
TAP153,SE,0.9872,ultramafic_simulated
TAP154,SE,0.161,alluvium
TAP155,SE,0.1657,alluvium
TAP156,SE,0.3997,mafic_volcanic_simulated
TAP157,SE,0.7849,ultramafic_simulated
TAP158,SE,0.1173,alluvium
TAP159,SE,1.1297,ultramafic_simulated
TAP160,SE,0.1301,alluvium
TAP161,SW,0.1387,alluvium
TAP162,SW,0.4001,mafic_volcanic_simulated
TAP163,SW,0.4281,mafic_volcanic_simulated
TAP164,SW,0.8611,ultramafic_simulated
TAP165,SW,0.1436,alluvium
TAP166,SW,0.4936,mafic_volcanic_simulated
TAP167,SW,1.984,peridotite_simulated
TAP168,SW,2.4335,ultramafic_simulated
TAP169,SW,0.4153,mafic_volcanic_simulated
TAP170,SW,0.1711,alluvium
TAP171,SE,0.3775,mafic_volcanic_simulated
TAP172,SE,0.1843,alluvium
TAP173,SE,0.1576,alluvium
TAP174,SE,0.1849,alluvium
TAP175,SE,0.1485,alluvium
TAP176,SE,1.0692,peridotite_simulated
TAP177,SE,0.7421,peridotite_simulated
TAP178,SE,0.1641,alluvium
TAP179,SE,0.1186,alluvium
TAP180,SE,1.0729,peridotite_simulated
TAP181,SW,0.133,alluvium
TAP182,SW,0.9355,peridotite_simulated
TAP183,SW,0.142,alluvium
TAP184,SW,0.1446,alluvium
TAP185,SW,0.5025,mafic_volcanic_simulated
TAP186,SW,0.852,peridotite_simulated
TAP187,SW,1.1333,serpentinite_simulated
TAP188,SW,2.1394,serpentinite_simulated
TAP189,SW,0.1747,alluvium
TAP190,SW,0.1919,alluvium
TAP191,SE,0.5384,mafic_volcanic_simulated
TAP192,SE,1.3846,peridotite_simulated
TAP193,SE,0.457,mafic_volcanic_simulated
TAP194,SE,0.1993,alluvium
TAP195,SE,0.3289,mafic_volcanic_simulated
TAP196,SE,0.9865,peridotite_simulated
TAP197,SE,0.1415,alluvium
TAP198,SE,0.8309,ultramafic_simulated
TAP199,SE,0.1314,alluvium
TAP200,SE,0.1426,alluvium
TAP201,NW,1.1369,ultramafic_simulated
TAP202,NW,0.1169,alluvium
TAP203,NW,1.8077,peridotite_simulated
TAP204,NW,0.2314,mafic_volcanic_simulated
TAP205,NW,0.2762,mafic_volcanic_simulated
TAP206,NW,0.1663,alluvium
TAP207,NW,0.1591,alluvium
TAP208,NW,0.1505,alluvium
TAP209,NW,0.3615,mafic_volcanic_simulated
TAP210,NW,0.2114,alluvium
TAP211,NE,0.6128,mafic_volcanic_simulated
TAP212,NE,0.1539,alluvium
TAP213,NE,0.3965,mafic_volcanic_simulated
TAP214,NE,0.1672,alluvium
TAP215,NE,1.2993,peridotite_simulated
TAP216,NE,0.1747,alluvium
TAP217,NE,0.3811,mafic_volcanic_simulated
TAP218,NE,0.1277,alluvium
TAP219,NE,0.2712,mafic_volcanic_simulated
TAP220,NE,0.3876,mafic_volcanic_simulated
TAP221,NW,0.1334,alluvium
TAP222,NW,0.7402,ultramafic_simulated
TAP223,NW,1.0103,ultramafic_simulated
TAP224,NW,0.2827,mafic_volcanic_simulated
TAP225,NW,3.676,serpentinite_simulated
TAP226,NW,0.9298,serpentinite_simulated
TAP227,NW,0.1501,alluvium
TAP228,NW,1.7714,serpentinite_simulated
TAP229,NW,0.2149,alluvium
TAP230,NW,1.0866,ultramafic_simulated
TAP231,NE,0.401,mafic_volcanic_simulated
TAP232,NE,0.3156,mafic_volcanic_simulated
TAP233,NE,1.0443,serpentinite_simulated
TAP234,NE,1.2199,serpentinite_simulated
TAP235,NE,0.3862,mafic_volcanic_simulated
TAP236,NE,0.9888,peridotite_simulated
TAP237,NE,0.3095,mafic_volcanic_simulated
TAP238,NE,0.1256,alluvium
TAP239,NE,0.1302,alluvium
TAP240,NE,0.1352,alluvium
TAP241,NW,0.2893,mafic_volcanic_simulated
TAP242,NW,0.2769,mafic_volcanic_simulated
TAP243,NW,1.678,ultramafic_simulated
TAP244,NW,0.4446,ultramafic_simulated
TAP245,NW,0.1732,alluvium
TAP246,NW,1.2062,ultramafic_simulated
TAP247,NW,0.1541,alluvium
TAP248,NW,0.157,alluvium
TAP249,NW,0.1702,alluvium
TAP250,NW,0.1648,alluvium
TAP251,NE,0.3814,mafic_volcanic_simulated
TAP252,NE,1.0404,ultramafic_simulated
TAP253,NE,0.1498,alluvium
TAP254,NE,0.1726,alluvium
TAP255,NE,0.5023,mafic_volcanic_simulated
TAP256,NE,0.1439,alluvium
TAP257,NE,0.142,alluvium
TAP258,NE,0.3731,mafic_volcanic_simulated
TAP259,NE,1.3412,peridotite_simulated
TAP260,NE,0.1263,alluvium
TAP261,NW,1.9166,serpentinite_simulated
TAP262,NW,0.135,alluvium
TAP263,NW,1.384,peridotite_simulated
TAP264,NW,1.7313,serpentinite_simulated
TAP265,NW,1.5602,ultramafic_simulated
TAP266,NW,0.1517,alluvium
TAP267,NW,0.6833,ultramafic_simulated
TAP268,NW,1.3837,peridotite_simulated
TAP269,NW,0.1356,alluvium
TAP270,NW,0.1716,alluvium
TAP271,NE,0.5085,mafic_volcanic_simulated
TAP272,NE,1.3961,ultramafic_simulated
TAP273,NE,0.1631,alluvium
TAP274,NE,0.6459,serpentinite_simulated
TAP275,NE,0.7851,peridotite_simulated
TAP276,NE,0.3124,mafic_volcanic_simulated
TAP277,NE,0.1236,alluvium
TAP278,NE,0.3336,mafic_volcanic_simulated
TAP279,NE,0.6097,serpentinite_simulated
TAP280,NE,0.1258,alluvium
TAP281,NW,1.0516,serpentinite_simulated
TAP282,NW,0.1425,alluvium
TAP283,NW,1.159,ultramafic_simulated
TAP284,NW,0.226,mafic_volcanic_simulated
TAP285,NW,1.2582,ultramafic_simulated
TAP286,NW,0.4847,mafic_volcanic_simulated
TAP287,NW,0.784,ultramafic_simulated
TAP288,NW,0.1441,alluvium
TAP289,NW,0.8928,peridotite_simulated
TAP290,NW,0.3793,mafic_volcanic_simulated
TAP291,NE,0.1693,alluvium
TAP292,NE,0.1662,alluvium
TAP293,NE,0.2925,mafic_volcanic_simulated
TAP294,NE,0.3853,mafic_volcanic_simulated
TAP295,NE,0.2937,mafic_volcanic_simulated
TAP296,NE,0.2646,mafic_volcanic_simulated
TAP297,NE,1.4032,serpentinite_simulated
TAP298,NE,0.1097,alluvium
TAP299,NE,0.1389,alluvium
TAP300,NE,0.7042,peridotite_simulated
TAP301,NW,1.4308,serpentinite_simulated
TAP302,NW,0.8975,ultramafic_simulated
TAP303,NW,0.1121,alluvium
TAP304,NW,0.1623,alluvium
TAP305,NW,0.1269,alluvium
TAP306,NW,0.1424,alluvium
TAP307,NW,0.3439,mafic_volcanic_simulated
TAP308,NW,0.151,alluvium
TAP309,NW,1.1703,peridotite_simulated
TAP310,NW,0.1686,alluvium
TAP311,NE,0.1431,alluvium
TAP312,NE,0.1706,alluvium
TAP313,NE,0.4547,mafic_volcanic_simulated
TAP314,NE,0.144,alluvium
TAP315,NE,1.3262,peridotite_simulated
TAP316,NE,0.3632,mafic_volcanic_simulated
TAP317,NE,0.1398,alluvium
TAP318,NE,0.1515,alluvium
TAP319,NE,0.7361,serpentinite_simulated
TAP320,NE,0.9272,peridotite_simulated
TAP321,NW,1.9089,serpentinite_simulated
TAP322,NW,2.3795,peridotite_simulated
TAP323,NW,0.4203,mafic_volcanic_simulated
TAP324,NW,0.133,alluvium
TAP325,NW,1.6429,ultramafic_simulated
TAP326,NW,0.5162,mafic_volcanic_simulated
TAP327,NW,0.3953,mafic_volcanic_simulated
TAP328,NW,1.0529,ultramafic_simulated
TAP329,NW,0.7942,serpentinite_simulated
TAP330,NW,0.1616,alluvium
TAP331,NE,0.1322,alluvium
TAP332,NE,0.1677,alluvium
TAP333,NE,0.2638,mafic_volcanic_simulated
TAP334,NE,0.3064,mafic_volcanic_simulated
TAP335,NE,0.1433,alluvium
TAP336,NE,1.9628,serpentinite_simulated
TAP337,NE,0.353,mafic_volcanic_simulated
TAP338,NE,0.1036,alluvium
TAP339,NE,0.7919,serpentinite_simulated
TAP340,NE,0.119,alluvium
TAP341,NW,0.27,mafic_volcanic_simulated
TAP342,NW,0.2603,mafic_volcanic_simulated
TAP343,NW,0.1106,alluvium
TAP344,NW,1.1829,ultramafic_simulated
TAP345,NW,0.1395,alluvium
TAP346,NW,0.1366,alluvium
TAP347,NW,0.1327,alluvium
TAP348,NW,0.1271,alluvium
TAP349,NW,0.3384,mafic_volcanic_simulated
TAP350,NW,0.3347,mafic_volcanic_simulated
TAP351,NE,0.2364,mafic_volcanic_simulated
TAP352,NE,1.8861,ultramafic_simulated
TAP353,NE,0.3627,mafic_volcanic_simulated
TAP354,NE,1.5231,peridotite_simulated
TAP355,NE,0.2284,mafic_volcanic_simulated
TAP356,NE,0.9938,peridotite_simulated
TAP357,NE,0.1224,alluvium
TAP358,NE,0.1119,alluvium
TAP359,NE,0.1246,alluvium
TAP360,NE,0.9352,serpentinite_simulated
TAP361,NW,0.8022,ultramafic_simulated
TAP362,NW,0.122,alluvium
TAP363,NW,0.2631,mafic_volcanic_simulated
TAP364,NW,0.0977,alluvium
TAP365,NW,0.5603,peridotite_simulated
TAP366,NW,1.0321,serpentinite_simulated
TAP367,NW,0.1291,alluvium
TAP368,NW,0.2742,mafic_volcanic_simulated
TAP369,NW,0.3183,mafic_volcanic_simulated
TAP370,NW,0.1099,alluvium
TAP371,NE,0.3225,mafic_volcanic_simulated
TAP372,NE,0.2868,mafic_volcanic_simulated
TAP373,NE,0.498,ultramafic_simulated
TAP374,NE,0.3682,mafic_volcanic_simulated
TAP375,NE,1.4463,peridotite_simulated
TAP376,NE,0.3815,mafic_volcanic_simulated
TAP377,NE,3.0225,serpentinite_simulated
TAP378,NE,0.1267,alluvium
TAP379,NE,0.4233,peridotite_simulated
TAP380,NE,0.1058,alluvium
TAP381,NW,0.3525,ultramafic_simulated
TAP382,NW,0.3456,mafic_volcanic_simulated
TAP383,NW,0.2801,mafic_volcanic_simulated
TAP384,NW,0.4553,serpentinite_simulated
TAP385,NW,0.2946,mafic_volcanic_simulated
TAP386,NW,0.1202,alluvium
TAP387,NW,0.1296,alluvium
TAP388,NW,0.3238,mafic_volcanic_simulated
TAP389,NW,0.1396,alluvium
TAP390,NW,1.8975,serpentinite_simulated
TAP391,NE,0.0968,alluvium
TAP392,NE,0.1208,alluvium
TAP393,NE,0.1413,alluvium
TAP394,NE,0.1304,alluvium
TAP395,NE,0.2508,mafic_volcanic_simulated
TAP396,NE,0.1572,alluvium
TAP397,NE,0.2911,mafic_volcanic_simulated
TAP398,NE,0.1327,alluvium
TAP399,NE,0.7213,ultramafic_simulated
TAP400,NE,2.1863,ultramafic_simulated
