{
  "type": "FeatureCollection",
  "name": "study_grid_pomalaa",
  "features": [
    {
      "type": "Feature",
      "properties": {
        "grid_id": "POM001",
        "site": "pomalaa",
        "location_label": "Pomalaa - Sulawesi Tenggara nickel laterite",
        "lithology": "alluvium",
        "slope_deg": 2.1,
        "distance_to_river_m": 603,
        "distance_to_road_m": 1997,
        "legal_status": "allowed",
        "distance_to_smelter_km": 77.2,
        "area_ha": 0.31,
        "region_id": "SW"
      },
      "geometry": {
        "type": "Polygon",
        "coordinates": [
          [
            [
              121.58,
              -4.25
            ],
            [
              121.585,
              -4.25
            ],
            [
              121.585,
              -4.245
            ],
            [
              121.58,
              -4.245
            ],
            [
              121.58,
              -4.25
            ]
          ]
        ]
      }
    },
    {
      "type": "Feature",
      "properties": {
        "grid_id": "POM002",
        "site": "pomalaa",
        "location_label": "Pomalaa - Sulawesi Tenggara nickel laterite",
        "lithology": "alluvium",
        "slope_deg": 6.7,
        "distance_to_river_m": 578,
        "distance_to_road_m": 1604,
        "legal_status": "conditional",
        "distance_to_smelter_km": 73.7,
        "area_ha": 0.31,
        "region_id": "SW"
      },
      "geometry": {
        "type": "Polygon",
        "coordinates": [
          [
            [
              121.585,
              -4.25
            ],
            [
              121.59,
              -4.25
            ],
            [
              121.59,
              -4.245
            ],
            [
              121.585,
              -4.245
            ],
            [
              121.585,
              -4.25
            ]
          ]
        ]
      }
    },
    {
      "type": "Feature",
      "properties": {
        "grid_id": "POM003",
        "site": "pomalaa",
        "location_label": "Pomalaa - Sulawesi Tenggara nickel laterite",
        "lithology": "mafic_volcanic_simulated",
        "slope_deg": 14.0,
        "distance_to_river_m": 296,
        "distance_to_road_m": 1976,
        "legal_status": "no-go",
        "distance_to_smelter_km": 70.5,
        "area_ha": 0.31,
        "region_id": "SW"
      },
      "geometry": {
        "type": "Polygon",
        "coordinates": [
          [
            [
              121.59,
              -4.25
            ],
            [
              121.595,
              -4.25
            ],
            [
              121.595,
              -4.245
            ],
            [
              121.59,
              -4.245
            ],
            [
              121.59,
              -4.25
            ]
          ]
        ]
      }
    },
    {
      "type": "Feature",
      "properties": {
        "grid_id": "POM004",
        "site": "pomalaa",
        "location_label": "Pomalaa - Sulawesi Tenggara nickel laterite",
        "lithology": "alluvium",
        "slope_deg": 7.5,
        "distance_to_river_m": 1059,
        "distance_to_road_m": 3337,
        "legal_status": "no-go",
        "distance_to_smelter_km": 67.6,
        "area_ha": 0.31,
        "region_id": "SW"
      },
      "geometry": {
        "type": "Polygon",
        "coordinates": [
          [
            [
              121.595,
              -4.25
            ],
            [
              121.6,
              -4.25
            ],
            [
              121.6,
              -4.245
            ],
            [
              121.595,
              -4.245
            ],
            [
              121.595,
              -4.25
            ]
          ]
        ]
      }
    },
    {
      "type": "Feature",
      "properties": {
        "grid_id": "POM005",
        "site": "pomalaa",
        "location_label": "Pomalaa - Sulawesi Tenggara nickel laterite",
        "lithology": "ultramafic_simulated",
        "slope_deg": 9.7,
        "distance_to_river_m": 957,
        "distance_to_road_m": 2637,
        "legal_status": "allowed",
        "distance_to_smelter_km": 64.9,
        "area_ha": 0.31,
        "region_id": "SW"
      },
      "geometry": {
        "type": "Polygon",
        "coordinates": [
          [
            [
              121.6,
              -4.25
            ],
            [
              121.605,
              -4.25
            ],
            [
              121.605,
              -4.245
            ],
            [
              121.6,
              -4.245
            ],
            [
              121.6,
              -4.25
            ]
          ]
        ]
      }
    },
    {
      "type": "Feature",
      "properties": {
        "grid_id": "POM006",
        "site": "pomalaa",
        "location_label": "Pomalaa - Sulawesi Tenggara nickel laterite",
        "lithology": "alluvium",
        "slope_deg": 8.0,
        "distance_to_river_m": 412,
        "distance_to_road_m": 861,
        "legal_status": "allowed",
        "distance_to_smelter_km": 62.6,
        "area_ha": 0.31,
        "region_id": "SW"
      },
      "geometry": {
        "type": "Polygon",
        "coordinates": [
          [
            [
              121.605,
              -4.25
            ],
            [
              121.61,
              -4.25
            ],
            [
              121.61,
              -4.245
            ],
            [
              121.605,
              -4.245
            ],
            [
              121.605,
              -4.25
            ]
          ]
        ]
      }
    },
    {
      "type": "Feature",
      "properties": {
        "grid_id": "POM007",
        "site": "pomalaa",
        "location_label": "Pomalaa - Sulawesi Tenggara nickel laterite",
        "lithology": "peridotite_simulated",
        "slope_deg": 2.2,
        "distance_to_river_m": 888,
        "distance_to_road_m": 3044,
        "legal_status": "allowed",
        "distance_to_smelter_km": 60.6,
        "area_ha": 0.31,
        "region_id": "SW"
      },
      "geometry": {
        "type": "Polygon",
        "coordinates": [
          [
            [
              121.61,
              -4.25
            ],
            [
              121.615,
              -4.25
            ],
            [
              121.615,
              -4.245
            ],
            [
              121.61,
              -4.245
            ],
            [
              121.61,
              -4.25
            ]
          ]
        ]
      }
    },
    {
      "type": "Feature",
      "properties": {
        "grid_id": "POM008",
        "site": "pomalaa",
        "location_label": "Pomalaa - Sulawesi Tenggara nickel laterite",
        "lithology": "serpentinite_simulated",
        "slope_deg": 12.6,
        "distance_to_river_m": 838,
        "distance_to_road_m": 1047,
        "legal_status": "allowed",
        "distance_to_smelter_km": 59.1,
        "area_ha": 0.31,
        "region_id": "SW"
      },
      "geometry": {
        "type": "Polygon",
        "coordinates": [
          [
            [
              121.615,
              -4.25
            ],
            [
              121.62,
              -4.25
            ],
            [
              121.62,
              -4.245
            ],
            [
              121.615,
              -4.245
            ],
            [
              121.615,
              -4.25
            ]
          ]
        ]
      }
    },
    {
      "type": "Feature",
      "properties": {
        "grid_id": "POM009",
        "site": "pomalaa",
        "location_label": "Pomalaa - Sulawesi Tenggara nickel laterite",
        "lithology": "ultramafic_simulated",
        "slope_deg": 9.1,
        "distance_to_river_m": 675,
        "distance_to_road_m": 2959,
        "legal_status": "no-go",
        "distance_to_smelter_km": 58.1,
        "area_ha": 0.31,
        "region_id": "SW"
      },
      "geometry": {
        "type": "Polygon",
        "coordinates": [
          [
            [
              121.62,
              -4.25
            ],
            [
              121.625,
              -4.25
            ],
            [
              121.625,
              -4.245
            ],
            [
              121.62,
              -4.245
            ],
            [
              121.62,
              -4.25
            ]
          ]
        ]
      }
    },
    {
      "type": "Feature",
      "properties": {
        "grid_id": "POM010",
        "site": "pomalaa",
        "location_label": "Pomalaa - Sulawesi Tenggara nickel laterite",
        "lithology": "peridotite_simulated",
        "slope_deg": 9.3,
        "distance_to_river_m": 569,
        "distance_to_road_m": 1612,
        "legal_status": "allowed",
        "distance_to_smelter_km": 57.6,
        "area_ha": 0.31,
        "region_id": "SW"
      },
      "geometry": {
        "type": "Polygon",
        "coordinates": [
          [
            [
              121.625,
              -4.25
            ],
            [
              121.63,
              -4.25
            ],
            [
              121.63,
              -4.245
            ],
            [
              121.625,
              -4.245
            ],
            [
              121.625,
              -4.25
            ]
          ]
        ]
      }
    },
    {
      "type": "Feature",
      "properties": {
        "grid_id": "POM011",
        "site": "pomalaa",
        "location_label": "Pomalaa - Sulawesi Tenggara nickel laterite",
        "lithology": "mafic_volcanic_simulated",
        "slope_deg": 9.0,
        "distance_to_river_m": 599,
        "distance_to_road_m": 642,
        "legal_status": "allowed",
        "distance_to_smelter_km": 57.6,
        "area_ha": 0.31,
        "region_id": "SE"
      },
      "geometry": {
        "type": "Polygon",
        "coordinates": [
          [
            [
              121.63,
              -4.25
            ],
            [
              121.635,
              -4.25
            ],
            [
              121.635,
              -4.245
            ],
            [
              121.63,
              -4.245
            ],
            [
              121.63,
              -4.25
            ]
          ]
        ]
      }
    },
    {
      "type": "Feature",
      "properties": {
        "grid_id": "POM012",
        "site": "pomalaa",
        "location_label": "Pomalaa - Sulawesi Tenggara nickel laterite",
        "lithology": "serpentinite_simulated",
        "slope_deg": 10.6,
        "distance_to_river_m": 375,
        "distance_to_road_m": 1535,
        "legal_status": "allowed",
        "distance_to_smelter_km": 58.1,
        "area_ha": 0.31,
        "region_id": "SE"
      },
      "geometry": {
        "type": "Polygon",
        "coordinates": [
          [
            [
              121.635,
              -4.25
            ],
            [
              121.64,
              -4.25
            ],
            [
              121.64,
              -4.245
            ],
            [
              121.635,
              -4.245
            ],
            [
              121.635,
              -4.25
            ]
          ]
        ]
      }
    },
    {
      "type": "Feature",
      "properties": {
        "grid_id": "POM013",
        "site": "pomalaa",
        "location_label": "Pomalaa - Sulawesi Tenggara nickel laterite",
        "lithology": "mafic_volcanic_simulated",
        "slope_deg": 8.8,
        "distance_to_river_m": 884,
        "distance_to_road_m": 2096,
        "legal_status": "no-go",
        "distance_to_smelter_km": 59.1,
        "area_ha": 0.31,
        "region_id": "SE"
      },
      "geometry": {
        "type": "Polygon",
        "coordinates": [
          [
            [
              121.64,
              -4.25
            ],
            [
              121.645,
              -4.25
            ],
            [
              121.645,
              -4.245
            ],
            [
              121.64,
              -4.245
            ],
            [
              121.64,
              -4.25
            ]
          ]
        ]
      }
    },
    {
      "type": "Feature",
      "properties": {
        "grid_id": "POM014",
        "site": "pomalaa",
        "location_label": "Pomalaa - Sulawesi Tenggara nickel laterite",
        "lithology": "peridotite_simulated",
        "slope_deg": 1.1,
        "distance_to_river_m": 994,
        "distance_to_road_m": 809,
        "legal_status": "allowed",
        "distance_to_smelter_km": 60.6,
        "area_ha": 0.31,
        "region_id": "SE"
      },
      "geometry": {
        "type": "Polygon",
        "coordinates": [
          [
            [
              121.645,
              -4.25
            ],
            [
              121.65,
              -4.25
            ],
            [
              121.65,
              -4.245
            ],
            [
              121.645,
              -4.245
            ],
            [
              121.645,
              -4.25
            ]
          ]
        ]
      }
    },
    {
      "type": "Feature",
      "properties": {
        "grid_id": "POM015",
        "site": "pomalaa",
        "location_label": "Pomalaa - Sulawesi Tenggara nickel laterite",
        "lithology": "serpentinite_simulated",
        "slope_deg": 7.7,
        "distance_to_river_m": 116,
        "distance_to_road_m": 2747,
        "legal_status": "allowed",
        "distance_to_smelter_km": 62.6,
        "area_ha": 0.31,
        "region_id": "SE"
      },
      "geometry": {
        "type": "Polygon",
        "coordinates": [
          [
            [
              121.65,
              -4.25
            ],
            [
              121.655,
              -4.25
            ],
            [
              121.655,
              -4.245
            ],
            [
              121.65,
              -4.245
            ],
            [
              121.65,
              -4.25
            ]
          ]
        ]
      }
    },
    {
      "type": "Feature",
      "properties": {
        "grid_id": "POM016",
        "site": "pomalaa",
        "location_label": "Pomalaa - Sulawesi Tenggara nickel laterite",
        "lithology": "mafic_volcanic_simulated",
        "slope_deg": 5.3,
        "distance_to_river_m": 580,
        "distance_to_road_m": 1855,
        "legal_status": "no-go",
        "distance_to_smelter_km": 64.9,
        "area_ha": 0.31,
        "region_id": "SE"
      },
      "geometry": {
        "type": "Polygon",
        "coordinates": [
          [
            [
              121.655,
              -4.25
            ],
            [
              121.66,
              -4.25
            ],
            [
              121.66,
              -4.245
            ],
            [
              121.655,
              -4.245
            ],
            [
              121.655,
              -4.25
            ]
          ]
        ]
      }
    },
    {
      "type": "Feature",
      "properties": {
        "grid_id": "POM017",
        "site": "pomalaa",
        "location_label": "Pomalaa - Sulawesi Tenggara nickel laterite",
        "lithology": "serpentinite_simulated",
        "slope_deg": 12.5,
        "distance_to_river_m": 156,
        "distance_to_road_m": 708,
        "legal_status": "allowed",
        "distance_to_smelter_km": 67.6,
        "area_ha": 0.31,
        "region_id": "SE"
      },
      "geometry": {
        "type": "Polygon",
        "coordinates": [
          [
            [
              121.66,
              -4.25
            ],
            [
              121.665,
              -4.25
            ],
            [
              121.665,
              -4.245
            ],
            [
              121.66,
              -4.245
            ],
            [
              121.66,
              -4.25
            ]
          ]
        ]
      }
    },
    {
      "type": "Feature",
      "properties": {
        "grid_id": "POM018",
        "site": "pomalaa",
        "location_label": "Pomalaa - Sulawesi Tenggara nickel laterite",
        "lithology": "peridotite_simulated",
        "slope_deg": 11.6,
        "distance_to_river_m": 1192,
        "distance_to_road_m": 2296,
        "legal_status": "allowed",
        "distance_to_smelter_km": 70.5,
        "area_ha": 0.31,
        "region_id": "SE"
      },
      "geometry": {
        "type": "Polygon",
        "coordinates": [
          [
            [
              121.665,
              -4.25
            ],
            [
              121.67,
              -4.25
            ],
            [
              121.67,
              -4.245
            ],
            [
              121.665,
              -4.245
            ],
            [
              121.665,
              -4.25
            ]
          ]
        ]
      }
    },
    {
      "type": "Feature",
      "properties": {
        "grid_id": "POM019",
        "site": "pomalaa",
        "location_label": "Pomalaa - Sulawesi Tenggara nickel laterite",
        "lithology": "mafic_volcanic_simulated",
        "slope_deg": 6.1,
        "distance_to_river_m": 658,
        "distance_to_road_m": 2712,
        "legal_status": "allowed",
        "distance_to_smelter_km": 73.7,
        "area_ha": 0.31,
        "region_id": "SE"
      },
      "geometry": {
        "type": "Polygon",
        "coordinates": [
          [
            [
              121.67,
              -4.25
            ],
            [
              121.675,
              -4.25
            ],
            [
              121.675,
              -4.245
            ],
            [
              121.67,
              -4.245
            ],
            [
              121.67,
              -4.25
            ]
          ]
        ]
      }
    },
    {
      "type": "Feature",
      "properties": {
        "grid_id": "POM020",
        "site": "pomalaa",
        "location_label": "Pomalaa - Sulawesi Tenggara nickel laterite",
        "lithology": "mafic_volcanic_simulated",
        "slope_deg": 7.6,
        "distance_to_river_m": 928,
        "distance_to_road_m": 1666,
        "legal_status": "no-go",
        "distance_to_smelter_km": 77.2,
        "area_ha": 0.31,
        "region_id": "SE"
      },
      "geometry": {
        "type": "Polygon",
        "coordinates": [
          [
            [
              121.675,
              -4.25
            ],
            [
              121.68,
              -4.25
            ],
            [
              121.68,
              -4.245
            ],
            [
              121.675,
              -4.245
            ],
            [
              121.675,
              -4.25
            ]
          ]
        ]
      }
    },
    {
      "type": "Feature",
      "properties": {
        "grid_id": "POM021",
        "site": "pomalaa",
        "location_label": "Pomalaa - Sulawesi Tenggara nickel laterite",
        "lithology": "serpentinite_simulated",
        "slope_deg": 2.9,
        "distance_to_river_m": 1105,
        "distance_to_road_m": 1556,
        "legal_status": "allowed",
        "distance_to_smelter_km": 73.7,
        "area_ha": 0.31,
        "region_id": "SW"
      },
      "geometry": {
        "type": "Polygon",
        "coordinates": [
          [
            [
              121.58,
              -4.245
            ],
            [
              121.585,
              -4.245
            ],
            [
              121.585,
              -4.24
            ],
            [
              121.58,
              -4.24
            ],
            [
              121.58,
              -4.245
            ]
          ]
        ]
      }
    },
    {
      "type": "Feature",
      "properties": {
        "grid_id": "POM022",
        "site": "pomalaa",
        "location_label": "Pomalaa - Sulawesi Tenggara nickel laterite",
        "lithology": "mafic_volcanic_simulated",
        "slope_deg": 10.4,
        "distance_to_river_m": 754,
        "distance_to_road_m": 1515,
        "legal_status": "no-go",
        "distance_to_smelter_km": 70.1,
        "area_ha": 0.31,
        "region_id": "SW"
      },
      "geometry": {
        "type": "Polygon",
        "coordinates": [
          [
            [
              121.585,
              -4.245
            ],
            [
              121.59,
              -4.245
            ],
            [
              121.59,
              -4.24
            ],
            [
              121.585,
              -4.24
            ],
            [
              121.585,
              -4.245
            ]
          ]
        ]
      }
    },
    {
      "type": "Feature",
      "properties": {
        "grid_id": "POM023",
        "site": "pomalaa",
        "location_label": "Pomalaa - Sulawesi Tenggara nickel laterite",
        "lithology": "alluvium",
        "slope_deg": 2.9,
        "distance_to_river_m": 1026,
        "distance_to_road_m": 1231,
        "legal_status": "no-go",
        "distance_to_smelter_km": 66.7,
        "area_ha": 0.31,
        "region_id": "SW"
      },
      "geometry": {
        "type": "Polygon",
        "coordinates": [
          [
            [
              121.59,
              -4.245
            ],
            [
              121.595,
              -4.245
            ],
            [
              121.595,
              -4.24
            ],
            [
              121.59,
              -4.24
            ],
            [
              121.59,
              -4.245
            ]
          ]
        ]
      }
    },
    {
      "type": "Feature",
      "properties": {
        "grid_id": "POM024",
        "site": "pomalaa",
        "location_label": "Pomalaa - Sulawesi Tenggara nickel laterite",
        "lithology": "alluvium",
        "slope_deg": 8.7,
        "distance_to_river_m": 640,
        "distance_to_road_m": 3455,
        "legal_status": "no-go",
        "distance_to_smelter_km": 63.5,
        "area_ha": 0.31,
        "region_id": "SW"
      },
      "geometry": {
        "type": "Polygon",
        "coordinates": [
          [
            [
              121.595,
              -4.245
            ],
            [
              121.6,
              -4.245
            ],
            [
              121.6,
              -4.24
            ],
            [
              121.595,
              -4.24
            ],
            [
              121.595,
              -4.245
            ]
          ]
        ]
      }
    },
    {
      "type": "Feature",
      "properties": {
        "grid_id": "POM025",
        "site": "pomalaa",
        "location_label": "Pomalaa - Sulawesi Tenggara nickel laterite",
        "lithology": "alluvium",
        "slope_deg": 2.1,
        "distance_to_river_m": 895,
        "distance_to_road_m": 2490,
        "legal_status": "no-go",
        "distance_to_smelter_km": 60.6,
        "area_ha": 0.31,
        "region_id": "SW"
      },
      "geometry": {
        "type": "Polygon",
        "coordinates": [
          [
            [
              121.6,
              -4.245
            ],
            [
              121.605,
              -4.245
            ],
            [
              121.605,
              -4.24
            ],
            [
              121.6,
              -4.24
            ],
            [
              121.6,
              -4.245
            ]
          ]
        ]
      }
    },
    {
      "type": "Feature",
      "properties": {
        "grid_id": "POM026",
        "site": "pomalaa",
        "location_label": "Pomalaa - Sulawesi Tenggara nickel laterite",
        "lithology": "serpentinite_simulated",
        "slope_deg": 7.0,
        "distance_to_river_m": 736,
        "distance_to_road_m": 2494,
        "legal_status": "no-go",
        "distance_to_smelter_km": 58.1,
        "area_ha": 0.31,
        "region_id": "SW"
      },
      "geometry": {
        "type": "Polygon",
        "coordinates": [
          [
            [
              121.605,
              -4.245
            ],
            [
              121.61,
              -4.245
            ],
            [
              121.61,
              -4.24
            ],
            [
              121.605,
              -4.24
            ],
            [
              121.605,
              -4.245
            ]
          ]
        ]
      }
    },
    {
      "type": "Feature",
      "properties": {
        "grid_id": "POM027",
        "site": "pomalaa",
        "location_label": "Pomalaa - Sulawesi Tenggara nickel laterite",
        "lithology": "serpentinite_simulated",
        "slope_deg": 2.8,
        "distance_to_river_m": 283,
        "distance_to_road_m": 2706,
        "legal_status": "allowed",
        "distance_to_smelter_km": 56.0,
        "area_ha": 0.31,
        "region_id": "SW"
      },
      "geometry": {
        "type": "Polygon",
        "coordinates": [
          [
            [
              121.61,
              -4.245
            ],
            [
              121.615,
              -4.245
            ],
            [
              121.615,
              -4.24
            ],
            [
              121.61,
              -4.24
            ],
            [
              121.61,
              -4.245
            ]
          ]
        ]
      }
    },
    {
      "type": "Feature",
      "properties": {
        "grid_id": "POM028",
        "site": "pomalaa",
        "location_label": "Pomalaa - Sulawesi Tenggara nickel laterite",
        "lithology": "serpentinite_simulated",
        "slope_deg": 5.6,
        "distance_to_river_m": 315,
        "distance_to_road_m": 1931,
        "legal_status": "conditional",
        "distance_to_smelter_km": 54.3,
        "area_ha": 0.31,
        "region_id": "SW"
      },
      "geometry": {
        "type": "Polygon",
        "coordinates": [
          [
            [
              121.615,
              -4.245
            ],
            [
              121.62,
              -4.245
            ],
            [
              121.62,
              -4.24
            ],
            [
              121.615,
              -4.24
            ],
            [
              121.615,
              -4.245
            ]
          ]
        ]
      }
    },
    {
      "type": "Feature",
      "properties": {
        "grid_id": "POM029",
        "site": "pomalaa",
        "location_label": "Pomalaa - Sulawesi Tenggara nickel laterite",
        "lithology": "serpentinite_simulated",
        "slope_deg": 5.3,
        "distance_to_river_m": 1196,
        "distance_to_road_m": 1863,
        "legal_status": "allowed",
        "distance_to_smelter_km": 53.2,
        "area_ha": 0.31,
        "region_id": "SW"
      },
      "geometry": {
        "type": "Polygon",
        "coordinates": [
          [
            [
              121.62,
              -4.245
            ],
            [
              121.625,
              -4.245
            ],
            [
              121.625,
              -4.24
            ],
            [
              121.62,
              -4.24
            ],
            [
              121.62,
              -4.245
            ]
          ]
        ]
      }
    },
    {
      "type": "Feature",
      "properties": {
        "grid_id": "POM030",
        "site": "pomalaa",
        "location_label": "Pomalaa - Sulawesi Tenggara nickel laterite",
        "lithology": "peridotite_simulated",
        "slope_deg": 10.8,
        "distance_to_river_m": 310,
        "distance_to_road_m": 807,
        "legal_status": "conditional",
        "distance_to_smelter_km": 52.6,
        "area_ha": 0.31,
        "region_id": "SW"
      },
      "geometry": {
        "type": "Polygon",
        "coordinates": [
          [
            [
              121.625,
              -4.245
            ],
            [
              121.63,
              -4.245
            ],
            [
              121.63,
              -4.24
            ],
            [
              121.625,
              -4.24
            ],
            [
              121.625,
              -4.245
            ]
          ]
        ]
      }
    },
    {
      "type": "Feature",
      "properties": {
        "grid_id": "POM031",
        "site": "pomalaa",
        "location_label": "Pomalaa - Sulawesi Tenggara nickel laterite",
        "lithology": "ultramafic_simulated",
        "slope_deg": 4.1,
        "distance_to_river_m": 557,
        "distance_to_road_m": 3356,
        "legal_status": "conditional",
        "distance_to_smelter_km": 52.6,
        "area_ha": 0.31,
        "region_id": "SE"
      },
      "geometry": {
        "type": "Polygon",
        "coordinates": [
          [
            [
              121.63,
              -4.245
            ],
            [
              121.635,
              -4.245
            ],
            [
              121.635,
              -4.24
            ],
            [
              121.63,
              -4.24
            ],
            [
              121.63,
              -4.245
            ]
          ]
        ]
      }
    },
    {
      "type": "Feature",
      "properties": {
        "grid_id": "POM032",
        "site": "pomalaa",
        "location_label": "Pomalaa - Sulawesi Tenggara nickel laterite",
        "lithology": "peridotite_simulated",
        "slope_deg": 2.0,
        "distance_to_river_m": 149,
        "distance_to_road_m": 2878,
        "legal_status": "conditional",
        "distance_to_smelter_km": 53.2,
        "area_ha": 0.31,
        "region_id": "SE"
      },
      "geometry": {
        "type": "Polygon",
        "coordinates": [
          [
            [
              121.635,
              -4.245
            ],
            [
              121.64,
              -4.245
            ],
            [
              121.64,
              -4.24
            ],
            [
              121.635,
              -4.24
            ],
            [
              121.635,
              -4.245
            ]
          ]
        ]
      }
    },
    {
      "type": "Feature",
      "properties": {
        "grid_id": "POM033",
        "site": "pomalaa",
        "location_label": "Pomalaa - Sulawesi Tenggara nickel laterite",
        "lithology": "peridotite_simulated",
        "slope_deg": 11.5,
        "distance_to_river_m": 988,
        "distance_to_road_m": 1077,
        "legal_status": "no-go",
        "distance_to_smelter_km": 54.3,
        "area_ha": 0.31,
        "region_id": "SE"
      },
      "geometry": {
        "type": "Polygon",
        "coordinates": [
          [
            [
              121.64,
              -4.245
            ],
            [
              121.645,
              -4.245
            ],
            [
              121.645,
              -4.24
            ],
            [
              121.64,
              -4.24
            ],
            [
              121.64,
              -4.245
            ]
          ]
        ]
      }
    },
    {
      "type": "Feature",
      "properties": {
        "grid_id": "POM034",
        "site": "pomalaa",
        "location_label": "Pomalaa - Sulawesi Tenggara nickel laterite",
        "lithology": "peridotite_simulated",
        "slope_deg": 3.3,
        "distance_to_river_m": 775,
        "distance_to_road_m": 3133,
        "legal_status": "allowed",
        "distance_to_smelter_km": 56.0,
        "area_ha": 0.31,
        "region_id": "SE"
      },
      "geometry": {
        "type": "Polygon",
        "coordinates": [
          [
            [
              121.645,
              -4.245
            ],
            [
              121.65,
              -4.245
            ],
            [
              121.65,
              -4.24
            ],
            [
              121.645,
              -4.24
            ],
            [
              121.645,
              -4.245
            ]
          ]
        ]
      }
    },
    {
      "type": "Feature",
      "properties": {
        "grid_id": "POM035",
        "site": "pomalaa",
        "location_label": "Pomalaa - Sulawesi Tenggara nickel laterite",
        "lithology": "alluvium",
        "slope_deg": 2.9,
        "distance_to_river_m": 384,
        "distance_to_road_m": 598,
        "legal_status": "allowed",
        "distance_to_smelter_km": 58.1,
        "area_ha": 0.31,
        "region_id": "SE"
      },
      "geometry": {
        "type": "Polygon",
        "coordinates": [
          [
            [
              121.65,
              -4.245
            ],
            [
              121.655,
              -4.245
            ],
            [
              121.655,
              -4.24
            ],
            [
              121.65,
              -4.24
            ],
            [
              121.65,
              -4.245
            ]
          ]
        ]
      }
    },
    {
      "type": "Feature",
      "properties": {
        "grid_id": "POM036",
        "site": "pomalaa",
        "location_label": "Pomalaa - Sulawesi Tenggara nickel laterite",
        "lithology": "serpentinite_simulated",
        "slope_deg": 13.7,
        "distance_to_river_m": 1135,
        "distance_to_road_m": 1906,
        "legal_status": "allowed",
        "distance_to_smelter_km": 60.6,
        "area_ha": 0.31,
        "region_id": "SE"
      },
      "geometry": {
        "type": "Polygon",
        "coordinates": [
          [
            [
              121.655,
              -4.245
            ],
            [
              121.66,
              -4.245
            ],
            [
              121.66,
              -4.24
            ],
            [
              121.655,
              -4.24
            ],
            [
              121.655,
              -4.245
            ]
          ]
        ]
      }
    },
    {
      "type": "Feature",
      "properties": {
        "grid_id": "POM037",
        "site": "pomalaa",
        "location_label": "Pomalaa - Sulawesi Tenggara nickel laterite",
        "lithology": "serpentinite_simulated",
        "slope_deg": 7.2,
        "distance_to_river_m": 214,
        "distance_to_road_m": 655,
        "legal_status": "allowed",
        "distance_to_smelter_km": 63.5,
        "area_ha": 0.31,
        "region_id": "SE"
      },
      "geometry": {
        "type": "Polygon",
        "coordinates": [
          [
            [
              121.66,
              -4.245
            ],
            [
              121.665,
              -4.245
            ],
            [
              121.665,
              -4.24
            ],
            [
              121.66,
              -4.24
            ],
            [
              121.66,
              -4.245
            ]
          ]
        ]
      }
    },
    {
      "type": "Feature",
      "properties": {
        "grid_id": "POM038",
        "site": "pomalaa",
        "location_label": "Pomalaa - Sulawesi Tenggara nickel laterite",
        "lithology": "ultramafic_simulated",
        "slope_deg": 7.5,
        "distance_to_river_m": 774,
        "distance_to_road_m": 2459,
        "legal_status": "allowed",
        "distance_to_smelter_km": 66.7,
        "area_ha": 0.31,
        "region_id": "SE"
      },
      "geometry": {
        "type": "Polygon",
        "coordinates": [
          [
            [
              121.665,
              -4.245
            ],
            [
              121.67,
              -4.245
            ],
            [
              121.67,
              -4.24
            ],
            [
              121.665,
              -4.24
            ],
            [
              121.665,
              -4.245
            ]
          ]
        ]
      }
    },
    {
      "type": "Feature",
      "properties": {
        "grid_id": "POM039",
        "site": "pomalaa",
        "location_label": "Pomalaa - Sulawesi Tenggara nickel laterite",
        "lithology": "peridotite_simulated",
        "slope_deg": 11.6,
        "distance_to_river_m": 416,
        "distance_to_road_m": 2942,
        "legal_status": "no-go",
        "distance_to_smelter_km": 70.1,
        "area_ha": 0.31,
        "region_id": "SE"
      },
      "geometry": {
        "type": "Polygon",
        "coordinates": [
          [
            [
              121.67,
              -4.245
            ],
            [
              121.675,
              -4.245
            ],
            [
              121.675,
              -4.24
            ],
            [
              121.67,
              -4.24
            ],
            [
              121.67,
              -4.245
            ]
          ]
        ]
      }
    },
    {
      "type": "Feature",
      "properties": {
        "grid_id": "POM040",
        "site": "pomalaa",
        "location_label": "Pomalaa - Sulawesi Tenggara nickel laterite",
        "lithology": "alluvium",
        "slope_deg": 4.0,
        "distance_to_river_m": 203,
        "distance_to_road_m": 2886,
        "legal_status": "allowed",
        "distance_to_smelter_km": 73.7,
        "area_ha": 0.31,
        "region_id": "SE"
      },
      "geometry": {
        "type": "Polygon",
        "coordinates": [
          [
            [
              121.675,
              -4.245
            ],
            [
              121.68,
              -4.245
            ],
            [
              121.68,
              -4.24
            ],
            [
              121.675,
              -4.24
            ],
            [
              121.675,
              -4.245
            ]
          ]
        ]
      }
    },
    {
      "type": "Feature",
      "properties": {
        "grid_id": "POM041",
        "site": "pomalaa",
        "location_label": "Pomalaa - Sulawesi Tenggara nickel laterite",
        "lithology": "ultramafic_simulated",
        "slope_deg": 2.5,
        "distance_to_river_m": 126,
        "distance_to_road_m": 1255,
        "legal_status": "allowed",
        "distance_to_smelter_km": 70.5,
        "area_ha": 0.31,
        "region_id": "SW"
      },
      "geometry": {
        "type": "Polygon",
        "coordinates": [
          [
            [
              121.58,
              -4.24
            ],
            [
              121.585,
              -4.24
            ],
            [
              121.585,
              -4.235
            ],
            [
              121.58,
              -4.235
            ],
            [
              121.58,
              -4.24
            ]
          ]
        ]
      }
    },
    {
      "type": "Feature",
      "properties": {
        "grid_id": "POM042",
        "site": "pomalaa",
        "location_label": "Pomalaa - Sulawesi Tenggara nickel laterite",
        "lithology": "mafic_volcanic_simulated",
        "slope_deg": 12.5,
        "distance_to_river_m": 721,
        "distance_to_road_m": 1195,
        "legal_status": "no-go",
        "distance_to_smelter_km": 66.7,
        "area_ha": 0.31,
        "region_id": "SW"
      },
      "geometry": {
        "type": "Polygon",
        "coordinates": [
          [
            [
              121.585,
              -4.24
            ],
            [
              121.59,
              -4.24
            ],
            [
              121.59,
              -4.235
            ],
            [
              121.585,
              -4.235
            ],
            [
              121.585,
              -4.24
            ]
          ]
        ]
      }
    },
    {
      "type": "Feature",
      "properties": {
        "grid_id": "POM043",
        "site": "pomalaa",
        "location_label": "Pomalaa - Sulawesi Tenggara nickel laterite",
        "lithology": "ultramafic_simulated",
        "slope_deg": 11.5,
        "distance_to_river_m": 976,
        "distance_to_road_m": 347,
        "legal_status": "conditional",
        "distance_to_smelter_km": 63.0,
        "area_ha": 0.31,
        "region_id": "SW"
      },
      "geometry": {
        "type": "Polygon",
        "coordinates": [
          [
            [
              121.59,
              -4.24
            ],
            [
              121.595,
              -4.24
            ],
            [
              121.595,
              -4.235
            ],
            [
              121.59,
              -4.235
            ],
            [
              121.59,
              -4.24
            ]
          ]
        ]
      }
    },
    {
      "type": "Feature",
      "properties": {
        "grid_id": "POM044",
        "site": "pomalaa",
        "location_label": "Pomalaa - Sulawesi Tenggara nickel laterite",
        "lithology": "peridotite_simulated",
        "slope_deg": 2.8,
        "distance_to_river_m": 293,
        "distance_to_road_m": 900,
        "legal_status": "conditional",
        "distance_to_smelter_km": 59.6,
        "area_ha": 0.31,
        "region_id": "SW"
      },
      "geometry": {
        "type": "Polygon",
        "coordinates": [
          [
            [
              121.595,
              -4.24
            ],
            [
              121.6,
              -4.24
            ],
            [
              121.6,
              -4.235
            ],
            [
              121.595,
              -4.235
            ],
            [
              121.595,
              -4.24
            ]
          ]
        ]
      }
    },
    {
      "type": "Feature",
      "properties": {
        "grid_id": "POM045",
        "site": "pomalaa",
        "location_label": "Pomalaa - Sulawesi Tenggara nickel laterite",
        "lithology": "alluvium",
        "slope_deg": 1.9,
        "distance_to_river_m": 253,
        "distance_to_road_m": 1278,
        "legal_status": "allowed",
        "distance_to_smelter_km": 56.5,
        "area_ha": 0.31,
        "region_id": "SW"
      },
      "geometry": {
        "type": "Polygon",
        "coordinates": [
          [
            [
              121.6,
              -4.24
            ],
            [
              121.605,
              -4.24
            ],
            [
              121.605,
              -4.235
            ],
            [
              121.6,
              -4.235
            ],
            [
              121.6,
              -4.24
            ]
          ]
        ]
      }
    },
    {
      "type": "Feature",
      "properties": {
        "grid_id": "POM046",
        "site": "pomalaa",
        "location_label": "Pomalaa - Sulawesi Tenggara nickel laterite",
        "lithology": "alluvium",
        "slope_deg": 7.7,
        "distance_to_river_m": 1023,
        "distance_to_road_m": 399,
        "legal_status": "no-go",
        "distance_to_smelter_km": 53.7,
        "area_ha": 0.31,
        "region_id": "SW"
      },
      "geometry": {
        "type": "Polygon",
        "coordinates": [
          [
            [
              121.605,
              -4.24
            ],
            [
              121.61,
              -4.24
            ],
            [
              121.61,
              -4.235
            ],
            [
              121.605,
              -4.235
            ],
            [
              121.605,
              -4.24
            ]
          ]
        ]
      }
    },
    {
      "type": "Feature",
      "properties": {
        "grid_id": "POM047",
        "site": "pomalaa",
        "location_label": "Pomalaa - Sulawesi Tenggara nickel laterite",
        "lithology": "alluvium",
        "slope_deg": 9.4,
        "distance_to_river_m": 1003,
        "distance_to_road_m": 2152,
        "legal_status": "allowed",
        "distance_to_smelter_km": 51.4,
        "area_ha": 0.31,
        "region_id": "SW"
      },
      "geometry": {
        "type": "Polygon",
        "coordinates": [
          [
            [
              121.61,
              -4.24
            ],
            [
              121.615,
              -4.24
            ],
            [
              121.615,
              -4.235
            ],
            [
              121.61,
              -4.235
            ],
            [
              121.61,
              -4.24
            ]
          ]
        ]
      }
    },
    {
      "type": "Feature",
      "properties": {
        "grid_id": "POM048",
        "site": "pomalaa",
        "location_label": "Pomalaa - Sulawesi Tenggara nickel laterite",
        "lithology": "mafic_volcanic_simulated",
        "slope_deg": 11.7,
        "distance_to_river_m": 823,
        "distance_to_road_m": 2916,
        "legal_status": "allowed",
        "distance_to_smelter_km": 49.5,
        "area_ha": 0.31,
        "region_id": "SW"
      },
      "geometry": {
        "type": "Polygon",
        "coordinates": [
          [
            [
              121.615,
              -4.24
            ],
            [
              121.62,
              -4.24
            ],
            [
              121.62,
              -4.235
            ],
            [
              121.615,
              -4.235
            ],
            [
              121.615,
              -4.24
            ]
          ]
        ]
      }
    },
    {
      "type": "Feature",
      "properties": {
        "grid_id": "POM049",
        "site": "pomalaa",
        "location_label": "Pomalaa - Sulawesi Tenggara nickel laterite",
        "lithology": "mafic_volcanic_simulated",
        "slope_deg": 2.9,
        "distance_to_river_m": 731,
        "distance_to_road_m": 2822,
        "legal_status": "allowed",
        "distance_to_smelter_km": 48.2,
        "area_ha": 0.31,
        "region_id": "SW"
      },
      "geometry": {
        "type": "Polygon",
        "coordinates": [
          [
            [
              121.62,
              -4.24
            ],
            [
              121.625,
              -4.24
            ],
            [
              121.625,
              -4.235
            ],
            [
              121.62,
              -4.235
            ],
            [
              121.62,
              -4.24
            ]
          ]
        ]
      }
    },
    {
      "type": "Feature",
      "properties": {
        "grid_id": "POM050",
        "site": "pomalaa",
        "location_label": "Pomalaa - Sulawesi Tenggara nickel laterite",
        "lithology": "mafic_volcanic_simulated",
        "slope_deg": 1.5,
        "distance_to_river_m": 1057,
        "distance_to_road_m": 872,
        "legal_status": "no-go",
        "distance_to_smelter_km": 47.6,
        "area_ha": 0.31,
        "region_id": "SW"
      },
      "geometry": {
        "type": "Polygon",
        "coordinates": [
          [
            [
              121.625,
              -4.24
            ],
            [
              121.63,
              -4.24
            ],
            [
              121.63,
              -4.235
            ],
            [
              121.625,
              -4.235
            ],
            [
              121.625,
              -4.24
            ]
          ]
        ]
      }
    },
    {
      "type": "Feature",
      "properties": {
        "grid_id": "POM051",
        "site": "pomalaa",
        "location_label": "Pomalaa - Sulawesi Tenggara nickel laterite",
        "lithology": "serpentinite_simulated",
        "slope_deg": 8.0,
        "distance_to_river_m": 343,
        "distance_to_road_m": 2599,
        "legal_status": "allowed",
        "distance_to_smelter_km": 47.6,
        "area_ha": 0.31,
        "region_id": "SE"
      },
      "geometry": {
        "type": "Polygon",
        "coordinates": [
          [
            [
              121.63,
              -4.24
            ],
            [
              121.635,
              -4.24
            ],
            [
              121.635,
              -4.235
            ],
            [
              121.63,
              -4.235
            ],
            [
              121.63,
              -4.24
            ]
          ]
        ]
      }
    },
    {
      "type": "Feature",
      "properties": {
        "grid_id": "POM052",
        "site": "pomalaa",
        "location_label": "Pomalaa - Sulawesi Tenggara nickel laterite",
        "lithology": "ultramafic_simulated",
        "slope_deg": 4.8,
        "distance_to_river_m": 509,
        "distance_to_road_m": 3018,
        "legal_status": "allowed",
        "distance_to_smelter_km": 48.2,
        "area_ha": 0.31,
        "region_id": "SE"
      },
      "geometry": {
        "type": "Polygon",
        "coordinates": [
          [
            [
              121.635,
              -4.24
            ],
            [
              121.64,
              -4.24
            ],
            [
              121.64,
              -4.235
            ],
            [
              121.635,
              -4.235
            ],
            [
              121.635,
              -4.24
            ]
          ]
        ]
      }
    },
    {
      "type": "Feature",
      "properties": {
        "grid_id": "POM053",
        "site": "pomalaa",
        "location_label": "Pomalaa - Sulawesi Tenggara nickel laterite",
        "lithology": "alluvium",
        "slope_deg": 11.5,
        "distance_to_river_m": 1003,
        "distance_to_road_m": 3170,
        "legal_status": "allowed",
        "distance_to_smelter_km": 49.5,
        "area_ha": 0.31,
        "region_id": "SE"
      },
      "geometry": {
        "type": "Polygon",
        "coordinates": [
          [
            [
              121.64,
              -4.24
            ],
            [
              121.645,
              -4.24
            ],
            [
              121.645,
              -4.235
            ],
            [
              121.64,
              -4.235
            ],
            [
              121.64,
              -4.24
            ]
          ]
        ]
      }
    },
    {
      "type": "Feature",
      "properties": {
        "grid_id": "POM054",
        "site": "pomalaa",
        "location_label": "Pomalaa - Sulawesi Tenggara nickel laterite",
        "lithology": "serpentinite_simulated",
        "slope_deg": 8.4,
        "distance_to_river_m": 965,
        "distance_to_road_m": 1640,
        "legal_status": "allowed",
        "distance_to_smelter_km": 51.4,
        "area_ha": 0.31,
        "region_id": "SE"
      },
      "geometry": {
        "type": "Polygon",
        "coordinates": [
          [
            [
              121.645,
              -4.24
            ],
            [
              121.65,
              -4.24
            ],
            [
              121.65,
              -4.235
            ],
            [
              121.645,
              -4.235
            ],
            [
              121.645,
              -4.24
            ]
          ]
        ]
      }
    },
    {
      "type": "Feature",
      "properties": {
        "grid_id": "POM055",
        "site": "pomalaa",
        "location_label": "Pomalaa - Sulawesi Tenggara nickel laterite",
        "lithology": "ultramafic_simulated",
        "slope_deg": 5.7,
        "distance_to_river_m": 883,
        "distance_to_road_m": 2792,
        "legal_status": "conditional",
        "distance_to_smelter_km": 53.7,
        "area_ha": 0.31,
        "region_id": "SE"
      },
      "geometry": {
        "type": "Polygon",
        "coordinates": [
          [
            [
              121.65,
              -4.24
            ],
            [
              121.655,
              -4.24
            ],
            [
              121.655,
              -4.235
            ],
            [
              121.65,
              -4.235
            ],
            [
              121.65,
              -4.24
            ]
          ]
        ]
      }
    },
    {
      "type": "Feature",
      "properties": {
        "grid_id": "POM056",
        "site": "pomalaa",
        "location_label": "Pomalaa - Sulawesi Tenggara nickel laterite",
        "lithology": "peridotite_simulated",
        "slope_deg": 1.7,
        "distance_to_river_m": 851,
        "distance_to_road_m": 3179,
        "legal_status": "no-go",
        "distance_to_smelter_km": 56.5,
        "area_ha": 0.31,
        "region_id": "SE"
      },
      "geometry": {
        "type": "Polygon",
        "coordinates": [
          [
            [
              121.655,
              -4.24
            ],
            [
              121.66,
              -4.24
            ],
            [
              121.66,
              -4.235
            ],
            [
              121.655,
              -4.235
            ],
            [
              121.655,
              -4.24
            ]
          ]
        ]
      }
    },
    {
      "type": "Feature",
      "properties": {
        "grid_id": "POM057",
        "site": "pomalaa",
        "location_label": "Pomalaa - Sulawesi Tenggara nickel laterite",
        "lithology": "alluvium",
        "slope_deg": 10.6,
        "distance_to_river_m": 959,
        "distance_to_road_m": 3344,
        "legal_status": "allowed",
        "distance_to_smelter_km": 59.6,
        "area_ha": 0.31,
        "region_id": "SE"
      },
      "geometry": {
        "type": "Polygon",
        "coordinates": [
          [
            [
              121.66,
              -4.24
            ],
            [
              121.665,
              -4.24
            ],
            [
              121.665,
              -4.235
            ],
            [
              121.66,
              -4.235
            ],
            [
              121.66,
              -4.24
            ]
          ]
        ]
      }
    },
    {
      "type": "Feature",
      "properties": {
        "grid_id": "POM058",
        "site": "pomalaa",
        "location_label": "Pomalaa - Sulawesi Tenggara nickel laterite",
        "lithology": "peridotite_simulated",
        "slope_deg": 13.6,
        "distance_to_river_m": 559,
        "distance_to_road_m": 2904,
        "legal_status": "allowed",
        "distance_to_smelter_km": 63.0,
        "area_ha": 0.31,
        "region_id": "SE"
      },
      "geometry": {
        "type": "Polygon",
        "coordinates": [
          [
            [
              121.665,
              -4.24
            ],
            [
              121.67,
              -4.24
            ],
            [
              121.67,
              -4.235
            ],
            [
              121.665,
              -4.235
            ],
            [
              121.665,
              -4.24
            ]
          ]
        ]
      }
    },
    {
      "type": "Feature",
      "properties": {
        "grid_id": "POM059",
        "site": "pomalaa",
        "location_label": "Pomalaa - Sulawesi Tenggara nickel laterite",
        "lithology": "peridotite_simulated",
        "slope_deg": 6.0,
        "distance_to_river_m": 546,
        "distance_to_road_m": 1794,
        "legal_status": "no-go",
        "distance_to_smelter_km": 66.7,
        "area_ha": 0.31,
        "region_id": "SE"
      },
      "geometry": {
        "type": "Polygon",
        "coordinates": [
          [
            [
              121.67,
              -4.24
            ],
            [
              121.675,
              -4.24
            ],
            [
              121.675,
              -4.235
            ],
            [
              121.67,
              -4.235
            ],
            [
              121.67,
              -4.24
            ]
          ]
        ]
      }
    },
    {
      "type": "Feature",
      "properties": {
        "grid_id": "POM060",
        "site": "pomalaa",
        "location_label": "Pomalaa - Sulawesi Tenggara nickel laterite",
        "lithology": "mafic_volcanic_simulated",
        "slope_deg": 4.6,
        "distance_to_river_m": 880,
        "distance_to_road_m": 1276,
        "legal_status": "no-go",
        "distance_to_smelter_km": 70.5,
        "area_ha": 0.31,
        "region_id": "SE"
      },
      "geometry": {
        "type": "Polygon",
        "coordinates": [
          [
            [
              121.675,
              -4.24
            ],
            [
              121.68,
              -4.24
            ],
            [
              121.68,
              -4.235
            ],
            [
              121.675,
              -4.235
            ],
            [
              121.675,
              -4.24
            ]
          ]
        ]
      }
    },
    {
      "type": "Feature",
      "properties": {
        "grid_id": "POM061",
        "site": "pomalaa",
        "location_label": "Pomalaa - Sulawesi Tenggara nickel laterite",
        "lithology": "ultramafic_simulated",
        "slope_deg": 10.5,
        "distance_to_river_m": 99,
        "distance_to_road_m": 1819,
        "legal_status": "allowed",
        "distance_to_smelter_km": 67.6,
        "area_ha": 0.31,
        "region_id": "SW"
      },
      "geometry": {
        "type": "Polygon",
        "coordinates": [
          [
            [
              121.58,
              -4.235
            ],
            [
              121.585,
              -4.235
            ],
            [
              121.585,
              -4.23
            ],
            [
              121.58,
              -4.23
            ],
            [
              121.58,
              -4.235
            ]
          ]
        ]
      }
    },
    {
      "type": "Feature",
      "properties": {
        "grid_id": "POM062",
        "site": "pomalaa",
        "location_label": "Pomalaa - Sulawesi Tenggara nickel laterite",
        "lithology": "alluvium",
        "slope_deg": 12.0,
        "distance_to_river_m": 1135,
        "distance_to_road_m": 2492,
        "legal_status": "allowed",
        "distance_to_smelter_km": 63.5,
        "area_ha": 0.31,
        "region_id": "SW"
      },
      "geometry": {
        "type": "Polygon",
        "coordinates": [
          [
            [
              121.585,
              -4.235
            ],
            [
              121.59,
              -4.235
            ],
            [
              121.59,
              -4.23
            ],
            [
              121.585,
              -4.23
            ],
            [
              121.585,
              -4.235
            ]
          ]
        ]
      }
    },
    {
      "type": "Feature",
      "properties": {
        "grid_id": "POM063",
        "site": "pomalaa",
        "location_label": "Pomalaa - Sulawesi Tenggara nickel laterite",
        "lithology": "ultramafic_simulated",
        "slope_deg": 3.1,
        "distance_to_river_m": 898,
        "distance_to_road_m": 3087,
        "legal_status": "conditional",
        "distance_to_smelter_km": 59.6,
        "area_ha": 0.31,
        "region_id": "SW"
      },
      "geometry": {
        "type": "Polygon",
        "coordinates": [
          [
            [
              121.59,
              -4.235
            ],
            [
              121.595,
              -4.235
            ],
            [
              121.595,
              -4.23
            ],
            [
              121.59,
              -4.23
            ],
            [
              121.59,
              -4.235
            ]
          ]
        ]
      }
    },
    {
      "type": "Feature",
      "properties": {
        "grid_id": "POM064",
        "site": "pomalaa",
        "location_label": "Pomalaa - Sulawesi Tenggara nickel laterite",
        "lithology": "peridotite_simulated",
        "slope_deg": 4.6,
        "distance_to_river_m": 607,
        "distance_to_road_m": 1596,
        "legal_status": "allowed",
        "distance_to_smelter_km": 56.0,
        "area_ha": 0.31,
        "region_id": "SW"
      },
      "geometry": {
        "type": "Polygon",
        "coordinates": [
          [
            [
              121.595,
              -4.235
            ],
            [
              121.6,
              -4.235
            ],
            [
              121.6,
              -4.23
            ],
            [
              121.595,
              -4.23
            ],
            [
              121.595,
              -4.235
            ]
          ]
        ]
      }
    },
    {
      "type": "Feature",
      "properties": {
        "grid_id": "POM065",
        "site": "pomalaa",
        "location_label": "Pomalaa - Sulawesi Tenggara nickel laterite",
        "lithology": "serpentinite_simulated",
        "slope_deg": 3.1,
        "distance_to_river_m": 900,
        "distance_to_road_m": 1899,
        "legal_status": "no-go",
        "distance_to_smelter_km": 52.6,
        "area_ha": 0.31,
        "region_id": "SW"
      },
      "geometry": {
        "type": "Polygon",
        "coordinates": [
          [
            [
              121.6,
              -4.235
            ],
            [
              121.605,
              -4.235
            ],
            [
              121.605,
              -4.23
            ],
            [
              121.6,
              -4.23
            ],
            [
              121.6,
              -4.235
            ]
          ]
        ]
      }
    },
    {
      "type": "Feature",
      "properties": {
        "grid_id": "POM066",
        "site": "pomalaa",
        "location_label": "Pomalaa - Sulawesi Tenggara nickel laterite",
        "lithology": "mafic_volcanic_simulated",
        "slope_deg": 4.9,
        "distance_to_river_m": 824,
        "distance_to_road_m": 573,
        "legal_status": "allowed",
        "distance_to_smelter_km": 49.5,
        "area_ha": 0.31,
        "region_id": "SW"
      },
      "geometry": {
        "type": "Polygon",
        "coordinates": [
          [
            [
              121.605,
              -4.235
            ],
            [
              121.61,
              -4.235
            ],
            [
              121.61,
              -4.23
            ],
            [
              121.605,
              -4.23
            ],
            [
              121.605,
              -4.235
            ]
          ]
        ]
      }
    },
    {
      "type": "Feature",
      "properties": {
        "grid_id": "POM067",
        "site": "pomalaa",
        "location_label": "Pomalaa - Sulawesi Tenggara nickel laterite",
        "lithology": "mafic_volcanic_simulated",
        "slope_deg": 13.5,
        "distance_to_river_m": 1083,
        "distance_to_road_m": 576,
        "legal_status": "conditional",
        "distance_to_smelter_km": 46.9,
        "area_ha": 0.31,
        "region_id": "SW"
      },
      "geometry": {
        "type": "Polygon",
        "coordinates": [
          [
            [
              121.61,
              -4.235
            ],
            [
              121.615,
              -4.235
            ],
            [
              121.615,
              -4.23
            ],
            [
              121.61,
              -4.23
            ],
            [
              121.61,
              -4.235
            ]
          ]
        ]
      }
    },
    {
      "type": "Feature",
      "properties": {
        "grid_id": "POM068",
        "site": "pomalaa",
        "location_label": "Pomalaa - Sulawesi Tenggara nickel laterite",
        "lithology": "mafic_volcanic_simulated",
        "slope_deg": 1.6,
        "distance_to_river_m": 101,
        "distance_to_road_m": 1839,
        "legal_status": "conditional",
        "distance_to_smelter_km": 44.8,
        "area_ha": 0.31,
        "region_id": "SW"
      },
      "geometry": {
        "type": "Polygon",
        "coordinates": [
          [
            [
              121.615,
              -4.235
            ],
            [
              121.62,
              -4.235
            ],
            [
              121.62,
              -4.23
            ],
            [
              121.615,
              -4.23
            ],
            [
              121.615,
              -4.235
            ]
          ]
        ]
      }
    },
    {
      "type": "Feature",
      "properties": {
        "grid_id": "POM069",
        "site": "pomalaa",
        "location_label": "Pomalaa - Sulawesi Tenggara nickel laterite",
        "lithology": "peridotite_simulated",
        "slope_deg": 3.8,
        "distance_to_river_m": 650,
        "distance_to_road_m": 2739,
        "legal_status": "no-go",
        "distance_to_smelter_km": 43.4,
        "area_ha": 0.31,
        "region_id": "SW"
      },
      "geometry": {
        "type": "Polygon",
        "coordinates": [
          [
            [
              121.62,
              -4.235
            ],
            [
              121.625,
              -4.235
            ],
            [
              121.625,
              -4.23
            ],
            [
              121.62,
              -4.23
            ],
            [
              121.62,
              -4.235
            ]
          ]
        ]
      }
    },
    {
      "type": "Feature",
      "properties": {
        "grid_id": "POM070",
        "site": "pomalaa",
        "location_label": "Pomalaa - Sulawesi Tenggara nickel laterite",
        "lithology": "alluvium",
        "slope_deg": 9.6,
        "distance_to_river_m": 682,
        "distance_to_road_m": 1179,
        "legal_status": "allowed",
        "distance_to_smelter_km": 42.6,
        "area_ha": 0.31,
        "region_id": "SW"
      },
      "geometry": {
        "type": "Polygon",
        "coordinates": [
          [
            [
              121.625,
              -4.235
            ],
            [
              121.63,
              -4.235
            ],
            [
              121.63,
              -4.23
            ],
            [
              121.625,
              -4.23
            ],
            [
              121.625,
              -4.235
            ]
          ]
        ]
      }
    },
    {
      "type": "Feature",
      "properties": {
        "grid_id": "POM071",
        "site": "pomalaa",
        "location_label": "Pomalaa - Sulawesi Tenggara nickel laterite",
        "lithology": "peridotite_simulated",
        "slope_deg": 3.6,
        "distance_to_river_m": 687,
        "distance_to_road_m": 1083,
        "legal_status": "allowed",
        "distance_to_smelter_km": 42.6,
        "area_ha": 0.31,
        "region_id": "SE"
      },
      "geometry": {
        "type": "Polygon",
        "coordinates": [
          [
            [
              121.63,
              -4.235
            ],
            [
              121.635,
              -4.235
            ],
            [
              121.635,
              -4.23
            ],
            [
              121.63,
              -4.23
            ],
            [
              121.63,
              -4.235
            ]
          ]
        ]
      }
    },
    {
      "type": "Feature",
      "properties": {
        "grid_id": "POM072",
        "site": "pomalaa",
        "location_label": "Pomalaa - Sulawesi Tenggara nickel laterite",
        "lithology": "ultramafic_simulated",
        "slope_deg": 9.0,
        "distance_to_river_m": 260,
        "distance_to_road_m": 1589,
        "legal_status": "allowed",
        "distance_to_smelter_km": 43.4,
        "area_ha": 0.31,
        "region_id": "SE"
      },
      "geometry": {
        "type": "Polygon",
        "coordinates": [
          [
            [
              121.635,
              -4.235
            ],
            [
              121.64,
              -4.235
            ],
            [
              121.64,
              -4.23
            ],
            [
              121.635,
              -4.23
            ],
            [
              121.635,
              -4.235
            ]
          ]
        ]
      }
    },
    {
      "type": "Feature",
      "properties": {
        "grid_id": "POM073",
        "site": "pomalaa",
        "location_label": "Pomalaa - Sulawesi Tenggara nickel laterite",
        "lithology": "serpentinite_simulated",
        "slope_deg": 11.5,
        "distance_to_river_m": 1157,
        "distance_to_road_m": 1736,
        "legal_status": "allowed",
        "distance_to_smelter_km": 44.8,
        "area_ha": 0.31,
        "region_id": "SE"
      },
      "geometry": {
        "type": "Polygon",
        "coordinates": [
          [
            [
              121.64,
              -4.235
            ],
            [
              121.645,
              -4.235
            ],
            [
              121.645,
              -4.23
            ],
            [
              121.64,
              -4.23
            ],
            [
              121.64,
              -4.235
            ]
          ]
        ]
      }
    },
    {
      "type": "Feature",
      "properties": {
        "grid_id": "POM074",
        "site": "pomalaa",
        "location_label": "Pomalaa - Sulawesi Tenggara nickel laterite",
        "lithology": "ultramafic_simulated",
        "slope_deg": 1.6,
        "distance_to_river_m": 410,
        "distance_to_road_m": 2618,
        "legal_status": "allowed",
        "distance_to_smelter_km": 46.9,
        "area_ha": 0.31,
        "region_id": "SE"
      },
      "geometry": {
        "type": "Polygon",
        "coordinates": [
          [
            [
              121.645,
              -4.235
            ],
            [
              121.65,
              -4.235
            ],
            [
              121.65,
              -4.23
            ],
            [
              121.645,
              -4.23
            ],
            [
              121.645,
              -4.235
            ]
          ]
        ]
      }
    },
    {
      "type": "Feature",
      "properties": {
        "grid_id": "POM075",
        "site": "pomalaa",
        "location_label": "Pomalaa - Sulawesi Tenggara nickel laterite",
        "lithology": "ultramafic_simulated",
        "slope_deg": 9.2,
        "distance_to_river_m": 678,
        "distance_to_road_m": 3111,
        "legal_status": "allowed",
        "distance_to_smelter_km": 49.5,
        "area_ha": 0.31,
        "region_id": "SE"
      },
      "geometry": {
        "type": "Polygon",
        "coordinates": [
          [
            [
              121.65,
              -4.235
            ],
            [
              121.655,
              -4.235
            ],
            [
              121.655,
              -4.23
            ],
            [
              121.65,
              -4.23
            ],
            [
              121.65,
              -4.235
            ]
          ]
        ]
      }
    },
    {
      "type": "Feature",
      "properties": {
        "grid_id": "POM076",
        "site": "pomalaa",
        "location_label": "Pomalaa - Sulawesi Tenggara nickel laterite",
        "lithology": "ultramafic_simulated",
        "slope_deg": 11.1,
        "distance_to_river_m": 895,
        "distance_to_road_m": 2238,
        "legal_status": "allowed",
        "distance_to_smelter_km": 52.6,
        "area_ha": 0.31,
        "region_id": "SE"
      },
      "geometry": {
        "type": "Polygon",
        "coordinates": [
          [
            [
              121.655,
              -4.235
            ],
            [
              121.66,
              -4.235
            ],
            [
              121.66,
              -4.23
            ],
            [
              121.655,
              -4.23
            ],
            [
              121.655,
              -4.235
            ]
          ]
        ]
      }
    },
    {
      "type": "Feature",
      "properties": {
        "grid_id": "POM077",
        "site": "pomalaa",
        "location_label": "Pomalaa - Sulawesi Tenggara nickel laterite",
        "lithology": "ultramafic_simulated",
        "slope_deg": 6.0,
        "distance_to_river_m": 764,
        "distance_to_road_m": 1450,
        "legal_status": "conditional",
        "distance_to_smelter_km": 56.0,
        "area_ha": 0.31,
        "region_id": "SE"
      },
      "geometry": {
        "type": "Polygon",
        "coordinates": [
          [
            [
              121.66,
              -4.235
            ],
            [
              121.665,
              -4.235
            ],
            [
              121.665,
              -4.23
            ],
            [
              121.66,
              -4.23
            ],
            [
              121.66,
              -4.235
            ]
          ]
        ]
      }
    },
    {
      "type": "Feature",
      "properties": {
        "grid_id": "POM078",
        "site": "pomalaa",
        "location_label": "Pomalaa - Sulawesi Tenggara nickel laterite",
        "lithology": "serpentinite_simulated",
        "slope_deg": 8.2,
        "distance_to_river_m": 697,
        "distance_to_road_m": 715,
        "legal_status": "conditional",
        "distance_to_smelter_km": 59.6,
        "area_ha": 0.31,
        "region_id": "SE"
      },
      "geometry": {
        "type": "Polygon",
        "coordinates": [
          [
            [
              121.665,
              -4.235
            ],
            [
              121.67,
              -4.235
            ],
            [
              121.67,
              -4.23
            ],
            [
              121.665,
              -4.23
            ],
            [
              121.665,
              -4.235
            ]
          ]
        ]
      }
    },
    {
      "type": "Feature",
      "properties": {
        "grid_id": "POM079",
        "site": "pomalaa",
        "location_label": "Pomalaa - Sulawesi Tenggara nickel laterite",
        "lithology": "peridotite_simulated",
        "slope_deg": 11.5,
        "distance_to_river_m": 105,
        "distance_to_road_m": 1878,
        "legal_status": "allowed",
        "distance_to_smelter_km": 63.5,
        "area_ha": 0.31,
        "region_id": "SE"
      },
      "geometry": {
        "type": "Polygon",
        "coordinates": [
          [
            [
              121.67,
              -4.235
            ],
            [
              121.675,
              -4.235
            ],
            [
              121.675,
              -4.23
            ],
            [
              121.67,
              -4.23
            ],
            [
              121.67,
              -4.235
            ]
          ]
        ]
      }
    },
    {
      "type": "Feature",
      "properties": {
        "grid_id": "POM080",
        "site": "pomalaa",
        "location_label": "Pomalaa - Sulawesi Tenggara nickel laterite",
        "lithology": "peridotite_simulated",
        "slope_deg": 4.4,
        "distance_to_river_m": 1049,
        "distance_to_road_m": 3322,
        "legal_status": "allowed",
        "distance_to_smelter_km": 67.6,
        "area_ha": 0.31,
        "region_id": "SE"
      },
      "geometry": {
        "type": "Polygon",
        "coordinates": [
          [
            [
              121.675,
              -4.235
            ],
            [
              121.68,
              -4.235
            ],
            [
              121.68,
              -4.23
            ],
            [
              121.675,
              -4.23
            ],
            [
              121.675,
              -4.235
            ]
          ]
        ]
      }
    },
    {
      "type": "Feature",
      "properties": {
        "grid_id": "POM081",
        "site": "pomalaa",
        "location_label": "Pomalaa - Sulawesi Tenggara nickel laterite",
        "lithology": "alluvium",
        "slope_deg": 9.9,
        "distance_to_river_m": 214,
        "distance_to_road_m": 1820,
        "legal_status": "allowed",
        "distance_to_smelter_km": 64.9,
        "area_ha": 0.31,
        "region_id": "SW"
      },
      "geometry": {
        "type": "Polygon",
        "coordinates": [
          [
            [
              121.58,
              -4.23
            ],
            [
              121.585,
              -4.23
            ],
            [
              121.585,
              -4.225
            ],
            [
              121.58,
              -4.225
            ],
            [
              121.58,
              -4.23
            ]
          ]
        ]
      }
    },
    {
      "type": "Feature",
      "properties": {
        "grid_id": "POM082",
        "site": "pomalaa",
        "location_label": "Pomalaa - Sulawesi Tenggara nickel laterite",
        "lithology": "peridotite_simulated",
        "slope_deg": 9.6,
        "distance_to_river_m": 974,
        "distance_to_road_m": 3370,
        "legal_status": "no-go",
        "distance_to_smelter_km": 60.6,
        "area_ha": 0.31,
        "region_id": "SW"
      },
      "geometry": {
        "type": "Polygon",
        "coordinates": [
          [
            [
              121.585,
              -4.23
            ],
            [
              121.59,
              -4.23
            ],
            [
              121.59,
              -4.225
            ],
            [
              121.585,
              -4.225
            ],
            [
              121.585,
              -4.23
            ]
          ]
        ]
      }
    },
    {
      "type": "Feature",
      "properties": {
        "grid_id": "POM083",
        "site": "pomalaa",
        "location_label": "Pomalaa - Sulawesi Tenggara nickel laterite",
        "lithology": "alluvium",
        "slope_deg": 3.0,
        "distance_to_river_m": 947,
        "distance_to_road_m": 1992,
        "legal_status": "allowed",
        "distance_to_smelter_km": 56.5,
        "area_ha": 0.31,
        "region_id": "SW"
      },
      "geometry": {
        "type": "Polygon",
        "coordinates": [
          [
            [
              121.59,
              -4.23
            ],
            [
              121.595,
              -4.23
            ],
            [
              121.595,
              -4.225
            ],
            [
              121.59,
              -4.225
            ],
            [
              121.59,
              -4.23
            ]
          ]
        ]
      }
    },
    {
      "type": "Feature",
      "properties": {
        "grid_id": "POM084",
        "site": "pomalaa",
        "location_label": "Pomalaa - Sulawesi Tenggara nickel laterite",
        "lithology": "serpentinite_simulated",
        "slope_deg": 8.2,
        "distance_to_river_m": 595,
        "distance_to_road_m": 1598,
        "legal_status": "conditional",
        "distance_to_smelter_km": 52.6,
        "area_ha": 0.31,
        "region_id": "SW"
      },
      "geometry": {
        "type": "Polygon",
        "coordinates": [
          [
            [
              121.595,
              -4.23
            ],
            [
              121.6,
              -4.23
            ],
            [
              121.6,
              -4.225
            ],
            [
              121.595,
              -4.225
            ],
            [
              121.595,
              -4.23
            ]
          ]
        ]
      }
    },
    {
      "type": "Feature",
      "properties": {
        "grid_id": "POM085",
        "site": "pomalaa",
        "location_label": "Pomalaa - Sulawesi Tenggara nickel laterite",
        "lithology": "mafic_volcanic_simulated",
        "slope_deg": 7.6,
        "distance_to_river_m": 470,
        "distance_to_road_m": 1044,
        "legal_status": "no-go",
        "distance_to_smelter_km": 48.9,
        "area_ha": 0.31,
        "region_id": "SW"
      },
      "geometry": {
        "type": "Polygon",
        "coordinates": [
          [
            [
              121.6,
              -4.23
            ],
            [
              121.605,
              -4.23
            ],
            [
              121.605,
              -4.225
            ],
            [
              121.6,
              -4.225
            ],
            [
              121.6,
              -4.23
            ]
          ]
        ]
      }
    },
    {
      "type": "Feature",
      "properties": {
        "grid_id": "POM086",
        "site": "pomalaa",
        "location_label": "Pomalaa - Sulawesi Tenggara nickel laterite",
        "lithology": "mafic_volcanic_simulated",
        "slope_deg": 3.4,
        "distance_to_river_m": 892,
        "distance_to_road_m": 823,
        "legal_status": "conditional",
        "distance_to_smelter_km": 45.5,
        "area_ha": 0.31,
        "region_id": "SW"
      },
      "geometry": {
        "type": "Polygon",
        "coordinates": [
          [
            [
              121.605,
              -4.23
            ],
            [
              121.61,
              -4.23
            ],
            [
              121.61,
              -4.225
            ],
            [
              121.605,
              -4.225
            ],
            [
              121.605,
              -4.23
            ]
          ]
        ]
      }
    },
    {
      "type": "Feature",
      "properties": {
        "grid_id": "POM087",
        "site": "pomalaa",
        "location_label": "Pomalaa - Sulawesi Tenggara nickel laterite",
        "lithology": "alluvium",
        "slope_deg": 3.7,
        "distance_to_river_m": 133,
        "distance_to_road_m": 2165,
        "legal_status": "allowed",
        "distance_to_smelter_km": 42.6,
        "area_ha": 0.31,
        "region_id": "SW"
      },
      "geometry": {
        "type": "Polygon",
        "coordinates": [
          [
            [
              121.61,
              -4.23
            ],
            [
              121.615,
              -4.23
            ],
            [
              121.615,
              -4.225
            ],
            [
              121.61,
              -4.225
            ],
            [
              121.61,
              -4.23
            ]
          ]
        ]
      }
    },
    {
      "type": "Feature",
      "properties": {
        "grid_id": "POM088",
        "site": "pomalaa",
        "location_label": "Pomalaa - Sulawesi Tenggara nickel laterite",
        "lithology": "serpentinite_simulated",
        "slope_deg": 2.0,
        "distance_to_river_m": 704,
        "distance_to_road_m": 1536,
        "legal_status": "no-go",
        "distance_to_smelter_km": 40.2,
        "area_ha": 0.31,
        "region_id": "SW"
      },
      "geometry": {
        "type": "Polygon",
        "coordinates": [
          [
            [
              121.615,
              -4.23
            ],
            [
              121.62,
              -4.23
            ],
            [
              121.62,
              -4.225
            ],
            [
              121.615,
              -4.225
            ],
            [
              121.615,
              -4.23
            ]
          ]
        ]
      }
    },
    {
      "type": "Feature",
      "properties": {
        "grid_id": "POM089",
        "site": "pomalaa",
        "location_label": "Pomalaa - Sulawesi Tenggara nickel laterite",
        "lithology": "ultramafic_simulated",
        "slope_deg": 2.5,
        "distance_to_river_m": 333,
        "distance_to_road_m": 439,
        "legal_status": "conditional",
        "distance_to_smelter_km": 38.5,
        "area_ha": 0.31,
        "region_id": "SW"
      },
      "geometry": {
        "type": "Polygon",
        "coordinates": [
          [
            [
              121.62,
              -4.23
            ],
            [
              121.625,
              -4.23
            ],
            [
              121.625,
              -4.225
            ],
            [
              121.62,
              -4.225
            ],
            [
              121.62,
              -4.23
            ]
          ]
        ]
      }
    },
    {
      "type": "Feature",
      "properties": {
        "grid_id": "POM090",
        "site": "pomalaa",
        "location_label": "Pomalaa - Sulawesi Tenggara nickel laterite",
        "lithology": "ultramafic_simulated",
        "slope_deg": 10.8,
        "distance_to_river_m": 373,
        "distance_to_road_m": 1816,
        "legal_status": "allowed",
        "distance_to_smelter_km": 37.6,
        "area_ha": 0.31,
        "region_id": "SW"
      },
      "geometry": {
        "type": "Polygon",
        "coordinates": [
          [
            [
              121.625,
              -4.23
            ],
            [
              121.63,
              -4.23
            ],
            [
              121.63,
              -4.225
            ],
            [
              121.625,
              -4.225
            ],
            [
              121.625,
              -4.23
            ]
          ]
        ]
      }
    },
    {
      "type": "Feature",
      "properties": {
        "grid_id": "POM091",
        "site": "pomalaa",
        "location_label": "Pomalaa - Sulawesi Tenggara nickel laterite",
        "lithology": "mafic_volcanic_simulated",
        "slope_deg": 11.3,
        "distance_to_river_m": 112,
        "distance_to_road_m": 349,
        "legal_status": "allowed",
        "distance_to_smelter_km": 37.6,
        "area_ha": 0.31,
        "region_id": "SE"
      },
      "geometry": {
        "type": "Polygon",
        "coordinates": [
          [
            [
              121.63,
              -4.23
            ],
            [
              121.635,
              -4.23
            ],
            [
              121.635,
              -4.225
            ],
            [
              121.63,
              -4.225
            ],
            [
              121.63,
              -4.23
            ]
          ]
        ]
      }
    },
    {
      "type": "Feature",
      "properties": {
        "grid_id": "POM092",
        "site": "pomalaa",
        "location_label": "Pomalaa - Sulawesi Tenggara nickel laterite",
        "lithology": "serpentinite_simulated",
        "slope_deg": 9.3,
        "distance_to_river_m": 888,
        "distance_to_road_m": 1184,
        "legal_status": "no-go",
        "distance_to_smelter_km": 38.5,
        "area_ha": 0.31,
        "region_id": "SE"
      },
      "geometry": {
        "type": "Polygon",
        "coordinates": [
          [
            [
              121.635,
              -4.23
            ],
            [
              121.64,
              -4.23
            ],
            [
              121.64,
              -4.225
            ],
            [
              121.635,
              -4.225
            ],
            [
              121.635,
              -4.23
            ]
          ]
        ]
      }
    },
    {
      "type": "Feature",
      "properties": {
        "grid_id": "POM093",
        "site": "pomalaa",
        "location_label": "Pomalaa - Sulawesi Tenggara nickel laterite",
        "lithology": "alluvium",
        "slope_deg": 10.4,
        "distance_to_river_m": 1085,
        "distance_to_road_m": 2971,
        "legal_status": "allowed",
        "distance_to_smelter_km": 40.2,
        "area_ha": 0.31,
        "region_id": "SE"
      },
      "geometry": {
        "type": "Polygon",
        "coordinates": [
          [
            [
              121.64,
              -4.23
            ],
            [
              121.645,
              -4.23
            ],
            [
              121.645,
              -4.225
            ],
            [
              121.64,
              -4.225
            ],
            [
              121.64,
              -4.23
            ]
          ]
        ]
      }
    },
    {
      "type": "Feature",
      "properties": {
        "grid_id": "POM094",
        "site": "pomalaa",
        "location_label": "Pomalaa - Sulawesi Tenggara nickel laterite",
        "lithology": "serpentinite_simulated",
        "slope_deg": 8.3,
        "distance_to_river_m": 894,
        "distance_to_road_m": 550,
        "legal_status": "conditional",
        "distance_to_smelter_km": 42.6,
        "area_ha": 0.31,
        "region_id": "SE"
      },
      "geometry": {
        "type": "Polygon",
        "coordinates": [
          [
            [
              121.645,
              -4.23
            ],
            [
              121.65,
              -4.23
            ],
            [
              121.65,
              -4.225
            ],
            [
              121.645,
              -4.225
            ],
            [
              121.645,
              -4.23
            ]
          ]
        ]
      }
    },
    {
      "type": "Feature",
      "properties": {
        "grid_id": "POM095",
        "site": "pomalaa",
        "location_label": "Pomalaa - Sulawesi Tenggara nickel laterite",
        "lithology": "peridotite_simulated",
        "slope_deg": 6.5,
        "distance_to_river_m": 404,
        "distance_to_road_m": 1508,
        "legal_status": "allowed",
        "distance_to_smelter_km": 45.5,
        "area_ha": 0.31,
        "region_id": "SE"
      },
      "geometry": {
        "type": "Polygon",
        "coordinates": [
          [
            [
              121.65,
              -4.23
            ],
            [
              121.655,
              -4.23
            ],
            [
              121.655,
              -4.225
            ],
            [
              121.65,
              -4.225
            ],
            [
              121.65,
              -4.23
            ]
          ]
        ]
      }
    },
    {
      "type": "Feature",
      "properties": {
        "grid_id": "POM096",
        "site": "pomalaa",
        "location_label": "Pomalaa - Sulawesi Tenggara nickel laterite",
        "lithology": "alluvium",
        "slope_deg": 8.3,
        "distance_to_river_m": 1076,
        "distance_to_road_m": 1495,
        "legal_status": "allowed",
        "distance_to_smelter_km": 48.9,
        "area_ha": 0.31,
        "region_id": "SE"
      },
      "geometry": {
        "type": "Polygon",
        "coordinates": [
          [
            [
              121.655,
              -4.23
            ],
            [
              121.66,
              -4.23
            ],
            [
              121.66,
              -4.225
            ],
            [
              121.655,
              -4.225
            ],
            [
              121.655,
              -4.23
            ]
          ]
        ]
      }
    },
    {
      "type": "Feature",
      "properties": {
        "grid_id": "POM097",
        "site": "pomalaa",
        "location_label": "Pomalaa - Sulawesi Tenggara nickel laterite",
        "lithology": "alluvium",
        "slope_deg": 6.2,
        "distance_to_river_m": 448,
        "distance_to_road_m": 2733,
        "legal_status": "allowed",
        "distance_to_smelter_km": 52.6,
        "area_ha": 0.31,
        "region_id": "SE"
      },
      "geometry": {
        "type": "Polygon",
        "coordinates": [
          [
            [
              121.66,
              -4.23
            ],
            [
              121.665,
              -4.23
            ],
            [
              121.665,
              -4.225
            ],
            [
              121.66,
              -4.225
            ],
            [
              121.66,
              -4.23
            ]
          ]
        ]
      }
    },
    {
      "type": "Feature",
      "properties": {
        "grid_id": "POM098",
        "site": "pomalaa",
        "location_label": "Pomalaa - Sulawesi Tenggara nickel laterite",
        "lithology": "alluvium",
        "slope_deg": 8.7,
        "distance_to_river_m": 406,
        "distance_to_road_m": 1776,
        "legal_status": "conditional",
        "distance_to_smelter_km": 56.5,
        "area_ha": 0.31,
        "region_id": "SE"
      },
      "geometry": {
        "type": "Polygon",
        "coordinates": [
          [
            [
              121.665,
              -4.23
            ],
            [
              121.67,
              -4.23
            ],
            [
              121.67,
              -4.225
            ],
            [
              121.665,
              -4.225
            ],
            [
              121.665,
              -4.23
            ]
          ]
        ]
      }
    },
    {
      "type": "Feature",
      "properties": {
        "grid_id": "POM099",
        "site": "pomalaa",
        "location_label": "Pomalaa - Sulawesi Tenggara nickel laterite",
        "lithology": "mafic_volcanic_simulated",
        "slope_deg": 11.2,
        "distance_to_river_m": 330,
        "distance_to_road_m": 1971,
        "legal_status": "no-go",
        "distance_to_smelter_km": 60.6,
        "area_ha": 0.31,
        "region_id": "SE"
      },
      "geometry": {
        "type": "Polygon",
        "coordinates": [
          [
            [
              121.67,
              -4.23
            ],
            [
              121.675,
              -4.23
            ],
            [
              121.675,
              -4.225
            ],
            [
              121.67,
              -4.225
            ],
            [
              121.67,
              -4.23
            ]
          ]
        ]
      }
    },
    {
      "type": "Feature",
      "properties": {
        "grid_id": "POM100",
        "site": "pomalaa",
        "location_label": "Pomalaa - Sulawesi Tenggara nickel laterite",
        "lithology": "ultramafic_simulated",
        "slope_deg": 11.1,
        "distance_to_river_m": 504,
        "distance_to_road_m": 3138,
        "legal_status": "conditional",
        "distance_to_smelter_km": 64.9,
        "area_ha": 0.31,
        "region_id": "SE"
      },
      "geometry": {
        "type": "Polygon",
        "coordinates": [
          [
            [
              121.675,
              -4.23
            ],
            [
              121.68,
              -4.23
            ],
            [
              121.68,
              -4.225
            ],
            [
              121.675,
              -4.225
            ],
            [
              121.675,
              -4.23
            ]
          ]
        ]
      }
    },
    {
      "type": "Feature",
      "properties": {
        "grid_id": "POM101",
        "site": "pomalaa",
        "location_label": "Pomalaa - Sulawesi Tenggara nickel laterite",
        "lithology": "mafic_volcanic_simulated",
        "slope_deg": 6.0,
        "distance_to_river_m": 1027,
        "distance_to_road_m": 3001,
        "legal_status": "allowed",
        "distance_to_smelter_km": 62.6,
        "area_ha": 0.31,
        "region_id": "SW"
      },
      "geometry": {
        "type": "Polygon",
        "coordinates": [
          [
            [
              121.58,
              -4.225
            ],
            [
              121.585,
              -4.225
            ],
            [
              121.585,
              -4.22
            ],
            [
              121.58,
              -4.22
            ],
            [
              121.58,
              -4.225
            ]
          ]
        ]
      }
    },
    {
      "type": "Feature",
      "properties": {
        "grid_id": "POM102",
        "site": "pomalaa",
        "location_label": "Pomalaa - Sulawesi Tenggara nickel laterite",
        "lithology": "ultramafic_simulated",
        "slope_deg": 10.0,
        "distance_to_river_m": 502,
        "distance_to_road_m": 1759,
        "legal_status": "conditional",
        "distance_to_smelter_km": 58.1,
        "area_ha": 0.31,
        "region_id": "SW"
      },
      "geometry": {
        "type": "Polygon",
        "coordinates": [
          [
            [
              121.585,
              -4.225
            ],
            [
              121.59,
              -4.225
            ],
            [
              121.59,
              -4.22
            ],
            [
              121.585,
              -4.22
            ],
            [
              121.585,
              -4.225
            ]
          ]
        ]
      }
    },
    {
      "type": "Feature",
      "properties": {
        "grid_id": "POM103",
        "site": "pomalaa",
        "location_label": "Pomalaa - Sulawesi Tenggara nickel laterite",
        "lithology": "ultramafic_simulated",
        "slope_deg": 11.9,
        "distance_to_river_m": 584,
        "distance_to_road_m": 2424,
        "legal_status": "allowed",
        "distance_to_smelter_km": 53.7,
        "area_ha": 0.31,
        "region_id": "SW"
      },
      "geometry": {
        "type": "Polygon",
        "coordinates": [
          [
            [
              121.59,
              -4.225
            ],
            [
              121.595,
              -4.225
            ],
            [
              121.595,
              -4.22
            ],
            [
              121.59,
              -4.22
            ],
            [
              121.59,
              -4.225
            ]
          ]
        ]
      }
    },
    {
      "type": "Feature",
      "properties": {
        "grid_id": "POM104",
        "site": "pomalaa",
        "location_label": "Pomalaa - Sulawesi Tenggara nickel laterite",
        "lithology": "peridotite_simulated",
        "slope_deg": 11.5,
        "distance_to_river_m": 648,
        "distance_to_road_m": 426,
        "legal_status": "conditional",
        "distance_to_smelter_km": 49.5,
        "area_ha": 0.31,
        "region_id": "SW"
      },
      "geometry": {
        "type": "Polygon",
        "coordinates": [
          [
            [
              121.595,
              -4.225
            ],
            [
              121.6,
              -4.225
            ],
            [
              121.6,
              -4.22
            ],
            [
              121.595,
              -4.22
            ],
            [
              121.595,
              -4.225
            ]
          ]
        ]
      }
    },
    {
      "type": "Feature",
      "properties": {
        "grid_id": "POM105",
        "site": "pomalaa",
        "location_label": "Pomalaa - Sulawesi Tenggara nickel laterite",
        "lithology": "alluvium",
        "slope_deg": 3.5,
        "distance_to_river_m": 899,
        "distance_to_road_m": 2797,
        "legal_status": "allowed",
        "distance_to_smelter_km": 45.5,
        "area_ha": 0.31,
        "region_id": "SW"
      },
      "geometry": {
        "type": "Polygon",
        "coordinates": [
          [
            [
              121.6,
              -4.225
            ],
            [
              121.605,
              -4.225
            ],
            [
              121.605,
              -4.22
            ],
            [
              121.6,
              -4.22
            ],
            [
              121.6,
              -4.225
            ]
          ]
        ]
      }
    },
    {
      "type": "Feature",
      "properties": {
        "grid_id": "POM106",
        "site": "pomalaa",
        "location_label": "Pomalaa - Sulawesi Tenggara nickel laterite",
        "lithology": "mafic_volcanic_simulated",
        "slope_deg": 13.0,
        "distance_to_river_m": 885,
        "distance_to_road_m": 1689,
        "legal_status": "conditional",
        "distance_to_smelter_km": 41.8,
        "area_ha": 0.31,
        "region_id": "SW"
      },
      "geometry": {
        "type": "Polygon",
        "coordinates": [
          [
            [
              121.605,
              -4.225
            ],
            [
              121.61,
              -4.225
            ],
            [
              121.61,
              -4.22
            ],
            [
              121.605,
              -4.22
            ],
            [
              121.605,
              -4.225
            ]
          ]
        ]
      }
    },
    {
      "type": "Feature",
      "properties": {
        "grid_id": "POM107",
        "site": "pomalaa",
        "location_label": "Pomalaa - Sulawesi Tenggara nickel laterite",
        "lithology": "peridotite_simulated",
        "slope_deg": 4.2,
        "distance_to_river_m": 997,
        "distance_to_road_m": 3195,
        "legal_status": "allowed",
        "distance_to_smelter_km": 38.5,
        "area_ha": 0.31,
        "region_id": "SW"
      },
      "geometry": {
        "type": "Polygon",
        "coordinates": [
          [
            [
              121.61,
              -4.225
            ],
            [
              121.615,
              -4.225
            ],
            [
              121.615,
              -4.22
            ],
            [
              121.61,
              -4.22
            ],
            [
              121.61,
              -4.225
            ]
          ]
        ]
      }
    },
    {
      "type": "Feature",
      "properties": {
        "grid_id": "POM108",
        "site": "pomalaa",
        "location_label": "Pomalaa - Sulawesi Tenggara nickel laterite",
        "lithology": "serpentinite_simulated",
        "slope_deg": 5.7,
        "distance_to_river_m": 171,
        "distance_to_road_m": 1772,
        "legal_status": "conditional",
        "distance_to_smelter_km": 35.7,
        "area_ha": 0.31,
        "region_id": "SW"
      },
      "geometry": {
        "type": "Polygon",
        "coordinates": [
          [
            [
              121.615,
              -4.225
            ],
            [
              121.62,
              -4.225
            ],
            [
              121.62,
              -4.22
            ],
            [
              121.615,
              -4.22
            ],
            [
              121.615,
              -4.225
            ]
          ]
        ]
      }
    },
    {
      "type": "Feature",
      "properties": {
        "grid_id": "POM109",
        "site": "pomalaa",
        "location_label": "Pomalaa - Sulawesi Tenggara nickel laterite",
        "lithology": "serpentinite_simulated",
        "slope_deg": 9.3,
        "distance_to_river_m": 656,
        "distance_to_road_m": 1704,
        "legal_status": "allowed",
        "distance_to_smelter_km": 33.7,
        "area_ha": 0.31,
        "region_id": "SW"
      },
      "geometry": {
        "type": "Polygon",
        "coordinates": [
          [
            [
              121.62,
              -4.225
            ],
            [
              121.625,
              -4.225
            ],
            [
              121.625,
              -4.22
            ],
            [
              121.62,
              -4.22
            ],
            [
              121.62,
              -4.225
            ]
          ]
        ]
      }
    },
    {
      "type": "Feature",
      "properties": {
        "grid_id": "POM110",
        "site": "pomalaa",
        "location_label": "Pomalaa - Sulawesi Tenggara nickel laterite",
        "lithology": "mafic_volcanic_simulated",
        "slope_deg": 1.2,
        "distance_to_river_m": 264,
        "distance_to_road_m": 2586,
        "legal_status": "allowed",
        "distance_to_smelter_km": 32.6,
        "area_ha": 0.31,
        "region_id": "SW"
      },
      "geometry": {
        "type": "Polygon",
        "coordinates": [
          [
            [
              121.625,
              -4.225
            ],
            [
              121.63,
              -4.225
            ],
            [
              121.63,
              -4.22
            ],
            [
              121.625,
              -4.22
            ],
            [
              121.625,
              -4.225
            ]
          ]
        ]
      }
    },
    {
      "type": "Feature",
      "properties": {
        "grid_id": "POM111",
        "site": "pomalaa",
        "location_label": "Pomalaa - Sulawesi Tenggara nickel laterite",
        "lithology": "mafic_volcanic_simulated",
        "slope_deg": 11.1,
        "distance_to_river_m": 1055,
        "distance_to_road_m": 1900,
        "legal_status": "allowed",
        "distance_to_smelter_km": 32.6,
        "area_ha": 0.31,
        "region_id": "SE"
      },
      "geometry": {
        "type": "Polygon",
        "coordinates": [
          [
            [
              121.63,
              -4.225
            ],
            [
              121.635,
              -4.225
            ],
            [
              121.635,
              -4.22
            ],
            [
              121.63,
              -4.22
            ],
            [
              121.63,
              -4.225
            ]
          ]
        ]
      }
    },
    {
      "type": "Feature",
      "properties": {
        "grid_id": "POM112",
        "site": "pomalaa",
        "location_label": "Pomalaa - Sulawesi Tenggara nickel laterite",
        "lithology": "ultramafic_simulated",
        "slope_deg": 7.5,
        "distance_to_river_m": 846,
        "distance_to_road_m": 1704,
        "legal_status": "allowed",
        "distance_to_smelter_km": 33.7,
        "area_ha": 0.31,
        "region_id": "SE"
      },
      "geometry": {
        "type": "Polygon",
        "coordinates": [
          [
            [
              121.635,
              -4.225
            ],
            [
              121.64,
              -4.225
            ],
            [
              121.64,
              -4.22
            ],
            [
              121.635,
              -4.22
            ],
            [
              121.635,
              -4.225
            ]
          ]
        ]
      }
    },
    {
      "type": "Feature",
      "properties": {
        "grid_id": "POM113",
        "site": "pomalaa",
        "location_label": "Pomalaa - Sulawesi Tenggara nickel laterite",
        "lithology": "alluvium",
        "slope_deg": 11.2,
        "distance_to_river_m": 91,
        "distance_to_road_m": 708,
        "legal_status": "conditional",
        "distance_to_smelter_km": 35.7,
        "area_ha": 0.31,
        "region_id": "SE"
      },
      "geometry": {
        "type": "Polygon",
        "coordinates": [
          [
            [
              121.64,
              -4.225
            ],
            [
              121.645,
              -4.225
            ],
            [
              121.645,
              -4.22
            ],
            [
              121.64,
              -4.22
            ],
            [
              121.64,
              -4.225
            ]
          ]
        ]
      }
    },
    {
      "type": "Feature",
      "properties": {
        "grid_id": "POM114",
        "site": "pomalaa",
        "location_label": "Pomalaa - Sulawesi Tenggara nickel laterite",
        "lithology": "peridotite_simulated",
        "slope_deg": 11.0,
        "distance_to_river_m": 409,
        "distance_to_road_m": 552,
        "legal_status": "allowed",
        "distance_to_smelter_km": 38.5,
        "area_ha": 0.31,
        "region_id": "SE"
      },
      "geometry": {
        "type": "Polygon",
        "coordinates": [
          [
            [
              121.645,
              -4.225
            ],
            [
              121.65,
              -4.225
            ],
            [
              121.65,
              -4.22
            ],
            [
              121.645,
              -4.22
            ],
            [
              121.645,
              -4.225
            ]
          ]
        ]
      }
    },
    {
      "type": "Feature",
      "properties": {
        "grid_id": "POM115",
        "site": "pomalaa",
        "location_label": "Pomalaa - Sulawesi Tenggara nickel laterite",
        "lithology": "alluvium",
        "slope_deg": 8.1,
        "distance_to_river_m": 1076,
        "distance_to_road_m": 2032,
        "legal_status": "allowed",
        "distance_to_smelter_km": 41.8,
        "area_ha": 0.31,
        "region_id": "SE"
      },
      "geometry": {
        "type": "Polygon",
        "coordinates": [
          [
            [
              121.65,
              -4.225
            ],
            [
              121.655,
              -4.225
            ],
            [
              121.655,
              -4.22
            ],
            [
              121.65,
              -4.22
            ],
            [
              121.65,
              -4.225
            ]
          ]
        ]
      }
    },
    {
      "type": "Feature",
      "properties": {
        "grid_id": "POM116",
        "site": "pomalaa",
        "location_label": "Pomalaa - Sulawesi Tenggara nickel laterite",
        "lithology": "mafic_volcanic_simulated",
        "slope_deg": 3.1,
        "distance_to_river_m": 763,
        "distance_to_road_m": 2320,
        "legal_status": "conditional",
        "distance_to_smelter_km": 45.5,
        "area_ha": 0.31,
        "region_id": "SE"
      },
      "geometry": {
        "type": "Polygon",
        "coordinates": [
          [
            [
              121.655,
              -4.225
            ],
            [
              121.66,
              -4.225
            ],
            [
              121.66,
              -4.22
            ],
            [
              121.655,
              -4.22
            ],
            [
              121.655,
              -4.225
            ]
          ]
        ]
      }
    },
    {
      "type": "Feature",
      "properties": {
        "grid_id": "POM117",
        "site": "pomalaa",
        "location_label": "Pomalaa - Sulawesi Tenggara nickel laterite",
        "lithology": "peridotite_simulated",
        "slope_deg": 11.8,
        "distance_to_river_m": 1171,
        "distance_to_road_m": 3047,
        "legal_status": "allowed",
        "distance_to_smelter_km": 49.5,
        "area_ha": 0.31,
        "region_id": "SE"
      },
      "geometry": {
        "type": "Polygon",
        "coordinates": [
          [
            [
              121.66,
              -4.225
            ],
            [
              121.665,
              -4.225
            ],
            [
              121.665,
              -4.22
            ],
            [
              121.66,
              -4.22
            ],
            [
              121.66,
              -4.225
            ]
          ]
        ]
      }
    },
    {
      "type": "Feature",
      "properties": {
        "grid_id": "POM118",
        "site": "pomalaa",
        "location_label": "Pomalaa - Sulawesi Tenggara nickel laterite",
        "lithology": "mafic_volcanic_simulated",
        "slope_deg": 6.1,
        "distance_to_river_m": 590,
        "distance_to_road_m": 1151,
        "legal_status": "conditional",
        "distance_to_smelter_km": 53.7,
        "area_ha": 0.31,
        "region_id": "SE"
      },
      "geometry": {
        "type": "Polygon",
        "coordinates": [
          [
            [
              121.665,
              -4.225
            ],
            [
              121.67,
              -4.225
            ],
            [
              121.67,
              -4.22
            ],
            [
              121.665,
              -4.22
            ],
            [
              121.665,
              -4.225
            ]
          ]
        ]
      }
    },
    {
      "type": "Feature",
      "properties": {
        "grid_id": "POM119",
        "site": "pomalaa",
        "location_label": "Pomalaa - Sulawesi Tenggara nickel laterite",
        "lithology": "mafic_volcanic_simulated",
        "slope_deg": 2.1,
        "distance_to_river_m": 879,
        "distance_to_road_m": 757,
        "legal_status": "allowed",
        "distance_to_smelter_km": 58.1,
        "area_ha": 0.31,
        "region_id": "SE"
      },
      "geometry": {
        "type": "Polygon",
        "coordinates": [
          [
            [
              121.67,
              -4.225
            ],
            [
              121.675,
              -4.225
            ],
            [
              121.675,
              -4.22
            ],
            [
              121.67,
              -4.22
            ],
            [
              121.67,
              -4.225
            ]
          ]
        ]
      }
    },
    {
      "type": "Feature",
      "properties": {
        "grid_id": "POM120",
        "site": "pomalaa",
        "location_label": "Pomalaa - Sulawesi Tenggara nickel laterite",
        "lithology": "serpentinite_simulated",
        "slope_deg": 2.0,
        "distance_to_river_m": 601,
        "distance_to_road_m": 1787,
        "legal_status": "no-go",
        "distance_to_smelter_km": 62.6,
        "area_ha": 0.31,
        "region_id": "SE"
      },
      "geometry": {
        "type": "Polygon",
        "coordinates": [
          [
            [
              121.675,
              -4.225
            ],
            [
              121.68,
              -4.225
            ],
            [
              121.68,
              -4.22
            ],
            [
              121.675,
              -4.22
            ],
            [
              121.675,
              -4.225
            ]
          ]
        ]
      }
    },
    {
      "type": "Feature",
      "properties": {
        "grid_id": "POM121",
        "site": "pomalaa",
        "location_label": "Pomalaa - Sulawesi Tenggara nickel laterite",
        "lithology": "mafic_volcanic_simulated",
        "slope_deg": 1.6,
        "distance_to_river_m": 987,
        "distance_to_road_m": 3212,
        "legal_status": "conditional",
        "distance_to_smelter_km": 60.6,
        "area_ha": 0.31,
        "region_id": "SW"
      },
      "geometry": {
        "type": "Polygon",
        "coordinates": [
          [
            [
              121.58,
              -4.22
            ],
            [
              121.585,
              -4.22
            ],
            [
              121.585,
              -4.215
            ],
            [
              121.58,
              -4.215
            ],
            [
              121.58,
              -4.22
            ]
          ]
        ]
      }
    },
    {
      "type": "Feature",
      "properties": {
        "grid_id": "POM122",
        "site": "pomalaa",
        "location_label": "Pomalaa - Sulawesi Tenggara nickel laterite",
        "lithology": "mafic_volcanic_simulated",
        "slope_deg": 3.2,
        "distance_to_river_m": 351,
        "distance_to_road_m": 3476,
        "legal_status": "allowed",
        "distance_to_smelter_km": 56.0,
        "area_ha": 0.31,
        "region_id": "SW"
      },
      "geometry": {
        "type": "Polygon",
        "coordinates": [
          [
            [
              121.585,
              -4.22
            ],
            [
              121.59,
              -4.22
            ],
            [
              121.59,
              -4.215
            ],
            [
              121.585,
              -4.215
            ],
            [
              121.585,
              -4.22
            ]
          ]
        ]
      }
    },
    {
      "type": "Feature",
      "properties": {
        "grid_id": "POM123",
        "site": "pomalaa",
        "location_label": "Pomalaa - Sulawesi Tenggara nickel laterite",
        "lithology": "peridotite_simulated",
        "slope_deg": 5.1,
        "distance_to_river_m": 202,
        "distance_to_road_m": 3255,
        "legal_status": "allowed",
        "distance_to_smelter_km": 51.4,
        "area_ha": 0.31,
        "region_id": "SW"
      },
      "geometry": {
        "type": "Polygon",
        "coordinates": [
          [
            [
              121.59,
              -4.22
            ],
            [
              121.595,
              -4.22
            ],
            [
              121.595,
              -4.215
            ],
            [
              121.59,
              -4.215
            ],
            [
              121.59,
              -4.22
            ]
          ]
        ]
      }
    },
    {
      "type": "Feature",
      "properties": {
        "grid_id": "POM124",
        "site": "pomalaa",
        "location_label": "Pomalaa - Sulawesi Tenggara nickel laterite",
        "lithology": "serpentinite_simulated",
        "slope_deg": 12.7,
        "distance_to_river_m": 368,
        "distance_to_road_m": 582,
        "legal_status": "no-go",
        "distance_to_smelter_km": 46.9,
        "area_ha": 0.31,
        "region_id": "SW"
      },
      "geometry": {
        "type": "Polygon",
        "coordinates": [
          [
            [
              121.595,
              -4.22
            ],
            [
              121.6,
              -4.22
            ],
            [
              121.6,
              -4.215
            ],
            [
              121.595,
              -4.215
            ],
            [
              121.595,
              -4.22
            ]
          ]
        ]
      }
    },
    {
      "type": "Feature",
      "properties": {
        "grid_id": "POM125",
        "site": "pomalaa",
        "location_label": "Pomalaa - Sulawesi Tenggara nickel laterite",
        "lithology": "peridotite_simulated",
        "slope_deg": 11.5,
        "distance_to_river_m": 285,
        "distance_to_road_m": 1091,
        "legal_status": "allowed",
        "distance_to_smelter_km": 42.6,
        "area_ha": 0.31,
        "region_id": "SW"
      },
      "geometry": {
        "type": "Polygon",
        "coordinates": [
          [
            [
              121.6,
              -4.22
            ],
            [
              121.605,
              -4.22
            ],
            [
              121.605,
              -4.215
            ],
            [
              121.6,
              -4.215
            ],
            [
              121.6,
              -4.22
            ]
          ]
        ]
      }
    },
    {
      "type": "Feature",
      "properties": {
        "grid_id": "POM126",
        "site": "pomalaa",
        "location_label": "Pomalaa - Sulawesi Tenggara nickel laterite",
        "lithology": "mafic_volcanic_simulated",
        "slope_deg": 10.7,
        "distance_to_river_m": 178,
        "distance_to_road_m": 2399,
        "legal_status": "conditional",
        "distance_to_smelter_km": 38.5,
        "area_ha": 0.31,
        "region_id": "SW"
      },
      "geometry": {
        "type": "Polygon",
        "coordinates": [
          [
            [
              121.605,
              -4.22
            ],
            [
              121.61,
              -4.22
            ],
            [
              121.61,
              -4.215
            ],
            [
              121.605,
              -4.215
            ],
            [
              121.605,
              -4.22
            ]
          ]
        ]
      }
    },
    {
      "type": "Feature",
      "properties": {
        "grid_id": "POM127",
        "site": "pomalaa",
        "location_label": "Pomalaa - Sulawesi Tenggara nickel laterite",
        "lithology": "serpentinite_simulated",
        "slope_deg": 7.7,
        "distance_to_river_m": 881,
        "distance_to_road_m": 1929,
        "legal_status": "allowed",
        "distance_to_smelter_km": 34.7,
        "area_ha": 0.31,
        "region_id": "SW"
      },
      "geometry": {
        "type": "Polygon",
        "coordinates": [
          [
            [
              121.61,
              -4.22
            ],
            [
              121.615,
              -4.22
            ],
            [
              121.615,
              -4.215
            ],
            [
              121.61,
              -4.215
            ],
            [
              121.61,
              -4.22
            ]
          ]
        ]
      }
    },
    {
      "type": "Feature",
      "properties": {
        "grid_id": "POM128",
        "site": "pomalaa",
        "location_label": "Pomalaa - Sulawesi Tenggara nickel laterite",
        "lithology": "alluvium",
        "slope_deg": 5.2,
        "distance_to_river_m": 1087,
        "distance_to_road_m": 1315,
        "legal_status": "allowed",
        "distance_to_smelter_km": 31.5,
        "area_ha": 0.31,
        "region_id": "SW"
      },
      "geometry": {
        "type": "Polygon",
        "coordinates": [
          [
            [
              121.615,
              -4.22
            ],
            [
              121.62,
              -4.22
            ],
            [
              121.62,
              -4.215
            ],
            [
              121.615,
              -4.215
            ],
            [
              121.615,
              -4.22
            ]
          ]
        ]
      }
    },
    {
      "type": "Feature",
      "properties": {
        "grid_id": "POM129",
        "site": "pomalaa",
        "location_label": "Pomalaa - Sulawesi Tenggara nickel laterite",
        "lithology": "mafic_volcanic_simulated",
        "slope_deg": 4.0,
        "distance_to_river_m": 371,
        "distance_to_road_m": 363,
        "legal_status": "allowed",
        "distance_to_smelter_km": 29.0,
        "area_ha": 0.31,
        "region_id": "SW"
      },
      "geometry": {
        "type": "Polygon",
        "coordinates": [
          [
            [
              121.62,
              -4.22
            ],
            [
              121.625,
              -4.22
            ],
            [
              121.625,
              -4.215
            ],
            [
              121.62,
              -4.215
            ],
            [
              121.62,
              -4.22
            ]
          ]
        ]
      }
    },
    {
      "type": "Feature",
      "properties": {
        "grid_id": "POM130",
        "site": "pomalaa",
        "location_label": "Pomalaa - Sulawesi Tenggara nickel laterite",
        "lithology": "ultramafic_simulated",
        "slope_deg": 11.1,
        "distance_to_river_m": 617,
        "distance_to_road_m": 1923,
        "legal_status": "no-go",
        "distance_to_smelter_km": 27.7,
        "area_ha": 0.31,
        "region_id": "SW"
      },
      "geometry": {
        "type": "Polygon",
        "coordinates": [
          [
            [
              121.625,
              -4.22
            ],
            [
              121.63,
              -4.22
            ],
            [
              121.63,
              -4.215
            ],
            [
              121.625,
              -4.215
            ],
            [
              121.625,
              -4.22
            ]
          ]
        ]
      }
    },
    {
      "type": "Feature",
      "properties": {
        "grid_id": "POM131",
        "site": "pomalaa",
        "location_label": "Pomalaa - Sulawesi Tenggara nickel laterite",
        "lithology": "peridotite_simulated",
        "slope_deg": 12.1,
        "distance_to_river_m": 693,
        "distance_to_road_m": 1686,
        "legal_status": "allowed",
        "distance_to_smelter_km": 27.7,
        "area_ha": 0.31,
        "region_id": "SE"
      },
      "geometry": {
        "type": "Polygon",
        "coordinates": [
          [
            [
              121.63,
              -4.22
            ],
            [
              121.635,
              -4.22
            ],
            [
              121.635,
              -4.215
            ],
            [
              121.63,
              -4.215
            ],
            [
              121.63,
              -4.22
            ]
          ]
        ]
      }
    },
    {
      "type": "Feature",
      "properties": {
        "grid_id": "POM132",
        "site": "pomalaa",
        "location_label": "Pomalaa - Sulawesi Tenggara nickel laterite",
        "lithology": "alluvium",
        "slope_deg": 12.9,
        "distance_to_river_m": 719,
        "distance_to_road_m": 2440,
        "legal_status": "allowed",
        "distance_to_smelter_km": 29.0,
        "area_ha": 0.31,
        "region_id": "SE"
      },
      "geometry": {
        "type": "Polygon",
        "coordinates": [
          [
            [
              121.635,
              -4.22
            ],
            [
              121.64,
              -4.22
            ],
            [
              121.64,
              -4.215
            ],
            [
              121.635,
              -4.215
            ],
            [
              121.635,
              -4.22
            ]
          ]
        ]
      }
    },
    {
      "type": "Feature",
      "properties": {
        "grid_id": "POM133",
        "site": "pomalaa",
        "location_label": "Pomalaa - Sulawesi Tenggara nickel laterite",
        "lithology": "mafic_volcanic_simulated",
        "slope_deg": 4.6,
        "distance_to_river_m": 1141,
        "distance_to_road_m": 1512,
        "legal_status": "no-go",
        "distance_to_smelter_km": 31.5,
        "area_ha": 0.31,
        "region_id": "SE"
      },
      "geometry": {
        "type": "Polygon",
        "coordinates": [
          [
            [
              121.64,
              -4.22
            ],
            [
              121.645,
              -4.22
            ],
            [
              121.645,
              -4.215
            ],
            [
              121.64,
              -4.215
            ],
            [
              121.64,
              -4.22
            ]
          ]
        ]
      }
    },
    {
      "type": "Feature",
      "properties": {
        "grid_id": "POM134",
        "site": "pomalaa",
        "location_label": "Pomalaa - Sulawesi Tenggara nickel laterite",
        "lithology": "mafic_volcanic_simulated",
        "slope_deg": 6.3,
        "distance_to_river_m": 190,
        "distance_to_road_m": 3194,
        "legal_status": "conditional",
        "distance_to_smelter_km": 34.7,
        "area_ha": 0.31,
        "region_id": "SE"
      },
      "geometry": {
        "type": "Polygon",
        "coordinates": [
          [
            [
              121.645,
              -4.22
            ],
            [
              121.65,
              -4.22
            ],
            [
              121.65,
              -4.215
            ],
            [
              121.645,
              -4.215
            ],
            [
              121.645,
              -4.22
            ]
          ]
        ]
      }
    },
    {
      "type": "Feature",
      "properties": {
        "grid_id": "POM135",
        "site": "pomalaa",
        "location_label": "Pomalaa - Sulawesi Tenggara nickel laterite",
        "lithology": "serpentinite_simulated",
        "slope_deg": 9.5,
        "distance_to_river_m": 196,
        "distance_to_road_m": 854,
        "legal_status": "allowed",
        "distance_to_smelter_km": 38.5,
        "area_ha": 0.31,
        "region_id": "SE"
      },
      "geometry": {
        "type": "Polygon",
        "coordinates": [
          [
            [
              121.65,
              -4.22
            ],
            [
              121.655,
              -4.22
            ],
            [
              121.655,
              -4.215
            ],
            [
              121.65,
              -4.215
            ],
            [
              121.65,
              -4.22
            ]
          ]
        ]
      }
    },
    {
      "type": "Feature",
      "properties": {
        "grid_id": "POM136",
        "site": "pomalaa",
        "location_label": "Pomalaa - Sulawesi Tenggara nickel laterite",
        "lithology": "mafic_volcanic_simulated",
        "slope_deg": 10.5,
        "distance_to_river_m": 708,
        "distance_to_road_m": 2143,
        "legal_status": "conditional",
        "distance_to_smelter_km": 42.6,
        "area_ha": 0.31,
        "region_id": "SE"
      },
      "geometry": {
        "type": "Polygon",
        "coordinates": [
          [
            [
              121.655,
              -4.22
            ],
            [
              121.66,
              -4.22
            ],
            [
              121.66,
              -4.215
            ],
            [
              121.655,
              -4.215
            ],
            [
              121.655,
              -4.22
            ]
          ]
        ]
      }
    },
    {
      "type": "Feature",
      "properties": {
        "grid_id": "POM137",
        "site": "pomalaa",
        "location_label": "Pomalaa - Sulawesi Tenggara nickel laterite",
        "lithology": "alluvium",
        "slope_deg": 11.6,
        "distance_to_river_m": 977,
        "distance_to_road_m": 707,
        "legal_status": "conditional",
        "distance_to_smelter_km": 46.9,
        "area_ha": 0.31,
        "region_id": "SE"
      },
      "geometry": {
        "type": "Polygon",
        "coordinates": [
          [
            [
              121.66,
              -4.22
            ],
            [
              121.665,
              -4.22
            ],
            [
              121.665,
              -4.215
            ],
            [
              121.66,
              -4.215
            ],
            [
              121.66,
              -4.22
            ]
          ]
        ]
      }
    },
    {
      "type": "Feature",
      "properties": {
        "grid_id": "POM138",
        "site": "pomalaa",
        "location_label": "Pomalaa - Sulawesi Tenggara nickel laterite",
        "lithology": "alluvium",
        "slope_deg": 7.4,
        "distance_to_river_m": 960,
        "distance_to_road_m": 656,
        "legal_status": "allowed",
        "distance_to_smelter_km": 51.4,
        "area_ha": 0.31,
        "region_id": "SE"
      },
      "geometry": {
        "type": "Polygon",
        "coordinates": [
          [
            [
              121.665,
              -4.22
            ],
            [
              121.67,
              -4.22
            ],
            [
              121.67,
              -4.215
            ],
            [
              121.665,
              -4.215
            ],
            [
              121.665,
              -4.22
            ]
          ]
        ]
      }
    },
    {
      "type": "Feature",
      "properties": {
        "grid_id": "POM139",
        "site": "pomalaa",
        "location_label": "Pomalaa - Sulawesi Tenggara nickel laterite",
        "lithology": "mafic_volcanic_simulated",
        "slope_deg": 7.6,
        "distance_to_river_m": 913,
        "distance_to_road_m": 2773,
        "legal_status": "allowed",
        "distance_to_smelter_km": 56.0,
        "area_ha": 0.31,
        "region_id": "SE"
      },
      "geometry": {
        "type": "Polygon",
        "coordinates": [
          [
            [
              121.67,
              -4.22
            ],
            [
              121.675,
              -4.22
            ],
            [
              121.675,
              -4.215
            ],
            [
              121.67,
              -4.215
            ],
            [
              121.67,
              -4.22
            ]
          ]
        ]
      }
    },
    {
      "type": "Feature",
      "properties": {
        "grid_id": "POM140",
        "site": "pomalaa",
        "location_label": "Pomalaa - Sulawesi Tenggara nickel laterite",
        "lithology": "ultramafic_simulated",
        "slope_deg": 12.8,
        "distance_to_river_m": 1192,
        "distance_to_road_m": 2292,
        "legal_status": "allowed",
        "distance_to_smelter_km": 60.6,
        "area_ha": 0.31,
        "region_id": "SE"
      },
      "geometry": {
        "type": "Polygon",
        "coordinates": [
          [
            [
              121.675,
              -4.22
            ],
            [
              121.68,
              -4.22
            ],
            [
              121.68,
              -4.215
            ],
            [
              121.675,
              -4.215
            ],
            [
              121.675,
              -4.22
            ]
          ]
        ]
      }
    },
    {
      "type": "Feature",
      "properties": {
        "grid_id": "POM141",
        "site": "pomalaa",
        "location_label": "Pomalaa - Sulawesi Tenggara nickel laterite",
        "lithology": "ultramafic_simulated",
        "slope_deg": 6.9,
        "distance_to_river_m": 217,
        "distance_to_road_m": 2589,
        "legal_status": "allowed",
        "distance_to_smelter_km": 59.1,
        "area_ha": 0.31,
        "region_id": "SW"
      },
      "geometry": {
        "type": "Polygon",
        "coordinates": [
          [
            [
              121.58,
              -4.215
            ],
            [
              121.585,
              -4.215
            ],
            [
              121.585,
              -4.21
            ],
            [
              121.58,
              -4.21
            ],
            [
              121.58,
              -4.215
            ]
          ]
        ]
      }
    },
    {
      "type": "Feature",
      "properties": {
        "grid_id": "POM142",
        "site": "pomalaa",
        "location_label": "Pomalaa - Sulawesi Tenggara nickel laterite",
        "lithology": "alluvium",
        "slope_deg": 2.8,
        "distance_to_river_m": 1143,
        "distance_to_road_m": 3075,
        "legal_status": "allowed",
        "distance_to_smelter_km": 54.3,
        "area_ha": 0.31,
        "region_id": "SW"
      },
      "geometry": {
        "type": "Polygon",
        "coordinates": [
          [
            [
              121.585,
              -4.215
            ],
            [
              121.59,
              -4.215
            ],
            [
              121.59,
              -4.21
            ],
            [
              121.585,
              -4.21
            ],
            [
              121.585,
              -4.215
            ]
          ]
        ]
      }
    },
    {
      "type": "Feature",
      "properties": {
        "grid_id": "POM143",
        "site": "pomalaa",
        "location_label": "Pomalaa - Sulawesi Tenggara nickel laterite",
        "lithology": "peridotite_simulated",
        "slope_deg": 3.7,
        "distance_to_river_m": 1094,
        "distance_to_road_m": 1091,
        "legal_status": "allowed",
        "distance_to_smelter_km": 49.5,
        "area_ha": 0.31,
        "region_id": "SW"
      },
      "geometry": {
        "type": "Polygon",
        "coordinates": [
          [
            [
              121.59,
              -4.215
            ],
            [
              121.595,
              -4.215
            ],
            [
              121.595,
              -4.21
            ],
            [
              121.59,
              -4.21
            ],
            [
              121.59,
              -4.215
            ]
          ]
        ]
      }
    },
    {
      "type": "Feature",
      "properties": {
        "grid_id": "POM144",
        "site": "pomalaa",
        "location_label": "Pomalaa - Sulawesi Tenggara nickel laterite",
        "lithology": "ultramafic_simulated",
        "slope_deg": 2.8,
        "distance_to_river_m": 428,
        "distance_to_road_m": 1433,
        "legal_status": "allowed",
        "distance_to_smelter_km": 44.8,
        "area_ha": 0.31,
        "region_id": "SW"
      },
      "geometry": {
        "type": "Polygon",
        "coordinates": [
          [
            [
              121.595,
              -4.215
            ],
            [
              121.6,
              -4.215
            ],
            [
              121.6,
              -4.21
            ],
            [
              121.595,
              -4.21
            ],
            [
              121.595,
              -4.215
            ]
          ]
        ]
      }
    },
    {
      "type": "Feature",
      "properties": {
        "grid_id": "POM145",
        "site": "pomalaa",
        "location_label": "Pomalaa - Sulawesi Tenggara nickel laterite",
        "lithology": "ultramafic_simulated",
        "slope_deg": 10.8,
        "distance_to_river_m": 561,
        "distance_to_road_m": 831,
        "legal_status": "allowed",
        "distance_to_smelter_km": 40.2,
        "area_ha": 0.31,
        "region_id": "SW"
      },
      "geometry": {
        "type": "Polygon",
        "coordinates": [
          [
            [
              121.6,
              -4.215
            ],
            [
              121.605,
              -4.215
            ],
            [
              121.605,
              -4.21
            ],
            [
              121.6,
              -4.21
            ],
            [
              121.6,
              -4.215
            ]
          ]
        ]
      }
    },
    {
      "type": "Feature",
      "properties": {
        "grid_id": "POM146",
        "site": "pomalaa",
        "location_label": "Pomalaa - Sulawesi Tenggara nickel laterite",
        "lithology": "serpentinite_simulated",
        "slope_deg": 4.8,
        "distance_to_river_m": 513,
        "distance_to_road_m": 815,
        "legal_status": "conditional",
        "distance_to_smelter_km": 35.7,
        "area_ha": 0.31,
        "region_id": "SW"
      },
      "geometry": {
        "type": "Polygon",
        "coordinates": [
          [
            [
              121.605,
              -4.215
            ],
            [
              121.61,
              -4.215
            ],
            [
              121.61,
              -4.21
            ],
            [
              121.605,
              -4.21
            ],
            [
              121.605,
              -4.215
            ]
          ]
        ]
      }
    },
    {
      "type": "Feature",
      "properties": {
        "grid_id": "POM147",
        "site": "pomalaa",
        "location_label": "Pomalaa - Sulawesi Tenggara nickel laterite",
        "lithology": "peridotite_simulated",
        "slope_deg": 1.1,
        "distance_to_river_m": 666,
        "distance_to_road_m": 3030,
        "legal_status": "allowed",
        "distance_to_smelter_km": 31.5,
        "area_ha": 0.31,
        "region_id": "SW"
      },
      "geometry": {
        "type": "Polygon",
        "coordinates": [
          [
            [
              121.61,
              -4.215
            ],
            [
              121.615,
              -4.215
            ],
            [
              121.615,
              -4.21
            ],
            [
              121.61,
              -4.21
            ],
            [
              121.61,
              -4.215
            ]
          ]
        ]
      }
    },
    {
      "type": "Feature",
      "properties": {
        "grid_id": "POM148",
        "site": "pomalaa",
        "location_label": "Pomalaa - Sulawesi Tenggara nickel laterite",
        "lithology": "alluvium",
        "slope_deg": 9.3,
        "distance_to_river_m": 572,
        "distance_to_road_m": 1038,
        "legal_status": "no-go",
        "distance_to_smelter_km": 27.7,
        "area_ha": 0.31,
        "region_id": "SW"
      },
      "geometry": {
        "type": "Polygon",
        "coordinates": [
          [
            [
              121.615,
              -4.215
            ],
            [
              121.62,
              -4.215
            ],
            [
              121.62,
              -4.21
            ],
            [
              121.615,
              -4.21
            ],
            [
              121.615,
              -4.215
            ]
          ]
        ]
      }
    },
    {
      "type": "Feature",
      "properties": {
        "grid_id": "POM149",
        "site": "pomalaa",
        "location_label": "Pomalaa - Sulawesi Tenggara nickel laterite",
        "lithology": "ultramafic_simulated",
        "slope_deg": 5.4,
        "distance_to_river_m": 197,
        "distance_to_road_m": 1396,
        "legal_status": "allowed",
        "distance_to_smelter_km": 24.6,
        "area_ha": 0.31,
        "region_id": "SW"
      },
      "geometry": {
        "type": "Polygon",
        "coordinates": [
          [
            [
              121.62,
              -4.215
            ],
            [
              121.625,
              -4.215
            ],
            [
              121.625,
              -4.21
            ],
            [
              121.62,
              -4.21
            ],
            [
              121.62,
              -4.215
            ]
          ]
        ]
      }
    },
    {
      "type": "Feature",
      "properties": {
        "grid_id": "POM150",
        "site": "pomalaa",
        "location_label": "Pomalaa - Sulawesi Tenggara nickel laterite",
        "lithology": "ultramafic_simulated",
        "slope_deg": 4.6,
        "distance_to_river_m": 469,
        "distance_to_road_m": 324,
        "legal_status": "no-go",
        "distance_to_smelter_km": 22.7,
        "area_ha": 0.31,
        "region_id": "SW"
      },
      "geometry": {
        "type": "Polygon",
        "coordinates": [
          [
            [
              121.625,
              -4.215
            ],
            [
              121.63,
              -4.215
            ],
            [
              121.63,
              -4.21
            ],
            [
              121.625,
              -4.21
            ],
            [
              121.625,
              -4.215
            ]
          ]
        ]
      }
    },
    {
      "type": "Feature",
      "properties": {
        "grid_id": "POM151",
        "site": "pomalaa",
        "location_label": "Pomalaa - Sulawesi Tenggara nickel laterite",
        "lithology": "serpentinite_simulated",
        "slope_deg": 3.8,
        "distance_to_river_m": 381,
        "distance_to_road_m": 311,
        "legal_status": "allowed",
        "distance_to_smelter_km": 22.7,
        "area_ha": 0.31,
        "region_id": "SE"
      },
      "geometry": {
        "type": "Polygon",
        "coordinates": [
          [
            [
              121.63,
              -4.215
            ],
            [
              121.635,
              -4.215
            ],
            [
              121.635,
              -4.21
            ],
            [
              121.63,
              -4.21
            ],
            [
              121.63,
              -4.215
            ]
          ]
        ]
      }
    },
    {
      "type": "Feature",
      "properties": {
        "grid_id": "POM152",
        "site": "pomalaa",
        "location_label": "Pomalaa - Sulawesi Tenggara nickel laterite",
        "lithology": "mafic_volcanic_simulated",
        "slope_deg": 5.2,
        "distance_to_river_m": 926,
        "distance_to_road_m": 994,
        "legal_status": "allowed",
        "distance_to_smelter_km": 24.6,
        "area_ha": 0.31,
        "region_id": "SE"
      },
      "geometry": {
        "type": "Polygon",
        "coordinates": [
          [
            [
              121.635,
              -4.215
            ],
            [
              121.64,
              -4.215
            ],
            [
              121.64,
              -4.21
            ],
            [
              121.635,
              -4.21
            ],
            [
              121.635,
              -4.215
            ]
          ]
        ]
      }
    },
    {
      "type": "Feature",
      "properties": {
        "grid_id": "POM153",
        "site": "pomalaa",
        "location_label": "Pomalaa - Sulawesi Tenggara nickel laterite",
        "lithology": "peridotite_simulated",
        "slope_deg": 9.6,
        "distance_to_river_m": 925,
        "distance_to_road_m": 1189,
        "legal_status": "no-go",
        "distance_to_smelter_km": 27.7,
        "area_ha": 0.31,
        "region_id": "SE"
      },
      "geometry": {
        "type": "Polygon",
        "coordinates": [
          [
            [
              121.64,
              -4.215
            ],
            [
              121.645,
              -4.215
            ],
            [
              121.645,
              -4.21
            ],
            [
              121.64,
              -4.21
            ],
            [
              121.64,
              -4.215
            ]
          ]
        ]
      }
    },
    {
      "type": "Feature",
      "properties": {
        "grid_id": "POM154",
        "site": "pomalaa",
        "location_label": "Pomalaa - Sulawesi Tenggara nickel laterite",
        "lithology": "mafic_volcanic_simulated",
        "slope_deg": 1.1,
        "distance_to_river_m": 696,
        "distance_to_road_m": 2532,
        "legal_status": "allowed",
        "distance_to_smelter_km": 31.5,
        "area_ha": 0.31,
        "region_id": "SE"
      },
      "geometry": {
        "type": "Polygon",
        "coordinates": [
          [
            [
              121.645,
              -4.215
            ],
            [
              121.65,
              -4.215
            ],
            [
              121.65,
              -4.21
            ],
            [
              121.645,
              -4.21
            ],
            [
              121.645,
              -4.215
            ]
          ]
        ]
      }
    },
    {
      "type": "Feature",
      "properties": {
        "grid_id": "POM155",
        "site": "pomalaa",
        "location_label": "Pomalaa - Sulawesi Tenggara nickel laterite",
        "lithology": "alluvium",
        "slope_deg": 10.3,
        "distance_to_river_m": 958,
        "distance_to_road_m": 2680,
        "legal_status": "allowed",
        "distance_to_smelter_km": 35.7,
        "area_ha": 0.31,
        "region_id": "SE"
      },
      "geometry": {
        "type": "Polygon",
        "coordinates": [
          [
            [
              121.65,
              -4.215
            ],
            [
              121.655,
              -4.215
            ],
            [
              121.655,
              -4.21
            ],
            [
              121.65,
              -4.21
            ],
            [
              121.65,
              -4.215
            ]
          ]
        ]
      }
    },
    {
      "type": "Feature",
      "properties": {
        "grid_id": "POM156",
        "site": "pomalaa",
        "location_label": "Pomalaa - Sulawesi Tenggara nickel laterite",
        "lithology": "ultramafic_simulated",
        "slope_deg": 11.3,
        "distance_to_river_m": 81,
        "distance_to_road_m": 2559,
        "legal_status": "allowed",
        "distance_to_smelter_km": 40.2,
        "area_ha": 0.31,
        "region_id": "SE"
      },
      "geometry": {
        "type": "Polygon",
        "coordinates": [
          [
            [
              121.655,
              -4.215
            ],
            [
              121.66,
              -4.215
            ],
            [
              121.66,
              -4.21
            ],
            [
              121.655,
              -4.21
            ],
            [
              121.655,
              -4.215
            ]
          ]
        ]
      }
    },
    {
      "type": "Feature",
      "properties": {
        "grid_id": "POM157",
        "site": "pomalaa",
        "location_label": "Pomalaa - Sulawesi Tenggara nickel laterite",
        "lithology": "ultramafic_simulated",
        "slope_deg": 4.4,
        "distance_to_river_m": 1050,
        "distance_to_road_m": 2053,
        "legal_status": "no-go",
        "distance_to_smelter_km": 44.8,
        "area_ha": 0.31,
        "region_id": "SE"
      },
      "geometry": {
        "type": "Polygon",
        "coordinates": [
          [
            [
              121.66,
              -4.215
            ],
            [
              121.665,
              -4.215
            ],
            [
              121.665,
              -4.21
            ],
            [
              121.66,
              -4.21
            ],
            [
              121.66,
              -4.215
            ]
          ]
        ]
      }
    },
    {
      "type": "Feature",
      "properties": {
        "grid_id": "POM158",
        "site": "pomalaa",
        "location_label": "Pomalaa - Sulawesi Tenggara nickel laterite",
        "lithology": "peridotite_simulated",
        "slope_deg": 6.6,
        "distance_to_river_m": 470,
        "distance_to_road_m": 3262,
        "legal_status": "no-go",
        "distance_to_smelter_km": 49.5,
        "area_ha": 0.31,
        "region_id": "SE"
      },
      "geometry": {
        "type": "Polygon",
        "coordinates": [
          [
            [
              121.665,
              -4.215
            ],
            [
              121.67,
              -4.215
            ],
            [
              121.67,
              -4.21
            ],
            [
              121.665,
              -4.21
            ],
            [
              121.665,
              -4.215
            ]
          ]
        ]
      }
    },
    {
      "type": "Feature",
      "properties": {
        "grid_id": "POM159",
        "site": "pomalaa",
        "location_label": "Pomalaa - Sulawesi Tenggara nickel laterite",
        "lithology": "mafic_volcanic_simulated",
        "slope_deg": 10.8,
        "distance_to_river_m": 695,
        "distance_to_road_m": 2630,
        "legal_status": "allowed",
        "distance_to_smelter_km": 54.3,
        "area_ha": 0.31,
        "region_id": "SE"
      },
      "geometry": {
        "type": "Polygon",
        "coordinates": [
          [
            [
              121.67,
              -4.215
            ],
            [
              121.675,
              -4.215
            ],
            [
              121.675,
              -4.21
            ],
            [
              121.67,
              -4.21
            ],
            [
              121.67,
              -4.215
            ]
          ]
        ]
      }
    },
    {
      "type": "Feature",
      "properties": {
        "grid_id": "POM160",
        "site": "pomalaa",
        "location_label": "Pomalaa - Sulawesi Tenggara nickel laterite",
        "lithology": "serpentinite_simulated",
        "slope_deg": 10.4,
        "distance_to_river_m": 798,
        "distance_to_road_m": 3032,
        "legal_status": "allowed",
        "distance_to_smelter_km": 59.1,
        "area_ha": 0.31,
        "region_id": "SE"
      },
      "geometry": {
        "type": "Polygon",
        "coordinates": [
          [
            [
              121.675,
              -4.215
            ],
            [
              121.68,
              -4.215
            ],
            [
              121.68,
              -4.21
            ],
            [
              121.675,
              -4.21
            ],
            [
              121.675,
              -4.215
            ]
          ]
        ]
      }
    },
    {
      "type": "Feature",
      "properties": {
        "grid_id": "POM161",
        "site": "pomalaa",
        "location_label": "Pomalaa - Sulawesi Tenggara nickel laterite",
        "lithology": "serpentinite_simulated",
        "slope_deg": 8.5,
        "distance_to_river_m": 225,
        "distance_to_road_m": 866,
        "legal_status": "no-go",
        "distance_to_smelter_km": 58.1,
        "area_ha": 0.31,
        "region_id": "SW"
      },
      "geometry": {
        "type": "Polygon",
        "coordinates": [
          [
            [
              121.58,
              -4.21
            ],
            [
              121.585,
              -4.21
            ],
            [
              121.585,
              -4.205
            ],
            [
              121.58,
              -4.205
            ],
            [
              121.58,
              -4.21
            ]
          ]
        ]
      }
    },
    {
      "type": "Feature",
      "properties": {
        "grid_id": "POM162",
        "site": "pomalaa",
        "location_label": "Pomalaa - Sulawesi Tenggara nickel laterite",
        "lithology": "alluvium",
        "slope_deg": 2.9,
        "distance_to_river_m": 791,
        "distance_to_road_m": 2472,
        "legal_status": "allowed",
        "distance_to_smelter_km": 53.2,
        "area_ha": 0.31,
        "region_id": "SW"
      },
      "geometry": {
        "type": "Polygon",
        "coordinates": [
          [
            [
              121.585,
              -4.21
            ],
            [
              121.59,
              -4.21
            ],
            [
              121.59,
              -4.205
            ],
            [
              121.585,
              -4.205
            ],
            [
              121.585,
              -4.21
            ]
          ]
        ]
      }
    },
    {
      "type": "Feature",
      "properties": {
        "grid_id": "POM163",
        "site": "pomalaa",
        "location_label": "Pomalaa - Sulawesi Tenggara nickel laterite",
        "lithology": "serpentinite_simulated",
        "slope_deg": 12.2,
        "distance_to_river_m": 731,
        "distance_to_road_m": 2180,
        "legal_status": "allowed",
        "distance_to_smelter_km": 48.2,
        "area_ha": 0.31,
        "region_id": "SW"
      },
      "geometry": {
        "type": "Polygon",
        "coordinates": [
          [
            [
              121.59,
              -4.21
            ],
            [
              121.595,
              -4.21
            ],
            [
              121.595,
              -4.205
            ],
            [
              121.59,
              -4.205
            ],
            [
              121.59,
              -4.21
            ]
          ]
        ]
      }
    },
    {
      "type": "Feature",
      "properties": {
        "grid_id": "POM164",
        "site": "pomalaa",
        "location_label": "Pomalaa - Sulawesi Tenggara nickel laterite",
        "lithology": "alluvium",
        "slope_deg": 5.7,
        "distance_to_river_m": 599,
        "distance_to_road_m": 3423,
        "legal_status": "allowed",
        "distance_to_smelter_km": 43.4,
        "area_ha": 0.31,
        "region_id": "SW"
      },
      "geometry": {
        "type": "Polygon",
        "coordinates": [
          [
            [
              121.595,
              -4.21
            ],
            [
              121.6,
              -4.21
            ],
            [
              121.6,
              -4.205
            ],
            [
              121.595,
              -4.205
            ],
            [
              121.595,
              -4.21
            ]
          ]
        ]
      }
    },
    {
      "type": "Feature",
      "properties": {
        "grid_id": "POM165",
        "site": "pomalaa",
        "location_label": "Pomalaa - Sulawesi Tenggara nickel laterite",
        "lithology": "ultramafic_simulated",
        "slope_deg": 9.0,
        "distance_to_river_m": 986,
        "distance_to_road_m": 2436,
        "legal_status": "allowed",
        "distance_to_smelter_km": 38.5,
        "area_ha": 0.31,
        "region_id": "SW"
      },
      "geometry": {
        "type": "Polygon",
        "coordinates": [
          [
            [
              121.6,
              -4.21
            ],
            [
              121.605,
              -4.21
            ],
            [
              121.605,
              -4.205
            ],
            [
              121.6,
              -4.205
            ],
            [
              121.6,
              -4.21
            ]
          ]
        ]
      }
    },
    {
      "type": "Feature",
      "properties": {
        "grid_id": "POM166",
        "site": "pomalaa",
        "location_label": "Pomalaa - Sulawesi Tenggara nickel laterite",
        "lithology": "alluvium",
        "slope_deg": 8.2,
        "distance_to_river_m": 1038,
        "distance_to_road_m": 1797,
        "legal_status": "allowed",
        "distance_to_smelter_km": 33.7,
        "area_ha": 0.31,
        "region_id": "SW"
      },
      "geometry": {
        "type": "Polygon",
        "coordinates": [
          [
            [
              121.605,
              -4.21
            ],
            [
              121.61,
              -4.21
            ],
            [
              121.61,
              -4.205
            ],
            [
              121.605,
              -4.205
            ],
            [
              121.605,
              -4.21
            ]
          ]
        ]
      }
    },
    {
      "type": "Feature",
      "properties": {
        "grid_id": "POM167",
        "site": "pomalaa",
        "location_label": "Pomalaa - Sulawesi Tenggara nickel laterite",
        "lithology": "ultramafic_simulated",
        "slope_deg": 1.6,
        "distance_to_river_m": 505,
        "distance_to_road_m": 1349,
        "legal_status": "conditional",
        "distance_to_smelter_km": 29.0,
        "area_ha": 0.31,
        "region_id": "SW"
      },
      "geometry": {
        "type": "Polygon",
        "coordinates": [
          [
            [
              121.61,
              -4.21
            ],
            [
              121.615,
              -4.21
            ],
            [
              121.615,
              -4.205
            ],
            [
              121.61,
              -4.205
            ],
            [
              121.61,
              -4.21
            ]
          ]
        ]
      }
    },
    {
      "type": "Feature",
      "properties": {
        "grid_id": "POM168",
        "site": "pomalaa",
        "location_label": "Pomalaa - Sulawesi Tenggara nickel laterite",
        "lithology": "mafic_volcanic_simulated",
        "slope_deg": 1.6,
        "distance_to_river_m": 446,
        "distance_to_road_m": 3327,
        "legal_status": "no-go",
        "distance_to_smelter_km": 24.6,
        "area_ha": 0.31,
        "region_id": "SW"
      },
      "geometry": {
        "type": "Polygon",
        "coordinates": [
          [
            [
              121.615,
              -4.21
            ],
            [
              121.62,
              -4.21
            ],
            [
              121.62,
              -4.205
            ],
            [
              121.615,
              -4.205
            ],
            [
              121.615,
              -4.21
            ]
          ]
        ]
      }
    },
    {
      "type": "Feature",
      "properties": {
        "grid_id": "POM169",
        "site": "pomalaa",
        "location_label": "Pomalaa - Sulawesi Tenggara nickel laterite",
        "lithology": "mafic_volcanic_simulated",
        "slope_deg": 12.9,
        "distance_to_river_m": 1158,
        "distance_to_road_m": 369,
        "legal_status": "allowed",
        "distance_to_smelter_km": 20.6,
        "area_ha": 0.31,
        "region_id": "SW"
      },
      "geometry": {
        "type": "Polygon",
        "coordinates": [
          [
            [
              121.62,
              -4.21
            ],
            [
              121.625,
              -4.21
            ],
            [
              121.625,
              -4.205
            ],
            [
              121.62,
              -4.205
            ],
            [
              121.62,
              -4.21
            ]
          ]
        ]
      }
    },
    {
      "type": "Feature",
      "properties": {
        "grid_id": "POM170",
        "site": "pomalaa",
        "location_label": "Pomalaa - Sulawesi Tenggara nickel laterite",
        "lithology": "ultramafic_simulated",
        "slope_deg": 8.5,
        "distance_to_river_m": 1109,
        "distance_to_road_m": 629,
        "legal_status": "conditional",
        "distance_to_smelter_km": 17.9,
        "area_ha": 0.31,
        "region_id": "SW"
      },
      "geometry": {
        "type": "Polygon",
        "coordinates": [
          [
            [
              121.625,
              -4.21
            ],
            [
              121.63,
              -4.21
            ],
            [
              121.63,
              -4.205
            ],
            [
              121.625,
              -4.205
            ],
            [
              121.625,
              -4.21
            ]
          ]
        ]
      }
    },
    {
      "type": "Feature",
      "properties": {
        "grid_id": "POM171",
        "site": "pomalaa",
        "location_label": "Pomalaa - Sulawesi Tenggara nickel laterite",
        "lithology": "mafic_volcanic_simulated",
        "slope_deg": 6.3,
        "distance_to_river_m": 1013,
        "distance_to_road_m": 1903,
        "legal_status": "allowed",
        "distance_to_smelter_km": 17.9,
        "area_ha": 0.31,
        "region_id": "SE"
      },
      "geometry": {
        "type": "Polygon",
        "coordinates": [
          [
            [
              121.63,
              -4.21
            ],
            [
              121.635,
              -4.21
            ],
            [
              121.635,
              -4.205
            ],
            [
              121.63,
              -4.205
            ],
            [
              121.63,
              -4.21
            ]
          ]
        ]
      }
    },
    {
      "type": "Feature",
      "properties": {
        "grid_id": "POM172",
        "site": "pomalaa",
        "location_label": "Pomalaa - Sulawesi Tenggara nickel laterite",
        "lithology": "mafic_volcanic_simulated",
        "slope_deg": 11.4,
        "distance_to_river_m": 950,
        "distance_to_road_m": 2715,
        "legal_status": "conditional",
        "distance_to_smelter_km": 20.6,
        "area_ha": 0.31,
        "region_id": "SE"
      },
      "geometry": {
        "type": "Polygon",
        "coordinates": [
          [
            [
              121.635,
              -4.21
            ],
            [
              121.64,
              -4.21
            ],
            [
              121.64,
              -4.205
            ],
            [
              121.635,
              -4.205
            ],
            [
              121.635,
              -4.21
            ]
          ]
        ]
      }
    },
    {
      "type": "Feature",
      "properties": {
        "grid_id": "POM173",
        "site": "pomalaa",
        "location_label": "Pomalaa - Sulawesi Tenggara nickel laterite",
        "lithology": "ultramafic_simulated",
        "slope_deg": 10.0,
        "distance_to_river_m": 381,
        "distance_to_road_m": 1034,
        "legal_status": "allowed",
        "distance_to_smelter_km": 24.6,
        "area_ha": 0.31,
        "region_id": "SE"
      },
      "geometry": {
        "type": "Polygon",
        "coordinates": [
          [
            [
              121.64,
              -4.21
            ],
            [
              121.645,
              -4.21
            ],
            [
              121.645,
              -4.205
            ],
            [
              121.64,
              -4.205
            ],
            [
              121.64,
              -4.21
            ]
          ]
        ]
      }
    },
    {
      "type": "Feature",
      "properties": {
        "grid_id": "POM174",
        "site": "pomalaa",
        "location_label": "Pomalaa - Sulawesi Tenggara nickel laterite",
        "lithology": "mafic_volcanic_simulated",
        "slope_deg": 13.0,
        "distance_to_river_m": 558,
        "distance_to_road_m": 1869,
        "legal_status": "allowed",
        "distance_to_smelter_km": 29.0,
        "area_ha": 0.31,
        "region_id": "SE"
      },
      "geometry": {
        "type": "Polygon",
        "coordinates": [
          [
            [
              121.645,
              -4.21
            ],
            [
              121.65,
              -4.21
            ],
            [
              121.65,
              -4.205
            ],
            [
              121.645,
              -4.205
            ],
            [
              121.645,
              -4.21
            ]
          ]
        ]
      }
    },
    {
      "type": "Feature",
      "properties": {
        "grid_id": "POM175",
        "site": "pomalaa",
        "location_label": "Pomalaa - Sulawesi Tenggara nickel laterite",
        "lithology": "mafic_volcanic_simulated",
        "slope_deg": 5.4,
        "distance_to_river_m": 775,
        "distance_to_road_m": 3140,
        "legal_status": "conditional",
        "distance_to_smelter_km": 33.7,
        "area_ha": 0.31,
        "region_id": "SE"
      },
      "geometry": {
        "type": "Polygon",
        "coordinates": [
          [
            [
              121.65,
              -4.21
            ],
            [
              121.655,
              -4.21
            ],
            [
              121.655,
              -4.205
            ],
            [
              121.65,
              -4.205
            ],
            [
              121.65,
              -4.21
            ]
          ]
        ]
      }
    },
    {
      "type": "Feature",
      "properties": {
        "grid_id": "POM176",
        "site": "pomalaa",
        "location_label": "Pomalaa - Sulawesi Tenggara nickel laterite",
        "lithology": "ultramafic_simulated",
        "slope_deg": 4.9,
        "distance_to_river_m": 832,
        "distance_to_road_m": 2396,
        "legal_status": "conditional",
        "distance_to_smelter_km": 38.5,
        "area_ha": 0.31,
        "region_id": "SE"
      },
      "geometry": {
        "type": "Polygon",
        "coordinates": [
          [
            [
              121.655,
              -4.21
            ],
            [
              121.66,
              -4.21
            ],
            [
              121.66,
              -4.205
            ],
            [
              121.655,
              -4.205
            ],
            [
              121.655,
              -4.21
            ]
          ]
        ]
      }
    },
    {
      "type": "Feature",
      "properties": {
        "grid_id": "POM177",
        "site": "pomalaa",
        "location_label": "Pomalaa - Sulawesi Tenggara nickel laterite",
        "lithology": "serpentinite_simulated",
        "slope_deg": 10.6,
        "distance_to_river_m": 869,
        "distance_to_road_m": 3247,
        "legal_status": "no-go",
        "distance_to_smelter_km": 43.4,
        "area_ha": 0.31,
        "region_id": "SE"
      },
      "geometry": {
        "type": "Polygon",
        "coordinates": [
          [
            [
              121.66,
              -4.21
            ],
            [
              121.665,
              -4.21
            ],
            [
              121.665,
              -4.205
            ],
            [
              121.66,
              -4.205
            ],
            [
              121.66,
              -4.21
            ]
          ]
        ]
      }
    },
    {
      "type": "Feature",
      "properties": {
        "grid_id": "POM178",
        "site": "pomalaa",
        "location_label": "Pomalaa - Sulawesi Tenggara nickel laterite",
        "lithology": "ultramafic_simulated",
        "slope_deg": 5.5,
        "distance_to_river_m": 246,
        "distance_to_road_m": 2302,
        "legal_status": "allowed",
        "distance_to_smelter_km": 48.2,
        "area_ha": 0.31,
        "region_id": "SE"
      },
      "geometry": {
        "type": "Polygon",
        "coordinates": [
          [
            [
              121.665,
              -4.21
            ],
            [
              121.67,
              -4.21
            ],
            [
              121.67,
              -4.205
            ],
            [
              121.665,
              -4.205
            ],
            [
              121.665,
              -4.21
            ]
          ]
        ]
      }
    },
    {
      "type": "Feature",
      "properties": {
        "grid_id": "POM179",
        "site": "pomalaa",
        "location_label": "Pomalaa - Sulawesi Tenggara nickel laterite",
        "lithology": "serpentinite_simulated",
        "slope_deg": 9.2,
        "distance_to_river_m": 498,
        "distance_to_road_m": 2006,
        "legal_status": "allowed",
        "distance_to_smelter_km": 53.2,
        "area_ha": 0.31,
        "region_id": "SE"
      },
      "geometry": {
        "type": "Polygon",
        "coordinates": [
          [
            [
              121.67,
              -4.21
            ],
            [
              121.675,
              -4.21
            ],
            [
              121.675,
              -4.205
            ],
            [
              121.67,
              -4.205
            ],
            [
              121.67,
              -4.21
            ]
          ]
        ]
      }
    },
    {
      "type": "Feature",
      "properties": {
        "grid_id": "POM180",
        "site": "pomalaa",
        "location_label": "Pomalaa - Sulawesi Tenggara nickel laterite",
        "lithology": "alluvium",
        "slope_deg": 11.6,
        "distance_to_river_m": 203,
        "distance_to_road_m": 2407,
        "legal_status": "allowed",
        "distance_to_smelter_km": 58.1,
        "area_ha": 0.31,
        "region_id": "SE"
      },
      "geometry": {
        "type": "Polygon",
        "coordinates": [
          [
            [
              121.675,
              -4.21
            ],
            [
              121.68,
              -4.21
            ],
            [
              121.68,
              -4.205
            ],
            [
              121.675,
              -4.205
            ],
            [
              121.675,
              -4.21
            ]
          ]
        ]
      }
    },
    {
      "type": "Feature",
      "properties": {
        "grid_id": "POM181",
        "site": "pomalaa",
        "location_label": "Pomalaa - Sulawesi Tenggara nickel laterite",
        "lithology": "ultramafic_simulated",
        "slope_deg": 1.8,
        "distance_to_river_m": 420,
        "distance_to_road_m": 3046,
        "legal_status": "allowed",
        "distance_to_smelter_km": 57.6,
        "area_ha": 0.31,
        "region_id": "SW"
      },
      "geometry": {
        "type": "Polygon",
        "coordinates": [
          [
            [
              121.58,
              -4.205
            ],
            [
              121.585,
              -4.205
            ],
            [
              121.585,
              -4.2
            ],
            [
              121.58,
              -4.2
            ],
            [
              121.58,
              -4.205
            ]
          ]
        ]
      }
    },
    {
      "type": "Feature",
      "properties": {
        "grid_id": "POM182",
        "site": "pomalaa",
        "location_label": "Pomalaa - Sulawesi Tenggara nickel laterite",
        "lithology": "ultramafic_simulated",
        "slope_deg": 9.0,
        "distance_to_river_m": 749,
        "distance_to_road_m": 3162,
        "legal_status": "no-go",
        "distance_to_smelter_km": 52.6,
        "area_ha": 0.31,
        "region_id": "SW"
      },
      "geometry": {
        "type": "Polygon",
        "coordinates": [
          [
            [
              121.585,
              -4.205
            ],
            [
              121.59,
              -4.205
            ],
            [
              121.59,
              -4.2
            ],
            [
              121.585,
              -4.2
            ],
            [
              121.585,
              -4.205
            ]
          ]
        ]
      }
    },
    {
      "type": "Feature",
      "properties": {
        "grid_id": "POM183",
        "site": "pomalaa",
        "location_label": "Pomalaa - Sulawesi Tenggara nickel laterite",
        "lithology": "peridotite_simulated",
        "slope_deg": 5.4,
        "distance_to_river_m": 613,
        "distance_to_road_m": 1045,
        "legal_status": "conditional",
        "distance_to_smelter_km": 47.6,
        "area_ha": 0.31,
        "region_id": "SW"
      },
      "geometry": {
        "type": "Polygon",
        "coordinates": [
          [
            [
              121.59,
              -4.205
            ],
            [
              121.595,
              -4.205
            ],
            [
              121.595,
              -4.2
            ],
            [
              121.59,
              -4.2
            ],
            [
              121.59,
              -4.205
            ]
          ]
        ]
      }
    },
    {
      "type": "Feature",
      "properties": {
        "grid_id": "POM184",
        "site": "pomalaa",
        "location_label": "Pomalaa - Sulawesi Tenggara nickel laterite",
        "lithology": "ultramafic_simulated",
        "slope_deg": 2.1,
        "distance_to_river_m": 964,
        "distance_to_road_m": 3184,
        "legal_status": "allowed",
        "distance_to_smelter_km": 42.6,
        "area_ha": 0.31,
        "region_id": "SW"
      },
      "geometry": {
        "type": "Polygon",
        "coordinates": [
          [
            [
              121.595,
              -4.205
            ],
            [
              121.6,
              -4.205
            ],
            [
              121.6,
              -4.2
            ],
            [
              121.595,
              -4.2
            ],
            [
              121.595,
              -4.205
            ]
          ]
        ]
      }
    },
    {
      "type": "Feature",
      "properties": {
        "grid_id": "POM185",
        "site": "pomalaa",
        "location_label": "Pomalaa - Sulawesi Tenggara nickel laterite",
        "lithology": "alluvium",
        "slope_deg": 6.3,
        "distance_to_river_m": 702,
        "distance_to_road_m": 880,
        "legal_status": "allowed",
        "distance_to_smelter_km": 37.6,
        "area_ha": 0.31,
        "region_id": "SW"
      },
      "geometry": {
        "type": "Polygon",
        "coordinates": [
          [
            [
              121.6,
              -4.205
            ],
            [
              121.605,
              -4.205
            ],
            [
              121.605,
              -4.2
            ],
            [
              121.6,
              -4.2
            ],
            [
              121.6,
              -4.205
            ]
          ]
        ]
      }
    },
    {
      "type": "Feature",
      "properties": {
        "grid_id": "POM186",
        "site": "pomalaa",
        "location_label": "Pomalaa - Sulawesi Tenggara nickel laterite",
        "lithology": "peridotite_simulated",
        "slope_deg": 13.5,
        "distance_to_river_m": 717,
        "distance_to_road_m": 2649,
        "legal_status": "conditional",
        "distance_to_smelter_km": 32.6,
        "area_ha": 0.31,
        "region_id": "SW"
      },
      "geometry": {
        "type": "Polygon",
        "coordinates": [
          [
            [
              121.605,
              -4.205
            ],
            [
              121.61,
              -4.205
            ],
            [
              121.61,
              -4.2
            ],
            [
              121.605,
              -4.2
            ],
            [
              121.605,
              -4.205
            ]
          ]
        ]
      }
    },
    {
      "type": "Feature",
      "properties": {
        "grid_id": "POM187",
        "site": "pomalaa",
        "location_label": "Pomalaa - Sulawesi Tenggara nickel laterite",
        "lithology": "mafic_volcanic_simulated",
        "slope_deg": 9.3,
        "distance_to_river_m": 626,
        "distance_to_road_m": 2393,
        "legal_status": "allowed",
        "distance_to_smelter_km": 27.7,
        "area_ha": 0.31,
        "region_id": "SW"
      },
      "geometry": {
        "type": "Polygon",
        "coordinates": [
          [
            [
              121.61,
              -4.205
            ],
            [
              121.615,
              -4.205
            ],
            [
              121.615,
              -4.2
            ],
            [
              121.61,
              -4.2
            ],
            [
              121.61,
              -4.205
            ]
          ]
        ]
      }
    },
    {
      "type": "Feature",
      "properties": {
        "grid_id": "POM188",
        "site": "pomalaa",
        "location_label": "Pomalaa - Sulawesi Tenggara nickel laterite",
        "lithology": "alluvium",
        "slope_deg": 5.5,
        "distance_to_river_m": 1057,
        "distance_to_road_m": 1582,
        "legal_status": "allowed",
        "distance_to_smelter_km": 22.7,
        "area_ha": 0.31,
        "region_id": "SW"
      },
      "geometry": {
        "type": "Polygon",
        "coordinates": [
          [
            [
              121.615,
              -4.205
            ],
            [
              121.62,
              -4.205
            ],
            [
              121.62,
              -4.2
            ],
            [
              121.615,
              -4.2
            ],
            [
              121.615,
              -4.205
            ]
          ]
        ]
      }
    },
    {
      "type": "Feature",
      "properties": {
        "grid_id": "POM189",
        "site": "pomalaa",
        "location_label": "Pomalaa - Sulawesi Tenggara nickel laterite",
        "lithology": "alluvium",
        "slope_deg": 4.5,
        "distance_to_river_m": 755,
        "distance_to_road_m": 1121,
        "legal_status": "no-go",
        "distance_to_smelter_km": 17.9,
        "area_ha": 0.31,
        "region_id": "SW"
      },
      "geometry": {
        "type": "Polygon",
        "coordinates": [
          [
            [
              121.62,
              -4.205
            ],
            [
              121.625,
              -4.205
            ],
            [
              121.625,
              -4.2
            ],
            [
              121.62,
              -4.2
            ],
            [
              121.62,
              -4.205
            ]
          ]
        ]
      }
    },
    {
      "type": "Feature",
      "properties": {
        "grid_id": "POM190",
        "site": "pomalaa",
        "location_label": "Pomalaa - Sulawesi Tenggara nickel laterite",
        "lithology": "peridotite_simulated",
        "slope_deg": 8.9,
        "distance_to_river_m": 158,
        "distance_to_road_m": 3359,
        "legal_status": "allowed",
        "distance_to_smelter_km": 13.5,
        "area_ha": 0.31,
        "region_id": "SW"
      },
      "geometry": {
        "type": "Polygon",
        "coordinates": [
          [
            [
              121.625,
              -4.205
            ],
            [
              121.63,
              -4.205
            ],
            [
              121.63,
              -4.2
            ],
            [
              121.625,
              -4.2
            ],
            [
              121.625,
              -4.205
            ]
          ]
        ]
      }
    },
    {
      "type": "Feature",
      "properties": {
        "grid_id": "POM191",
        "site": "pomalaa",
        "location_label": "Pomalaa - Sulawesi Tenggara nickel laterite",
        "lithology": "mafic_volcanic_simulated",
        "slope_deg": 8.0,
        "distance_to_river_m": 322,
        "distance_to_road_m": 3290,
        "legal_status": "allowed",
        "distance_to_smelter_km": 13.5,
        "area_ha": 0.31,
        "region_id": "SE"
      },
      "geometry": {
        "type": "Polygon",
        "coordinates": [
          [
            [
              121.63,
              -4.205
            ],
            [
              121.635,
              -4.205
            ],
            [
              121.635,
              -4.2
            ],
            [
              121.63,
              -4.2
            ],
            [
              121.63,
              -4.205
            ]
          ]
        ]
      }
    },
    {
      "type": "Feature",
      "properties": {
        "grid_id": "POM192",
        "site": "pomalaa",
        "location_label": "Pomalaa - Sulawesi Tenggara nickel laterite",
        "lithology": "mafic_volcanic_simulated",
        "slope_deg": 6.0,
        "distance_to_river_m": 99,
        "distance_to_road_m": 3230,
        "legal_status": "allowed",
        "distance_to_smelter_km": 17.9,
        "area_ha": 0.31,
        "region_id": "SE"
      },
      "geometry": {
        "type": "Polygon",
        "coordinates": [
          [
            [
              121.635,
              -4.205
            ],
            [
              121.64,
              -4.205
            ],
            [
              121.64,
              -4.2
            ],
            [
              121.635,
              -4.2
            ],
            [
              121.635,
              -4.205
            ]
          ]
        ]
      }
    },
    {
      "type": "Feature",
      "properties": {
        "grid_id": "POM193",
        "site": "pomalaa",
        "location_label": "Pomalaa - Sulawesi Tenggara nickel laterite",
        "lithology": "ultramafic_simulated",
        "slope_deg": 8.3,
        "distance_to_river_m": 724,
        "distance_to_road_m": 387,
        "legal_status": "allowed",
        "distance_to_smelter_km": 22.7,
        "area_ha": 0.31,
        "region_id": "SE"
      },
      "geometry": {
        "type": "Polygon",
        "coordinates": [
          [
            [
              121.64,
              -4.205
            ],
            [
              121.645,
              -4.205
            ],
            [
              121.645,
              -4.2
            ],
            [
              121.64,
              -4.2
            ],
            [
              121.64,
              -4.205
            ]
          ]
        ]
      }
    },
    {
      "type": "Feature",
      "properties": {
        "grid_id": "POM194",
        "site": "pomalaa",
        "location_label": "Pomalaa - Sulawesi Tenggara nickel laterite",
        "lithology": "ultramafic_simulated",
        "slope_deg": 6.8,
        "distance_to_river_m": 144,
        "distance_to_road_m": 635,
        "legal_status": "allowed",
        "distance_to_smelter_km": 27.7,
        "area_ha": 0.31,
        "region_id": "SE"
      },
      "geometry": {
        "type": "Polygon",
        "coordinates": [
          [
            [
              121.645,
              -4.205
            ],
            [
              121.65,
              -4.205
            ],
            [
              121.65,
              -4.2
            ],
            [
              121.645,
              -4.2
            ],
            [
              121.645,
              -4.205
            ]
          ]
        ]
      }
    },
    {
      "type": "Feature",
      "properties": {
        "grid_id": "POM195",
        "site": "pomalaa",
        "location_label": "Pomalaa - Sulawesi Tenggara nickel laterite",
        "lithology": "serpentinite_simulated",
        "slope_deg": 5.2,
        "distance_to_river_m": 262,
        "distance_to_road_m": 2984,
        "legal_status": "no-go",
        "distance_to_smelter_km": 32.6,
        "area_ha": 0.31,
        "region_id": "SE"
      },
      "geometry": {
        "type": "Polygon",
        "coordinates": [
          [
            [
              121.65,
              -4.205
            ],
            [
              121.655,
              -4.205
            ],
            [
              121.655,
              -4.2
            ],
            [
              121.65,
              -4.2
            ],
            [
              121.65,
              -4.205
            ]
          ]
        ]
      }
    },
    {
      "type": "Feature",
      "properties": {
        "grid_id": "POM196",
        "site": "pomalaa",
        "location_label": "Pomalaa - Sulawesi Tenggara nickel laterite",
        "lithology": "mafic_volcanic_simulated",
        "slope_deg": 4.5,
        "distance_to_river_m": 853,
        "distance_to_road_m": 2581,
        "legal_status": "allowed",
        "distance_to_smelter_km": 37.6,
        "area_ha": 0.31,
        "region_id": "SE"
      },
      "geometry": {
        "type": "Polygon",
        "coordinates": [
          [
            [
              121.655,
              -4.205
            ],
            [
              121.66,
              -4.205
            ],
            [
              121.66,
              -4.2
            ],
            [
              121.655,
              -4.2
            ],
            [
              121.655,
              -4.205
            ]
          ]
        ]
      }
    },
    {
      "type": "Feature",
      "properties": {
        "grid_id": "POM197",
        "site": "pomalaa",
        "location_label": "Pomalaa - Sulawesi Tenggara nickel laterite",
        "lithology": "ultramafic_simulated",
        "slope_deg": 10.5,
        "distance_to_river_m": 511,
        "distance_to_road_m": 2594,
        "legal_status": "no-go",
        "distance_to_smelter_km": 42.6,
        "area_ha": 0.31,
        "region_id": "SE"
      },
      "geometry": {
        "type": "Polygon",
        "coordinates": [
          [
            [
              121.66,
              -4.205
            ],
            [
              121.665,
              -4.205
            ],
            [
              121.665,
              -4.2
            ],
            [
              121.66,
              -4.2
            ],
            [
              121.66,
              -4.205
            ]
          ]
        ]
      }
    },
    {
      "type": "Feature",
      "properties": {
        "grid_id": "POM198",
        "site": "pomalaa",
        "location_label": "Pomalaa - Sulawesi Tenggara nickel laterite",
        "lithology": "peridotite_simulated",
        "slope_deg": 13.4,
        "distance_to_river_m": 199,
        "distance_to_road_m": 773,
        "legal_status": "no-go",
        "distance_to_smelter_km": 47.6,
        "area_ha": 0.31,
        "region_id": "SE"
      },
      "geometry": {
        "type": "Polygon",
        "coordinates": [
          [
            [
              121.665,
              -4.205
            ],
            [
              121.67,
              -4.205
            ],
            [
              121.67,
              -4.2
            ],
            [
              121.665,
              -4.2
            ],
            [
              121.665,
              -4.205
            ]
          ]
        ]
      }
    },
    {
      "type": "Feature",
      "properties": {
        "grid_id": "POM199",
        "site": "pomalaa",
        "location_label": "Pomalaa - Sulawesi Tenggara nickel laterite",
        "lithology": "ultramafic_simulated",
        "slope_deg": 9.2,
        "distance_to_river_m": 705,
        "distance_to_road_m": 1503,
        "legal_status": "no-go",
        "distance_to_smelter_km": 52.6,
        "area_ha": 0.31,
        "region_id": "SE"
      },
      "geometry": {
        "type": "Polygon",
        "coordinates": [
          [
            [
              121.67,
              -4.205
            ],
            [
              121.675,
              -4.205
            ],
            [
              121.675,
              -4.2
            ],
            [
              121.67,
              -4.2
            ],
            [
              121.67,
              -4.205
            ]
          ]
        ]
      }
    },
    {
      "type": "Feature",
      "properties": {
        "grid_id": "POM200",
        "site": "pomalaa",
        "location_label": "Pomalaa - Sulawesi Tenggara nickel laterite",
        "lithology": "mafic_volcanic_simulated",
        "slope_deg": 11.6,
        "distance_to_river_m": 106,
        "distance_to_road_m": 2308,
        "legal_status": "allowed",
        "distance_to_smelter_km": 57.6,
        "area_ha": 0.31,
        "region_id": "SE"
      },
      "geometry": {
        "type": "Polygon",
        "coordinates": [
          [
            [
              121.675,
              -4.205
            ],
            [
              121.68,
              -4.205
            ],
            [
              121.68,
              -4.2
            ],
            [
              121.675,
              -4.2
            ],
            [
              121.675,
              -4.205
            ]
          ]
        ]
      }
    },
    {
      "type": "Feature",
      "properties": {
        "grid_id": "POM201",
        "site": "pomalaa",
        "location_label": "Pomalaa - Sulawesi Tenggara nickel laterite",
        "lithology": "ultramafic_simulated",
        "slope_deg": 10.3,
        "distance_to_river_m": 446,
        "distance_to_road_m": 3237,
        "legal_status": "allowed",
        "distance_to_smelter_km": 57.6,
        "area_ha": 0.31,
        "region_id": "NW"
      },
      "geometry": {
        "type": "Polygon",
        "coordinates": [
          [
            [
              121.58,
              -4.2
            ],
            [
              121.585,
              -4.2
            ],
            [
              121.585,
              -4.195
            ],
            [
              121.58,
              -4.195
            ],
            [
              121.58,
              -4.2
            ]
          ]
        ]
      }
    },
    {
      "type": "Feature",
      "properties": {
        "grid_id": "POM202",
        "site": "pomalaa",
        "location_label": "Pomalaa - Sulawesi Tenggara nickel laterite",
        "lithology": "mafic_volcanic_simulated",
        "slope_deg": 9.5,
        "distance_to_river_m": 265,
        "distance_to_road_m": 1708,
        "legal_status": "no-go",
        "distance_to_smelter_km": 52.6,
        "area_ha": 0.31,
        "region_id": "NW"
      },
      "geometry": {
        "type": "Polygon",
        "coordinates": [
          [
            [
              121.585,
              -4.2
            ],
            [
              121.59,
              -4.2
            ],
            [
              121.59,
              -4.195
            ],
            [
              121.585,
              -4.195
            ],
            [
              121.585,
              -4.2
            ]
          ]
        ]
      }
    },
    {
      "type": "Feature",
      "properties": {
        "grid_id": "POM203",
        "site": "pomalaa",
        "location_label": "Pomalaa - Sulawesi Tenggara nickel laterite",
        "lithology": "alluvium",
        "slope_deg": 6.8,
        "distance_to_river_m": 643,
        "distance_to_road_m": 1151,
        "legal_status": "allowed",
        "distance_to_smelter_km": 47.6,
        "area_ha": 0.31,
        "region_id": "NW"
      },
      "geometry": {
        "type": "Polygon",
        "coordinates": [
          [
            [
              121.59,
              -4.2
            ],
            [
              121.595,
              -4.2
            ],
            [
              121.595,
              -4.195
            ],
            [
              121.59,
              -4.195
            ],
            [
              121.59,
              -4.2
            ]
          ]
        ]
      }
    },
    {
      "type": "Feature",
      "properties": {
        "grid_id": "POM204",
        "site": "pomalaa",
        "location_label": "Pomalaa - Sulawesi Tenggara nickel laterite",
        "lithology": "ultramafic_simulated",
        "slope_deg": 13.6,
        "distance_to_river_m": 148,
        "distance_to_road_m": 3083,
        "legal_status": "conditional",
        "distance_to_smelter_km": 42.6,
        "area_ha": 0.31,
        "region_id": "NW"
      },
      "geometry": {
        "type": "Polygon",
        "coordinates": [
          [
            [
              121.595,
              -4.2
            ],
            [
              121.6,
              -4.2
            ],
            [
              121.6,
              -4.195
            ],
            [
              121.595,
              -4.195
            ],
            [
              121.595,
              -4.2
            ]
          ]
        ]
      }
    },
    {
      "type": "Feature",
      "properties": {
        "grid_id": "POM205",
        "site": "pomalaa",
        "location_label": "Pomalaa - Sulawesi Tenggara nickel laterite",
        "lithology": "ultramafic_simulated",
        "slope_deg": 3.4,
        "distance_to_river_m": 367,
        "distance_to_road_m": 3098,
        "legal_status": "allowed",
        "distance_to_smelter_km": 37.6,
        "area_ha": 0.31,
        "region_id": "NW"
      },
      "geometry": {
        "type": "Polygon",
        "coordinates": [
          [
            [
              121.6,
              -4.2
            ],
            [
              121.605,
              -4.2
            ],
            [
              121.605,
              -4.195
            ],
            [
              121.6,
              -4.195
            ],
            [
              121.6,
              -4.2
            ]
          ]
        ]
      }
    },
    {
      "type": "Feature",
      "properties": {
        "grid_id": "POM206",
        "site": "pomalaa",
        "location_label": "Pomalaa - Sulawesi Tenggara nickel laterite",
        "lithology": "ultramafic_simulated",
        "slope_deg": 11.4,
        "distance_to_river_m": 178,
        "distance_to_road_m": 1551,
        "legal_status": "conditional",
        "distance_to_smelter_km": 32.6,
        "area_ha": 0.31,
        "region_id": "NW"
      },
      "geometry": {
        "type": "Polygon",
        "coordinates": [
          [
            [
              121.605,
              -4.2
            ],
            [
              121.61,
              -4.2
            ],
            [
              121.61,
              -4.195
            ],
            [
              121.605,
              -4.195
            ],
            [
              121.605,
              -4.2
            ]
          ]
        ]
      }
    },
    {
      "type": "Feature",
      "properties": {
        "grid_id": "POM207",
        "site": "pomalaa",
        "location_label": "Pomalaa - Sulawesi Tenggara nickel laterite",
        "lithology": "ultramafic_simulated",
        "slope_deg": 13.0,
        "distance_to_river_m": 242,
        "distance_to_road_m": 650,
        "legal_status": "conditional",
        "distance_to_smelter_km": 27.7,
        "area_ha": 0.31,
        "region_id": "NW"
      },
      "geometry": {
        "type": "Polygon",
        "coordinates": [
          [
            [
              121.61,
              -4.2
            ],
            [
              121.615,
              -4.2
            ],
            [
              121.615,
              -4.195
            ],
            [
              121.61,
              -4.195
            ],
            [
              121.61,
              -4.2
            ]
          ]
        ]
      }
    },
    {
      "type": "Feature",
      "properties": {
        "grid_id": "POM208",
        "site": "pomalaa",
        "location_label": "Pomalaa - Sulawesi Tenggara nickel laterite",
        "lithology": "alluvium",
        "slope_deg": 11.1,
        "distance_to_river_m": 990,
        "distance_to_road_m": 995,
        "legal_status": "allowed",
        "distance_to_smelter_km": 22.7,
        "area_ha": 0.31,
        "region_id": "NW"
      },
      "geometry": {
        "type": "Polygon",
        "coordinates": [
          [
            [
              121.615,
              -4.2
            ],
            [
              121.62,
              -4.2
            ],
            [
              121.62,
              -4.195
            ],
            [
              121.615,
              -4.195
            ],
            [
              121.615,
              -4.2
            ]
          ]
        ]
      }
    },
    {
      "type": "Feature",
      "properties": {
        "grid_id": "POM209",
        "site": "pomalaa",
        "location_label": "Pomalaa - Sulawesi Tenggara nickel laterite",
        "lithology": "alluvium",
        "slope_deg": 12.7,
        "distance_to_river_m": 517,
        "distance_to_road_m": 1587,
        "legal_status": "allowed",
        "distance_to_smelter_km": 17.9,
        "area_ha": 0.31,
        "region_id": "NW"
      },
      "geometry": {
        "type": "Polygon",
        "coordinates": [
          [
            [
              121.62,
              -4.2
            ],
            [
              121.625,
              -4.2
            ],
            [
              121.625,
              -4.195
            ],
            [
              121.62,
              -4.195
            ],
            [
              121.62,
              -4.2
            ]
          ]
        ]
      }
    },
    {
      "type": "Feature",
      "properties": {
        "grid_id": "POM210",
        "site": "pomalaa",
        "location_label": "Pomalaa - Sulawesi Tenggara nickel laterite",
        "lithology": "peridotite_simulated",
        "slope_deg": 1.2,
        "distance_to_river_m": 1024,
        "distance_to_road_m": 632,
        "legal_status": "allowed",
        "distance_to_smelter_km": 13.5,
        "area_ha": 0.31,
        "region_id": "NW"
      },
      "geometry": {
        "type": "Polygon",
        "coordinates": [
          [
            [
              121.625,
              -4.2
            ],
            [
              121.63,
              -4.2
            ],
            [
              121.63,
              -4.195
            ],
            [
              121.625,
              -4.195
            ],
            [
              121.625,
              -4.2
            ]
          ]
        ]
      }
    },
    {
      "type": "Feature",
      "properties": {
        "grid_id": "POM211",
        "site": "pomalaa",
        "location_label": "Pomalaa - Sulawesi Tenggara nickel laterite",
        "lithology": "mafic_volcanic_simulated",
        "slope_deg": 6.3,
        "distance_to_river_m": 1090,
        "distance_to_road_m": 2808,
        "legal_status": "allowed",
        "distance_to_smelter_km": 13.5,
        "area_ha": 0.31,
        "region_id": "NE"
      },
      "geometry": {
        "type": "Polygon",
        "coordinates": [
          [
            [
              121.63,
              -4.2
            ],
            [
              121.635,
              -4.2
            ],
            [
              121.635,
              -4.195
            ],
            [
              121.63,
              -4.195
            ],
            [
              121.63,
              -4.2
            ]
          ]
        ]
      }
    },
    {
      "type": "Feature",
      "properties": {
        "grid_id": "POM212",
        "site": "pomalaa",
        "location_label": "Pomalaa - Sulawesi Tenggara nickel laterite",
        "lithology": "mafic_volcanic_simulated",
        "slope_deg": 4.0,
        "distance_to_river_m": 331,
        "distance_to_road_m": 436,
        "legal_status": "allowed",
        "distance_to_smelter_km": 17.9,
        "area_ha": 0.31,
        "region_id": "NE"
      },
      "geometry": {
        "type": "Polygon",
        "coordinates": [
          [
            [
              121.635,
              -4.2
            ],
            [
              121.64,
              -4.2
            ],
            [
              121.64,
              -4.195
            ],
            [
              121.635,
              -4.195
            ],
            [
              121.635,
              -4.2
            ]
          ]
        ]
      }
    },
    {
      "type": "Feature",
      "properties": {
        "grid_id": "POM213",
        "site": "pomalaa",
        "location_label": "Pomalaa - Sulawesi Tenggara nickel laterite",
        "lithology": "ultramafic_simulated",
        "slope_deg": 8.4,
        "distance_to_river_m": 1191,
        "distance_to_road_m": 1770,
        "legal_status": "no-go",
        "distance_to_smelter_km": 22.7,
        "area_ha": 0.31,
        "region_id": "NE"
      },
      "geometry": {
        "type": "Polygon",
        "coordinates": [
          [
            [
              121.64,
              -4.2
            ],
            [
              121.645,
              -4.2
            ],
            [
              121.645,
              -4.195
            ],
            [
              121.64,
              -4.195
            ],
            [
              121.64,
              -4.2
            ]
          ]
        ]
      }
    },
    {
      "type": "Feature",
      "properties": {
        "grid_id": "POM214",
        "site": "pomalaa",
        "location_label": "Pomalaa - Sulawesi Tenggara nickel laterite",
        "lithology": "serpentinite_simulated",
        "slope_deg": 8.9,
        "distance_to_river_m": 336,
        "distance_to_road_m": 877,
        "legal_status": "no-go",
        "distance_to_smelter_km": 27.7,
        "area_ha": 0.31,
        "region_id": "NE"
      },
      "geometry": {
        "type": "Polygon",
        "coordinates": [
          [
            [
              121.645,
              -4.2
            ],
            [
              121.65,
              -4.2
            ],
            [
              121.65,
              -4.195
            ],
            [
              121.645,
              -4.195
            ],
            [
              121.645,
              -4.2
            ]
          ]
        ]
      }
    },
    {
      "type": "Feature",
      "properties": {
        "grid_id": "POM215",
        "site": "pomalaa",
        "location_label": "Pomalaa - Sulawesi Tenggara nickel laterite",
        "lithology": "alluvium",
        "slope_deg": 3.3,
        "distance_to_river_m": 547,
        "distance_to_road_m": 1374,
        "legal_status": "no-go",
        "distance_to_smelter_km": 32.6,
        "area_ha": 0.31,
        "region_id": "NE"
      },
      "geometry": {
        "type": "Polygon",
        "coordinates": [
          [
            [
              121.65,
              -4.2
            ],
            [
              121.655,
              -4.2
            ],
            [
              121.655,
              -4.195
            ],
            [
              121.65,
              -4.195
            ],
            [
              121.65,
              -4.2
            ]
          ]
        ]
      }
    },
    {
      "type": "Feature",
      "properties": {
        "grid_id": "POM216",
        "site": "pomalaa",
        "location_label": "Pomalaa - Sulawesi Tenggara nickel laterite",
        "lithology": "mafic_volcanic_simulated",
        "slope_deg": 11.7,
        "distance_to_river_m": 1111,
        "distance_to_road_m": 3123,
        "legal_status": "no-go",
        "distance_to_smelter_km": 37.6,
        "area_ha": 0.31,
        "region_id": "NE"
      },
      "geometry": {
        "type": "Polygon",
        "coordinates": [
          [
            [
              121.655,
              -4.2
            ],
            [
              121.66,
              -4.2
            ],
            [
              121.66,
              -4.195
            ],
            [
              121.655,
              -4.195
            ],
            [
              121.655,
              -4.2
            ]
          ]
        ]
      }
    },
    {
      "type": "Feature",
      "properties": {
        "grid_id": "POM217",
        "site": "pomalaa",
        "location_label": "Pomalaa - Sulawesi Tenggara nickel laterite",
        "lithology": "alluvium",
        "slope_deg": 12.8,
        "distance_to_river_m": 138,
        "distance_to_road_m": 1338,
        "legal_status": "conditional",
        "distance_to_smelter_km": 42.6,
        "area_ha": 0.31,
        "region_id": "NE"
      },
      "geometry": {
        "type": "Polygon",
        "coordinates": [
          [
            [
              121.66,
              -4.2
            ],
            [
              121.665,
              -4.2
            ],
            [
              121.665,
              -4.195
            ],
            [
              121.66,
              -4.195
            ],
            [
              121.66,
              -4.2
            ]
          ]
        ]
      }
    },
    {
      "type": "Feature",
      "properties": {
        "grid_id": "POM218",
        "site": "pomalaa",
        "location_label": "Pomalaa - Sulawesi Tenggara nickel laterite",
        "lithology": "peridotite_simulated",
        "slope_deg": 10.4,
        "distance_to_river_m": 608,
        "distance_to_road_m": 1288,
        "legal_status": "no-go",
        "distance_to_smelter_km": 47.6,
        "area_ha": 0.31,
        "region_id": "NE"
      },
      "geometry": {
        "type": "Polygon",
        "coordinates": [
          [
            [
              121.665,
              -4.2
            ],
            [
              121.67,
              -4.2
            ],
            [
              121.67,
              -4.195
            ],
            [
              121.665,
              -4.195
            ],
            [
              121.665,
              -4.2
            ]
          ]
        ]
      }
    },
    {
      "type": "Feature",
      "properties": {
        "grid_id": "POM219",
        "site": "pomalaa",
        "location_label": "Pomalaa - Sulawesi Tenggara nickel laterite",
        "lithology": "alluvium",
        "slope_deg": 11.4,
        "distance_to_river_m": 326,
        "distance_to_road_m": 662,
        "legal_status": "no-go",
        "distance_to_smelter_km": 52.6,
        "area_ha": 0.31,
        "region_id": "NE"
      },
      "geometry": {
        "type": "Polygon",
        "coordinates": [
          [
            [
              121.67,
              -4.2
            ],
            [
              121.675,
              -4.2
            ],
            [
              121.675,
              -4.195
            ],
            [
              121.67,
              -4.195
            ],
            [
              121.67,
              -4.2
            ]
          ]
        ]
      }
    },
    {
      "type": "Feature",
      "properties": {
        "grid_id": "POM220",
        "site": "pomalaa",
        "location_label": "Pomalaa - Sulawesi Tenggara nickel laterite",
        "lithology": "mafic_volcanic_simulated",
        "slope_deg": 12.1,
        "distance_to_river_m": 279,
        "distance_to_road_m": 2989,
        "legal_status": "allowed",
        "distance_to_smelter_km": 57.6,
        "area_ha": 0.31,
        "region_id": "NE"
      },
      "geometry": {
        "type": "Polygon",
        "coordinates": [
          [
            [
              121.675,
              -4.2
            ],
            [
              121.68,
              -4.2
            ],
            [
              121.68,
              -4.195
            ],
            [
              121.675,
              -4.195
            ],
            [
              121.675,
              -4.2
            ]
          ]
        ]
      }
    },
    {
      "type": "Feature",
      "properties": {
        "grid_id": "POM221",
        "site": "pomalaa",
        "location_label": "Pomalaa - Sulawesi Tenggara nickel laterite",
        "lithology": "mafic_volcanic_simulated",
        "slope_deg": 13.1,
        "distance_to_river_m": 1030,
        "distance_to_road_m": 1061,
        "legal_status": "allowed",
        "distance_to_smelter_km": 58.1,
        "area_ha": 0.31,
        "region_id": "NW"
      },
      "geometry": {
        "type": "Polygon",
        "coordinates": [
          [
            [
              121.58,
              -4.195
            ],
            [
              121.585,
              -4.195
            ],
            [
              121.585,
              -4.19
            ],
            [
              121.58,
              -4.19
            ],
            [
              121.58,
              -4.195
            ]
          ]
        ]
      }
    },
    {
      "type": "Feature",
      "properties": {
        "grid_id": "POM222",
        "site": "pomalaa",
        "location_label": "Pomalaa - Sulawesi Tenggara nickel laterite",
        "lithology": "peridotite_simulated",
        "slope_deg": 12.3,
        "distance_to_river_m": 737,
        "distance_to_road_m": 1111,
        "legal_status": "no-go",
        "distance_to_smelter_km": 53.2,
        "area_ha": 0.31,
        "region_id": "NW"
      },
      "geometry": {
        "type": "Polygon",
        "coordinates": [
          [
            [
              121.585,
              -4.195
            ],
            [
              121.59,
              -4.195
            ],
            [
              121.59,
              -4.19
            ],
            [
              121.585,
              -4.19
            ],
            [
              121.585,
              -4.195
            ]
          ]
        ]
      }
    },
    {
      "type": "Feature",
      "properties": {
        "grid_id": "POM223",
        "site": "pomalaa",
        "location_label": "Pomalaa - Sulawesi Tenggara nickel laterite",
        "lithology": "serpentinite_simulated",
        "slope_deg": 9.4,
        "distance_to_river_m": 314,
        "distance_to_road_m": 451,
        "legal_status": "allowed",
        "distance_to_smelter_km": 48.2,
        "area_ha": 0.31,
        "region_id": "NW"
      },
      "geometry": {
        "type": "Polygon",
        "coordinates": [
          [
            [
              121.59,
              -4.195
            ],
            [
              121.595,
              -4.195
            ],
            [
              121.595,
              -4.19
            ],
            [
              121.59,
              -4.19
            ],
            [
              121.59,
              -4.195
            ]
          ]
        ]
      }
    },
    {
      "type": "Feature",
      "properties": {
        "grid_id": "POM224",
        "site": "pomalaa",
        "location_label": "Pomalaa - Sulawesi Tenggara nickel laterite",
        "lithology": "ultramafic_simulated",
        "slope_deg": 3.0,
        "distance_to_river_m": 1193,
        "distance_to_road_m": 2962,
        "legal_status": "allowed",
        "distance_to_smelter_km": 43.4,
        "area_ha": 0.31,
        "region_id": "NW"
      },
      "geometry": {
        "type": "Polygon",
        "coordinates": [
          [
            [
              121.595,
              -4.195
            ],
            [
              121.6,
              -4.195
            ],
            [
              121.6,
              -4.19
            ],
            [
              121.595,
              -4.19
            ],
            [
              121.595,
              -4.195
            ]
          ]
        ]
      }
    },
    {
      "type": "Feature",
      "properties": {
        "grid_id": "POM225",
        "site": "pomalaa",
        "location_label": "Pomalaa - Sulawesi Tenggara nickel laterite",
        "lithology": "alluvium",
        "slope_deg": 2.1,
        "distance_to_river_m": 230,
        "distance_to_road_m": 2877,
        "legal_status": "no-go",
        "distance_to_smelter_km": 38.5,
        "area_ha": 0.31,
        "region_id": "NW"
      },
      "geometry": {
        "type": "Polygon",
        "coordinates": [
          [
            [
              121.6,
              -4.195
            ],
            [
              121.605,
              -4.195
            ],
            [
              121.605,
              -4.19
            ],
            [
              121.6,
              -4.19
            ],
            [
              121.6,
              -4.195
            ]
          ]
        ]
      }
    },
    {
      "type": "Feature",
      "properties": {
        "grid_id": "POM226",
        "site": "pomalaa",
        "location_label": "Pomalaa - Sulawesi Tenggara nickel laterite",
        "lithology": "ultramafic_simulated",
        "slope_deg": 12.5,
        "distance_to_river_m": 298,
        "distance_to_road_m": 349,
        "legal_status": "allowed",
        "distance_to_smelter_km": 33.7,
        "area_ha": 0.31,
        "region_id": "NW"
      },
      "geometry": {
        "type": "Polygon",
        "coordinates": [
          [
            [
              121.605,
              -4.195
            ],
            [
              121.61,
              -4.195
            ],
            [
              121.61,
              -4.19
            ],
            [
              121.605,
              -4.19
            ],
            [
              121.605,
              -4.195
            ]
          ]
        ]
      }
    },
    {
      "type": "Feature",
      "properties": {
        "grid_id": "POM227",
        "site": "pomalaa",
        "location_label": "Pomalaa - Sulawesi Tenggara nickel laterite",
        "lithology": "mafic_volcanic_simulated",
        "slope_deg": 5.0,
        "distance_to_river_m": 1193,
        "distance_to_road_m": 2569,
        "legal_status": "allowed",
        "distance_to_smelter_km": 29.0,
        "area_ha": 0.31,
        "region_id": "NW"
      },
      "geometry": {
        "type": "Polygon",
        "coordinates": [
          [
            [
              121.61,
              -4.195
            ],
            [
              121.615,
              -4.195
            ],
            [
              121.615,
              -4.19
            ],
            [
              121.61,
              -4.19
            ],
            [
              121.61,
              -4.195
            ]
          ]
        ]
      }
    },
    {
      "type": "Feature",
      "properties": {
        "grid_id": "POM228",
        "site": "pomalaa",
        "location_label": "Pomalaa - Sulawesi Tenggara nickel laterite",
        "lithology": "alluvium",
        "slope_deg": 13.1,
        "distance_to_river_m": 926,
        "distance_to_road_m": 1506,
        "legal_status": "conditional",
        "distance_to_smelter_km": 24.6,
        "area_ha": 0.31,
        "region_id": "NW"
      },
      "geometry": {
        "type": "Polygon",
        "coordinates": [
          [
            [
              121.615,
              -4.195
            ],
            [
              121.62,
              -4.195
            ],
            [
              121.62,
              -4.19
            ],
            [
              121.615,
              -4.19
            ],
            [
              121.615,
              -4.195
            ]
          ]
        ]
      }
    },
    {
      "type": "Feature",
      "properties": {
        "grid_id": "POM229",
        "site": "pomalaa",
        "location_label": "Pomalaa - Sulawesi Tenggara nickel laterite",
        "lithology": "alluvium",
        "slope_deg": 2.6,
        "distance_to_river_m": 233,
        "distance_to_road_m": 1030,
        "legal_status": "allowed",
        "distance_to_smelter_km": 20.6,
        "area_ha": 0.31,
        "region_id": "NW"
      },
      "geometry": {
        "type": "Polygon",
        "coordinates": [
          [
            [
              121.62,
              -4.195
            ],
            [
              121.625,
              -4.195
            ],
            [
              121.625,
              -4.19
            ],
            [
              121.62,
              -4.19
            ],
            [
              121.62,
              -4.195
            ]
          ]
        ]
      }
    },
    {
      "type": "Feature",
      "properties": {
        "grid_id": "POM230",
        "site": "pomalaa",
        "location_label": "Pomalaa - Sulawesi Tenggara nickel laterite",
        "lithology": "mafic_volcanic_simulated",
        "slope_deg": 5.4,
        "distance_to_river_m": 466,
        "distance_to_road_m": 3061,
        "legal_status": "no-go",
        "distance_to_smelter_km": 17.9,
        "area_ha": 0.31,
        "region_id": "NW"
      },
      "geometry": {
        "type": "Polygon",
        "coordinates": [
          [
            [
              121.625,
              -4.195
            ],
            [
              121.63,
              -4.195
            ],
            [
              121.63,
              -4.19
            ],
            [
              121.625,
              -4.19
            ],
            [
              121.625,
              -4.195
            ]
          ]
        ]
      }
    },
    {
      "type": "Feature",
      "properties": {
        "grid_id": "POM231",
        "site": "pomalaa",
        "location_label": "Pomalaa - Sulawesi Tenggara nickel laterite",
        "lithology": "ultramafic_simulated",
        "slope_deg": 4.0,
        "distance_to_river_m": 323,
        "distance_to_road_m": 2637,
        "legal_status": "allowed",
        "distance_to_smelter_km": 17.9,
        "area_ha": 0.31,
        "region_id": "NE"
      },
      "geometry": {
        "type": "Polygon",
        "coordinates": [
          [
            [
              121.63,
              -4.195
            ],
            [
              121.635,
              -4.195
            ],
            [
              121.635,
              -4.19
            ],
            [
              121.63,
              -4.19
            ],
            [
              121.63,
              -4.195
            ]
          ]
        ]
      }
    },
    {
      "type": "Feature",
      "properties": {
        "grid_id": "POM232",
        "site": "pomalaa",
        "location_label": "Pomalaa - Sulawesi Tenggara nickel laterite",
        "lithology": "mafic_volcanic_simulated",
        "slope_deg": 11.5,
        "distance_to_river_m": 777,
        "distance_to_road_m": 1745,
        "legal_status": "no-go",
        "distance_to_smelter_km": 20.6,
        "area_ha": 0.31,
        "region_id": "NE"
      },
      "geometry": {
        "type": "Polygon",
        "coordinates": [
          [
            [
              121.635,
              -4.195
            ],
            [
              121.64,
              -4.195
            ],
            [
              121.64,
              -4.19
            ],
            [
              121.635,
              -4.19
            ],
            [
              121.635,
              -4.195
            ]
          ]
        ]
      }
    },
    {
      "type": "Feature",
      "properties": {
        "grid_id": "POM233",
        "site": "pomalaa",
        "location_label": "Pomalaa - Sulawesi Tenggara nickel laterite",
        "lithology": "alluvium",
        "slope_deg": 6.7,
        "distance_to_river_m": 1026,
        "distance_to_road_m": 2983,
        "legal_status": "conditional",
        "distance_to_smelter_km": 24.6,
        "area_ha": 0.31,
        "region_id": "NE"
      },
      "geometry": {
        "type": "Polygon",
        "coordinates": [
          [
            [
              121.64,
              -4.195
            ],
            [
              121.645,
              -4.195
            ],
            [
              121.645,
              -4.19
            ],
            [
              121.64,
              -4.19
            ],
            [
              121.64,
              -4.195
            ]
          ]
        ]
      }
    },
    {
      "type": "Feature",
      "properties": {
        "grid_id": "POM234",
        "site": "pomalaa",
        "location_label": "Pomalaa - Sulawesi Tenggara nickel laterite",
        "lithology": "ultramafic_simulated",
        "slope_deg": 9.2,
        "distance_to_river_m": 221,
        "distance_to_road_m": 2330,
        "legal_status": "allowed",
        "distance_to_smelter_km": 29.0,
        "area_ha": 0.31,
        "region_id": "NE"
      },
      "geometry": {
        "type": "Polygon",
        "coordinates": [
          [
            [
              121.645,
              -4.195
            ],
            [
              121.65,
              -4.195
            ],
            [
              121.65,
              -4.19
            ],
            [
              121.645,
              -4.19
            ],
            [
              121.645,
              -4.195
            ]
          ]
        ]
      }
    },
    {
      "type": "Feature",
      "properties": {
        "grid_id": "POM235",
        "site": "pomalaa",
        "location_label": "Pomalaa - Sulawesi Tenggara nickel laterite",
        "lithology": "mafic_volcanic_simulated",
        "slope_deg": 13.0,
        "distance_to_river_m": 1015,
        "distance_to_road_m": 3062,
        "legal_status": "allowed",
        "distance_to_smelter_km": 33.7,
        "area_ha": 0.31,
        "region_id": "NE"
      },
      "geometry": {
        "type": "Polygon",
        "coordinates": [
          [
            [
              121.65,
              -4.195
            ],
            [
              121.655,
              -4.195
            ],
            [
              121.655,
              -4.19
            ],
            [
              121.65,
              -4.19
            ],
            [
              121.65,
              -4.195
            ]
          ]
        ]
      }
    },
    {
      "type": "Feature",
      "properties": {
        "grid_id": "POM236",
        "site": "pomalaa",
        "location_label": "Pomalaa - Sulawesi Tenggara nickel laterite",
        "lithology": "alluvium",
        "slope_deg": 5.4,
        "distance_to_river_m": 514,
        "distance_to_road_m": 1636,
        "legal_status": "allowed",
        "distance_to_smelter_km": 38.5,
        "area_ha": 0.31,
        "region_id": "NE"
      },
      "geometry": {
        "type": "Polygon",
        "coordinates": [
          [
            [
              121.655,
              -4.195
            ],
            [
              121.66,
              -4.195
            ],
            [
              121.66,
              -4.19
            ],
            [
              121.655,
              -4.19
            ],
            [
              121.655,
              -4.195
            ]
          ]
        ]
      }
    },
    {
      "type": "Feature",
      "properties": {
        "grid_id": "POM237",
        "site": "pomalaa",
        "location_label": "Pomalaa - Sulawesi Tenggara nickel laterite",
        "lithology": "serpentinite_simulated",
        "slope_deg": 11.9,
        "distance_to_river_m": 481,
        "distance_to_road_m": 1811,
        "legal_status": "allowed",
        "distance_to_smelter_km": 43.4,
        "area_ha": 0.31,
        "region_id": "NE"
      },
      "geometry": {
        "type": "Polygon",
        "coordinates": [
          [
            [
              121.66,
              -4.195
            ],
            [
              121.665,
              -4.195
            ],
            [
              121.665,
              -4.19
            ],
            [
              121.66,
              -4.19
            ],
            [
              121.66,
              -4.195
            ]
          ]
        ]
      }
    },
    {
      "type": "Feature",
      "properties": {
        "grid_id": "POM238",
        "site": "pomalaa",
        "location_label": "Pomalaa - Sulawesi Tenggara nickel laterite",
        "lithology": "mafic_volcanic_simulated",
        "slope_deg": 4.0,
        "distance_to_river_m": 723,
        "distance_to_road_m": 885,
        "legal_status": "conditional",
        "distance_to_smelter_km": 48.2,
        "area_ha": 0.31,
        "region_id": "NE"
      },
      "geometry": {
        "type": "Polygon",
        "coordinates": [
          [
            [
              121.665,
              -4.195
            ],
            [
              121.67,
              -4.195
            ],
            [
              121.67,
              -4.19
            ],
            [
              121.665,
              -4.19
            ],
            [
              121.665,
              -4.195
            ]
          ]
        ]
      }
    },
    {
      "type": "Feature",
      "properties": {
        "grid_id": "POM239",
        "site": "pomalaa",
        "location_label": "Pomalaa - Sulawesi Tenggara nickel laterite",
        "lithology": "mafic_volcanic_simulated",
        "slope_deg": 4.5,
        "distance_to_river_m": 689,
        "distance_to_road_m": 3074,
        "legal_status": "allowed",
        "distance_to_smelter_km": 53.2,
        "area_ha": 0.31,
        "region_id": "NE"
      },
      "geometry": {
        "type": "Polygon",
        "coordinates": [
          [
            [
              121.67,
              -4.195
            ],
            [
              121.675,
              -4.195
            ],
            [
              121.675,
              -4.19
            ],
            [
              121.67,
              -4.19
            ],
            [
              121.67,
              -4.195
            ]
          ]
        ]
      }
    },
    {
      "type": "Feature",
      "properties": {
        "grid_id": "POM240",
        "site": "pomalaa",
        "location_label": "Pomalaa - Sulawesi Tenggara nickel laterite",
        "lithology": "mafic_volcanic_simulated",
        "slope_deg": 7.2,
        "distance_to_river_m": 527,
        "distance_to_road_m": 1298,
        "legal_status": "allowed",
        "distance_to_smelter_km": 58.1,
        "area_ha": 0.31,
        "region_id": "NE"
      },
      "geometry": {
        "type": "Polygon",
        "coordinates": [
          [
            [
              121.675,
              -4.195
            ],
            [
              121.68,
              -4.195
            ],
            [
              121.68,
              -4.19
            ],
            [
              121.675,
              -4.19
            ],
            [
              121.675,
              -4.195
            ]
          ]
        ]
      }
    },
    {
      "type": "Feature",
      "properties": {
        "grid_id": "POM241",
        "site": "pomalaa",
        "location_label": "Pomalaa - Sulawesi Tenggara nickel laterite",
        "lithology": "alluvium",
        "slope_deg": 2.3,
        "distance_to_river_m": 555,
        "distance_to_road_m": 2740,
        "legal_status": "allowed",
        "distance_to_smelter_km": 59.1,
        "area_ha": 0.31,
        "region_id": "NW"
      },
      "geometry": {
        "type": "Polygon",
        "coordinates": [
          [
            [
              121.58,
              -4.19
            ],
            [
              121.585,
              -4.19
            ],
            [
              121.585,
              -4.185
            ],
            [
              121.58,
              -4.185
            ],
            [
              121.58,
              -4.19
            ]
          ]
        ]
      }
    },
    {
      "type": "Feature",
      "properties": {
        "grid_id": "POM242",
        "site": "pomalaa",
        "location_label": "Pomalaa - Sulawesi Tenggara nickel laterite",
        "lithology": "peridotite_simulated",
        "slope_deg": 4.4,
        "distance_to_river_m": 373,
        "distance_to_road_m": 2551,
        "legal_status": "conditional",
        "distance_to_smelter_km": 54.3,
        "area_ha": 0.31,
        "region_id": "NW"
      },
      "geometry": {
        "type": "Polygon",
        "coordinates": [
          [
            [
              121.585,
              -4.19
            ],
            [
              121.59,
              -4.19
            ],
            [
              121.59,
              -4.185
            ],
            [
              121.585,
              -4.185
            ],
            [
              121.585,
              -4.19
            ]
          ]
        ]
      }
    },
    {
      "type": "Feature",
      "properties": {
        "grid_id": "POM243",
        "site": "pomalaa",
        "location_label": "Pomalaa - Sulawesi Tenggara nickel laterite",
        "lithology": "mafic_volcanic_simulated",
        "slope_deg": 11.5,
        "distance_to_river_m": 689,
        "distance_to_road_m": 3335,
        "legal_status": "allowed",
        "distance_to_smelter_km": 49.5,
        "area_ha": 0.31,
        "region_id": "NW"
      },
      "geometry": {
        "type": "Polygon",
        "coordinates": [
          [
            [
              121.59,
              -4.19
            ],
            [
              121.595,
              -4.19
            ],
            [
              121.595,
              -4.185
            ],
            [
              121.59,
              -4.185
            ],
            [
              121.59,
              -4.19
            ]
          ]
        ]
      }
    },
    {
      "type": "Feature",
      "properties": {
        "grid_id": "POM244",
        "site": "pomalaa",
        "location_label": "Pomalaa - Sulawesi Tenggara nickel laterite",
        "lithology": "peridotite_simulated",
        "slope_deg": 9.8,
        "distance_to_river_m": 790,
        "distance_to_road_m": 2855,
        "legal_status": "conditional",
        "distance_to_smelter_km": 44.8,
        "area_ha": 0.31,
        "region_id": "NW"
      },
      "geometry": {
        "type": "Polygon",
        "coordinates": [
          [
            [
              121.595,
              -4.19
            ],
            [
              121.6,
              -4.19
            ],
            [
              121.6,
              -4.185
            ],
            [
              121.595,
              -4.185
            ],
            [
              121.595,
              -4.19
            ]
          ]
        ]
      }
    },
    {
      "type": "Feature",
      "properties": {
        "grid_id": "POM245",
        "site": "pomalaa",
        "location_label": "Pomalaa - Sulawesi Tenggara nickel laterite",
        "lithology": "mafic_volcanic_simulated",
        "slope_deg": 4.9,
        "distance_to_river_m": 478,
        "distance_to_road_m": 2428,
        "legal_status": "allowed",
        "distance_to_smelter_km": 40.2,
        "area_ha": 0.31,
        "region_id": "NW"
      },
      "geometry": {
        "type": "Polygon",
        "coordinates": [
          [
            [
              121.6,
              -4.19
            ],
            [
              121.605,
              -4.19
            ],
            [
              121.605,
              -4.185
            ],
            [
              121.6,
              -4.185
            ],
            [
              121.6,
              -4.19
            ]
          ]
        ]
      }
    },
    {
      "type": "Feature",
      "properties": {
        "grid_id": "POM246",
        "site": "pomalaa",
        "location_label": "Pomalaa - Sulawesi Tenggara nickel laterite",
        "lithology": "mafic_volcanic_simulated",
        "slope_deg": 5.3,
        "distance_to_river_m": 864,
        "distance_to_road_m": 867,
        "legal_status": "allowed",
        "distance_to_smelter_km": 35.7,
        "area_ha": 0.31,
        "region_id": "NW"
      },
      "geometry": {
        "type": "Polygon",
        "coordinates": [
          [
            [
              121.605,
              -4.19
            ],
            [
              121.61,
              -4.19
            ],
            [
              121.61,
              -4.185
            ],
            [
              121.605,
              -4.185
            ],
            [
              121.605,
              -4.19
            ]
          ]
        ]
      }
    },
    {
      "type": "Feature",
      "properties": {
        "grid_id": "POM247",
        "site": "pomalaa",
        "location_label": "Pomalaa - Sulawesi Tenggara nickel laterite",
        "lithology": "mafic_volcanic_simulated",
        "slope_deg": 4.3,
        "distance_to_river_m": 505,
        "distance_to_road_m": 477,
        "legal_status": "allowed",
        "distance_to_smelter_km": 31.5,
        "area_ha": 0.31,
        "region_id": "NW"
      },
      "geometry": {
        "type": "Polygon",
        "coordinates": [
          [
            [
              121.61,
              -4.19
            ],
            [
              121.615,
              -4.19
            ],
            [
              121.615,
              -4.185
            ],
            [
              121.61,
              -4.185
            ],
            [
              121.61,
              -4.19
            ]
          ]
        ]
      }
    },
    {
      "type": "Feature",
      "properties": {
        "grid_id": "POM248",
        "site": "pomalaa",
        "location_label": "Pomalaa - Sulawesi Tenggara nickel laterite",
        "lithology": "mafic_volcanic_simulated",
        "slope_deg": 12.7,
        "distance_to_river_m": 225,
        "distance_to_road_m": 1590,
        "legal_status": "allowed",
        "distance_to_smelter_km": 27.7,
        "area_ha": 0.31,
        "region_id": "NW"
      },
      "geometry": {
        "type": "Polygon",
        "coordinates": [
          [
            [
              121.615,
              -4.19
            ],
            [
              121.62,
              -4.19
            ],
            [
              121.62,
              -4.185
            ],
            [
              121.615,
              -4.185
            ],
            [
              121.615,
              -4.19
            ]
          ]
        ]
      }
    },
    {
      "type": "Feature",
      "properties": {
        "grid_id": "POM249",
        "site": "pomalaa",
        "location_label": "Pomalaa - Sulawesi Tenggara nickel laterite",
        "lithology": "alluvium",
        "slope_deg": 10.5,
        "distance_to_river_m": 474,
        "distance_to_road_m": 1145,
        "legal_status": "allowed",
        "distance_to_smelter_km": 24.6,
        "area_ha": 0.31,
        "region_id": "NW"
      },
      "geometry": {
        "type": "Polygon",
        "coordinates": [
          [
            [
              121.62,
              -4.19
            ],
            [
              121.625,
              -4.19
            ],
            [
              121.625,
              -4.185
            ],
            [
              121.62,
              -4.185
            ],
            [
              121.62,
              -4.19
            ]
          ]
        ]
      }
    },
    {
      "type": "Feature",
      "properties": {
        "grid_id": "POM250",
        "site": "pomalaa",
        "location_label": "Pomalaa - Sulawesi Tenggara nickel laterite",
        "lithology": "alluvium",
        "slope_deg": 11.9,
        "distance_to_river_m": 92,
        "distance_to_road_m": 1622,
        "legal_status": "allowed",
        "distance_to_smelter_km": 22.7,
        "area_ha": 0.31,
        "region_id": "NW"
      },
      "geometry": {
        "type": "Polygon",
        "coordinates": [
          [
            [
              121.625,
              -4.19
            ],
            [
              121.63,
              -4.19
            ],
            [
              121.63,
              -4.185
            ],
            [
              121.625,
              -4.185
            ],
            [
              121.625,
              -4.19
            ]
          ]
        ]
      }
    },
    {
      "type": "Feature",
      "properties": {
        "grid_id": "POM251",
        "site": "pomalaa",
        "location_label": "Pomalaa - Sulawesi Tenggara nickel laterite",
        "lithology": "mafic_volcanic_simulated",
        "slope_deg": 9.1,
        "distance_to_river_m": 838,
        "distance_to_road_m": 2097,
        "legal_status": "allowed",
        "distance_to_smelter_km": 22.7,
        "area_ha": 0.31,
        "region_id": "NE"
      },
      "geometry": {
        "type": "Polygon",
        "coordinates": [
          [
            [
              121.63,
              -4.19
            ],
            [
              121.635,
              -4.19
            ],
            [
              121.635,
              -4.185
            ],
            [
              121.63,
              -4.185
            ],
            [
              121.63,
              -4.19
            ]
          ]
        ]
      }
    },
    {
      "type": "Feature",
      "properties": {
        "grid_id": "POM252",
        "site": "pomalaa",
        "location_label": "Pomalaa - Sulawesi Tenggara nickel laterite",
        "lithology": "mafic_volcanic_simulated",
        "slope_deg": 8.3,
        "distance_to_river_m": 260,
        "distance_to_road_m": 2586,
        "legal_status": "allowed",
        "distance_to_smelter_km": 24.6,
        "area_ha": 0.31,
        "region_id": "NE"
      },
      "geometry": {
        "type": "Polygon",
        "coordinates": [
          [
            [
              121.635,
              -4.19
            ],
            [
              121.64,
              -4.19
            ],
            [
              121.64,
              -4.185
            ],
            [
              121.635,
              -4.185
            ],
            [
              121.635,
              -4.19
            ]
          ]
        ]
      }
    },
    {
      "type": "Feature",
      "properties": {
        "grid_id": "POM253",
        "site": "pomalaa",
        "location_label": "Pomalaa - Sulawesi Tenggara nickel laterite",
        "lithology": "mafic_volcanic_simulated",
        "slope_deg": 11.2,
        "distance_to_river_m": 732,
        "distance_to_road_m": 909,
        "legal_status": "conditional",
        "distance_to_smelter_km": 27.7,
        "area_ha": 0.31,
        "region_id": "NE"
      },
      "geometry": {
        "type": "Polygon",
        "coordinates": [
          [
            [
              121.64,
              -4.19
            ],
            [
              121.645,
              -4.19
            ],
            [
              121.645,
              -4.185
            ],
            [
              121.64,
              -4.185
            ],
            [
              121.64,
              -4.19
            ]
          ]
        ]
      }
    },
    {
      "type": "Feature",
      "properties": {
        "grid_id": "POM254",
        "site": "pomalaa",
        "location_label": "Pomalaa - Sulawesi Tenggara nickel laterite",
        "lithology": "mafic_volcanic_simulated",
        "slope_deg": 7.6,
        "distance_to_river_m": 888,
        "distance_to_road_m": 3127,
        "legal_status": "no-go",
        "distance_to_smelter_km": 31.5,
        "area_ha": 0.31,
        "region_id": "NE"
      },
      "geometry": {
        "type": "Polygon",
        "coordinates": [
          [
            [
              121.645,
              -4.19
            ],
            [
              121.65,
              -4.19
            ],
            [
              121.65,
              -4.185
            ],
            [
              121.645,
              -4.185
            ],
            [
              121.645,
              -4.19
            ]
          ]
        ]
      }
    },
    {
      "type": "Feature",
      "properties": {
        "grid_id": "POM255",
        "site": "pomalaa",
        "location_label": "Pomalaa - Sulawesi Tenggara nickel laterite",
        "lithology": "ultramafic_simulated",
        "slope_deg": 5.4,
        "distance_to_river_m": 487,
        "distance_to_road_m": 1552,
        "legal_status": "no-go",
        "distance_to_smelter_km": 35.7,
        "area_ha": 0.31,
        "region_id": "NE"
      },
      "geometry": {
        "type": "Polygon",
        "coordinates": [
          [
            [
              121.65,
              -4.19
            ],
            [
              121.655,
              -4.19
            ],
            [
              121.655,
              -4.185
            ],
            [
              121.65,
              -4.185
            ],
            [
              121.65,
              -4.19
            ]
          ]
        ]
      }
    },
    {
      "type": "Feature",
      "properties": {
        "grid_id": "POM256",
        "site": "pomalaa",
        "location_label": "Pomalaa - Sulawesi Tenggara nickel laterite",
        "lithology": "ultramafic_simulated",
        "slope_deg": 6.1,
        "distance_to_river_m": 1178,
        "distance_to_road_m": 1602,
        "legal_status": "allowed",
        "distance_to_smelter_km": 40.2,
        "area_ha": 0.31,
        "region_id": "NE"
      },
      "geometry": {
        "type": "Polygon",
        "coordinates": [
          [
            [
              121.655,
              -4.19
            ],
            [
              121.66,
              -4.19
            ],
            [
              121.66,
              -4.185
            ],
            [
              121.655,
              -4.185
            ],
            [
              121.655,
              -4.19
            ]
          ]
        ]
      }
    },
    {
      "type": "Feature",
      "properties": {
        "grid_id": "POM257",
        "site": "pomalaa",
        "location_label": "Pomalaa - Sulawesi Tenggara nickel laterite",
        "lithology": "serpentinite_simulated",
        "slope_deg": 10.3,
        "distance_to_river_m": 427,
        "distance_to_road_m": 2918,
        "legal_status": "allowed",
        "distance_to_smelter_km": 44.8,
        "area_ha": 0.31,
        "region_id": "NE"
      },
      "geometry": {
        "type": "Polygon",
        "coordinates": [
          [
            [
              121.66,
              -4.19
            ],
            [
              121.665,
              -4.19
            ],
            [
              121.665,
              -4.185
            ],
            [
              121.66,
              -4.185
            ],
            [
              121.66,
              -4.19
            ]
          ]
        ]
      }
    },
    {
      "type": "Feature",
      "properties": {
        "grid_id": "POM258",
        "site": "pomalaa",
        "location_label": "Pomalaa - Sulawesi Tenggara nickel laterite",
        "lithology": "ultramafic_simulated",
        "slope_deg": 5.6,
        "distance_to_river_m": 875,
        "distance_to_road_m": 3049,
        "legal_status": "no-go",
        "distance_to_smelter_km": 49.5,
        "area_ha": 0.31,
        "region_id": "NE"
      },
      "geometry": {
        "type": "Polygon",
        "coordinates": [
          [
            [
              121.665,
              -4.19
            ],
            [
              121.67,
              -4.19
            ],
            [
              121.67,
              -4.185
            ],
            [
              121.665,
              -4.185
            ],
            [
              121.665,
              -4.19
            ]
          ]
        ]
      }
    },
    {
      "type": "Feature",
      "properties": {
        "grid_id": "POM259",
        "site": "pomalaa",
        "location_label": "Pomalaa - Sulawesi Tenggara nickel laterite",
        "lithology": "peridotite_simulated",
        "slope_deg": 4.8,
        "distance_to_river_m": 511,
        "distance_to_road_m": 980,
        "legal_status": "allowed",
        "distance_to_smelter_km": 54.3,
        "area_ha": 0.31,
        "region_id": "NE"
      },
      "geometry": {
        "type": "Polygon",
        "coordinates": [
          [
            [
              121.67,
              -4.19
            ],
            [
              121.675,
              -4.19
            ],
            [
              121.675,
              -4.185
            ],
            [
              121.67,
              -4.185
            ],
            [
              121.67,
              -4.19
            ]
          ]
        ]
      }
    },
    {
      "type": "Feature",
      "properties": {
        "grid_id": "POM260",
        "site": "pomalaa",
        "location_label": "Pomalaa - Sulawesi Tenggara nickel laterite",
        "lithology": "peridotite_simulated",
        "slope_deg": 2.2,
        "distance_to_river_m": 814,
        "distance_to_road_m": 747,
        "legal_status": "conditional",
        "distance_to_smelter_km": 59.1,
        "area_ha": 0.31,
        "region_id": "NE"
      },
      "geometry": {
        "type": "Polygon",
        "coordinates": [
          [
            [
              121.675,
              -4.19
            ],
            [
              121.68,
              -4.19
            ],
            [
              121.68,
              -4.185
            ],
            [
              121.675,
              -4.185
            ],
            [
              121.675,
              -4.19
            ]
          ]
        ]
      }
    },
    {
      "type": "Feature",
      "properties": {
        "grid_id": "POM261",
        "site": "pomalaa",
        "location_label": "Pomalaa - Sulawesi Tenggara nickel laterite",
        "lithology": "ultramafic_simulated",
        "slope_deg": 3.7,
        "distance_to_river_m": 224,
        "distance_to_road_m": 472,
        "legal_status": "allowed",
        "distance_to_smelter_km": 60.6,
        "area_ha": 0.31,
        "region_id": "NW"
      },
      "geometry": {
        "type": "Polygon",
        "coordinates": [
          [
            [
              121.58,
              -4.185
            ],
            [
              121.585,
              -4.185
            ],
            [
              121.585,
              -4.18
            ],
            [
              121.58,
              -4.18
            ],
            [
              121.58,
              -4.185
            ]
          ]
        ]
      }
    },
    {
      "type": "Feature",
      "properties": {
        "grid_id": "POM262",
        "site": "pomalaa",
        "location_label": "Pomalaa - Sulawesi Tenggara nickel laterite",
        "lithology": "serpentinite_simulated",
        "slope_deg": 9.0,
        "distance_to_river_m": 342,
        "distance_to_road_m": 3491,
        "legal_status": "allowed",
        "distance_to_smelter_km": 56.0,
        "area_ha": 0.31,
        "region_id": "NW"
      },
      "geometry": {
        "type": "Polygon",
        "coordinates": [
          [
            [
              121.585,
              -4.185
            ],
            [
              121.59,
              -4.185
            ],
            [
              121.59,
              -4.18
            ],
            [
              121.585,
              -4.18
            ],
            [
              121.585,
              -4.185
            ]
          ]
        ]
      }
    },
    {
      "type": "Feature",
      "properties": {
        "grid_id": "POM263",
        "site": "pomalaa",
        "location_label": "Pomalaa - Sulawesi Tenggara nickel laterite",
        "lithology": "serpentinite_simulated",
        "slope_deg": 3.1,
        "distance_to_river_m": 1149,
        "distance_to_road_m": 1288,
        "legal_status": "conditional",
        "distance_to_smelter_km": 51.4,
        "area_ha": 0.31,
        "region_id": "NW"
      },
      "geometry": {
        "type": "Polygon",
        "coordinates": [
          [
            [
              121.59,
              -4.185
            ],
            [
              121.595,
              -4.185
            ],
            [
              121.595,
              -4.18
            ],
            [
              121.59,
              -4.18
            ],
            [
              121.59,
              -4.185
            ]
          ]
        ]
      }
    },
    {
      "type": "Feature",
      "properties": {
        "grid_id": "POM264",
        "site": "pomalaa",
        "location_label": "Pomalaa - Sulawesi Tenggara nickel laterite",
        "lithology": "ultramafic_simulated",
        "slope_deg": 6.7,
        "distance_to_river_m": 999,
        "distance_to_road_m": 3231,
        "legal_status": "conditional",
        "distance_to_smelter_km": 46.9,
        "area_ha": 0.31,
        "region_id": "NW"
      },
      "geometry": {
        "type": "Polygon",
        "coordinates": [
          [
            [
              121.595,
              -4.185
            ],
            [
              121.6,
              -4.185
            ],
            [
              121.6,
              -4.18
            ],
            [
              121.595,
              -4.18
            ],
            [
              121.595,
              -4.185
            ]
          ]
        ]
      }
    },
    {
      "type": "Feature",
      "properties": {
        "grid_id": "POM265",
        "site": "pomalaa",
        "location_label": "Pomalaa - Sulawesi Tenggara nickel laterite",
        "lithology": "peridotite_simulated",
        "slope_deg": 8.2,
        "distance_to_river_m": 504,
        "distance_to_road_m": 1608,
        "legal_status": "allowed",
        "distance_to_smelter_km": 42.6,
        "area_ha": 0.31,
        "region_id": "NW"
      },
      "geometry": {
        "type": "Polygon",
        "coordinates": [
          [
            [
              121.6,
              -4.185
            ],
            [
              121.605,
              -4.185
            ],
            [
              121.605,
              -4.18
            ],
            [
              121.6,
              -4.18
            ],
            [
              121.6,
              -4.185
            ]
          ]
        ]
      }
    },
    {
      "type": "Feature",
      "properties": {
        "grid_id": "POM266",
        "site": "pomalaa",
        "location_label": "Pomalaa - Sulawesi Tenggara nickel laterite",
        "lithology": "serpentinite_simulated",
        "slope_deg": 13.3,
        "distance_to_river_m": 823,
        "distance_to_road_m": 1861,
        "legal_status": "allowed",
        "distance_to_smelter_km": 38.5,
        "area_ha": 0.31,
        "region_id": "NW"
      },
      "geometry": {
        "type": "Polygon",
        "coordinates": [
          [
            [
              121.605,
              -4.185
            ],
            [
              121.61,
              -4.185
            ],
            [
              121.61,
              -4.18
            ],
            [
              121.605,
              -4.18
            ],
            [
              121.605,
              -4.185
            ]
          ]
        ]
      }
    },
    {
      "type": "Feature",
      "properties": {
        "grid_id": "POM267",
        "site": "pomalaa",
        "location_label": "Pomalaa - Sulawesi Tenggara nickel laterite",
        "lithology": "mafic_volcanic_simulated",
        "slope_deg": 5.7,
        "distance_to_river_m": 1009,
        "distance_to_road_m": 1420,
        "legal_status": "allowed",
        "distance_to_smelter_km": 34.7,
        "area_ha": 0.31,
        "region_id": "NW"
      },
      "geometry": {
        "type": "Polygon",
        "coordinates": [
          [
            [
              121.61,
              -4.185
            ],
            [
              121.615,
              -4.185
            ],
            [
              121.615,
              -4.18
            ],
            [
              121.61,
              -4.18
            ],
            [
              121.61,
              -4.185
            ]
          ]
        ]
      }
    },
    {
      "type": "Feature",
      "properties": {
        "grid_id": "POM268",
        "site": "pomalaa",
        "location_label": "Pomalaa - Sulawesi Tenggara nickel laterite",
        "lithology": "alluvium",
        "slope_deg": 3.1,
        "distance_to_river_m": 328,
        "distance_to_road_m": 2491,
        "legal_status": "allowed",
        "distance_to_smelter_km": 31.5,
        "area_ha": 0.31,
        "region_id": "NW"
      },
      "geometry": {
        "type": "Polygon",
        "coordinates": [
          [
            [
              121.615,
              -4.185
            ],
            [
              121.62,
              -4.185
            ],
            [
              121.62,
              -4.18
            ],
            [
              121.615,
              -4.18
            ],
            [
              121.615,
              -4.185
            ]
          ]
        ]
      }
    },
    {
      "type": "Feature",
      "properties": {
        "grid_id": "POM269",
        "site": "pomalaa",
        "location_label": "Pomalaa - Sulawesi Tenggara nickel laterite",
        "lithology": "peridotite_simulated",
        "slope_deg": 7.0,
        "distance_to_river_m": 557,
        "distance_to_road_m": 2331,
        "legal_status": "allowed",
        "distance_to_smelter_km": 29.0,
        "area_ha": 0.31,
        "region_id": "NW"
      },
      "geometry": {
        "type": "Polygon",
        "coordinates": [
          [
            [
              121.62,
              -4.185
            ],
            [
              121.625,
              -4.185
            ],
            [
              121.625,
              -4.18
            ],
            [
              121.62,
              -4.18
            ],
            [
              121.62,
              -4.185
            ]
          ]
        ]
      }
    },
    {
      "type": "Feature",
      "properties": {
        "grid_id": "POM270",
        "site": "pomalaa",
        "location_label": "Pomalaa - Sulawesi Tenggara nickel laterite",
        "lithology": "serpentinite_simulated",
        "slope_deg": 4.5,
        "distance_to_river_m": 277,
        "distance_to_road_m": 682,
        "legal_status": "conditional",
        "distance_to_smelter_km": 27.7,
        "area_ha": 0.31,
        "region_id": "NW"
      },
      "geometry": {
        "type": "Polygon",
        "coordinates": [
          [
            [
              121.625,
              -4.185
            ],
            [
              121.63,
              -4.185
            ],
            [
              121.63,
              -4.18
            ],
            [
              121.625,
              -4.18
            ],
            [
              121.625,
              -4.185
            ]
          ]
        ]
      }
    },
    {
      "type": "Feature",
      "properties": {
        "grid_id": "POM271",
        "site": "pomalaa",
        "location_label": "Pomalaa - Sulawesi Tenggara nickel laterite",
        "lithology": "alluvium",
        "slope_deg": 10.8,
        "distance_to_river_m": 633,
        "distance_to_road_m": 360,
        "legal_status": "no-go",
        "distance_to_smelter_km": 27.7,
        "area_ha": 0.31,
        "region_id": "NE"
      },
      "geometry": {
        "type": "Polygon",
        "coordinates": [
          [
            [
              121.63,
              -4.185
            ],
            [
              121.635,
              -4.185
            ],
            [
              121.635,
              -4.18
            ],
            [
              121.63,
              -4.18
            ],
            [
              121.63,
              -4.185
            ]
          ]
        ]
      }
    },
    {
      "type": "Feature",
      "properties": {
        "grid_id": "POM272",
        "site": "pomalaa",
        "location_label": "Pomalaa - Sulawesi Tenggara nickel laterite",
        "lithology": "alluvium",
        "slope_deg": 6.2,
        "distance_to_river_m": 1165,
        "distance_to_road_m": 2655,
        "legal_status": "allowed",
        "distance_to_smelter_km": 29.0,
        "area_ha": 0.31,
        "region_id": "NE"
      },
      "geometry": {
        "type": "Polygon",
        "coordinates": [
          [
            [
              121.635,
              -4.185
            ],
            [
              121.64,
              -4.185
            ],
            [
              121.64,
              -4.18
            ],
            [
              121.635,
              -4.18
            ],
            [
              121.635,
              -4.185
            ]
          ]
        ]
      }
    },
    {
      "type": "Feature",
      "properties": {
        "grid_id": "POM273",
        "site": "pomalaa",
        "location_label": "Pomalaa - Sulawesi Tenggara nickel laterite",
        "lithology": "alluvium",
        "slope_deg": 12.4,
        "distance_to_river_m": 474,
        "distance_to_road_m": 303,
        "legal_status": "no-go",
        "distance_to_smelter_km": 31.5,
        "area_ha": 0.31,
        "region_id": "NE"
      },
      "geometry": {
        "type": "Polygon",
        "coordinates": [
          [
            [
              121.64,
              -4.185
            ],
            [
              121.645,
              -4.185
            ],
            [
              121.645,
              -4.18
            ],
            [
              121.64,
              -4.18
            ],
            [
              121.64,
              -4.185
            ]
          ]
        ]
      }
    },
    {
      "type": "Feature",
      "properties": {
        "grid_id": "POM274",
        "site": "pomalaa",
        "location_label": "Pomalaa - Sulawesi Tenggara nickel laterite",
        "lithology": "peridotite_simulated",
        "slope_deg": 5.6,
        "distance_to_river_m": 666,
        "distance_to_road_m": 967,
        "legal_status": "allowed",
        "distance_to_smelter_km": 34.7,
        "area_ha": 0.31,
        "region_id": "NE"
      },
      "geometry": {
        "type": "Polygon",
        "coordinates": [
          [
            [
              121.645,
              -4.185
            ],
            [
              121.65,
              -4.185
            ],
            [
              121.65,
              -4.18
            ],
            [
              121.645,
              -4.18
            ],
            [
              121.645,
              -4.185
            ]
          ]
        ]
      }
    },
    {
      "type": "Feature",
      "properties": {
        "grid_id": "POM275",
        "site": "pomalaa",
        "location_label": "Pomalaa - Sulawesi Tenggara nickel laterite",
        "lithology": "serpentinite_simulated",
        "slope_deg": 4.7,
        "distance_to_river_m": 728,
        "distance_to_road_m": 938,
        "legal_status": "allowed",
        "distance_to_smelter_km": 38.5,
        "area_ha": 0.31,
        "region_id": "NE"
      },
      "geometry": {
        "type": "Polygon",
        "coordinates": [
          [
            [
              121.65,
              -4.185
            ],
            [
              121.655,
              -4.185
            ],
            [
              121.655,
              -4.18
            ],
            [
              121.65,
              -4.18
            ],
            [
              121.65,
              -4.185
            ]
          ]
        ]
      }
    },
    {
      "type": "Feature",
      "properties": {
        "grid_id": "POM276",
        "site": "pomalaa",
        "location_label": "Pomalaa - Sulawesi Tenggara nickel laterite",
        "lithology": "alluvium",
        "slope_deg": 10.3,
        "distance_to_river_m": 1062,
        "distance_to_road_m": 1917,
        "legal_status": "conditional",
        "distance_to_smelter_km": 42.6,
        "area_ha": 0.31,
        "region_id": "NE"
      },
      "geometry": {
        "type": "Polygon",
        "coordinates": [
          [
            [
              121.655,
              -4.185
            ],
            [
              121.66,
              -4.185
            ],
            [
              121.66,
              -4.18
            ],
            [
              121.655,
              -4.18
            ],
            [
              121.655,
              -4.185
            ]
          ]
        ]
      }
    },
    {
      "type": "Feature",
      "properties": {
        "grid_id": "POM277",
        "site": "pomalaa",
        "location_label": "Pomalaa - Sulawesi Tenggara nickel laterite",
        "lithology": "peridotite_simulated",
        "slope_deg": 13.2,
        "distance_to_river_m": 1076,
        "distance_to_road_m": 2616,
        "legal_status": "conditional",
        "distance_to_smelter_km": 46.9,
        "area_ha": 0.31,
        "region_id": "NE"
      },
      "geometry": {
        "type": "Polygon",
        "coordinates": [
          [
            [
              121.66,
              -4.185
            ],
            [
              121.665,
              -4.185
            ],
            [
              121.665,
              -4.18
            ],
            [
              121.66,
              -4.18
            ],
            [
              121.66,
              -4.185
            ]
          ]
        ]
      }
    },
    {
      "type": "Feature",
      "properties": {
        "grid_id": "POM278",
        "site": "pomalaa",
        "location_label": "Pomalaa - Sulawesi Tenggara nickel laterite",
        "lithology": "peridotite_simulated",
        "slope_deg": 5.1,
        "distance_to_river_m": 819,
        "distance_to_road_m": 2690,
        "legal_status": "allowed",
        "distance_to_smelter_km": 51.4,
        "area_ha": 0.31,
        "region_id": "NE"
      },
      "geometry": {
        "type": "Polygon",
        "coordinates": [
          [
            [
              121.665,
              -4.185
            ],
            [
              121.67,
              -4.185
            ],
            [
              121.67,
              -4.18
            ],
            [
              121.665,
              -4.18
            ],
            [
              121.665,
              -4.185
            ]
          ]
        ]
      }
    },
    {
      "type": "Feature",
      "properties": {
        "grid_id": "POM279",
        "site": "pomalaa",
        "location_label": "Pomalaa - Sulawesi Tenggara nickel laterite",
        "lithology": "alluvium",
        "slope_deg": 6.6,
        "distance_to_river_m": 962,
        "distance_to_road_m": 3403,
        "legal_status": "conditional",
        "distance_to_smelter_km": 56.0,
        "area_ha": 0.31,
        "region_id": "NE"
      },
      "geometry": {
        "type": "Polygon",
        "coordinates": [
          [
            [
              121.67,
              -4.185
            ],
            [
              121.675,
              -4.185
            ],
            [
              121.675,
              -4.18
            ],
            [
              121.67,
              -4.18
            ],
            [
              121.67,
              -4.185
            ]
          ]
        ]
      }
    },
    {
      "type": "Feature",
      "properties": {
        "grid_id": "POM280",
        "site": "pomalaa",
        "location_label": "Pomalaa - Sulawesi Tenggara nickel laterite",
        "lithology": "mafic_volcanic_simulated",
        "slope_deg": 4.4,
        "distance_to_river_m": 236,
        "distance_to_road_m": 394,
        "legal_status": "allowed",
        "distance_to_smelter_km": 60.6,
        "area_ha": 0.31,
        "region_id": "NE"
      },
      "geometry": {
        "type": "Polygon",
        "coordinates": [
          [
            [
              121.675,
              -4.185
            ],
            [
              121.68,
              -4.185
            ],
            [
              121.68,
              -4.18
            ],
            [
              121.675,
              -4.18
            ],
            [
              121.675,
              -4.185
            ]
          ]
        ]
      }
    },
    {
      "type": "Feature",
      "properties": {
        "grid_id": "POM281",
        "site": "pomalaa",
        "location_label": "Pomalaa - Sulawesi Tenggara nickel laterite",
        "lithology": "alluvium",
        "slope_deg": 1.7,
        "distance_to_river_m": 808,
        "distance_to_road_m": 1240,
        "legal_status": "no-go",
        "distance_to_smelter_km": 62.6,
        "area_ha": 0.31,
        "region_id": "NW"
      },
      "geometry": {
        "type": "Polygon",
        "coordinates": [
          [
            [
              121.58,
              -4.18
            ],
            [
              121.585,
              -4.18
            ],
            [
              121.585,
              -4.175
            ],
            [
              121.58,
              -4.175
            ],
            [
              121.58,
              -4.18
            ]
          ]
        ]
      }
    },
    {
      "type": "Feature",
      "properties": {
        "grid_id": "POM282",
        "site": "pomalaa",
        "location_label": "Pomalaa - Sulawesi Tenggara nickel laterite",
        "lithology": "peridotite_simulated",
        "slope_deg": 7.2,
        "distance_to_river_m": 708,
        "distance_to_road_m": 3003,
        "legal_status": "no-go",
        "distance_to_smelter_km": 58.1,
        "area_ha": 0.31,
        "region_id": "NW"
      },
      "geometry": {
        "type": "Polygon",
        "coordinates": [
          [
            [
              121.585,
              -4.18
            ],
            [
              121.59,
              -4.18
            ],
            [
              121.59,
              -4.175
            ],
            [
              121.585,
              -4.175
            ],
            [
              121.585,
              -4.18
            ]
          ]
        ]
      }
    },
    {
      "type": "Feature",
      "properties": {
        "grid_id": "POM283",
        "site": "pomalaa",
        "location_label": "Pomalaa - Sulawesi Tenggara nickel laterite",
        "lithology": "peridotite_simulated",
        "slope_deg": 5.5,
        "distance_to_river_m": 749,
        "distance_to_road_m": 2672,
        "legal_status": "allowed",
        "distance_to_smelter_km": 53.7,
        "area_ha": 0.31,
        "region_id": "NW"
      },
      "geometry": {
        "type": "Polygon",
        "coordinates": [
          [
            [
              121.59,
              -4.18
            ],
            [
              121.595,
              -4.18
            ],
            [
              121.595,
              -4.175
            ],
            [
              121.59,
              -4.175
            ],
            [
              121.59,
              -4.18
            ]
          ]
        ]
      }
    },
    {
      "type": "Feature",
      "properties": {
        "grid_id": "POM284",
        "site": "pomalaa",
        "location_label": "Pomalaa - Sulawesi Tenggara nickel laterite",
        "lithology": "alluvium",
        "slope_deg": 6.8,
        "distance_to_river_m": 396,
        "distance_to_road_m": 441,
        "legal_status": "allowed",
        "distance_to_smelter_km": 49.5,
        "area_ha": 0.31,
        "region_id": "NW"
      },
      "geometry": {
        "type": "Polygon",
        "coordinates": [
          [
            [
              121.595,
              -4.18
            ],
            [
              121.6,
              -4.18
            ],
            [
              121.6,
              -4.175
            ],
            [
              121.595,
              -4.175
            ],
            [
              121.595,
              -4.18
            ]
          ]
        ]
      }
    },
    {
      "type": "Feature",
      "properties": {
        "grid_id": "POM285",
        "site": "pomalaa",
        "location_label": "Pomalaa - Sulawesi Tenggara nickel laterite",
        "lithology": "alluvium",
        "slope_deg": 9.8,
        "distance_to_river_m": 1043,
        "distance_to_road_m": 3204,
        "legal_status": "allowed",
        "distance_to_smelter_km": 45.5,
        "area_ha": 0.31,
        "region_id": "NW"
      },
      "geometry": {
        "type": "Polygon",
        "coordinates": [
          [
            [
              121.6,
              -4.18
            ],
            [
              121.605,
              -4.18
            ],
            [
              121.605,
              -4.175
            ],
            [
              121.6,
              -4.175
            ],
            [
              121.6,
              -4.18
            ]
          ]
        ]
      }
    },
    {
      "type": "Feature",
      "properties": {
        "grid_id": "POM286",
        "site": "pomalaa",
        "location_label": "Pomalaa - Sulawesi Tenggara nickel laterite",
        "lithology": "mafic_volcanic_simulated",
        "slope_deg": 11.2,
        "distance_to_river_m": 442,
        "distance_to_road_m": 3312,
        "legal_status": "allowed",
        "distance_to_smelter_km": 41.8,
        "area_ha": 0.31,
        "region_id": "NW"
      },
      "geometry": {
        "type": "Polygon",
        "coordinates": [
          [
            [
              121.605,
              -4.18
            ],
            [
              121.61,
              -4.18
            ],
            [
              121.61,
              -4.175
            ],
            [
              121.605,
              -4.175
            ],
            [
              121.605,
              -4.18
            ]
          ]
        ]
      }
    },
    {
      "type": "Feature",
      "properties": {
        "grid_id": "POM287",
        "site": "pomalaa",
        "location_label": "Pomalaa - Sulawesi Tenggara nickel laterite",
        "lithology": "serpentinite_simulated",
        "slope_deg": 9.4,
        "distance_to_river_m": 591,
        "distance_to_road_m": 2757,
        "legal_status": "allowed",
        "distance_to_smelter_km": 38.5,
        "area_ha": 0.31,
        "region_id": "NW"
      },
      "geometry": {
        "type": "Polygon",
        "coordinates": [
          [
            [
              121.61,
              -4.18
            ],
            [
              121.615,
              -4.18
            ],
            [
              121.615,
              -4.175
            ],
            [
              121.61,
              -4.175
            ],
            [
              121.61,
              -4.18
            ]
          ]
        ]
      }
    },
    {
      "type": "Feature",
      "properties": {
        "grid_id": "POM288",
        "site": "pomalaa",
        "location_label": "Pomalaa - Sulawesi Tenggara nickel laterite",
        "lithology": "serpentinite_simulated",
        "slope_deg": 12.0,
        "distance_to_river_m": 852,
        "distance_to_road_m": 1035,
        "legal_status": "conditional",
        "distance_to_smelter_km": 35.7,
        "area_ha": 0.31,
        "region_id": "NW"
      },
      "geometry": {
        "type": "Polygon",
        "coordinates": [
          [
            [
              121.615,
              -4.18
            ],
            [
              121.62,
              -4.18
            ],
            [
              121.62,
              -4.175
            ],
            [
              121.615,
              -4.175
            ],
            [
              121.615,
              -4.18
            ]
          ]
        ]
      }
    },
    {
      "type": "Feature",
      "properties": {
        "grid_id": "POM289",
        "site": "pomalaa",
        "location_label": "Pomalaa - Sulawesi Tenggara nickel laterite",
        "lithology": "alluvium",
        "slope_deg": 11.1,
        "distance_to_river_m": 748,
        "distance_to_road_m": 1275,
        "legal_status": "allowed",
        "distance_to_smelter_km": 33.7,
        "area_ha": 0.31,
        "region_id": "NW"
      },
      "geometry": {
        "type": "Polygon",
        "coordinates": [
          [
            [
              121.62,
              -4.18
            ],
            [
              121.625,
              -4.18
            ],
            [
              121.625,
              -4.175
            ],
            [
              121.62,
              -4.175
            ],
            [
              121.62,
              -4.18
            ]
          ]
        ]
      }
    },
    {
      "type": "Feature",
      "properties": {
        "grid_id": "POM290",
        "site": "pomalaa",
        "location_label": "Pomalaa - Sulawesi Tenggara nickel laterite",
        "lithology": "alluvium",
        "slope_deg": 13.4,
        "distance_to_river_m": 641,
        "distance_to_road_m": 743,
        "legal_status": "allowed",
        "distance_to_smelter_km": 32.6,
        "area_ha": 0.31,
        "region_id": "NW"
      },
      "geometry": {
        "type": "Polygon",
        "coordinates": [
          [
            [
              121.625,
              -4.18
            ],
            [
              121.63,
              -4.18
            ],
            [
              121.63,
              -4.175
            ],
            [
              121.625,
              -4.175
            ],
            [
              121.625,
              -4.18
            ]
          ]
        ]
      }
    },
    {
      "type": "Feature",
      "properties": {
        "grid_id": "POM291",
        "site": "pomalaa",
        "location_label": "Pomalaa - Sulawesi Tenggara nickel laterite",
        "lithology": "peridotite_simulated",
        "slope_deg": 4.1,
        "distance_to_river_m": 578,
        "distance_to_road_m": 3236,
        "legal_status": "allowed",
        "distance_to_smelter_km": 32.6,
        "area_ha": 0.31,
        "region_id": "NE"
      },
      "geometry": {
        "type": "Polygon",
        "coordinates": [
          [
            [
              121.63,
              -4.18
            ],
            [
              121.635,
              -4.18
            ],
            [
              121.635,
              -4.175
            ],
            [
              121.63,
              -4.175
            ],
            [
              121.63,
              -4.18
            ]
          ]
        ]
      }
    },
    {
      "type": "Feature",
      "properties": {
        "grid_id": "POM292",
        "site": "pomalaa",
        "location_label": "Pomalaa - Sulawesi Tenggara nickel laterite",
        "lithology": "ultramafic_simulated",
        "slope_deg": 6.4,
        "distance_to_river_m": 846,
        "distance_to_road_m": 624,
        "legal_status": "allowed",
        "distance_to_smelter_km": 33.7,
        "area_ha": 0.31,
        "region_id": "NE"
      },
      "geometry": {
        "type": "Polygon",
        "coordinates": [
          [
            [
              121.635,
              -4.18
            ],
            [
              121.64,
              -4.18
            ],
            [
              121.64,
              -4.175
            ],
            [
              121.635,
              -4.175
            ],
            [
              121.635,
              -4.18
            ]
          ]
        ]
      }
    },
    {
      "type": "Feature",
      "properties": {
        "grid_id": "POM293",
        "site": "pomalaa",
        "location_label": "Pomalaa - Sulawesi Tenggara nickel laterite",
        "lithology": "mafic_volcanic_simulated",
        "slope_deg": 2.2,
        "distance_to_river_m": 533,
        "distance_to_road_m": 1957,
        "legal_status": "conditional",
        "distance_to_smelter_km": 35.7,
        "area_ha": 0.31,
        "region_id": "NE"
      },
      "geometry": {
        "type": "Polygon",
        "coordinates": [
          [
            [
              121.64,
              -4.18
            ],
            [
              121.645,
              -4.18
            ],
            [
              121.645,
              -4.175
            ],
            [
              121.64,
              -4.175
            ],
            [
              121.64,
              -4.18
            ]
          ]
        ]
      }
    },
    {
      "type": "Feature",
      "properties": {
        "grid_id": "POM294",
        "site": "pomalaa",
        "location_label": "Pomalaa - Sulawesi Tenggara nickel laterite",
        "lithology": "alluvium",
        "slope_deg": 12.8,
        "distance_to_river_m": 212,
        "distance_to_road_m": 1971,
        "legal_status": "allowed",
        "distance_to_smelter_km": 38.5,
        "area_ha": 0.31,
        "region_id": "NE"
      },
      "geometry": {
        "type": "Polygon",
        "coordinates": [
          [
            [
              121.645,
              -4.18
            ],
            [
              121.65,
              -4.18
            ],
            [
              121.65,
              -4.175
            ],
            [
              121.645,
              -4.175
            ],
            [
              121.645,
              -4.18
            ]
          ]
        ]
      }
    },
    {
      "type": "Feature",
      "properties": {
        "grid_id": "POM295",
        "site": "pomalaa",
        "location_label": "Pomalaa - Sulawesi Tenggara nickel laterite",
        "lithology": "peridotite_simulated",
        "slope_deg": 4.5,
        "distance_to_river_m": 908,
        "distance_to_road_m": 855,
        "legal_status": "conditional",
        "distance_to_smelter_km": 41.8,
        "area_ha": 0.31,
        "region_id": "NE"
      },
      "geometry": {
        "type": "Polygon",
        "coordinates": [
          [
            [
              121.65,
              -4.18
            ],
            [
              121.655,
              -4.18
            ],
            [
              121.655,
              -4.175
            ],
            [
              121.65,
              -4.175
            ],
            [
              121.65,
              -4.18
            ]
          ]
        ]
      }
    },
    {
      "type": "Feature",
      "properties": {
        "grid_id": "POM296",
        "site": "pomalaa",
        "location_label": "Pomalaa - Sulawesi Tenggara nickel laterite",
        "lithology": "mafic_volcanic_simulated",
        "slope_deg": 11.1,
        "distance_to_river_m": 382,
        "distance_to_road_m": 470,
        "legal_status": "allowed",
        "distance_to_smelter_km": 45.5,
        "area_ha": 0.31,
        "region_id": "NE"
      },
      "geometry": {
        "type": "Polygon",
        "coordinates": [
          [
            [
              121.655,
              -4.18
            ],
            [
              121.66,
              -4.18
            ],
            [
              121.66,
              -4.175
            ],
            [
              121.655,
              -4.175
            ],
            [
              121.655,
              -4.18
            ]
          ]
        ]
      }
    },
    {
      "type": "Feature",
      "properties": {
        "grid_id": "POM297",
        "site": "pomalaa",
        "location_label": "Pomalaa - Sulawesi Tenggara nickel laterite",
        "lithology": "alluvium",
        "slope_deg": 10.1,
        "distance_to_river_m": 184,
        "distance_to_road_m": 1303,
        "legal_status": "allowed",
        "distance_to_smelter_km": 49.5,
        "area_ha": 0.31,
        "region_id": "NE"
      },
      "geometry": {
        "type": "Polygon",
        "coordinates": [
          [
            [
              121.66,
              -4.18
            ],
            [
              121.665,
              -4.18
            ],
            [
              121.665,
              -4.175
            ],
            [
              121.66,
              -4.175
            ],
            [
              121.66,
              -4.18
            ]
          ]
        ]
      }
    },
    {
      "type": "Feature",
      "properties": {
        "grid_id": "POM298",
        "site": "pomalaa",
        "location_label": "Pomalaa - Sulawesi Tenggara nickel laterite",
        "lithology": "alluvium",
        "slope_deg": 4.6,
        "distance_to_river_m": 225,
        "distance_to_road_m": 2792,
        "legal_status": "no-go",
        "distance_to_smelter_km": 53.7,
        "area_ha": 0.31,
        "region_id": "NE"
      },
      "geometry": {
        "type": "Polygon",
        "coordinates": [
          [
            [
              121.665,
              -4.18
            ],
            [
              121.67,
              -4.18
            ],
            [
              121.67,
              -4.175
            ],
            [
              121.665,
              -4.175
            ],
            [
              121.665,
              -4.18
            ]
          ]
        ]
      }
    },
    {
      "type": "Feature",
      "properties": {
        "grid_id": "POM299",
        "site": "pomalaa",
        "location_label": "Pomalaa - Sulawesi Tenggara nickel laterite",
        "lithology": "mafic_volcanic_simulated",
        "slope_deg": 12.1,
        "distance_to_river_m": 615,
        "distance_to_road_m": 328,
        "legal_status": "allowed",
        "distance_to_smelter_km": 58.1,
        "area_ha": 0.31,
        "region_id": "NE"
      },
      "geometry": {
        "type": "Polygon",
        "coordinates": [
          [
            [
              121.67,
              -4.18
            ],
            [
              121.675,
              -4.18
            ],
            [
              121.675,
              -4.175
            ],
            [
              121.67,
              -4.175
            ],
            [
              121.67,
              -4.18
            ]
          ]
        ]
      }
    },
    {
      "type": "Feature",
      "properties": {
        "grid_id": "POM300",
        "site": "pomalaa",
        "location_label": "Pomalaa - Sulawesi Tenggara nickel laterite",
        "lithology": "ultramafic_simulated",
        "slope_deg": 6.3,
        "distance_to_river_m": 403,
        "distance_to_road_m": 1356,
        "legal_status": "conditional",
        "distance_to_smelter_km": 62.6,
        "area_ha": 0.31,
        "region_id": "NE"
      },
      "geometry": {
        "type": "Polygon",
        "coordinates": [
          [
            [
              121.675,
              -4.18
            ],
            [
              121.68,
              -4.18
            ],
            [
              121.68,
              -4.175
            ],
            [
              121.675,
              -4.175
            ],
            [
              121.675,
              -4.18
            ]
          ]
        ]
      }
    },
    {
      "type": "Feature",
      "properties": {
        "grid_id": "POM301",
        "site": "pomalaa",
        "location_label": "Pomalaa - Sulawesi Tenggara nickel laterite",
        "lithology": "ultramafic_simulated",
        "slope_deg": 6.0,
        "distance_to_river_m": 1063,
        "distance_to_road_m": 2314,
        "legal_status": "no-go",
        "distance_to_smelter_km": 64.9,
        "area_ha": 0.31,
        "region_id": "NW"
      },
      "geometry": {
        "type": "Polygon",
        "coordinates": [
          [
            [
              121.58,
              -4.175
            ],
            [
              121.585,
              -4.175
            ],
            [
              121.585,
              -4.17
            ],
            [
              121.58,
              -4.17
            ],
            [
              121.58,
              -4.175
            ]
          ]
        ]
      }
    },
    {
      "type": "Feature",
      "properties": {
        "grid_id": "POM302",
        "site": "pomalaa",
        "location_label": "Pomalaa - Sulawesi Tenggara nickel laterite",
        "lithology": "peridotite_simulated",
        "slope_deg": 9.1,
        "distance_to_river_m": 1112,
        "distance_to_road_m": 305,
        "legal_status": "allowed",
        "distance_to_smelter_km": 60.6,
        "area_ha": 0.31,
        "region_id": "NW"
      },
      "geometry": {
        "type": "Polygon",
        "coordinates": [
          [
            [
              121.585,
              -4.175
            ],
            [
              121.59,
              -4.175
            ],
            [
              121.59,
              -4.17
            ],
            [
              121.585,
              -4.17
            ],
            [
              121.585,
              -4.175
            ]
          ]
        ]
      }
    },
    {
      "type": "Feature",
      "properties": {
        "grid_id": "POM303",
        "site": "pomalaa",
        "location_label": "Pomalaa - Sulawesi Tenggara nickel laterite",
        "lithology": "ultramafic_simulated",
        "slope_deg": 10.8,
        "distance_to_river_m": 344,
        "distance_to_road_m": 672,
        "legal_status": "allowed",
        "distance_to_smelter_km": 56.5,
        "area_ha": 0.31,
        "region_id": "NW"
      },
      "geometry": {
        "type": "Polygon",
        "coordinates": [
          [
            [
              121.59,
              -4.175
            ],
            [
              121.595,
              -4.175
            ],
            [
              121.595,
              -4.17
            ],
            [
              121.59,
              -4.17
            ],
            [
              121.59,
              -4.175
            ]
          ]
        ]
      }
    },
    {
      "type": "Feature",
      "properties": {
        "grid_id": "POM304",
        "site": "pomalaa",
        "location_label": "Pomalaa - Sulawesi Tenggara nickel laterite",
        "lithology": "ultramafic_simulated",
        "slope_deg": 3.7,
        "distance_to_river_m": 1171,
        "distance_to_road_m": 2716,
        "legal_status": "conditional",
        "distance_to_smelter_km": 52.6,
        "area_ha": 0.31,
        "region_id": "NW"
      },
      "geometry": {
        "type": "Polygon",
        "coordinates": [
          [
            [
              121.595,
              -4.175
            ],
            [
              121.6,
              -4.175
            ],
            [
              121.6,
              -4.17
            ],
            [
              121.595,
              -4.17
            ],
            [
              121.595,
              -4.175
            ]
          ]
        ]
      }
    },
    {
      "type": "Feature",
      "properties": {
        "grid_id": "POM305",
        "site": "pomalaa",
        "location_label": "Pomalaa - Sulawesi Tenggara nickel laterite",
        "lithology": "ultramafic_simulated",
        "slope_deg": 12.6,
        "distance_to_river_m": 695,
        "distance_to_road_m": 2123,
        "legal_status": "allowed",
        "distance_to_smelter_km": 48.9,
        "area_ha": 0.31,
        "region_id": "NW"
      },
      "geometry": {
        "type": "Polygon",
        "coordinates": [
          [
            [
              121.6,
              -4.175
            ],
            [
              121.605,
              -4.175
            ],
            [
              121.605,
              -4.17
            ],
            [
              121.6,
              -4.17
            ],
            [
              121.6,
              -4.175
            ]
          ]
        ]
      }
    },
    {
      "type": "Feature",
      "properties": {
        "grid_id": "POM306",
        "site": "pomalaa",
        "location_label": "Pomalaa - Sulawesi Tenggara nickel laterite",
        "lithology": "alluvium",
        "slope_deg": 5.2,
        "distance_to_river_m": 865,
        "distance_to_road_m": 2205,
        "legal_status": "conditional",
        "distance_to_smelter_km": 45.5,
        "area_ha": 0.31,
        "region_id": "NW"
      },
      "geometry": {
        "type": "Polygon",
        "coordinates": [
          [
            [
              121.605,
              -4.175
            ],
            [
              121.61,
              -4.175
            ],
            [
              121.61,
              -4.17
            ],
            [
              121.605,
              -4.17
            ],
            [
              121.605,
              -4.175
            ]
          ]
        ]
      }
    },
    {
      "type": "Feature",
      "properties": {
        "grid_id": "POM307",
        "site": "pomalaa",
        "location_label": "Pomalaa - Sulawesi Tenggara nickel laterite",
        "lithology": "peridotite_simulated",
        "slope_deg": 9.6,
        "distance_to_river_m": 698,
        "distance_to_road_m": 3204,
        "legal_status": "conditional",
        "distance_to_smelter_km": 42.6,
        "area_ha": 0.31,
        "region_id": "NW"
      },
      "geometry": {
        "type": "Polygon",
        "coordinates": [
          [
            [
              121.61,
              -4.175
            ],
            [
              121.615,
              -4.175
            ],
            [
              121.615,
              -4.17
            ],
            [
              121.61,
              -4.17
            ],
            [
              121.61,
              -4.175
            ]
          ]
        ]
      }
    },
    {
      "type": "Feature",
      "properties": {
        "grid_id": "POM308",
        "site": "pomalaa",
        "location_label": "Pomalaa - Sulawesi Tenggara nickel laterite",
        "lithology": "peridotite_simulated",
        "slope_deg": 9.8,
        "distance_to_river_m": 409,
        "distance_to_road_m": 3420,
        "legal_status": "conditional",
        "distance_to_smelter_km": 40.2,
        "area_ha": 0.31,
        "region_id": "NW"
      },
      "geometry": {
        "type": "Polygon",
        "coordinates": [
          [
            [
              121.615,
              -4.175
            ],
            [
              121.62,
              -4.175
            ],
            [
              121.62,
              -4.17
            ],
            [
              121.615,
              -4.17
            ],
            [
              121.615,
              -4.175
            ]
          ]
        ]
      }
    },
    {
      "type": "Feature",
      "properties": {
        "grid_id": "POM309",
        "site": "pomalaa",
        "location_label": "Pomalaa - Sulawesi Tenggara nickel laterite",
        "lithology": "ultramafic_simulated",
        "slope_deg": 4.0,
        "distance_to_river_m": 629,
        "distance_to_road_m": 2238,
        "legal_status": "allowed",
        "distance_to_smelter_km": 38.5,
        "area_ha": 0.31,
        "region_id": "NW"
      },
      "geometry": {
        "type": "Polygon",
        "coordinates": [
          [
            [
              121.62,
              -4.175
            ],
            [
              121.625,
              -4.175
            ],
            [
              121.625,
              -4.17
            ],
            [
              121.62,
              -4.17
            ],
            [
              121.62,
              -4.175
            ]
          ]
        ]
      }
    },
    {
      "type": "Feature",
      "properties": {
        "grid_id": "POM310",
        "site": "pomalaa",
        "location_label": "Pomalaa - Sulawesi Tenggara nickel laterite",
        "lithology": "alluvium",
        "slope_deg": 12.6,
        "distance_to_river_m": 943,
        "distance_to_road_m": 3065,
        "legal_status": "allowed",
        "distance_to_smelter_km": 37.6,
        "area_ha": 0.31,
        "region_id": "NW"
      },
      "geometry": {
        "type": "Polygon",
        "coordinates": [
          [
            [
              121.625,
              -4.175
            ],
            [
              121.63,
              -4.175
            ],
            [
              121.63,
              -4.17
            ],
            [
              121.625,
              -4.17
            ],
            [
              121.625,
              -4.175
            ]
          ]
        ]
      }
    },
    {
      "type": "Feature",
      "properties": {
        "grid_id": "POM311",
        "site": "pomalaa",
        "location_label": "Pomalaa - Sulawesi Tenggara nickel laterite",
        "lithology": "serpentinite_simulated",
        "slope_deg": 1.2,
        "distance_to_river_m": 793,
        "distance_to_road_m": 2201,
        "legal_status": "conditional",
        "distance_to_smelter_km": 37.6,
        "area_ha": 0.31,
        "region_id": "NE"
      },
      "geometry": {
        "type": "Polygon",
        "coordinates": [
          [
            [
              121.63,
              -4.175
            ],
            [
              121.635,
              -4.175
            ],
            [
              121.635,
              -4.17
            ],
            [
              121.63,
              -4.17
            ],
            [
              121.63,
              -4.175
            ]
          ]
        ]
      }
    },
    {
      "type": "Feature",
      "properties": {
        "grid_id": "POM312",
        "site": "pomalaa",
        "location_label": "Pomalaa - Sulawesi Tenggara nickel laterite",
        "lithology": "ultramafic_simulated",
        "slope_deg": 2.8,
        "distance_to_river_m": 380,
        "distance_to_road_m": 1305,
        "legal_status": "conditional",
        "distance_to_smelter_km": 38.5,
        "area_ha": 0.31,
        "region_id": "NE"
      },
      "geometry": {
        "type": "Polygon",
        "coordinates": [
          [
            [
              121.635,
              -4.175
            ],
            [
              121.64,
              -4.175
            ],
            [
              121.64,
              -4.17
            ],
            [
              121.635,
              -4.17
            ],
            [
              121.635,
              -4.175
            ]
          ]
        ]
      }
    },
    {
      "type": "Feature",
      "properties": {
        "grid_id": "POM313",
        "site": "pomalaa",
        "location_label": "Pomalaa - Sulawesi Tenggara nickel laterite",
        "lithology": "serpentinite_simulated",
        "slope_deg": 8.1,
        "distance_to_river_m": 527,
        "distance_to_road_m": 367,
        "legal_status": "allowed",
        "distance_to_smelter_km": 40.2,
        "area_ha": 0.31,
        "region_id": "NE"
      },
      "geometry": {
        "type": "Polygon",
        "coordinates": [
          [
            [
              121.64,
              -4.175
            ],
            [
              121.645,
              -4.175
            ],
            [
              121.645,
              -4.17
            ],
            [
              121.64,
              -4.17
            ],
            [
              121.64,
              -4.175
            ]
          ]
        ]
      }
    },
    {
      "type": "Feature",
      "properties": {
        "grid_id": "POM314",
        "site": "pomalaa",
        "location_label": "Pomalaa - Sulawesi Tenggara nickel laterite",
        "lithology": "ultramafic_simulated",
        "slope_deg": 13.6,
        "distance_to_river_m": 275,
        "distance_to_road_m": 3168,
        "legal_status": "allowed",
        "distance_to_smelter_km": 42.6,
        "area_ha": 0.31,
        "region_id": "NE"
      },
      "geometry": {
        "type": "Polygon",
        "coordinates": [
          [
            [
              121.645,
              -4.175
            ],
            [
              121.65,
              -4.175
            ],
            [
              121.65,
              -4.17
            ],
            [
              121.645,
              -4.17
            ],
            [
              121.645,
              -4.175
            ]
          ]
        ]
      }
    },
    {
      "type": "Feature",
      "properties": {
        "grid_id": "POM315",
        "site": "pomalaa",
        "location_label": "Pomalaa - Sulawesi Tenggara nickel laterite",
        "lithology": "peridotite_simulated",
        "slope_deg": 4.5,
        "distance_to_river_m": 1086,
        "distance_to_road_m": 3119,
        "legal_status": "allowed",
        "distance_to_smelter_km": 45.5,
        "area_ha": 0.31,
        "region_id": "NE"
      },
      "geometry": {
        "type": "Polygon",
        "coordinates": [
          [
            [
              121.65,
              -4.175
            ],
            [
              121.655,
              -4.175
            ],
            [
              121.655,
              -4.17
            ],
            [
              121.65,
              -4.17
            ],
            [
              121.65,
              -4.175
            ]
          ]
        ]
      }
    },
    {
      "type": "Feature",
      "properties": {
        "grid_id": "POM316",
        "site": "pomalaa",
        "location_label": "Pomalaa - Sulawesi Tenggara nickel laterite",
        "lithology": "mafic_volcanic_simulated",
        "slope_deg": 9.7,
        "distance_to_river_m": 365,
        "distance_to_road_m": 2038,
        "legal_status": "no-go",
        "distance_to_smelter_km": 48.9,
        "area_ha": 0.31,
        "region_id": "NE"
      },
      "geometry": {
        "type": "Polygon",
        "coordinates": [
          [
            [
              121.655,
              -4.175
            ],
            [
              121.66,
              -4.175
            ],
            [
              121.66,
              -4.17
            ],
            [
              121.655,
              -4.17
            ],
            [
              121.655,
              -4.175
            ]
          ]
        ]
      }
    },
    {
      "type": "Feature",
      "properties": {
        "grid_id": "POM317",
        "site": "pomalaa",
        "location_label": "Pomalaa - Sulawesi Tenggara nickel laterite",
        "lithology": "alluvium",
        "slope_deg": 9.7,
        "distance_to_river_m": 320,
        "distance_to_road_m": 3358,
        "legal_status": "allowed",
        "distance_to_smelter_km": 52.6,
        "area_ha": 0.31,
        "region_id": "NE"
      },
      "geometry": {
        "type": "Polygon",
        "coordinates": [
          [
            [
              121.66,
              -4.175
            ],
            [
              121.665,
              -4.175
            ],
            [
              121.665,
              -4.17
            ],
            [
              121.66,
              -4.17
            ],
            [
              121.66,
              -4.175
            ]
          ]
        ]
      }
    },
    {
      "type": "Feature",
      "properties": {
        "grid_id": "POM318",
        "site": "pomalaa",
        "location_label": "Pomalaa - Sulawesi Tenggara nickel laterite",
        "lithology": "mafic_volcanic_simulated",
        "slope_deg": 12.2,
        "distance_to_river_m": 523,
        "distance_to_road_m": 2225,
        "legal_status": "allowed",
        "distance_to_smelter_km": 56.5,
        "area_ha": 0.31,
        "region_id": "NE"
      },
      "geometry": {
        "type": "Polygon",
        "coordinates": [
          [
            [
              121.665,
              -4.175
            ],
            [
              121.67,
              -4.175
            ],
            [
              121.67,
              -4.17
            ],
            [
              121.665,
              -4.17
            ],
            [
              121.665,
              -4.175
            ]
          ]
        ]
      }
    },
    {
      "type": "Feature",
      "properties": {
        "grid_id": "POM319",
        "site": "pomalaa",
        "location_label": "Pomalaa - Sulawesi Tenggara nickel laterite",
        "lithology": "ultramafic_simulated",
        "slope_deg": 7.6,
        "distance_to_river_m": 300,
        "distance_to_road_m": 3297,
        "legal_status": "allowed",
        "distance_to_smelter_km": 60.6,
        "area_ha": 0.31,
        "region_id": "NE"
      },
      "geometry": {
        "type": "Polygon",
        "coordinates": [
          [
            [
              121.67,
              -4.175
            ],
            [
              121.675,
              -4.175
            ],
            [
              121.675,
              -4.17
            ],
            [
              121.67,
              -4.17
            ],
            [
              121.67,
              -4.175
            ]
          ]
        ]
      }
    },
    {
      "type": "Feature",
      "properties": {
        "grid_id": "POM320",
        "site": "pomalaa",
        "location_label": "Pomalaa - Sulawesi Tenggara nickel laterite",
        "lithology": "peridotite_simulated",
        "slope_deg": 10.0,
        "distance_to_river_m": 882,
        "distance_to_road_m": 2479,
        "legal_status": "no-go",
        "distance_to_smelter_km": 64.9,
        "area_ha": 0.31,
        "region_id": "NE"
      },
      "geometry": {
        "type": "Polygon",
        "coordinates": [
          [
            [
              121.675,
              -4.175
            ],
            [
              121.68,
              -4.175
            ],
            [
              121.68,
              -4.17
            ],
            [
              121.675,
              -4.17
            ],
            [
              121.675,
              -4.175
            ]
          ]
        ]
      }
    },
    {
      "type": "Feature",
      "properties": {
        "grid_id": "POM321",
        "site": "pomalaa",
        "location_label": "Pomalaa - Sulawesi Tenggara nickel laterite",
        "lithology": "peridotite_simulated",
        "slope_deg": 3.0,
        "distance_to_river_m": 111,
        "distance_to_road_m": 464,
        "legal_status": "allowed",
        "distance_to_smelter_km": 67.6,
        "area_ha": 0.31,
        "region_id": "NW"
      },
      "geometry": {
        "type": "Polygon",
        "coordinates": [
          [
            [
              121.58,
              -4.17
            ],
            [
              121.585,
              -4.17
            ],
            [
              121.585,
              -4.165
            ],
            [
              121.58,
              -4.165
            ],
            [
              121.58,
              -4.17
            ]
          ]
        ]
      }
    },
    {
      "type": "Feature",
      "properties": {
        "grid_id": "POM322",
        "site": "pomalaa",
        "location_label": "Pomalaa - Sulawesi Tenggara nickel laterite",
        "lithology": "mafic_volcanic_simulated",
        "slope_deg": 9.0,
        "distance_to_river_m": 632,
        "distance_to_road_m": 1143,
        "legal_status": "conditional",
        "distance_to_smelter_km": 63.5,
        "area_ha": 0.31,
        "region_id": "NW"
      },
      "geometry": {
        "type": "Polygon",
        "coordinates": [
          [
            [
              121.585,
              -4.17
            ],
            [
              121.59,
              -4.17
            ],
            [
              121.59,
              -4.165
            ],
            [
              121.585,
              -4.165
            ],
            [
              121.585,
              -4.17
            ]
          ]
        ]
      }
    },
    {
      "type": "Feature",
      "properties": {
        "grid_id": "POM323",
        "site": "pomalaa",
        "location_label": "Pomalaa - Sulawesi Tenggara nickel laterite",
        "lithology": "alluvium",
        "slope_deg": 3.8,
        "distance_to_river_m": 363,
        "distance_to_road_m": 3051,
        "legal_status": "allowed",
        "distance_to_smelter_km": 59.6,
        "area_ha": 0.31,
        "region_id": "NW"
      },
      "geometry": {
        "type": "Polygon",
        "coordinates": [
          [
            [
              121.59,
              -4.17
            ],
            [
              121.595,
              -4.17
            ],
            [
              121.595,
              -4.165
            ],
            [
              121.59,
              -4.165
            ],
            [
              121.59,
              -4.17
            ]
          ]
        ]
      }
    },
    {
      "type": "Feature",
      "properties": {
        "grid_id": "POM324",
        "site": "pomalaa",
        "location_label": "Pomalaa - Sulawesi Tenggara nickel laterite",
        "lithology": "peridotite_simulated",
        "slope_deg": 11.9,
        "distance_to_river_m": 1028,
        "distance_to_road_m": 764,
        "legal_status": "no-go",
        "distance_to_smelter_km": 56.0,
        "area_ha": 0.31,
        "region_id": "NW"
      },
      "geometry": {
        "type": "Polygon",
        "coordinates": [
          [
            [
              121.595,
              -4.17
            ],
            [
              121.6,
              -4.17
            ],
            [
              121.6,
              -4.165
            ],
            [
              121.595,
              -4.165
            ],
            [
              121.595,
              -4.17
            ]
          ]
        ]
      }
    },
    {
      "type": "Feature",
      "properties": {
        "grid_id": "POM325",
        "site": "pomalaa",
        "location_label": "Pomalaa - Sulawesi Tenggara nickel laterite",
        "lithology": "mafic_volcanic_simulated",
        "slope_deg": 9.3,
        "distance_to_river_m": 589,
        "distance_to_road_m": 1078,
        "legal_status": "allowed",
        "distance_to_smelter_km": 52.6,
        "area_ha": 0.31,
        "region_id": "NW"
      },
      "geometry": {
        "type": "Polygon",
        "coordinates": [
          [
            [
              121.6,
              -4.17
            ],
            [
              121.605,
              -4.17
            ],
            [
              121.605,
              -4.165
            ],
            [
              121.6,
              -4.165
            ],
            [
              121.6,
              -4.17
            ]
          ]
        ]
      }
    },
    {
      "type": "Feature",
      "properties": {
        "grid_id": "POM326",
        "site": "pomalaa",
        "location_label": "Pomalaa - Sulawesi Tenggara nickel laterite",
        "lithology": "ultramafic_simulated",
        "slope_deg": 7.6,
        "distance_to_river_m": 731,
        "distance_to_road_m": 1714,
        "legal_status": "allowed",
        "distance_to_smelter_km": 49.5,
        "area_ha": 0.31,
        "region_id": "NW"
      },
      "geometry": {
        "type": "Polygon",
        "coordinates": [
          [
            [
              121.605,
              -4.17
            ],
            [
              121.61,
              -4.17
            ],
            [
              121.61,
              -4.165
            ],
            [
              121.605,
              -4.165
            ],
            [
              121.605,
              -4.17
            ]
          ]
        ]
      }
    },
    {
      "type": "Feature",
      "properties": {
        "grid_id": "POM327",
        "site": "pomalaa",
        "location_label": "Pomalaa - Sulawesi Tenggara nickel laterite",
        "lithology": "mafic_volcanic_simulated",
        "slope_deg": 7.1,
        "distance_to_river_m": 342,
        "distance_to_road_m": 1044,
        "legal_status": "conditional",
        "distance_to_smelter_km": 46.9,
        "area_ha": 0.31,
        "region_id": "NW"
      },
      "geometry": {
        "type": "Polygon",
        "coordinates": [
          [
            [
              121.61,
              -4.17
            ],
            [
              121.615,
              -4.17
            ],
            [
              121.615,
              -4.165
            ],
            [
              121.61,
              -4.165
            ],
            [
              121.61,
              -4.17
            ]
          ]
        ]
      }
    },
    {
      "type": "Feature",
      "properties": {
        "grid_id": "POM328",
        "site": "pomalaa",
        "location_label": "Pomalaa - Sulawesi Tenggara nickel laterite",
        "lithology": "alluvium",
        "slope_deg": 7.9,
        "distance_to_river_m": 1122,
        "distance_to_road_m": 2694,
        "legal_status": "allowed",
        "distance_to_smelter_km": 44.8,
        "area_ha": 0.31,
        "region_id": "NW"
      },
      "geometry": {
        "type": "Polygon",
        "coordinates": [
          [
            [
              121.615,
              -4.17
            ],
            [
              121.62,
              -4.17
            ],
            [
              121.62,
              -4.165
            ],
            [
              121.615,
              -4.165
            ],
            [
              121.615,
              -4.17
            ]
          ]
        ]
      }
    },
    {
      "type": "Feature",
      "properties": {
        "grid_id": "POM329",
        "site": "pomalaa",
        "location_label": "Pomalaa - Sulawesi Tenggara nickel laterite",
        "lithology": "mafic_volcanic_simulated",
        "slope_deg": 8.7,
        "distance_to_river_m": 404,
        "distance_to_road_m": 2961,
        "legal_status": "allowed",
        "distance_to_smelter_km": 43.4,
        "area_ha": 0.31,
        "region_id": "NW"
      },
      "geometry": {
        "type": "Polygon",
        "coordinates": [
          [
            [
              121.62,
              -4.17
            ],
            [
              121.625,
              -4.17
            ],
            [
              121.625,
              -4.165
            ],
            [
              121.62,
              -4.165
            ],
            [
              121.62,
              -4.17
            ]
          ]
        ]
      }
    },
    {
      "type": "Feature",
      "properties": {
        "grid_id": "POM330",
        "site": "pomalaa",
        "location_label": "Pomalaa - Sulawesi Tenggara nickel laterite",
        "lithology": "mafic_volcanic_simulated",
        "slope_deg": 10.6,
        "distance_to_river_m": 667,
        "distance_to_road_m": 791,
        "legal_status": "allowed",
        "distance_to_smelter_km": 42.6,
        "area_ha": 0.31,
        "region_id": "NW"
      },
      "geometry": {
        "type": "Polygon",
        "coordinates": [
          [
            [
              121.625,
              -4.17
            ],
            [
              121.63,
              -4.17
            ],
            [
              121.63,
              -4.165
            ],
            [
              121.625,
              -4.165
            ],
            [
              121.625,
              -4.17
            ]
          ]
        ]
      }
    },
    {
      "type": "Feature",
      "properties": {
        "grid_id": "POM331",
        "site": "pomalaa",
        "location_label": "Pomalaa - Sulawesi Tenggara nickel laterite",
        "lithology": "mafic_volcanic_simulated",
        "slope_deg": 4.6,
        "distance_to_river_m": 120,
        "distance_to_road_m": 2138,
        "legal_status": "allowed",
        "distance_to_smelter_km": 42.6,
        "area_ha": 0.31,
        "region_id": "NE"
      },
      "geometry": {
        "type": "Polygon",
        "coordinates": [
          [
            [
              121.63,
              -4.17
            ],
            [
              121.635,
              -4.17
            ],
            [
              121.635,
              -4.165
            ],
            [
              121.63,
              -4.165
            ],
            [
              121.63,
              -4.17
            ]
          ]
        ]
      }
    },
    {
      "type": "Feature",
      "properties": {
        "grid_id": "POM332",
        "site": "pomalaa",
        "location_label": "Pomalaa - Sulawesi Tenggara nickel laterite",
        "lithology": "peridotite_simulated",
        "slope_deg": 6.9,
        "distance_to_river_m": 558,
        "distance_to_road_m": 3084,
        "legal_status": "allowed",
        "distance_to_smelter_km": 43.4,
        "area_ha": 0.31,
        "region_id": "NE"
      },
      "geometry": {
        "type": "Polygon",
        "coordinates": [
          [
            [
              121.635,
              -4.17
            ],
            [
              121.64,
              -4.17
            ],
            [
              121.64,
              -4.165
            ],
            [
              121.635,
              -4.165
            ],
            [
              121.635,
              -4.17
            ]
          ]
        ]
      }
    },
    {
      "type": "Feature",
      "properties": {
        "grid_id": "POM333",
        "site": "pomalaa",
        "location_label": "Pomalaa - Sulawesi Tenggara nickel laterite",
        "lithology": "ultramafic_simulated",
        "slope_deg": 11.8,
        "distance_to_river_m": 105,
        "distance_to_road_m": 659,
        "legal_status": "conditional",
        "distance_to_smelter_km": 44.8,
        "area_ha": 0.31,
        "region_id": "NE"
      },
      "geometry": {
        "type": "Polygon",
        "coordinates": [
          [
            [
              121.64,
              -4.17
            ],
            [
              121.645,
              -4.17
            ],
            [
              121.645,
              -4.165
            ],
            [
              121.64,
              -4.165
            ],
            [
              121.64,
              -4.17
            ]
          ]
        ]
      }
    },
    {
      "type": "Feature",
      "properties": {
        "grid_id": "POM334",
        "site": "pomalaa",
        "location_label": "Pomalaa - Sulawesi Tenggara nickel laterite",
        "lithology": "mafic_volcanic_simulated",
        "slope_deg": 12.3,
        "distance_to_river_m": 618,
        "distance_to_road_m": 1479,
        "legal_status": "allowed",
        "distance_to_smelter_km": 46.9,
        "area_ha": 0.31,
        "region_id": "NE"
      },
      "geometry": {
        "type": "Polygon",
        "coordinates": [
          [
            [
              121.645,
              -4.17
            ],
            [
              121.65,
              -4.17
            ],
            [
              121.65,
              -4.165
            ],
            [
              121.645,
              -4.165
            ],
            [
              121.645,
              -4.17
            ]
          ]
        ]
      }
    },
    {
      "type": "Feature",
      "properties": {
        "grid_id": "POM335",
        "site": "pomalaa",
        "location_label": "Pomalaa - Sulawesi Tenggara nickel laterite",
        "lithology": "mafic_volcanic_simulated",
        "slope_deg": 4.4,
        "distance_to_river_m": 757,
        "distance_to_road_m": 2238,
        "legal_status": "no-go",
        "distance_to_smelter_km": 49.5,
        "area_ha": 0.31,
        "region_id": "NE"
      },
      "geometry": {
        "type": "Polygon",
        "coordinates": [
          [
            [
              121.65,
              -4.17
            ],
            [
              121.655,
              -4.17
            ],
            [
              121.655,
              -4.165
            ],
            [
              121.65,
              -4.165
            ],
            [
              121.65,
              -4.17
            ]
          ]
        ]
      }
    },
    {
      "type": "Feature",
      "properties": {
        "grid_id": "POM336",
        "site": "pomalaa",
        "location_label": "Pomalaa - Sulawesi Tenggara nickel laterite",
        "lithology": "mafic_volcanic_simulated",
        "slope_deg": 2.6,
        "distance_to_river_m": 526,
        "distance_to_road_m": 2309,
        "legal_status": "allowed",
        "distance_to_smelter_km": 52.6,
        "area_ha": 0.31,
        "region_id": "NE"
      },
      "geometry": {
        "type": "Polygon",
        "coordinates": [
          [
            [
              121.655,
              -4.17
            ],
            [
              121.66,
              -4.17
            ],
            [
              121.66,
              -4.165
            ],
            [
              121.655,
              -4.165
            ],
            [
              121.655,
              -4.17
            ]
          ]
        ]
      }
    },
    {
      "type": "Feature",
      "properties": {
        "grid_id": "POM337",
        "site": "pomalaa",
        "location_label": "Pomalaa - Sulawesi Tenggara nickel laterite",
        "lithology": "mafic_volcanic_simulated",
        "slope_deg": 1.2,
        "distance_to_river_m": 266,
        "distance_to_road_m": 1216,
        "legal_status": "allowed",
        "distance_to_smelter_km": 56.0,
        "area_ha": 0.31,
        "region_id": "NE"
      },
      "geometry": {
        "type": "Polygon",
        "coordinates": [
          [
            [
              121.66,
              -4.17
            ],
            [
              121.665,
              -4.17
            ],
            [
              121.665,
              -4.165
            ],
            [
              121.66,
              -4.165
            ],
            [
              121.66,
              -4.17
            ]
          ]
        ]
      }
    },
    {
      "type": "Feature",
      "properties": {
        "grid_id": "POM338",
        "site": "pomalaa",
        "location_label": "Pomalaa - Sulawesi Tenggara nickel laterite",
        "lithology": "serpentinite_simulated",
        "slope_deg": 8.3,
        "distance_to_river_m": 331,
        "distance_to_road_m": 686,
        "legal_status": "no-go",
        "distance_to_smelter_km": 59.6,
        "area_ha": 0.31,
        "region_id": "NE"
      },
      "geometry": {
        "type": "Polygon",
        "coordinates": [
          [
            [
              121.665,
              -4.17
            ],
            [
              121.67,
              -4.17
            ],
            [
              121.67,
              -4.165
            ],
            [
              121.665,
              -4.165
            ],
            [
              121.665,
              -4.17
            ]
          ]
        ]
      }
    },
    {
      "type": "Feature",
      "properties": {
        "grid_id": "POM339",
        "site": "pomalaa",
        "location_label": "Pomalaa - Sulawesi Tenggara nickel laterite",
        "lithology": "serpentinite_simulated",
        "slope_deg": 5.1,
        "distance_to_river_m": 847,
        "distance_to_road_m": 3476,
        "legal_status": "allowed",
        "distance_to_smelter_km": 63.5,
        "area_ha": 0.31,
        "region_id": "NE"
      },
      "geometry": {
        "type": "Polygon",
        "coordinates": [
          [
            [
              121.67,
              -4.17
            ],
            [
              121.675,
              -4.17
            ],
            [
              121.675,
              -4.165
            ],
            [
              121.67,
              -4.165
            ],
            [
              121.67,
              -4.17
            ]
          ]
        ]
      }
    },
    {
      "type": "Feature",
      "properties": {
        "grid_id": "POM340",
        "site": "pomalaa",
        "location_label": "Pomalaa - Sulawesi Tenggara nickel laterite",
        "lithology": "serpentinite_simulated",
        "slope_deg": 7.6,
        "distance_to_river_m": 1039,
        "distance_to_road_m": 331,
        "legal_status": "no-go",
        "distance_to_smelter_km": 67.6,
        "area_ha": 0.31,
        "region_id": "NE"
      },
      "geometry": {
        "type": "Polygon",
        "coordinates": [
          [
            [
              121.675,
              -4.17
            ],
            [
              121.68,
              -4.17
            ],
            [
              121.68,
              -4.165
            ],
            [
              121.675,
              -4.165
            ],
            [
              121.675,
              -4.17
            ]
          ]
        ]
      }
    },
    {
      "type": "Feature",
      "properties": {
        "grid_id": "POM341",
        "site": "pomalaa",
        "location_label": "Pomalaa - Sulawesi Tenggara nickel laterite",
        "lithology": "serpentinite_simulated",
        "slope_deg": 6.7,
        "distance_to_river_m": 326,
        "distance_to_road_m": 783,
        "legal_status": "no-go",
        "distance_to_smelter_km": 70.5,
        "area_ha": 0.31,
        "region_id": "NW"
      },
      "geometry": {
        "type": "Polygon",
        "coordinates": [
          [
            [
              121.58,
              -4.165
            ],
            [
              121.585,
              -4.165
            ],
            [
              121.585,
              -4.16
            ],
            [
              121.58,
              -4.16
            ],
            [
              121.58,
              -4.165
            ]
          ]
        ]
      }
    },
    {
      "type": "Feature",
      "properties": {
        "grid_id": "POM342",
        "site": "pomalaa",
        "location_label": "Pomalaa - Sulawesi Tenggara nickel laterite",
        "lithology": "mafic_volcanic_simulated",
        "slope_deg": 4.5,
        "distance_to_river_m": 1087,
        "distance_to_road_m": 2306,
        "legal_status": "conditional",
        "distance_to_smelter_km": 66.7,
        "area_ha": 0.31,
        "region_id": "NW"
      },
      "geometry": {
        "type": "Polygon",
        "coordinates": [
          [
            [
              121.585,
              -4.165
            ],
            [
              121.59,
              -4.165
            ],
            [
              121.59,
              -4.16
            ],
            [
              121.585,
              -4.16
            ],
            [
              121.585,
              -4.165
            ]
          ]
        ]
      }
    },
    {
      "type": "Feature",
      "properties": {
        "grid_id": "POM343",
        "site": "pomalaa",
        "location_label": "Pomalaa - Sulawesi Tenggara nickel laterite",
        "lithology": "ultramafic_simulated",
        "slope_deg": 12.0,
        "distance_to_river_m": 714,
        "distance_to_road_m": 1030,
        "legal_status": "allowed",
        "distance_to_smelter_km": 63.0,
        "area_ha": 0.31,
        "region_id": "NW"
      },
      "geometry": {
        "type": "Polygon",
        "coordinates": [
          [
            [
              121.59,
              -4.165
            ],
            [
              121.595,
              -4.165
            ],
            [
              121.595,
              -4.16
            ],
            [
              121.59,
              -4.16
            ],
            [
              121.59,
              -4.165
            ]
          ]
        ]
      }
    },
    {
      "type": "Feature",
      "properties": {
        "grid_id": "POM344",
        "site": "pomalaa",
        "location_label": "Pomalaa - Sulawesi Tenggara nickel laterite",
        "lithology": "serpentinite_simulated",
        "slope_deg": 7.8,
        "distance_to_river_m": 777,
        "distance_to_road_m": 758,
        "legal_status": "no-go",
        "distance_to_smelter_km": 59.6,
        "area_ha": 0.31,
        "region_id": "NW"
      },
      "geometry": {
        "type": "Polygon",
        "coordinates": [
          [
            [
              121.595,
              -4.165
            ],
            [
              121.6,
              -4.165
            ],
            [
              121.6,
              -4.16
            ],
            [
              121.595,
              -4.16
            ],
            [
              121.595,
              -4.165
            ]
          ]
        ]
      }
    },
    {
      "type": "Feature",
      "properties": {
        "grid_id": "POM345",
        "site": "pomalaa",
        "location_label": "Pomalaa - Sulawesi Tenggara nickel laterite",
        "lithology": "mafic_volcanic_simulated",
        "slope_deg": 8.0,
        "distance_to_river_m": 316,
        "distance_to_road_m": 2149,
        "legal_status": "allowed",
        "distance_to_smelter_km": 56.5,
        "area_ha": 0.31,
        "region_id": "NW"
      },
      "geometry": {
        "type": "Polygon",
        "coordinates": [
          [
            [
              121.6,
              -4.165
            ],
            [
              121.605,
              -4.165
            ],
            [
              121.605,
              -4.16
            ],
            [
              121.6,
              -4.16
            ],
            [
              121.6,
              -4.165
            ]
          ]
        ]
      }
    },
    {
      "type": "Feature",
      "properties": {
        "grid_id": "POM346",
        "site": "pomalaa",
        "location_label": "Pomalaa - Sulawesi Tenggara nickel laterite",
        "lithology": "serpentinite_simulated",
        "slope_deg": 11.8,
        "distance_to_river_m": 709,
        "distance_to_road_m": 3214,
        "legal_status": "no-go",
        "distance_to_smelter_km": 53.7,
        "area_ha": 0.31,
        "region_id": "NW"
      },
      "geometry": {
        "type": "Polygon",
        "coordinates": [
          [
            [
              121.605,
              -4.165
            ],
            [
              121.61,
              -4.165
            ],
            [
              121.61,
              -4.16
            ],
            [
              121.605,
              -4.16
            ],
            [
              121.605,
              -4.165
            ]
          ]
        ]
      }
    },
    {
      "type": "Feature",
      "properties": {
        "grid_id": "POM347",
        "site": "pomalaa",
        "location_label": "Pomalaa - Sulawesi Tenggara nickel laterite",
        "lithology": "mafic_volcanic_simulated",
        "slope_deg": 10.8,
        "distance_to_river_m": 691,
        "distance_to_road_m": 1835,
        "legal_status": "no-go",
        "distance_to_smelter_km": 51.4,
        "area_ha": 0.31,
        "region_id": "NW"
      },
      "geometry": {
        "type": "Polygon",
        "coordinates": [
          [
            [
              121.61,
              -4.165
            ],
            [
              121.615,
              -4.165
            ],
            [
              121.615,
              -4.16
            ],
            [
              121.61,
              -4.16
            ],
            [
              121.61,
              -4.165
            ]
          ]
        ]
      }
    },
    {
      "type": "Feature",
      "properties": {
        "grid_id": "POM348",
        "site": "pomalaa",
        "location_label": "Pomalaa - Sulawesi Tenggara nickel laterite",
        "lithology": "mafic_volcanic_simulated",
        "slope_deg": 6.3,
        "distance_to_river_m": 1058,
        "distance_to_road_m": 1120,
        "legal_status": "allowed",
        "distance_to_smelter_km": 49.5,
        "area_ha": 0.31,
        "region_id": "NW"
      },
      "geometry": {
        "type": "Polygon",
        "coordinates": [
          [
            [
              121.615,
              -4.165
            ],
            [
              121.62,
              -4.165
            ],
            [
              121.62,
              -4.16
            ],
            [
              121.615,
              -4.16
            ],
            [
              121.615,
              -4.165
            ]
          ]
        ]
      }
    },
    {
      "type": "Feature",
      "properties": {
        "grid_id": "POM349",
        "site": "pomalaa",
        "location_label": "Pomalaa - Sulawesi Tenggara nickel laterite",
        "lithology": "serpentinite_simulated",
        "slope_deg": 1.5,
        "distance_to_river_m": 464,
        "distance_to_road_m": 2440,
        "legal_status": "allowed",
        "distance_to_smelter_km": 48.2,
        "area_ha": 0.31,
        "region_id": "NW"
      },
      "geometry": {
        "type": "Polygon",
        "coordinates": [
          [
            [
              121.62,
              -4.165
            ],
            [
              121.625,
              -4.165
            ],
            [
              121.625,
              -4.16
            ],
            [
              121.62,
              -4.16
            ],
            [
              121.62,
              -4.165
            ]
          ]
        ]
      }
    },
    {
      "type": "Feature",
      "properties": {
        "grid_id": "POM350",
        "site": "pomalaa",
        "location_label": "Pomalaa - Sulawesi Tenggara nickel laterite",
        "lithology": "peridotite_simulated",
        "slope_deg": 4.0,
        "distance_to_river_m": 905,
        "distance_to_road_m": 3474,
        "legal_status": "no-go",
        "distance_to_smelter_km": 47.6,
        "area_ha": 0.31,
        "region_id": "NW"
      },
      "geometry": {
        "type": "Polygon",
        "coordinates": [
          [
            [
              121.625,
              -4.165
            ],
            [
              121.63,
              -4.165
            ],
            [
              121.63,
              -4.16
            ],
            [
              121.625,
              -4.16
            ],
            [
              121.625,
              -4.165
            ]
          ]
        ]
      }
    },
    {
      "type": "Feature",
      "properties": {
        "grid_id": "POM351",
        "site": "pomalaa",
        "location_label": "Pomalaa - Sulawesi Tenggara nickel laterite",
        "lithology": "serpentinite_simulated",
        "slope_deg": 3.3,
        "distance_to_river_m": 331,
        "distance_to_road_m": 720,
        "legal_status": "allowed",
        "distance_to_smelter_km": 47.6,
        "area_ha": 0.31,
        "region_id": "NE"
      },
      "geometry": {
        "type": "Polygon",
        "coordinates": [
          [
            [
              121.63,
              -4.165
            ],
            [
              121.635,
              -4.165
            ],
            [
              121.635,
              -4.16
            ],
            [
              121.63,
              -4.16
            ],
            [
              121.63,
              -4.165
            ]
          ]
        ]
      }
    },
    {
      "type": "Feature",
      "properties": {
        "grid_id": "POM352",
        "site": "pomalaa",
        "location_label": "Pomalaa - Sulawesi Tenggara nickel laterite",
        "lithology": "alluvium",
        "slope_deg": 7.3,
        "distance_to_river_m": 1095,
        "distance_to_road_m": 1491,
        "legal_status": "no-go",
        "distance_to_smelter_km": 48.2,
        "area_ha": 0.31,
        "region_id": "NE"
      },
      "geometry": {
        "type": "Polygon",
        "coordinates": [
          [
            [
              121.635,
              -4.165
            ],
            [
              121.64,
              -4.165
            ],
            [
              121.64,
              -4.16
            ],
            [
              121.635,
              -4.16
            ],
            [
              121.635,
              -4.165
            ]
          ]
        ]
      }
    },
    {
      "type": "Feature",
      "properties": {
        "grid_id": "POM353",
        "site": "pomalaa",
        "location_label": "Pomalaa - Sulawesi Tenggara nickel laterite",
        "lithology": "alluvium",
        "slope_deg": 13.5,
        "distance_to_river_m": 1168,
        "distance_to_road_m": 3150,
        "legal_status": "allowed",
        "distance_to_smelter_km": 49.5,
        "area_ha": 0.31,
        "region_id": "NE"
      },
      "geometry": {
        "type": "Polygon",
        "coordinates": [
          [
            [
              121.64,
              -4.165
            ],
            [
              121.645,
              -4.165
            ],
            [
              121.645,
              -4.16
            ],
            [
              121.64,
              -4.16
            ],
            [
              121.64,
              -4.165
            ]
          ]
        ]
      }
    },
    {
      "type": "Feature",
      "properties": {
        "grid_id": "POM354",
        "site": "pomalaa",
        "location_label": "Pomalaa - Sulawesi Tenggara nickel laterite",
        "lithology": "peridotite_simulated",
        "slope_deg": 6.0,
        "distance_to_river_m": 1047,
        "distance_to_road_m": 2035,
        "legal_status": "conditional",
        "distance_to_smelter_km": 51.4,
        "area_ha": 0.31,
        "region_id": "NE"
      },
      "geometry": {
        "type": "Polygon",
        "coordinates": [
          [
            [
              121.645,
              -4.165
            ],
            [
              121.65,
              -4.165
            ],
            [
              121.65,
              -4.16
            ],
            [
              121.645,
              -4.16
            ],
            [
              121.645,
              -4.165
            ]
          ]
        ]
      }
    },
    {
      "type": "Feature",
      "properties": {
        "grid_id": "POM355",
        "site": "pomalaa",
        "location_label": "Pomalaa - Sulawesi Tenggara nickel laterite",
        "lithology": "peridotite_simulated",
        "slope_deg": 2.7,
        "distance_to_river_m": 574,
        "distance_to_road_m": 651,
        "legal_status": "allowed",
        "distance_to_smelter_km": 53.7,
        "area_ha": 0.31,
        "region_id": "NE"
      },
      "geometry": {
        "type": "Polygon",
        "coordinates": [
          [
            [
              121.65,
              -4.165
            ],
            [
              121.655,
              -4.165
            ],
            [
              121.655,
              -4.16
            ],
            [
              121.65,
              -4.16
            ],
            [
              121.65,
              -4.165
            ]
          ]
        ]
      }
    },
    {
      "type": "Feature",
      "properties": {
        "grid_id": "POM356",
        "site": "pomalaa",
        "location_label": "Pomalaa - Sulawesi Tenggara nickel laterite",
        "lithology": "ultramafic_simulated",
        "slope_deg": 10.1,
        "distance_to_river_m": 417,
        "distance_to_road_m": 1561,
        "legal_status": "allowed",
        "distance_to_smelter_km": 56.5,
        "area_ha": 0.31,
        "region_id": "NE"
      },
      "geometry": {
        "type": "Polygon",
        "coordinates": [
          [
            [
              121.655,
              -4.165
            ],
            [
              121.66,
              -4.165
            ],
            [
              121.66,
              -4.16
            ],
            [
              121.655,
              -4.16
            ],
            [
              121.655,
              -4.165
            ]
          ]
        ]
      }
    },
    {
      "type": "Feature",
      "properties": {
        "grid_id": "POM357",
        "site": "pomalaa",
        "location_label": "Pomalaa - Sulawesi Tenggara nickel laterite",
        "lithology": "ultramafic_simulated",
        "slope_deg": 10.8,
        "distance_to_river_m": 767,
        "distance_to_road_m": 2836,
        "legal_status": "no-go",
        "distance_to_smelter_km": 59.6,
        "area_ha": 0.31,
        "region_id": "NE"
      },
      "geometry": {
        "type": "Polygon",
        "coordinates": [
          [
            [
              121.66,
              -4.165
            ],
            [
              121.665,
              -4.165
            ],
            [
              121.665,
              -4.16
            ],
            [
              121.66,
              -4.16
            ],
            [
              121.66,
              -4.165
            ]
          ]
        ]
      }
    },
    {
      "type": "Feature",
      "properties": {
        "grid_id": "POM358",
        "site": "pomalaa",
        "location_label": "Pomalaa - Sulawesi Tenggara nickel laterite",
        "lithology": "ultramafic_simulated",
        "slope_deg": 9.1,
        "distance_to_river_m": 644,
        "distance_to_road_m": 600,
        "legal_status": "allowed",
        "distance_to_smelter_km": 63.0,
        "area_ha": 0.31,
        "region_id": "NE"
      },
      "geometry": {
        "type": "Polygon",
        "coordinates": [
          [
            [
              121.665,
              -4.165
            ],
            [
              121.67,
              -4.165
            ],
            [
              121.67,
              -4.16
            ],
            [
              121.665,
              -4.16
            ],
            [
              121.665,
              -4.165
            ]
          ]
        ]
      }
    },
    {
      "type": "Feature",
      "properties": {
        "grid_id": "POM359",
        "site": "pomalaa",
        "location_label": "Pomalaa - Sulawesi Tenggara nickel laterite",
        "lithology": "ultramafic_simulated",
        "slope_deg": 2.6,
        "distance_to_river_m": 185,
        "distance_to_road_m": 1892,
        "legal_status": "allowed",
        "distance_to_smelter_km": 66.7,
        "area_ha": 0.31,
        "region_id": "NE"
      },
      "geometry": {
        "type": "Polygon",
        "coordinates": [
          [
            [
              121.67,
              -4.165
            ],
            [
              121.675,
              -4.165
            ],
            [
              121.675,
              -4.16
            ],
            [
              121.67,
              -4.16
            ],
            [
              121.67,
              -4.165
            ]
          ]
        ]
      }
    },
    {
      "type": "Feature",
      "properties": {
        "grid_id": "POM360",
        "site": "pomalaa",
        "location_label": "Pomalaa - Sulawesi Tenggara nickel laterite",
        "lithology": "serpentinite_simulated",
        "slope_deg": 11.8,
        "distance_to_river_m": 82,
        "distance_to_road_m": 3243,
        "legal_status": "allowed",
        "distance_to_smelter_km": 70.5,
        "area_ha": 0.31,
        "region_id": "NE"
      },
      "geometry": {
        "type": "Polygon",
        "coordinates": [
          [
            [
              121.675,
              -4.165
            ],
            [
              121.68,
              -4.165
            ],
            [
              121.68,
              -4.16
            ],
            [
              121.675,
              -4.16
            ],
            [
              121.675,
              -4.165
            ]
          ]
        ]
      }
    },
    {
      "type": "Feature",
      "properties": {
        "grid_id": "POM361",
        "site": "pomalaa",
        "location_label": "Pomalaa - Sulawesi Tenggara nickel laterite",
        "lithology": "mafic_volcanic_simulated",
        "slope_deg": 7.3,
        "distance_to_river_m": 867,
        "distance_to_road_m": 2029,
        "legal_status": "allowed",
        "distance_to_smelter_km": 73.7,
        "area_ha": 0.31,
        "region_id": "NW"
      },
      "geometry": {
        "type": "Polygon",
        "coordinates": [
          [
            [
              121.58,
              -4.16
            ],
            [
              121.585,
              -4.16
            ],
            [
              121.585,
              -4.155
            ],
            [
              121.58,
              -4.155
            ],
            [
              121.58,
              -4.16
            ]
          ]
        ]
      }
    },
    {
      "type": "Feature",
      "properties": {
        "grid_id": "POM362",
        "site": "pomalaa",
        "location_label": "Pomalaa - Sulawesi Tenggara nickel laterite",
        "lithology": "ultramafic_simulated",
        "slope_deg": 8.6,
        "distance_to_river_m": 623,
        "distance_to_road_m": 2684,
        "legal_status": "allowed",
        "distance_to_smelter_km": 70.1,
        "area_ha": 0.31,
        "region_id": "NW"
      },
      "geometry": {
        "type": "Polygon",
        "coordinates": [
          [
            [
              121.585,
              -4.16
            ],
            [
              121.59,
              -4.16
            ],
            [
              121.59,
              -4.155
            ],
            [
              121.585,
              -4.155
            ],
            [
              121.585,
              -4.16
            ]
          ]
        ]
      }
    },
    {
      "type": "Feature",
      "properties": {
        "grid_id": "POM363",
        "site": "pomalaa",
        "location_label": "Pomalaa - Sulawesi Tenggara nickel laterite",
        "lithology": "peridotite_simulated",
        "slope_deg": 2.1,
        "distance_to_river_m": 303,
        "distance_to_road_m": 2300,
        "legal_status": "conditional",
        "distance_to_smelter_km": 66.7,
        "area_ha": 0.31,
        "region_id": "NW"
      },
      "geometry": {
        "type": "Polygon",
        "coordinates": [
          [
            [
              121.59,
              -4.16
            ],
            [
              121.595,
              -4.16
            ],
            [
              121.595,
              -4.155
            ],
            [
              121.59,
              -4.155
            ],
            [
              121.59,
              -4.16
            ]
          ]
        ]
      }
    },
    {
      "type": "Feature",
      "properties": {
        "grid_id": "POM364",
        "site": "pomalaa",
        "location_label": "Pomalaa - Sulawesi Tenggara nickel laterite",
        "lithology": "alluvium",
        "slope_deg": 12.4,
        "distance_to_river_m": 377,
        "distance_to_road_m": 2519,
        "legal_status": "conditional",
        "distance_to_smelter_km": 63.5,
        "area_ha": 0.31,
        "region_id": "NW"
      },
      "geometry": {
        "type": "Polygon",
        "coordinates": [
          [
            [
              121.595,
              -4.16
            ],
            [
              121.6,
              -4.16
            ],
            [
              121.6,
              -4.155
            ],
            [
              121.595,
              -4.155
            ],
            [
              121.595,
              -4.16
            ]
          ]
        ]
      }
    },
    {
      "type": "Feature",
      "properties": {
        "grid_id": "POM365",
        "site": "pomalaa",
        "location_label": "Pomalaa - Sulawesi Tenggara nickel laterite",
        "lithology": "peridotite_simulated",
        "slope_deg": 3.1,
        "distance_to_river_m": 661,
        "distance_to_road_m": 1882,
        "legal_status": "allowed",
        "distance_to_smelter_km": 60.6,
        "area_ha": 0.31,
        "region_id": "NW"
      },
      "geometry": {
        "type": "Polygon",
        "coordinates": [
          [
            [
              121.6,
              -4.16
            ],
            [
              121.605,
              -4.16
            ],
            [
              121.605,
              -4.155
            ],
            [
              121.6,
              -4.155
            ],
            [
              121.6,
              -4.16
            ]
          ]
        ]
      }
    },
    {
      "type": "Feature",
      "properties": {
        "grid_id": "POM366",
        "site": "pomalaa",
        "location_label": "Pomalaa - Sulawesi Tenggara nickel laterite",
        "lithology": "peridotite_simulated",
        "slope_deg": 9.8,
        "distance_to_river_m": 848,
        "distance_to_road_m": 3251,
        "legal_status": "allowed",
        "distance_to_smelter_km": 58.1,
        "area_ha": 0.31,
        "region_id": "NW"
      },
      "geometry": {
        "type": "Polygon",
        "coordinates": [
          [
            [
              121.605,
              -4.16
            ],
            [
              121.61,
              -4.16
            ],
            [
              121.61,
              -4.155
            ],
            [
              121.605,
              -4.155
            ],
            [
              121.605,
              -4.16
            ]
          ]
        ]
      }
    },
    {
      "type": "Feature",
      "properties": {
        "grid_id": "POM367",
        "site": "pomalaa",
        "location_label": "Pomalaa - Sulawesi Tenggara nickel laterite",
        "lithology": "ultramafic_simulated",
        "slope_deg": 6.0,
        "distance_to_river_m": 717,
        "distance_to_road_m": 2149,
        "legal_status": "allowed",
        "distance_to_smelter_km": 56.0,
        "area_ha": 0.31,
        "region_id": "NW"
      },
      "geometry": {
        "type": "Polygon",
        "coordinates": [
          [
            [
              121.61,
              -4.16
            ],
            [
              121.615,
              -4.16
            ],
            [
              121.615,
              -4.155
            ],
            [
              121.61,
              -4.155
            ],
            [
              121.61,
              -4.16
            ]
          ]
        ]
      }
    },
    {
      "type": "Feature",
      "properties": {
        "grid_id": "POM368",
        "site": "pomalaa",
        "location_label": "Pomalaa - Sulawesi Tenggara nickel laterite",
        "lithology": "peridotite_simulated",
        "slope_deg": 13.7,
        "distance_to_river_m": 1053,
        "distance_to_road_m": 911,
        "legal_status": "allowed",
        "distance_to_smelter_km": 54.3,
        "area_ha": 0.31,
        "region_id": "NW"
      },
      "geometry": {
        "type": "Polygon",
        "coordinates": [
          [
            [
              121.615,
              -4.16
            ],
            [
              121.62,
              -4.16
            ],
            [
              121.62,
              -4.155
            ],
            [
              121.615,
              -4.155
            ],
            [
              121.615,
              -4.16
            ]
          ]
        ]
      }
    },
    {
      "type": "Feature",
      "properties": {
        "grid_id": "POM369",
        "site": "pomalaa",
        "location_label": "Pomalaa - Sulawesi Tenggara nickel laterite",
        "lithology": "serpentinite_simulated",
        "slope_deg": 8.9,
        "distance_to_river_m": 1085,
        "distance_to_road_m": 3347,
        "legal_status": "no-go",
        "distance_to_smelter_km": 53.2,
        "area_ha": 0.31,
        "region_id": "NW"
      },
      "geometry": {
        "type": "Polygon",
        "coordinates": [
          [
            [
              121.62,
              -4.16
            ],
            [
              121.625,
              -4.16
            ],
            [
              121.625,
              -4.155
            ],
            [
              121.62,
              -4.155
            ],
            [
              121.62,
              -4.16
            ]
          ]
        ]
      }
    },
    {
      "type": "Feature",
      "properties": {
        "grid_id": "POM370",
        "site": "pomalaa",
        "location_label": "Pomalaa - Sulawesi Tenggara nickel laterite",
        "lithology": "ultramafic_simulated",
        "slope_deg": 8.3,
        "distance_to_river_m": 752,
        "distance_to_road_m": 866,
        "legal_status": "conditional",
        "distance_to_smelter_km": 52.6,
        "area_ha": 0.31,
        "region_id": "NW"
      },
      "geometry": {
        "type": "Polygon",
        "coordinates": [
          [
            [
              121.625,
              -4.16
            ],
            [
              121.63,
              -4.16
            ],
            [
              121.63,
              -4.155
            ],
            [
              121.625,
              -4.155
            ],
            [
              121.625,
              -4.16
            ]
          ]
        ]
      }
    },
    {
      "type": "Feature",
      "properties": {
        "grid_id": "POM371",
        "site": "pomalaa",
        "location_label": "Pomalaa - Sulawesi Tenggara nickel laterite",
        "lithology": "alluvium",
        "slope_deg": 8.2,
        "distance_to_river_m": 489,
        "distance_to_road_m": 1830,
        "legal_status": "conditional",
        "distance_to_smelter_km": 52.6,
        "area_ha": 0.31,
        "region_id": "NE"
      },
      "geometry": {
        "type": "Polygon",
        "coordinates": [
          [
            [
              121.63,
              -4.16
            ],
            [
              121.635,
              -4.16
            ],
            [
              121.635,
              -4.155
            ],
            [
              121.63,
              -4.155
            ],
            [
              121.63,
              -4.16
            ]
          ]
        ]
      }
    },
    {
      "type": "Feature",
      "properties": {
        "grid_id": "POM372",
        "site": "pomalaa",
        "location_label": "Pomalaa - Sulawesi Tenggara nickel laterite",
        "lithology": "peridotite_simulated",
        "slope_deg": 2.3,
        "distance_to_river_m": 304,
        "distance_to_road_m": 1314,
        "legal_status": "no-go",
        "distance_to_smelter_km": 53.2,
        "area_ha": 0.31,
        "region_id": "NE"
      },
      "geometry": {
        "type": "Polygon",
        "coordinates": [
          [
            [
              121.635,
              -4.16
            ],
            [
              121.64,
              -4.16
            ],
            [
              121.64,
              -4.155
            ],
            [
              121.635,
              -4.155
            ],
            [
              121.635,
              -4.16
            ]
          ]
        ]
      }
    },
    {
      "type": "Feature",
      "properties": {
        "grid_id": "POM373",
        "site": "pomalaa",
        "location_label": "Pomalaa - Sulawesi Tenggara nickel laterite",
        "lithology": "peridotite_simulated",
        "slope_deg": 11.4,
        "distance_to_river_m": 286,
        "distance_to_road_m": 3221,
        "legal_status": "conditional",
        "distance_to_smelter_km": 54.3,
        "area_ha": 0.31,
        "region_id": "NE"
      },
      "geometry": {
        "type": "Polygon",
        "coordinates": [
          [
            [
              121.64,
              -4.16
            ],
            [
              121.645,
              -4.16
            ],
            [
              121.645,
              -4.155
            ],
            [
              121.64,
              -4.155
            ],
            [
              121.64,
              -4.16
            ]
          ]
        ]
      }
    },
    {
      "type": "Feature",
      "properties": {
        "grid_id": "POM374",
        "site": "pomalaa",
        "location_label": "Pomalaa - Sulawesi Tenggara nickel laterite",
        "lithology": "serpentinite_simulated",
        "slope_deg": 12.5,
        "distance_to_river_m": 229,
        "distance_to_road_m": 438,
        "legal_status": "allowed",
        "distance_to_smelter_km": 56.0,
        "area_ha": 0.31,
        "region_id": "NE"
      },
      "geometry": {
        "type": "Polygon",
        "coordinates": [
          [
            [
              121.645,
              -4.16
            ],
            [
              121.65,
              -4.16
            ],
            [
              121.65,
              -4.155
            ],
            [
              121.645,
              -4.155
            ],
            [
              121.645,
              -4.16
            ]
          ]
        ]
      }
    },
    {
      "type": "Feature",
      "properties": {
        "grid_id": "POM375",
        "site": "pomalaa",
        "location_label": "Pomalaa - Sulawesi Tenggara nickel laterite",
        "lithology": "serpentinite_simulated",
        "slope_deg": 9.0,
        "distance_to_river_m": 818,
        "distance_to_road_m": 1679,
        "legal_status": "allowed",
        "distance_to_smelter_km": 58.1,
        "area_ha": 0.31,
        "region_id": "NE"
      },
      "geometry": {
        "type": "Polygon",
        "coordinates": [
          [
            [
              121.65,
              -4.16
            ],
            [
              121.655,
              -4.16
            ],
            [
              121.655,
              -4.155
            ],
            [
              121.65,
              -4.155
            ],
            [
              121.65,
              -4.16
            ]
          ]
        ]
      }
    },
    {
      "type": "Feature",
      "properties": {
        "grid_id": "POM376",
        "site": "pomalaa",
        "location_label": "Pomalaa - Sulawesi Tenggara nickel laterite",
        "lithology": "peridotite_simulated",
        "slope_deg": 2.3,
        "distance_to_river_m": 270,
        "distance_to_road_m": 2686,
        "legal_status": "allowed",
        "distance_to_smelter_km": 60.6,
        "area_ha": 0.31,
        "region_id": "NE"
      },
      "geometry": {
        "type": "Polygon",
        "coordinates": [
          [
            [
              121.655,
              -4.16
            ],
            [
              121.66,
              -4.16
            ],
            [
              121.66,
              -4.155
            ],
            [
              121.655,
              -4.155
            ],
            [
              121.655,
              -4.16
            ]
          ]
        ]
      }
    },
    {
      "type": "Feature",
      "properties": {
        "grid_id": "POM377",
        "site": "pomalaa",
        "location_label": "Pomalaa - Sulawesi Tenggara nickel laterite",
        "lithology": "serpentinite_simulated",
        "slope_deg": 12.5,
        "distance_to_river_m": 844,
        "distance_to_road_m": 3326,
        "legal_status": "allowed",
        "distance_to_smelter_km": 63.5,
        "area_ha": 0.31,
        "region_id": "NE"
      },
      "geometry": {
        "type": "Polygon",
        "coordinates": [
          [
            [
              121.66,
              -4.16
            ],
            [
              121.665,
              -4.16
            ],
            [
              121.665,
              -4.155
            ],
            [
              121.66,
              -4.155
            ],
            [
              121.66,
              -4.16
            ]
          ]
        ]
      }
    },
    {
      "type": "Feature",
      "properties": {
        "grid_id": "POM378",
        "site": "pomalaa",
        "location_label": "Pomalaa - Sulawesi Tenggara nickel laterite",
        "lithology": "mafic_volcanic_simulated",
        "slope_deg": 8.7,
        "distance_to_river_m": 506,
        "distance_to_road_m": 2103,
        "legal_status": "allowed",
        "distance_to_smelter_km": 66.7,
        "area_ha": 0.31,
        "region_id": "NE"
      },
      "geometry": {
        "type": "Polygon",
        "coordinates": [
          [
            [
              121.665,
              -4.16
            ],
            [
              121.67,
              -4.16
            ],
            [
              121.67,
              -4.155
            ],
            [
              121.665,
              -4.155
            ],
            [
              121.665,
              -4.16
            ]
          ]
        ]
      }
    },
    {
      "type": "Feature",
      "properties": {
        "grid_id": "POM379",
        "site": "pomalaa",
        "location_label": "Pomalaa - Sulawesi Tenggara nickel laterite",
        "lithology": "serpentinite_simulated",
        "slope_deg": 7.6,
        "distance_to_river_m": 1179,
        "distance_to_road_m": 3474,
        "legal_status": "allowed",
        "distance_to_smelter_km": 70.1,
        "area_ha": 0.31,
        "region_id": "NE"
      },
      "geometry": {
        "type": "Polygon",
        "coordinates": [
          [
            [
              121.67,
              -4.16
            ],
            [
              121.675,
              -4.16
            ],
            [
              121.675,
              -4.155
            ],
            [
              121.67,
              -4.155
            ],
            [
              121.67,
              -4.16
            ]
          ]
        ]
      }
    },
    {
      "type": "Feature",
      "properties": {
        "grid_id": "POM380",
        "site": "pomalaa",
        "location_label": "Pomalaa - Sulawesi Tenggara nickel laterite",
        "lithology": "mafic_volcanic_simulated",
        "slope_deg": 12.8,
        "distance_to_river_m": 374,
        "distance_to_road_m": 1494,
        "legal_status": "allowed",
        "distance_to_smelter_km": 73.7,
        "area_ha": 0.31,
        "region_id": "NE"
      },
      "geometry": {
        "type": "Polygon",
        "coordinates": [
          [
            [
              121.675,
              -4.16
            ],
            [
              121.68,
              -4.16
            ],
            [
              121.68,
              -4.155
            ],
            [
              121.675,
              -4.155
            ],
            [
              121.675,
              -4.16
            ]
          ]
        ]
      }
    },
    {
      "type": "Feature",
      "properties": {
        "grid_id": "POM381",
        "site": "pomalaa",
        "location_label": "Pomalaa - Sulawesi Tenggara nickel laterite",
        "lithology": "mafic_volcanic_simulated",
        "slope_deg": 12.9,
        "distance_to_river_m": 1029,
        "distance_to_road_m": 2521,
        "legal_status": "conditional",
        "distance_to_smelter_km": 77.2,
        "area_ha": 0.31,
        "region_id": "NW"
      },
      "geometry": {
        "type": "Polygon",
        "coordinates": [
          [
            [
              121.58,
              -4.155
            ],
            [
              121.585,
              -4.155
            ],
            [
              121.585,
              -4.15
            ],
            [
              121.58,
              -4.15
            ],
            [
              121.58,
              -4.155
            ]
          ]
        ]
      }
    },
    {
      "type": "Feature",
      "properties": {
        "grid_id": "POM382",
        "site": "pomalaa",
        "location_label": "Pomalaa - Sulawesi Tenggara nickel laterite",
        "lithology": "alluvium",
        "slope_deg": 10.2,
        "distance_to_river_m": 1172,
        "distance_to_road_m": 2275,
        "legal_status": "allowed",
        "distance_to_smelter_km": 73.7,
        "area_ha": 0.31,
        "region_id": "NW"
      },
      "geometry": {
        "type": "Polygon",
        "coordinates": [
          [
            [
              121.585,
              -4.155
            ],
            [
              121.59,
              -4.155
            ],
            [
              121.59,
              -4.15
            ],
            [
              121.585,
              -4.15
            ],
            [
              121.585,
              -4.155
            ]
          ]
        ]
      }
    },
    {
      "type": "Feature",
      "properties": {
        "grid_id": "POM383",
        "site": "pomalaa",
        "location_label": "Pomalaa - Sulawesi Tenggara nickel laterite",
        "lithology": "mafic_volcanic_simulated",
        "slope_deg": 1.6,
        "distance_to_river_m": 1098,
        "distance_to_road_m": 1376,
        "legal_status": "conditional",
        "distance_to_smelter_km": 70.5,
        "area_ha": 0.31,
        "region_id": "NW"
      },
      "geometry": {
        "type": "Polygon",
        "coordinates": [
          [
            [
              121.59,
              -4.155
            ],
            [
              121.595,
              -4.155
            ],
            [
              121.595,
              -4.15
            ],
            [
              121.59,
              -4.15
            ],
            [
              121.59,
              -4.155
            ]
          ]
        ]
      }
    },
    {
      "type": "Feature",
      "properties": {
        "grid_id": "POM384",
        "site": "pomalaa",
        "location_label": "Pomalaa - Sulawesi Tenggara nickel laterite",
        "lithology": "serpentinite_simulated",
        "slope_deg": 10.9,
        "distance_to_river_m": 1154,
        "distance_to_road_m": 840,
        "legal_status": "allowed",
        "distance_to_smelter_km": 67.6,
        "area_ha": 0.31,
        "region_id": "NW"
      },
      "geometry": {
        "type": "Polygon",
        "coordinates": [
          [
            [
              121.595,
              -4.155
            ],
            [
              121.6,
              -4.155
            ],
            [
              121.6,
              -4.15
            ],
            [
              121.595,
              -4.15
            ],
            [
              121.595,
              -4.155
            ]
          ]
        ]
      }
    },
    {
      "type": "Feature",
      "properties": {
        "grid_id": "POM385",
        "site": "pomalaa",
        "location_label": "Pomalaa - Sulawesi Tenggara nickel laterite",
        "lithology": "mafic_volcanic_simulated",
        "slope_deg": 13.1,
        "distance_to_river_m": 780,
        "distance_to_road_m": 1091,
        "legal_status": "no-go",
        "distance_to_smelter_km": 64.9,
        "area_ha": 0.31,
        "region_id": "NW"
      },
      "geometry": {
        "type": "Polygon",
        "coordinates": [
          [
            [
              121.6,
              -4.155
            ],
            [
              121.605,
              -4.155
            ],
            [
              121.605,
              -4.15
            ],
            [
              121.6,
              -4.15
            ],
            [
              121.6,
              -4.155
            ]
          ]
        ]
      }
    },
    {
      "type": "Feature",
      "properties": {
        "grid_id": "POM386",
        "site": "pomalaa",
        "location_label": "Pomalaa - Sulawesi Tenggara nickel laterite",
        "lithology": "mafic_volcanic_simulated",
        "slope_deg": 6.7,
        "distance_to_river_m": 346,
        "distance_to_road_m": 1501,
        "legal_status": "allowed",
        "distance_to_smelter_km": 62.6,
        "area_ha": 0.31,
        "region_id": "NW"
      },
      "geometry": {
        "type": "Polygon",
        "coordinates": [
          [
            [
              121.605,
              -4.155
            ],
            [
              121.61,
              -4.155
            ],
            [
              121.61,
              -4.15
            ],
            [
              121.605,
              -4.15
            ],
            [
              121.605,
              -4.155
            ]
          ]
        ]
      }
    },
    {
      "type": "Feature",
      "properties": {
        "grid_id": "POM387",
        "site": "pomalaa",
        "location_label": "Pomalaa - Sulawesi Tenggara nickel laterite",
        "lithology": "mafic_volcanic_simulated",
        "slope_deg": 5.2,
        "distance_to_river_m": 170,
        "distance_to_road_m": 945,
        "legal_status": "no-go",
        "distance_to_smelter_km": 60.6,
        "area_ha": 0.31,
        "region_id": "NW"
      },
      "geometry": {
        "type": "Polygon",
        "coordinates": [
          [
            [
              121.61,
              -4.155
            ],
            [
              121.615,
              -4.155
            ],
            [
              121.615,
              -4.15
            ],
            [
              121.61,
              -4.15
            ],
            [
              121.61,
              -4.155
            ]
          ]
        ]
      }
    },
    {
      "type": "Feature",
      "properties": {
        "grid_id": "POM388",
        "site": "pomalaa",
        "location_label": "Pomalaa - Sulawesi Tenggara nickel laterite",
        "lithology": "ultramafic_simulated",
        "slope_deg": 13.0,
        "distance_to_river_m": 95,
        "distance_to_road_m": 2523,
        "legal_status": "allowed",
        "distance_to_smelter_km": 59.1,
        "area_ha": 0.31,
        "region_id": "NW"
      },
      "geometry": {
        "type": "Polygon",
        "coordinates": [
          [
            [
              121.615,
              -4.155
            ],
            [
              121.62,
              -4.155
            ],
            [
              121.62,
              -4.15
            ],
            [
              121.615,
              -4.15
            ],
            [
              121.615,
              -4.155
            ]
          ]
        ]
      }
    },
    {
      "type": "Feature",
      "properties": {
        "grid_id": "POM389",
        "site": "pomalaa",
        "location_label": "Pomalaa - Sulawesi Tenggara nickel laterite",
        "lithology": "serpentinite_simulated",
        "slope_deg": 10.4,
        "distance_to_river_m": 639,
        "distance_to_road_m": 1178,
        "legal_status": "conditional",
        "distance_to_smelter_km": 58.1,
        "area_ha": 0.31,
        "region_id": "NW"
      },
      "geometry": {
        "type": "Polygon",
        "coordinates": [
          [
            [
              121.62,
              -4.155
            ],
            [
              121.625,
              -4.155
            ],
            [
              121.625,
              -4.15
            ],
            [
              121.62,
              -4.15
            ],
            [
              121.62,
              -4.155
            ]
          ]
        ]
      }
    },
    {
      "type": "Feature",
      "properties": {
        "grid_id": "POM390",
        "site": "pomalaa",
        "location_label": "Pomalaa - Sulawesi Tenggara nickel laterite",
        "lithology": "peridotite_simulated",
        "slope_deg": 5.6,
        "distance_to_river_m": 361,
        "distance_to_road_m": 2472,
        "legal_status": "conditional",
        "distance_to_smelter_km": 57.6,
        "area_ha": 0.31,
        "region_id": "NW"
      },
      "geometry": {
        "type": "Polygon",
        "coordinates": [
          [
            [
              121.625,
              -4.155
            ],
            [
              121.63,
              -4.155
            ],
            [
              121.63,
              -4.15
            ],
            [
              121.625,
              -4.15
            ],
            [
              121.625,
              -4.155
            ]
          ]
        ]
      }
    },
    {
      "type": "Feature",
      "properties": {
        "grid_id": "POM391",
        "site": "pomalaa",
        "location_label": "Pomalaa - Sulawesi Tenggara nickel laterite",
        "lithology": "peridotite_simulated",
        "slope_deg": 5.2,
        "distance_to_river_m": 665,
        "distance_to_road_m": 2093,
        "legal_status": "conditional",
        "distance_to_smelter_km": 57.6,
        "area_ha": 0.31,
        "region_id": "NE"
      },
      "geometry": {
        "type": "Polygon",
        "coordinates": [
          [
            [
              121.63,
              -4.155
            ],
            [
              121.635,
              -4.155
            ],
            [
              121.635,
              -4.15
            ],
            [
              121.63,
              -4.15
            ],
            [
              121.63,
              -4.155
            ]
          ]
        ]
      }
    },
    {
      "type": "Feature",
      "properties": {
        "grid_id": "POM392",
        "site": "pomalaa",
        "location_label": "Pomalaa - Sulawesi Tenggara nickel laterite",
        "lithology": "ultramafic_simulated",
        "slope_deg": 10.3,
        "distance_to_river_m": 118,
        "distance_to_road_m": 728,
        "legal_status": "no-go",
        "distance_to_smelter_km": 58.1,
        "area_ha": 0.31,
        "region_id": "NE"
      },
      "geometry": {
        "type": "Polygon",
        "coordinates": [
          [
            [
              121.635,
              -4.155
            ],
            [
              121.64,
              -4.155
            ],
            [
              121.64,
              -4.15
            ],
            [
              121.635,
              -4.15
            ],
            [
              121.635,
              -4.155
            ]
          ]
        ]
      }
    },
    {
      "type": "Feature",
      "properties": {
        "grid_id": "POM393",
        "site": "pomalaa",
        "location_label": "Pomalaa - Sulawesi Tenggara nickel laterite",
        "lithology": "peridotite_simulated",
        "slope_deg": 9.6,
        "distance_to_river_m": 946,
        "distance_to_road_m": 3110,
        "legal_status": "allowed",
        "distance_to_smelter_km": 59.1,
        "area_ha": 0.31,
        "region_id": "NE"
      },
      "geometry": {
        "type": "Polygon",
        "coordinates": [
          [
            [
              121.64,
              -4.155
            ],
            [
              121.645,
              -4.155
            ],
            [
              121.645,
              -4.15
            ],
            [
              121.64,
              -4.15
            ],
            [
              121.64,
              -4.155
            ]
          ]
        ]
      }
    },
    {
      "type": "Feature",
      "properties": {
        "grid_id": "POM394",
        "site": "pomalaa",
        "location_label": "Pomalaa - Sulawesi Tenggara nickel laterite",
        "lithology": "alluvium",
        "slope_deg": 5.6,
        "distance_to_river_m": 364,
        "distance_to_road_m": 3383,
        "legal_status": "conditional",
        "distance_to_smelter_km": 60.6,
        "area_ha": 0.31,
        "region_id": "NE"
      },
      "geometry": {
        "type": "Polygon",
        "coordinates": [
          [
            [
              121.645,
              -4.155
            ],
            [
              121.65,
              -4.155
            ],
            [
              121.65,
              -4.15
            ],
            [
              121.645,
              -4.15
            ],
            [
              121.645,
              -4.155
            ]
          ]
        ]
      }
    },
    {
      "type": "Feature",
      "properties": {
        "grid_id": "POM395",
        "site": "pomalaa",
        "location_label": "Pomalaa - Sulawesi Tenggara nickel laterite",
        "lithology": "mafic_volcanic_simulated",
        "slope_deg": 5.4,
        "distance_to_river_m": 862,
        "distance_to_road_m": 1858,
        "legal_status": "allowed",
        "distance_to_smelter_km": 62.6,
        "area_ha": 0.31,
        "region_id": "NE"
      },
      "geometry": {
        "type": "Polygon",
        "coordinates": [
          [
            [
              121.65,
              -4.155
            ],
            [
              121.655,
              -4.155
            ],
            [
              121.655,
              -4.15
            ],
            [
              121.65,
              -4.15
            ],
            [
              121.65,
              -4.155
            ]
          ]
        ]
      }
    },
    {
      "type": "Feature",
      "properties": {
        "grid_id": "POM396",
        "site": "pomalaa",
        "location_label": "Pomalaa - Sulawesi Tenggara nickel laterite",
        "lithology": "serpentinite_simulated",
        "slope_deg": 1.9,
        "distance_to_river_m": 1165,
        "distance_to_road_m": 2032,
        "legal_status": "no-go",
        "distance_to_smelter_km": 64.9,
        "area_ha": 0.31,
        "region_id": "NE"
      },
      "geometry": {
        "type": "Polygon",
        "coordinates": [
          [
            [
              121.655,
              -4.155
            ],
            [
              121.66,
              -4.155
            ],
            [
              121.66,
              -4.15
            ],
            [
              121.655,
              -4.15
            ],
            [
              121.655,
              -4.155
            ]
          ]
        ]
      }
    },
    {
      "type": "Feature",
      "properties": {
        "grid_id": "POM397",
        "site": "pomalaa",
        "location_label": "Pomalaa - Sulawesi Tenggara nickel laterite",
        "lithology": "peridotite_simulated",
        "slope_deg": 10.8,
        "distance_to_river_m": 361,
        "distance_to_road_m": 2483,
        "legal_status": "conditional",
        "distance_to_smelter_km": 67.6,
        "area_ha": 0.31,
        "region_id": "NE"
      },
      "geometry": {
        "type": "Polygon",
        "coordinates": [
          [
            [
              121.66,
              -4.155
            ],
            [
              121.665,
              -4.155
            ],
            [
              121.665,
              -4.15
            ],
            [
              121.66,
              -4.15
            ],
            [
              121.66,
              -4.155
            ]
          ]
        ]
      }
    },
    {
      "type": "Feature",
      "properties": {
        "grid_id": "POM398",
        "site": "pomalaa",
        "location_label": "Pomalaa - Sulawesi Tenggara nickel laterite",
        "lithology": "ultramafic_simulated",
        "slope_deg": 8.9,
        "distance_to_river_m": 483,
        "distance_to_road_m": 1372,
        "legal_status": "conditional",
        "distance_to_smelter_km": 70.5,
        "area_ha": 0.31,
        "region_id": "NE"
      },
      "geometry": {
        "type": "Polygon",
        "coordinates": [
          [
            [
              121.665,
              -4.155
            ],
            [
              121.67,
              -4.155
            ],
            [
              121.67,
              -4.15
            ],
            [
              121.665,
              -4.15
            ],
            [
              121.665,
              -4.155
            ]
          ]
        ]
      }
    },
    {
      "type": "Feature",
      "properties": {
        "grid_id": "POM399",
        "site": "pomalaa",
        "location_label": "Pomalaa - Sulawesi Tenggara nickel laterite",
        "lithology": "ultramafic_simulated",
        "slope_deg": 7.2,
        "distance_to_river_m": 684,
        "distance_to_road_m": 1937,
        "legal_status": "conditional",
        "distance_to_smelter_km": 73.7,
        "area_ha": 0.31,
        "region_id": "NE"
      },
      "geometry": {
        "type": "Polygon",
        "coordinates": [
          [
            [
              121.67,
              -4.155
            ],
            [
              121.675,
              -4.155
            ],
            [
              121.675,
              -4.15
            ],
            [
              121.67,
              -4.15
            ],
            [
              121.67,
              -4.155
            ]
          ]
        ]
      }
    },
    {
      "type": "Feature",
      "properties": {
        "grid_id": "POM400",
        "site": "pomalaa",
        "location_label": "Pomalaa - Sulawesi Tenggara nickel laterite",
        "lithology": "ultramafic_simulated",
        "slope_deg": 8.5,
        "distance_to_river_m": 1153,
        "distance_to_road_m": 3168,
        "legal_status": "allowed",
        "distance_to_smelter_km": 77.2,
        "area_ha": 0.31,
        "region_id": "NE"
      },
      "geometry": {
        "type": "Polygon",
        "coordinates": [
          [
            [
              121.675,
              -4.155
            ],
            [
              121.68,
              -4.155
            ],
            [
              121.68,
              -4.15
            ],
            [
              121.675,
              -4.15
            ],
            [
              121.675,
              -4.155
            ]
          ]
        ]
      }
    }
  ]
}